TestcaseNumber,TestcaseCount,TestcaseRatio,StatementCount,StatementRatio,BranchCount,BranchRatio,FaultCount,FaultRatio
139,1,0.270270,537,53.539382,459,58.921694,0,0.000000
347,2,0.540541,563,56.131605,473,60.718870,1,0.250000
200,3,0.810811,673,67.098704,571,73.299101,1,0.250000
69,4,1.081081,684,68.195414,585,75.096277,1,0.250000
18,5,1.351351,686,68.394816,587,75.353017,1,0.250000
158,6,1.621622,730,72.781655,615,78.947368,1,0.250000
126,7,1.891892,773,77.068794,665,85.365854,1,0.250000
276,8,2.162162,793,79.062812,685,87.933248,1,0.250000
168,9,2.432432,837,83.449651,713,91.527599,1,0.250000
296,10,2.702703,837,83.449651,715,91.784339,1,0.250000
30,11,2.972973,867,86.440678,739,94.865212,1,0.250000
369,12,3.243243,896,89.332004,745,95.635430,3,0.750000
219,13,3.513514,910,90.727817,747,95.892169,3,0.750000
23,14,3.783784,935,93.220339,753,96.662388,3,0.750000
4,15,4.054054,941,93.818544,755,96.919127,4,1.000000
363,16,4.324324,949,94.616152,759,97.432606,4,1.000000
362,17,4.594595,950,94.715852,763,97.946085,4,1.000000
29,18,4.864865,952,94.915254,765,98.202824,4,1.000000
14,19,5.135135,954,95.114656,767,98.459564,4,1.000000
306,20,5.405405,954,95.114656,769,98.716303,4,1.000000
277,21,5.675676,958,95.513460,771,98.973042,4,1.000000
356,22,5.945946,961,95.812562,773,99.229782,4,1.000000
267,23,6.216216,961,95.812562,775,99.486521,4,1.000000
227,24,6.486486,968,96.510469,777,99.743261,4,1.000000
211,25,6.756757,969,96.610169,779,100.000000,4,1.000000
