TestcaseNumber,TestcaseCount,TestcaseRatio,StatementCount,StatementRatio,BranchCount,BranchRatio,FaultCount,FaultRatio
290,1,0.270270,599,59.720837,500,64.184852,0,0.000000
332,2,0.540541,646,64.406780,539,69.191271,0,0.000000
61,3,0.810811,708,70.588235,602,77.278562,0,0.000000
90,4,1.081081,743,74.077767,638,81.899872,0,0.000000
23,5,1.351351,769,76.669990,644,82.670090,0,0.000000
136,6,1.621622,788,78.564307,658,84.467266,0,0.000000
153,7,1.891892,806,80.358923,671,86.136072,0,0.000000
156,8,2.162162,812,80.957129,675,86.649551,0,0.000000
229,9,2.432432,822,81.954138,683,87.676508,0,0.000000
28,10,2.702703,846,84.346959,697,89.473684,0,0.000000
259,11,2.972973,858,85.543370,709,91.014121,1,0.250000
296,12,3.243243,858,85.543370,711,91.270860,1,0.250000
202,13,3.513514,881,87.836491,729,93.581515,1,0.250000
27,14,3.783784,890,88.733799,743,95.378691,1,0.250000
1,15,4.054054,920,91.724826,749,96.148909,3,0.750000
339,16,4.324324,932,92.921236,755,96.919127,3,0.750000
93,17,4.594595,938,93.519442,757,97.175866,3,0.750000
18,18,4.864865,939,93.619143,759,97.432606,3,0.750000
364,19,5.135135,949,94.616152,763,97.946085,4,1.000000
180,20,5.405405,949,94.616152,765,98.202824,4,1.000000
266,21,5.675676,949,94.616152,767,98.459564,4,1.000000
324,22,5.945946,949,94.616152,769,98.716303,4,1.000000
110,23,6.216216,950,94.715852,771,98.973042,4,1.000000
277,24,6.486486,952,94.915254,773,99.229782,4,1.000000
369,25,6.756757,965,96.211366,775,99.486521,4,1.000000
363,26,7.027027,969,96.610169,777,99.743261,4,1.000000
13,27,7.297297,971,96.809571,779,100.000000,4,1.000000
