TestcaseNumber,TestcaseCount,TestcaseRatio,StatementCount,StatementRatio,BranchCount,BranchRatio,FaultCount,FaultRatio
269,1,0.270270,294,29.312064,268,34.403081,0,0.000000
123,2,0.540541,608,60.618146,511,65.596919,0,0.000000
36,3,0.810811,628,62.612164,515,66.110398,2,0.500000
201,4,1.081081,663,66.101695,553,70.988447,2,0.500000
150,5,1.351351,718,71.585244,603,77.406932,2,0.500000
228,6,1.621622,737,73.479561,617,79.204108,2,0.500000
44,7,1.891892,748,74.576271,619,79.460847,3,0.750000
107,8,2.162162,767,76.470588,635,81.514763,3,0.750000
4,9,2.432432,783,78.065803,639,82.028241,4,1.000000
13,10,2.702703,785,78.265204,641,82.284981,4,1.000000
80,11,2.972973,788,78.564307,641,82.284981,4,1.000000
301,12,3.243243,793,79.062812,643,82.541720,4,1.000000
335,13,3.513514,813,81.056830,657,84.338896,4,1.000000
304,14,3.783784,814,81.156530,657,84.338896,4,1.000000
152,15,4.054054,814,81.156530,659,84.595635,4,1.000000
328,16,4.324324,817,81.455633,661,84.852375,4,1.000000
54,17,4.594595,835,83.250249,673,86.392811,4,1.000000
214,18,4.864865,835,83.250249,675,86.649551,4,1.000000
266,19,5.135135,838,83.549352,679,87.163030,4,1.000000
252,20,5.405405,838,83.549352,679,87.163030,4,1.000000
124,21,5.675676,844,84.147557,687,88.189987,4,1.000000
117,22,5.945946,844,84.147557,687,88.189987,4,1.000000
66,23,6.216216,851,84.845464,689,88.446727,4,1.000000
28,24,6.486486,875,87.238285,703,90.243902,4,1.000000
94,25,6.756757,875,87.238285,703,90.243902,4,1.000000
96,26,7.027027,875,87.238285,703,90.243902,4,1.000000
315,27,7.297297,875,87.238285,703,90.243902,4,1.000000
158,28,7.567568,875,87.238285,703,90.243902,4,1.000000
116,29,7.837838,875,87.238285,703,90.243902,4,1.000000
198,30,8.108108,876,87.337986,703,90.243902,4,1.000000
