TestcaseNumber,TestcaseCount,TestcaseRatio,StatementCount,StatementRatio,BranchCount,BranchRatio,FaultCount,FaultRatio
184,1,0.270270,654,65.204387,551,70.731707,0,0.000000
257,2,0.540541,677,67.497507,571,73.299101,0,0.000000
256,3,0.810811,678,67.597208,571,73.299101,0,0.000000
80,4,1.081081,681,67.896311,571,73.299101,0,0.000000
94,5,1.351351,712,70.987039,605,77.663671,0,0.000000
14,6,1.621622,714,71.186441,607,77.920411,0,0.000000
260,7,1.891892,732,72.981057,611,78.433890,1,0.250000
356,8,2.162162,746,74.376869,627,80.487805,1,0.250000
30,9,2.432432,787,78.464606,659,84.595635,1,0.250000
4,10,2.702703,804,80.159521,663,85.109114,3,0.750000
159,11,2.972973,804,80.159521,663,85.109114,3,0.750000
82,12,3.243243,804,80.159521,663,85.109114,3,0.750000
308,13,3.513514,804,80.159521,665,85.365854,3,0.750000
89,14,3.783784,836,83.349950,685,87.933248,3,0.750000
88,15,4.054054,836,83.349950,685,87.933248,3,0.750000
258,16,4.324324,851,84.845464,699,89.730424,3,0.750000
32,17,4.594595,856,85.343968,701,89.987163,4,1.000000
11,18,4.864865,856,85.343968,701,89.987163,4,1.000000
37,19,5.135135,859,85.643071,701,89.987163,4,1.000000
15,20,5.405405,859,85.643071,701,89.987163,4,1.000000
291,21,5.675676,864,86.141575,705,90.500642,4,1.000000
113,22,5.945946,864,86.141575,705,90.500642,4,1.000000
72,23,6.216216,864,86.141575,705,90.500642,4,1.000000
329,24,6.486486,864,86.141575,705,90.500642,4,1.000000
332,25,6.756757,864,86.141575,707,90.757381,4,1.000000
229,26,7.027027,864,86.141575,707,90.757381,4,1.000000
58,27,7.297297,864,86.141575,707,90.757381,4,1.000000
77,28,7.567568,870,86.739781,709,91.014121,4,1.000000
321,29,7.837838,870,86.739781,709,91.014121,4,1.000000
84,30,8.108108,870,86.739781,709,91.014121,4,1.000000
87,31,8.378378,870,86.739781,709,91.014121,4,1.000000
255,32,8.648649,870,86.739781,709,91.014121,4,1.000000
217,33,8.918919,871,86.839482,709,91.014121,4,1.000000
