TestcaseNumber,TestcaseCount,TestcaseRatio,StatementCount,StatementRatio,BranchCount,BranchRatio,FaultCount,FaultRatio
205,1,0.270270,562,56.031904,482,61.874198,0,0.000000
193,2,0.540541,666,66.400798,560,71.887035,0,0.000000
27,3,0.810811,698,69.591226,588,75.481386,0,0.000000
9,4,1.081081,702,69.990030,592,75.994865,0,0.000000
4,5,1.351351,729,72.681954,598,76.765083,2,0.500000
313,6,1.621622,762,75.972084,630,80.872914,2,0.500000
289,7,1.891892,781,77.866401,642,82.413350,2,0.500000
145,8,2.162162,781,77.866401,642,82.413350,2,0.500000
219,9,2.432432,798,79.561316,646,82.926829,2,0.500000
362,10,2.702703,824,82.153539,677,86.906290,2,0.500000
33,11,2.972973,829,82.652044,679,87.163030,3,0.750000
108,12,3.243243,836,83.349950,685,87.933248,3,0.750000
369,13,3.513514,849,84.646062,687,88.189987,3,0.750000
361,14,3.783784,849,84.646062,687,88.189987,3,0.750000
230,15,4.054054,863,86.041874,701,89.987163,3,0.750000
190,16,4.324324,869,86.640080,701,89.987163,3,0.750000
354,17,4.594595,876,87.337986,703,90.243902,3,0.750000
342,18,4.864865,878,87.537388,703,90.243902,4,1.000000
220,19,5.135135,889,88.634098,709,91.014121,4,1.000000
217,20,5.405405,889,88.634098,709,91.014121,4,1.000000
7,21,5.675676,889,88.634098,709,91.014121,4,1.000000
99,22,5.945946,889,88.634098,709,91.014121,4,1.000000
283,23,6.216216,889,88.634098,709,91.014121,4,1.000000
281,24,6.486486,889,88.634098,709,91.014121,4,1.000000
45,25,6.756757,890,88.733799,709,91.014121,4,1.000000
299,26,7.027027,890,88.733799,709,91.014121,4,1.000000
173,27,7.297297,890,88.733799,709,91.014121,4,1.000000
105,28,7.567568,892,88.933200,711,91.270860,4,1.000000
32,29,7.837838,892,88.933200,711,91.270860,4,1.000000
296,30,8.108108,916,91.326022,741,95.121951,4,1.000000
272,31,8.378378,917,91.425723,741,95.121951,4,1.000000
191,32,8.648649,917,91.425723,741,95.121951,4,1.000000
237,33,8.918919,917,91.425723,741,95.121951,4,1.000000
94,34,9.189189,917,91.425723,741,95.121951,4,1.000000
