TestcaseNumber,TestcaseCount,TestcaseRatio,StatementCount,StatementRatio,BranchCount,BranchRatio,FaultCount,FaultRatio
227,1,0.270270,482,48.055833,433,55.584082,0,0.000000
131,2,0.540541,662,66.001994,582,74.711168,0,0.000000
160,3,0.810811,698,69.591226,620,79.589217,0,0.000000
138,4,1.081081,714,71.186441,634,81.386393,0,0.000000
189,5,1.351351,744,74.177468,649,83.311938,0,0.000000
185,6,1.621622,774,77.168495,661,84.852375,0,0.000000
243,7,1.891892,774,77.168495,661,84.852375,0,0.000000
162,8,2.162162,774,77.168495,661,84.852375,0,0.000000
72,9,2.432432,777,77.467597,661,84.852375,0,0.000000
223,10,2.702703,781,77.866401,661,84.852375,0,0.000000
112,11,2.972973,781,77.866401,661,84.852375,0,0.000000
24,12,3.243243,794,79.162512,661,84.852375,0,0.000000
232,13,3.513514,794,79.162512,661,84.852375,0,0.000000
202,14,3.783784,820,81.754736,679,87.163030,0,0.000000
74,15,4.054054,820,81.754736,679,87.163030,0,0.000000
332,16,4.324324,821,81.854437,681,87.419769,0,0.000000
335,17,4.594595,841,83.848455,695,89.216945,0,0.000000
293,18,4.864865,844,84.147557,697,89.473684,0,0.000000
304,19,5.135135,844,84.147557,697,89.473684,0,0.000000
193,20,5.405405,847,84.446660,699,89.730424,0,0.000000
149,21,5.675676,847,84.446660,699,89.730424,0,0.000000
208,22,5.945946,847,84.446660,699,89.730424,0,0.000000
81,23,6.216216,847,84.446660,699,89.730424,0,0.000000
