TestcaseNumber,TestcaseCount,TestcaseRatio,StatementCount,StatementRatio,BranchCount,BranchRatio,FaultCount,FaultRatio
179,1,0.270270,572,57.028913,491,63.029525,0,0.000000
119,2,0.540541,632,63.010967,552,70.860077,0,0.000000
39,3,0.810811,661,65.902293,556,71.373556,2,0.500000
267,4,1.081081,673,67.098704,560,71.887035,2,0.500000
148,5,1.351351,720,71.784646,587,75.353017,2,0.500000
78,6,1.621622,726,72.382851,589,75.609756,2,0.500000
272,7,1.891892,727,72.482552,589,75.609756,2,0.500000
246,8,2.162162,733,73.080758,597,76.636714,2,0.500000
13,9,2.432432,735,73.280160,599,76.893453,2,0.500000
283,10,2.702703,749,74.675972,601,77.150193,2,0.500000
144,11,2.972973,749,74.675972,601,77.150193,2,0.500000
14,12,3.243243,749,74.675972,601,77.150193,2,0.500000
252,13,3.513514,749,74.675972,601,77.150193,2,0.500000
3,14,3.783784,753,75.074776,601,77.150193,2,0.500000
361,15,4.054054,753,75.074776,605,77.663671,2,0.500000
40,16,4.324324,753,75.074776,605,77.663671,2,0.500000
87,17,4.594595,756,75.373878,607,77.920411,2,0.500000
233,18,4.864865,782,77.966102,627,80.487805,2,0.500000
96,19,5.135135,802,79.960120,641,82.284981,2,0.500000
140,20,5.405405,809,80.658026,649,83.311938,2,0.500000
195,21,5.675676,812,80.957129,651,83.568678,2,0.500000
183,22,5.945946,812,80.957129,651,83.568678,2,0.500000
143,23,6.216216,812,80.957129,651,83.568678,2,0.500000
60,24,6.486486,812,80.957129,651,83.568678,2,0.500000
138,25,6.756757,821,81.854437,663,85.109114,2,0.500000
243,26,7.027027,821,81.854437,663,85.109114,2,0.500000
122,27,7.297297,821,81.854437,663,85.109114,2,0.500000
268,28,7.567568,821,81.854437,663,85.109114,2,0.500000
89,29,7.837838,821,81.854437,663,85.109114,2,0.500000
