TestcaseNumber,TestcaseCount,TestcaseRatio,StatementCount,StatementRatio,BranchCount,BranchRatio,FaultCount,FaultRatio
14,1,0.270270,25,2.492522,21,2.695764,0,0.000000
90,2,0.540541,474,47.258225,433,55.584082,0,0.000000
173,3,0.810811,633,63.110668,554,71.116816,0,0.000000
271,4,1.081081,701,69.890329,590,75.738126,0,0.000000
276,5,1.351351,734,73.180459,618,79.332478,1,0.250000
284,6,1.621622,746,74.376869,620,79.589217,1,0.250000
344,7,1.891892,746,74.376869,620,79.589217,1,0.250000
145,8,2.162162,752,74.975075,620,79.589217,1,0.250000
31,9,2.432432,768,76.570289,624,80.102696,3,0.750000
38,10,2.702703,771,76.869392,624,80.102696,3,0.750000
356,11,2.972973,776,77.367896,628,80.616175,3,0.750000
27,12,3.243243,807,80.458624,660,84.724005,3,0.750000
339,13,3.513514,807,80.458624,662,84.980745,3,0.750000
297,14,3.783784,841,83.848455,701,89.987163,3,0.750000
72,15,4.054054,847,84.446660,701,89.987163,3,0.750000
138,16,4.324324,852,84.945165,707,90.757381,3,0.750000
17,17,4.594595,854,85.144566,707,90.757381,3,0.750000
20,18,4.864865,857,85.443669,707,90.757381,3,0.750000
54,19,5.135135,857,85.443669,707,90.757381,3,0.750000
260,20,5.405405,857,85.443669,707,90.757381,3,0.750000
308,21,5.675676,860,85.742772,709,91.014121,3,0.750000
41,22,5.945946,860,85.742772,709,91.014121,3,0.750000
195,23,6.216216,866,86.340977,713,91.527599,3,0.750000
30,24,6.486486,872,86.939182,715,91.784339,3,0.750000
236,25,6.756757,872,86.939182,715,91.784339,3,0.750000
219,26,7.027027,879,87.637089,717,92.041078,3,0.750000
23,27,7.297297,904,90.129611,723,92.811297,3,0.750000
212,28,7.567568,904,90.129611,723,92.811297,3,0.750000
341,29,7.837838,904,90.129611,723,92.811297,3,0.750000
64,30,8.108108,904,90.129611,723,92.811297,3,0.750000
