TestcaseNumber,TestcaseCount,TestcaseRatio,StatementCount,StatementRatio,BranchCount,BranchRatio,FaultCount,FaultRatio
247,1,0.270270,306,30.508475,288,36.970475,0,0.000000
7,2,0.540541,345,34.396810,313,40.179718,2,0.500000
209,3,0.810811,552,55.034895,465,59.691913,2,0.500000
322,4,1.081081,618,61.615155,515,66.110398,2,0.500000
206,5,1.351351,671,66.899302,564,72.400513,2,0.500000
222,6,1.621622,711,70.887338,588,75.481386,2,0.500000
351,7,1.891892,735,73.280160,616,79.075738,2,0.500000
357,8,2.162162,752,74.975075,620,79.589217,3,0.750000
292,9,2.432432,755,75.274177,622,79.845956,3,0.750000
365,10,2.702703,758,75.573280,622,79.845956,3,0.750000
189,11,2.972973,792,78.963111,637,81.771502,3,0.750000
363,12,3.243243,800,79.760718,641,82.284981,3,0.750000
205,13,3.513514,800,79.760718,641,82.284981,3,0.750000
176,14,3.783784,812,80.957129,657,84.338896,3,0.750000
269,15,4.054054,812,80.957129,657,84.338896,3,0.750000
103,16,4.324324,816,81.355932,659,84.595635,3,0.750000
50,17,4.594595,816,81.355932,659,84.595635,3,0.750000
195,18,4.864865,819,81.655035,661,84.852375,3,0.750000
8,19,5.135135,819,81.655035,661,84.852375,3,0.750000
28,20,5.405405,843,84.047856,675,86.649551,3,0.750000
99,21,5.675676,843,84.047856,675,86.649551,3,0.750000
226,22,5.945946,856,85.343968,689,88.446727,3,0.750000
340,23,6.216216,857,85.443669,689,88.446727,3,0.750000
243,24,6.486486,857,85.443669,689,88.446727,3,0.750000
142,25,6.756757,861,85.842473,691,88.703466,3,0.750000
345,26,7.027027,861,85.842473,691,88.703466,3,0.750000
169,27,7.297297,861,85.842473,691,88.703466,3,0.750000
255,28,7.567568,861,85.842473,691,88.703466,3,0.750000
12,29,7.837838,864,86.141575,691,88.703466,3,0.750000
77,30,8.108108,864,86.141575,691,88.703466,3,0.750000
82,31,8.378378,867,86.440678,691,88.703466,3,0.750000
318,32,8.648649,869,86.640080,691,88.703466,3,0.750000
228,33,8.918919,869,86.640080,691,88.703466,3,0.750000
236,34,9.189189,869,86.640080,691,88.703466,3,0.750000
100,35,9.459459,869,86.640080,691,88.703466,3,0.750000
201,36,9.729730,869,86.640080,691,88.703466,3,0.750000
313,37,10.000000,895,89.232303,711,91.270860,3,0.750000
136,38,10.270270,902,89.930209,719,92.297818,3,0.750000
199,39,10.540541,906,90.329013,721,92.554557,3,0.750000
