TestcaseNumber,TestcaseCount,TestcaseRatio,StatementCount,StatementRatio,BranchCount,BranchRatio,FaultCount,FaultRatio
31,1,0.270270,101,10.069791,70,8.985879,2,0.500000
15,2,0.540541,101,10.069791,70,8.985879,2,0.500000
302,3,0.810811,570,56.829511,472,60.590501,2,0.500000
41,4,1.081081,643,64.107677,524,67.265725,2,0.500000
3,5,1.351351,647,64.506481,524,67.265725,2,0.500000
250,6,1.621622,647,64.506481,524,67.265725,2,0.500000
369,7,1.891892,660,65.802592,526,67.522465,2,0.500000
142,8,2.162162,720,71.784646,580,74.454429,3,0.750000
26,9,2.432432,755,75.274177,613,78.690629,3,0.750000
344,10,2.702703,767,76.470588,615,78.947368,3,0.750000
335,11,2.972973,797,79.461615,631,81.001284,3,0.750000
294,12,3.243243,822,81.954138,651,83.568678,3,0.750000
363,13,3.513514,830,82.751745,655,84.082157,3,0.750000
146,14,3.783784,834,83.150548,659,84.595635,3,0.750000
268,15,4.054054,834,83.150548,661,84.852375,3,0.750000
238,16,4.324324,858,85.543370,689,88.446727,3,0.750000
29,17,4.594595,866,86.340977,693,88.960205,3,0.750000
296,18,4.864865,866,86.340977,695,89.216945,3,0.750000
209,19,5.135135,872,86.939182,701,89.987163,3,0.750000
99,20,5.405405,879,87.637089,703,90.243902,3,0.750000
1,21,5.675676,888,88.534397,705,90.500642,4,1.000000
290,22,5.945946,890,88.733799,705,90.500642,4,1.000000
205,23,6.216216,890,88.733799,705,90.500642,4,1.000000
235,24,6.486486,891,88.833500,705,90.500642,4,1.000000
338,25,6.756757,894,89.132602,707,90.757381,4,1.000000
49,26,7.027027,897,89.431705,709,91.014121,4,1.000000
175,27,7.297297,901,89.830508,711,91.270860,4,1.000000
