TestcaseNumber,TestcaseCount,TestcaseRatio,StatementCount,StatementRatio,BranchCount,BranchRatio,FaultCount,FaultRatio
150,1,0.270270,647,64.506481,551,70.731707,0,0.000000
98,2,0.540541,673,67.098704,567,72.785623,0,0.000000
259,3,0.810811,742,73.978066,631,81.001284,1,0.250000
92,4,1.081081,772,76.969093,661,84.852375,1,0.250000
252,5,1.351351,772,76.969093,661,84.852375,1,0.250000
213,6,1.621622,800,79.760718,673,86.392811,1,0.250000
331,7,1.891892,801,79.860419,673,86.392811,1,0.250000
116,8,2.162162,804,80.159521,675,86.649551,1,0.250000
199,9,2.432432,818,81.555334,685,87.933248,1,0.250000
83,10,2.702703,818,81.555334,685,87.933248,1,0.250000
308,11,2.972973,819,81.655035,685,87.933248,1,0.250000
71,12,3.243243,819,81.655035,685,87.933248,1,0.250000
23,13,3.513514,843,84.047856,691,88.703466,1,0.250000
276,14,3.783784,844,84.147557,691,88.703466,1,0.250000
362,15,4.054054,860,85.742772,709,91.014121,1,0.250000
161,16,4.324324,860,85.742772,709,91.014121,1,0.250000
190,17,4.594595,860,85.742772,709,91.014121,1,0.250000
280,18,4.864865,860,85.742772,711,91.270860,1,0.250000
25,19,5.135135,868,86.540379,711,91.270860,1,0.250000
127,20,5.405405,868,86.540379,711,91.270860,1,0.250000
166,21,5.675676,868,86.540379,711,91.270860,1,0.250000
128,22,5.945946,868,86.540379,711,91.270860,1,0.250000
218,23,6.216216,868,86.540379,711,91.270860,1,0.250000
202,24,6.486486,868,86.540379,711,91.270860,1,0.250000
134,25,6.756757,868,86.540379,711,91.270860,1,0.250000
358,26,7.027027,868,86.540379,711,91.270860,1,0.250000
235,27,7.297297,868,86.540379,711,91.270860,1,0.250000
26,28,7.567568,893,89.032901,735,94.351733,1,0.250000
130,29,7.837838,893,89.032901,735,94.351733,1,0.250000
156,30,8.108108,896,89.332004,737,94.608472,1,0.250000
302,31,8.378378,896,89.332004,737,94.608472,1,0.250000
38,32,8.648649,915,91.226321,741,95.121951,2,0.500000
111,33,8.918919,915,91.226321,741,95.121951,2,0.500000
