TestcaseNumber,TestcaseCount,TestcaseRatio,StatementCount,StatementRatio,BranchCount,BranchRatio,FaultCount,FaultRatio
237,1,0.270270,355,35.393819,328,42.105263,0,0.000000
212,2,0.540541,624,62.213360,558,71.630295,0,0.000000
334,3,0.810811,676,67.397807,586,75.224647,0,0.000000
40,4,1.081081,715,71.286142,610,78.305520,0,0.000000
166,5,1.351351,721,71.884347,614,78.818999,0,0.000000
325,6,1.621622,738,73.579262,625,80.231065,0,0.000000
211,7,1.891892,755,75.274177,635,81.514763,0,0.000000
309,8,2.162162,758,75.573280,637,81.771502,0,0.000000
294,9,2.432432,783,78.065803,657,84.338896,0,0.000000
34,10,2.702703,799,79.661017,661,84.852375,2,0.500000
92,11,2.972973,802,79.960120,663,85.109114,2,0.500000
230,12,3.243243,821,81.854437,681,87.419769,2,0.500000
43,13,3.513514,821,81.854437,681,87.419769,2,0.500000
129,14,3.783784,821,81.854437,681,87.419769,2,0.500000
156,15,4.054054,821,81.854437,681,87.419769,2,0.500000
121,16,4.324324,821,81.854437,681,87.419769,2,0.500000
111,17,4.594595,821,81.854437,681,87.419769,2,0.500000
89,18,4.864865,822,81.954138,681,87.419769,2,0.500000
172,19,5.135135,828,82.552343,683,87.676508,2,0.500000
296,20,5.405405,828,82.552343,685,87.933248,2,0.500000
370,21,5.675676,828,82.552343,685,87.933248,2,0.500000
78,22,5.945946,828,82.552343,685,87.933248,2,0.500000
306,23,6.216216,828,82.552343,685,87.933248,2,0.500000
310,24,6.486486,828,82.552343,685,87.933248,2,0.500000
28,25,6.756757,852,84.945165,699,89.730424,2,0.500000
305,26,7.027027,859,85.643071,701,89.987163,2,0.500000
167,27,7.297297,859,85.643071,701,89.987163,2,0.500000
