TestcaseNumber,TestcaseCount,TestcaseRatio,StatementCount,StatementRatio,BranchCount,BranchRatio,FaultCount,FaultRatio
65,1,0.270270,474,47.258225,402,51.604621,0,0.000000
161,2,0.540541,622,62.013958,536,68.806162,0,0.000000
286,3,0.810811,634,63.210369,546,70.089859,0,0.000000
162,4,1.081081,640,63.808574,550,70.603338,0,0.000000
86,5,1.351351,671,66.899302,574,73.684211,0,0.000000
362,6,1.621622,702,69.990030,609,78.177150,0,0.000000
38,7,1.891892,721,71.884347,613,78.690629,1,0.250000
262,8,2.162162,765,76.271186,639,82.028241,1,0.250000
273,9,2.432432,783,78.065803,643,82.541720,1,0.250000
78,10,2.702703,789,78.664008,643,82.541720,1,0.250000
186,11,2.972973,789,78.664008,643,82.541720,1,0.250000
351,12,3.243243,822,81.954138,677,86.906290,1,0.250000
103,13,3.513514,822,81.954138,677,86.906290,1,0.250000
136,14,3.783784,831,82.851446,689,88.446727,1,0.250000
41,15,4.054054,831,82.851446,689,88.446727,1,0.250000
108,16,4.324324,832,82.951147,691,88.703466,1,0.250000
177,17,4.594595,837,83.449651,695,89.216945,1,0.250000
33,18,4.864865,837,83.449651,695,89.216945,2,0.500000
295,19,5.135135,837,83.449651,695,89.216945,2,0.500000
200,20,5.405405,845,84.247258,697,89.473684,2,0.500000
15,21,5.675676,845,84.247258,697,89.473684,2,0.500000
145,22,5.945946,845,84.247258,697,89.473684,2,0.500000
284,23,6.216216,862,85.942173,701,89.987163,3,0.750000
194,24,6.486486,865,86.241276,703,90.243902,3,0.750000
291,25,6.756757,876,87.337986,711,91.270860,3,0.750000
157,26,7.027027,876,87.337986,711,91.270860,3,0.750000
91,27,7.297297,876,87.337986,711,91.270860,3,0.750000
292,28,7.567568,876,87.337986,711,91.270860,3,0.750000
190,29,7.837838,876,87.337986,711,91.270860,3,0.750000
332,30,8.108108,876,87.337986,711,91.270860,3,0.750000
364,31,8.378378,881,87.836491,713,91.527599,3,0.750000
312,32,8.648649,881,87.836491,713,91.527599,3,0.750000
283,33,8.918919,881,87.836491,713,91.527599,3,0.750000
242,34,9.189189,881,87.836491,713,91.527599,3,0.750000
