TestcaseNumber,TestcaseCount,TestcaseRatio,StatementCount,StatementRatio,BranchCount,BranchRatio,FaultCount,FaultRatio
138,1,0.270270,537,53.539382,461,59.178434,0,0.000000
243,2,0.540541,541,53.938185,465,59.691913,0,0.000000
157,3,0.810811,632,63.010967,531,68.164313,0,0.000000
111,4,1.081081,646,64.406780,539,69.191271,0,0.000000
163,5,1.351351,684,68.195414,588,75.481386,0,0.000000
110,6,1.621622,684,68.195414,588,75.481386,0,0.000000
286,7,1.891892,689,68.693918,590,75.738126,0,0.000000
79,8,2.162162,728,72.582253,606,77.792041,0,0.000000
226,9,2.432432,749,74.675972,626,80.359435,0,0.000000
187,10,2.702703,760,75.772682,635,81.514763,0,0.000000
263,11,2.972973,780,77.766700,649,83.311938,0,0.000000
175,12,3.243243,785,78.265204,653,83.825417,0,0.000000
344,13,3.513514,803,80.059821,657,84.338896,1,0.250000
195,14,3.783784,803,80.059821,657,84.338896,1,0.250000
22,15,4.054054,829,82.652044,663,85.109114,1,0.250000
29,16,4.324324,853,85.044865,677,86.906290,1,0.250000
60,17,4.594595,853,85.044865,677,86.906290,1,0.250000
154,18,4.864865,853,85.044865,679,87.163030,1,0.250000
256,19,5.135135,853,85.044865,679,87.163030,1,0.250000
229,20,5.405405,859,85.643071,679,87.163030,1,0.250000
273,21,5.675676,859,85.643071,679,87.163030,1,0.250000
26,22,5.945946,868,86.540379,693,88.960205,1,0.250000
