TestcaseNumber,TestcaseCount,TestcaseRatio,StatementCount,StatementRatio,BranchCount,BranchRatio,FaultCount,FaultRatio
209,1,0.270270,515,51.345962,437,56.097561,0,0.000000
166,2,0.540541,624,62.213360,533,68.421053,0,0.000000
369,3,0.810811,653,65.104686,539,69.191271,2,0.500000
179,4,1.081081,665,66.301097,555,71.245186,2,0.500000
295,5,1.351351,706,70.388833,601,77.150193,2,0.500000
113,6,1.621622,769,76.669990,639,82.028241,2,0.500000
161,7,1.891892,770,76.769691,639,82.028241,2,0.500000
25,8,2.162162,791,78.863410,645,82.798460,2,0.500000
232,9,2.432432,791,78.863410,645,82.798460,2,0.500000
312,10,2.702703,792,78.963111,645,82.798460,2,0.500000
208,11,2.972973,798,79.561316,647,83.055199,2,0.500000
36,12,3.243243,802,79.960120,647,83.055199,2,0.500000
87,13,3.513514,805,80.259222,649,83.311938,2,0.500000
111,14,3.783784,812,80.957129,649,83.311938,2,0.500000
286,15,4.054054,812,80.957129,651,83.568678,2,0.500000
120,16,4.324324,812,80.957129,651,83.568678,2,0.500000
273,17,4.594595,821,81.854437,653,83.825417,2,0.500000
23,18,4.864865,834,83.150548,653,83.825417,2,0.500000
305,19,5.135135,842,83.948156,655,84.082157,2,0.500000
254,20,5.405405,842,83.948156,655,84.082157,2,0.500000
104,21,5.675676,842,83.948156,655,84.082157,3,0.750000
343,22,5.945946,859,85.643071,671,86.136072,3,0.750000
246,23,6.216216,865,86.241276,677,86.906290,3,0.750000
81,24,6.486486,865,86.241276,677,86.906290,3,0.750000
288,25,6.756757,869,86.640080,679,87.163030,3,0.750000
236,26,7.027027,869,86.640080,679,87.163030,3,0.750000
294,27,7.297297,869,86.640080,679,87.163030,3,0.750000
206,28,7.567568,889,88.634098,693,88.960205,3,0.750000
192,29,7.837838,892,88.933200,695,89.216945,3,0.750000
93,30,8.108108,893,89.032901,695,89.216945,3,0.750000
259,31,8.378378,897,89.431705,699,89.730424,3,0.750000
346,32,8.648649,909,90.628116,701,89.987163,3,0.750000
213,33,8.918919,909,90.628116,703,90.243902,3,0.750000
270,34,9.189189,909,90.628116,703,90.243902,3,0.750000
41,35,9.459459,909,90.628116,703,90.243902,3,0.750000
5,36,9.729730,909,90.628116,703,90.243902,3,0.750000
189,37,10.000000,909,90.628116,703,90.243902,3,0.750000
324,38,10.270270,909,90.628116,705,90.500642,3,0.750000
