TestcaseNumber,TestcaseCount,TestcaseRatio,StatementCount,StatementRatio,BranchCount,BranchRatio,FaultCount,FaultRatio
288,1,0.270270,621,61.914257,496,63.671374,1,0.250000
331,2,0.540541,712,70.987039,582,74.711168,1,0.250000
229,3,0.810811,732,72.981057,602,77.278562,1,0.250000
245,4,1.081081,744,74.177468,604,77.535302,1,0.250000
294,5,1.351351,755,75.274177,613,78.690629,1,0.250000
124,6,1.621622,759,75.672981,619,79.460847,1,0.250000
111,7,1.891892,760,75.772682,621,79.717587,1,0.250000
305,8,2.162162,770,76.769691,623,79.974326,1,0.250000
13,9,2.432432,772,76.969093,625,80.231065,1,0.250000
81,10,2.702703,775,77.268195,625,80.231065,1,0.250000
268,11,2.972973,775,77.268195,625,80.231065,1,0.250000
191,12,3.243243,779,77.666999,631,81.001284,1,0.250000
325,13,3.513514,779,77.666999,633,81.258023,1,0.250000
203,14,3.783784,805,80.259222,665,85.365854,1,0.250000
200,15,4.054054,829,82.652044,685,87.933248,1,0.250000
210,16,4.324324,836,83.349950,687,88.189987,1,0.250000
321,17,4.594595,839,83.649053,689,88.446727,1,0.250000
215,18,4.864865,839,83.649053,691,88.703466,1,0.250000
228,19,5.135135,839,83.649053,691,88.703466,1,0.250000
99,20,5.405405,859,85.643071,705,90.500642,1,0.250000
171,21,5.675676,859,85.643071,705,90.500642,1,0.250000
5,22,5.945946,875,87.238285,709,91.014121,3,0.750000
139,23,6.216216,880,87.736790,715,91.784339,3,0.750000
306,24,6.486486,880,87.736790,715,91.784339,3,0.750000
230,25,6.756757,880,87.736790,715,91.784339,3,0.750000
258,26,7.027027,887,88.434696,725,93.068036,3,0.750000
85,27,7.297297,890,88.733799,727,93.324775,3,0.750000
221,28,7.567568,890,88.733799,727,93.324775,3,0.750000
118,29,7.837838,890,88.733799,727,93.324775,3,0.750000
259,30,8.108108,891,88.833500,727,93.324775,3,0.750000
125,31,8.378378,891,88.833500,727,93.324775,3,0.750000
298,32,8.648649,891,88.833500,727,93.324775,3,0.750000
347,33,8.918919,892,88.933200,729,93.581515,3,0.750000
335,34,9.189189,892,88.933200,729,93.581515,3,0.750000
299,35,9.459459,892,88.933200,729,93.581515,3,0.750000
53,36,9.729730,892,88.933200,729,93.581515,3,0.750000
166,37,10.000000,892,88.933200,729,93.581515,3,0.750000
