TestcaseNumber,TestcaseCount,TestcaseRatio,StatementCount,StatementRatio,BranchCount,BranchRatio,FaultCount,FaultRatio
115,1,0.270270,641,63.908275,544,69.833119,0,0.000000
173,2,0.540541,655,65.304088,550,70.603338,0,0.000000
283,3,0.810811,666,66.400798,552,70.860077,0,0.000000
20,4,1.081081,695,69.292124,556,71.373556,2,0.500000
86,5,1.351351,701,69.890329,558,71.630295,2,0.500000
338,6,1.621622,732,72.981057,591,75.866496,2,0.500000
40,7,1.891892,735,73.280160,591,75.866496,2,0.500000
181,8,2.162162,735,73.280160,593,76.123235,2,0.500000
332,9,2.432432,759,75.672981,623,79.974326,2,0.500000
244,10,2.702703,767,76.470588,625,80.231065,3,0.750000
328,11,2.972973,770,76.769691,627,80.487805,3,0.750000
158,12,3.243243,770,76.769691,627,80.487805,3,0.750000
189,13,3.513514,780,77.766700,629,80.744544,3,0.750000
356,14,3.783784,782,77.966102,629,80.744544,3,0.750000
186,15,4.054054,782,77.966102,629,80.744544,3,0.750000
28,16,4.324324,806,80.358923,643,82.541720,3,0.750000
324,17,4.594595,806,80.358923,645,82.798460,3,0.750000
293,18,4.864865,806,80.358923,645,82.798460,3,0.750000
268,19,5.135135,806,80.358923,645,82.798460,3,0.750000
66,20,5.405405,806,80.358923,645,82.798460,3,0.750000
325,21,5.675676,806,80.358923,645,82.798460,3,0.750000
346,22,5.945946,806,80.358923,645,82.798460,3,0.750000
146,23,6.216216,806,80.358923,645,82.798460,3,0.750000
253,24,6.486486,806,80.358923,645,82.798460,3,0.750000
