TestcaseNumber,TestcaseCount,TestcaseRatio,StatementCount,StatementRatio,BranchCount,BranchRatio,FaultCount,FaultRatio
34,1,0.270270,101,10.069791,70,8.985879,2,0.500000
19,2,0.540541,458,45.663011,405,51.989730,2,0.500000
75,3,0.810811,461,45.962114,405,51.989730,2,0.500000
145,4,1.081081,611,60.917248,520,66.752246,2,0.500000
180,5,1.351351,611,60.917248,524,67.265725,2,0.500000
135,6,1.621622,655,65.304088,550,70.603338,2,0.500000
277,7,1.891892,738,73.579262,616,79.075738,3,0.750000
291,8,2.162162,771,76.869392,640,82.156611,3,0.750000
189,9,2.432432,787,78.464606,651,83.568678,3,0.750000
111,10,2.702703,788,78.564307,653,83.825417,3,0.750000
44,11,2.972973,789,78.664008,653,83.825417,3,0.750000
292,12,3.243243,792,78.963111,655,84.082157,3,0.750000
204,13,3.513514,792,78.963111,655,84.082157,3,0.750000
244,14,3.783784,804,80.159521,657,84.338896,3,0.750000
341,15,4.054054,805,80.259222,657,84.338896,3,0.750000
303,16,4.324324,812,80.957129,659,84.595635,3,0.750000
359,17,4.594595,812,80.957129,659,84.595635,3,0.750000
80,18,4.864865,815,81.256231,659,84.595635,3,0.750000
60,19,5.135135,815,81.256231,659,84.595635,3,0.750000
99,20,5.405405,815,81.256231,659,84.595635,3,0.750000
206,21,5.675676,817,81.455633,663,85.109114,3,0.750000
4,22,5.945946,823,82.053838,665,85.365854,4,1.000000
286,23,6.216216,823,82.053838,667,85.622593,4,1.000000
144,24,6.486486,823,82.053838,667,85.622593,4,1.000000
267,25,6.756757,826,82.352941,671,86.136072,4,1.000000
168,26,7.027027,827,82.452642,671,86.136072,4,1.000000
213,27,7.297297,827,82.452642,671,86.136072,4,1.000000
369,28,7.567568,840,83.748754,673,86.392811,4,1.000000
339,29,7.837838,840,83.748754,673,86.392811,4,1.000000
103,30,8.108108,847,84.446660,675,86.649551,4,1.000000
11,31,8.378378,847,84.446660,675,86.649551,4,1.000000
266,32,8.648649,847,84.446660,675,86.649551,4,1.000000
155,33,8.918919,847,84.446660,675,86.649551,4,1.000000
109,34,9.189189,847,84.446660,675,86.649551,4,1.000000
