TestcaseNumber,TestcaseCount,TestcaseRatio,StatementCount,StatementRatio,BranchCount,BranchRatio,FaultCount,FaultRatio
170,1,0.270270,588,58.624128,498,63.928113,0,0.000000
77,2,0.540541,651,64.905284,536,68.806162,0,0.000000
66,3,0.810811,659,65.702891,538,69.062901,0,0.000000
112,4,1.081081,700,69.790628,578,74.197689,0,0.000000
310,5,1.351351,708,70.588235,582,74.711168,0,0.000000
138,6,1.621622,719,71.684945,594,76.251605,0,0.000000
161,7,1.891892,752,74.975075,626,80.359435,0,0.000000
219,8,2.162162,756,75.373878,630,80.872914,0,0.000000
344,9,2.432432,774,77.168495,634,81.386393,1,0.250000
346,10,2.702703,774,77.168495,634,81.386393,1,0.250000
61,11,2.972973,774,77.168495,634,81.386393,1,0.250000
270,12,3.243243,777,77.467597,634,81.386393,1,0.250000
218,13,3.513514,777,77.467597,634,81.386393,1,0.250000
95,14,3.783784,802,79.960120,662,84.980745,1,0.250000
107,15,4.054054,806,80.358923,664,85.237484,1,0.250000
136,16,4.324324,806,80.358923,664,85.237484,1,0.250000
99,17,4.594595,806,80.358923,664,85.237484,1,0.250000
183,18,4.864865,806,80.358923,668,85.750963,1,0.250000
166,19,5.135135,806,80.358923,668,85.750963,1,0.250000
20,20,5.405405,825,82.253240,670,86.007702,3,0.750000
128,21,5.675676,825,82.253240,670,86.007702,3,0.750000
71,22,5.945946,825,82.253240,670,86.007702,3,0.750000
34,23,6.216216,828,82.552343,672,86.264442,3,0.750000
249,24,6.486486,828,82.552343,672,86.264442,3,0.750000
294,25,6.756757,838,83.549352,681,87.419769,3,0.750000
3,26,7.027027,842,83.948156,681,87.419769,3,0.750000
358,27,7.297297,842,83.948156,681,87.419769,3,0.750000
227,28,7.567568,857,85.443669,695,89.216945,3,0.750000
328,29,7.837838,857,85.443669,695,89.216945,3,0.750000
348,30,8.108108,859,85.643071,697,89.473684,3,0.750000
73,31,8.378378,859,85.643071,697,89.473684,3,0.750000
306,32,8.648649,859,85.643071,699,89.730424,3,0.750000
