TestcaseNumber,TestcaseCount,TestcaseRatio,StatementCount,StatementRatio,BranchCount,BranchRatio,FaultCount,FaultRatio
102,1,0.270270,478,47.657029,410,52.631579,0,0.000000
77,2,0.540541,566,56.430708,473,60.718870,0,0.000000
53,3,0.810811,597,59.521436,505,64.826701,0,0.000000
123,4,1.081081,712,70.987039,592,75.994865,0,0.000000
329,5,1.351351,716,71.385842,594,76.251605,0,0.000000
43,6,1.621622,716,71.385842,594,76.251605,0,0.000000
274,7,1.891892,728,72.582253,610,78.305520,0,0.000000
351,8,2.162162,761,75.872383,644,82.670090,0,0.000000
112,9,2.432432,761,75.872383,646,82.926829,0,0.000000
41,10,2.702703,761,75.872383,646,82.926829,0,0.000000
194,11,2.972973,761,75.872383,646,82.926829,0,0.000000
167,12,3.243243,763,76.071785,646,82.926829,0,0.000000
215,13,3.513514,765,76.271186,650,83.440308,0,0.000000
211,14,3.783784,779,77.666999,660,84.724005,0,0.000000
229,15,4.054054,779,77.666999,660,84.724005,0,0.000000
269,16,4.324324,779,77.666999,660,84.724005,0,0.000000
362,17,4.594595,805,80.259222,687,88.189987,0,0.000000
172,18,4.864865,807,80.458624,687,88.189987,0,0.000000
84,19,5.135135,807,80.458624,687,88.189987,0,0.000000
257,20,5.405405,807,80.458624,687,88.189987,0,0.000000
135,21,5.675676,827,82.452642,701,89.987163,0,0.000000
258,22,5.945946,842,83.948156,711,91.270860,1,0.250000
370,23,6.216216,842,83.948156,711,91.270860,1,0.250000
141,24,6.486486,846,84.346959,713,91.527599,1,0.250000
323,25,6.756757,846,84.346959,713,91.527599,1,0.250000
234,26,7.027027,850,84.745763,713,91.527599,1,0.250000
232,27,7.297297,850,84.745763,713,91.527599,1,0.250000
331,28,7.567568,851,84.845464,713,91.527599,1,0.250000
296,29,7.837838,851,84.845464,715,91.784339,1,0.250000
115,30,8.108108,851,84.845464,715,91.784339,1,0.250000
328,31,8.378378,851,84.845464,715,91.784339,1,0.250000
