TestcaseNumber,TestcaseCount,TestcaseRatio,StatementCount,StatementRatio,BranchCount,BranchRatio,FaultCount,FaultRatio
89,1,0.270270,476,47.457627,425,54.557125,0,0.000000
195,2,0.540541,659,65.702891,562,72.143774,0,0.000000
276,3,0.810811,700,69.790628,596,76.508344,1,0.250000
19,4,1.081081,704,70.189432,600,77.021823,1,0.250000
4,5,1.351351,731,72.881356,606,77.792041,3,0.750000
132,6,1.621622,775,77.268195,632,81.129653,3,0.750000
201,7,1.891892,807,80.458624,666,85.494223,3,0.750000
331,8,2.162162,814,81.156530,668,85.750963,3,0.750000
32,9,2.432432,819,81.655035,670,86.007702,4,1.000000
64,10,2.702703,826,82.352941,672,86.264442,4,1.000000
322,11,2.972973,830,82.751745,680,87.291399,4,1.000000
46,12,3.243243,836,83.349950,682,87.548139,4,1.000000
286,13,3.513514,836,83.349950,684,87.804878,4,1.000000
49,14,3.783784,836,83.349950,684,87.804878,4,1.000000
97,15,4.054054,836,83.349950,684,87.804878,4,1.000000
362,16,4.324324,862,85.942173,711,91.270860,4,1.000000
311,17,4.594595,862,85.942173,711,91.270860,4,1.000000
302,18,4.864865,866,86.340977,713,91.527599,4,1.000000
310,19,5.135135,866,86.340977,713,91.527599,4,1.000000
273,20,5.405405,866,86.340977,713,91.527599,4,1.000000
106,21,5.675676,866,86.340977,713,91.527599,4,1.000000
344,22,5.945946,868,86.540379,713,91.527599,4,1.000000
163,23,6.216216,868,86.540379,713,91.527599,4,1.000000
272,24,6.486486,868,86.540379,713,91.527599,4,1.000000
216,25,6.756757,868,86.540379,713,91.527599,4,1.000000
209,26,7.027027,868,86.540379,713,91.527599,4,1.000000
122,27,7.297297,868,86.540379,713,91.527599,4,1.000000
36,28,7.567568,872,86.939182,713,91.527599,4,1.000000
11,29,7.837838,872,86.939182,713,91.527599,4,1.000000
309,30,8.108108,872,86.939182,713,91.527599,4,1.000000
204,31,8.378378,872,86.939182,713,91.527599,4,1.000000
257,32,8.648649,875,87.238285,715,91.784339,4,1.000000
10,33,8.918919,875,87.238285,715,91.784339,4,1.000000
