TestcaseNumber,TestcaseCount,TestcaseRatio,StatementCount,StatementRatio,BranchCount,BranchRatio,FaultCount,FaultRatio
205,1,0.270270,562,56.031904,482,61.874198,0,0.000000
61,2,0.540541,565,56.331007,482,61.874198,0,0.000000
322,3,0.810811,632,63.010967,540,69.319641,0,0.000000
183,4,1.081081,637,63.509472,542,69.576380,0,0.000000
149,5,1.351351,686,68.394816,575,73.812580,0,0.000000
335,6,1.621622,696,69.391825,577,74.069320,0,0.000000
113,7,1.891892,696,69.391825,579,74.326059,0,0.000000
171,8,2.162162,700,69.790628,585,75.096277,0,0.000000
166,9,2.432432,730,72.781655,619,79.460847,0,0.000000
187,10,2.702703,730,72.781655,619,79.460847,0,0.000000
289,11,2.972973,747,74.476570,629,80.744544,0,0.000000
128,12,3.243243,747,74.476570,629,80.744544,0,0.000000
140,13,3.513514,759,75.672981,645,82.798460,1,0.250000
219,14,3.783784,766,76.370887,647,83.055199,1,0.250000
53,15,4.054054,787,78.464606,667,85.622593,1,0.250000
244,16,4.324324,799,79.661017,669,85.879332,1,0.250000
29,17,4.594595,823,82.053838,683,87.676508,1,0.250000
251,18,4.864865,839,83.649053,685,87.933248,2,0.500000
94,19,5.135135,845,84.247258,687,88.189987,2,0.500000
107,20,5.405405,845,84.247258,687,88.189987,2,0.500000
63,21,5.675676,845,84.247258,687,88.189987,2,0.500000
267,22,5.945946,845,84.247258,689,88.446727,2,0.500000
291,23,6.216216,845,84.247258,689,88.446727,2,0.500000
78,24,6.486486,845,84.247258,689,88.446727,2,0.500000
274,25,6.756757,855,85.244267,699,89.730424,2,0.500000
359,26,7.027027,855,85.244267,699,89.730424,2,0.500000
315,27,7.297297,855,85.244267,699,89.730424,2,0.500000
