TestcaseNumber,TestcaseCount,TestcaseRatio,StatementCount,StatementRatio,BranchCount,BranchRatio,FaultCount,FaultRatio
107,1,0.270270,378,37.686939,347,44.544288,1,0.250000
360,2,0.540541,620,61.814556,544,69.833119,1,0.250000
260,3,0.810811,632,63.010967,546,70.089859,1,0.250000
259,4,1.081081,684,68.195414,592,75.994865,1,0.250000
187,5,1.351351,757,75.473579,635,81.514763,1,0.250000
262,6,1.621622,782,77.966102,657,84.338896,1,0.250000
124,7,1.891892,785,78.265204,661,84.852375,1,0.250000
305,8,2.162162,794,79.162512,661,84.852375,1,0.250000
158,9,2.432432,800,79.760718,665,85.365854,1,0.250000
15,10,2.702703,816,81.355932,669,85.879332,3,0.750000
29,11,2.972973,840,83.748754,683,87.676508,3,0.750000
246,12,3.243243,844,84.147557,683,87.676508,3,0.750000
273,13,3.513514,853,85.044865,685,87.933248,3,0.750000
113,14,3.783784,853,85.044865,685,87.933248,3,0.750000
93,15,4.054054,878,87.537388,713,91.527599,3,0.750000
222,16,4.324324,878,87.537388,713,91.527599,3,0.750000
211,17,4.594595,890,88.733799,723,92.811297,3,0.750000
72,18,4.864865,890,88.733799,723,92.811297,3,0.750000
334,19,5.135135,893,89.032901,723,92.811297,3,0.750000
212,20,5.405405,896,89.332004,727,93.324775,3,0.750000
338,21,5.675676,896,89.332004,727,93.324775,3,0.750000
198,22,5.945946,900,89.730808,729,93.581515,3,0.750000
188,23,6.216216,900,89.730808,729,93.581515,3,0.750000
320,24,6.486486,900,89.730808,729,93.581515,3,0.750000
57,25,6.756757,900,89.730808,729,93.581515,3,0.750000
304,26,7.027027,900,89.730808,729,93.581515,3,0.750000
300,27,7.297297,900,89.730808,729,93.581515,3,0.750000
169,28,7.567568,900,89.730808,729,93.581515,3,0.750000
362,29,7.837838,901,89.830508,731,93.838254,3,0.750000
