TestcaseNumber,TestcaseCount,TestcaseRatio,StatementCount,StatementRatio,BranchCount,BranchRatio,FaultCount,FaultRatio
108,1,0.270270,430,42.871386,378,48.523748,0,0.000000
315,2,0.540541,611,60.917248,525,67.394095,0,0.000000
39,3,0.810811,640,63.808574,529,67.907574,2,0.500000
226,4,1.081081,700,69.790628,594,76.251605,2,0.500000
243,5,1.351351,707,70.488534,596,76.508344,2,0.500000
270,6,1.621622,743,74.077767,610,78.305520,2,0.500000
275,7,1.891892,749,74.675972,612,78.562259,2,0.500000
174,8,2.162162,751,74.875374,612,78.562259,2,0.500000
314,9,2.432432,752,74.975075,612,78.562259,2,0.500000
48,10,2.702703,755,75.274177,614,78.818999,2,0.500000
25,11,2.972973,776,77.367896,620,79.589217,2,0.500000
131,12,3.243243,776,77.367896,620,79.589217,2,0.500000
92,13,3.513514,776,77.367896,620,79.589217,2,0.500000
247,14,3.783784,777,77.467597,622,79.845956,2,0.500000
80,15,4.054054,777,77.467597,622,79.845956,2,0.500000
332,16,4.324324,777,77.467597,622,79.845956,2,0.500000
103,17,4.594595,784,78.165503,622,79.845956,2,0.500000
230,18,4.864865,788,78.564307,622,79.845956,2,0.500000
35,19,5.135135,791,78.863410,624,80.102696,3,0.750000
22,20,5.405405,799,79.661017,624,80.102696,3,0.750000
81,21,5.675676,806,80.358923,626,80.359435,3,0.750000
110,22,5.945946,806,80.358923,626,80.359435,3,0.750000
197,23,6.216216,839,83.649053,658,84.467266,3,0.750000
200,24,6.486486,866,86.340977,684,87.804878,3,0.750000
298,25,6.756757,886,88.334995,698,89.602054,3,0.750000
93,26,7.027027,886,88.334995,698,89.602054,3,0.750000
149,27,7.297297,896,89.332004,707,90.757381,3,0.750000
148,28,7.567568,896,89.332004,707,90.757381,3,0.750000
337,29,7.837838,896,89.332004,707,90.757381,3,0.750000
144,30,8.108108,896,89.332004,707,90.757381,3,0.750000
45,31,8.378378,904,90.129611,709,91.014121,3,0.750000
98,32,8.648649,904,90.129611,709,91.014121,3,0.750000
