TestcaseNumber,TestcaseCount,TestcaseRatio,StatementCount,StatementRatio,BranchCount,BranchRatio,FaultCount,FaultRatio
220,1,0.270270,499,49.750748,429,55.070603,0,0.000000
189,2,0.540541,685,68.295115,565,72.528883,0,0.000000
26,3,0.810811,715,71.286142,593,76.123235,0,0.000000
179,4,1.081081,731,72.881356,613,78.690629,0,0.000000
128,5,1.351351,755,75.274177,641,82.284981,0,0.000000
211,6,1.621622,772,76.969093,651,83.568678,0,0.000000
341,7,1.891892,776,77.367896,651,83.568678,0,0.000000
192,8,2.162162,782,77.966102,655,84.082157,0,0.000000
317,9,2.432432,802,79.960120,669,85.879332,0,0.000000
125,10,2.702703,827,82.452642,689,88.446727,0,0.000000
108,11,2.972973,827,82.452642,689,88.446727,0,0.000000
123,12,3.243243,827,82.452642,689,88.446727,0,0.000000
281,13,3.513514,827,82.452642,691,88.703466,0,0.000000
246,14,3.783784,828,82.552343,691,88.703466,0,0.000000
233,15,4.054054,829,82.652044,691,88.703466,0,0.000000
181,16,4.324324,829,82.652044,695,89.216945,0,0.000000
1,17,4.594595,859,85.643071,701,89.987163,2,0.500000
178,18,4.864865,859,85.643071,701,89.987163,2,0.500000
173,19,5.135135,865,86.241276,703,90.243902,2,0.500000
66,20,5.405405,865,86.241276,703,90.243902,2,0.500000
154,21,5.675676,865,86.241276,703,90.243902,2,0.500000
133,22,5.945946,866,86.340977,703,90.243902,2,0.500000
358,23,6.216216,866,86.340977,703,90.243902,2,0.500000
21,24,6.486486,887,88.434696,709,91.014121,2,0.500000
205,25,6.756757,887,88.434696,709,91.014121,2,0.500000
355,26,7.027027,887,88.434696,709,91.014121,2,0.500000
311,27,7.297297,887,88.434696,709,91.014121,2,0.500000
361,28,7.567568,887,88.434696,709,91.014121,2,0.500000
323,29,7.837838,887,88.434696,709,91.014121,2,0.500000
7,30,8.108108,892,88.933200,711,91.270860,3,0.750000
77,31,8.378378,892,88.933200,711,91.270860,3,0.750000
279,32,8.648649,899,89.631107,713,91.527599,4,1.000000
58,33,8.918919,899,89.631107,713,91.527599,4,1.000000
347,34,9.189189,906,90.329013,721,92.554557,4,1.000000
258,35,9.459459,917,91.425723,735,94.351733,4,1.000000
