TestcaseNumber,TestcaseCount,TestcaseRatio,StatementCount,StatementRatio,BranchCount,BranchRatio,FaultCount,FaultRatio
292,1,0.270270,588,58.624128,483,62.002567,0,0.000000
355,2,0.540541,614,61.216351,518,66.495507,0,0.000000
267,3,0.810811,634,63.210369,538,69.062901,1,0.250000
121,4,1.081081,643,64.107677,552,70.860077,1,0.250000
280,5,1.351351,698,69.591226,588,75.481386,1,0.250000
49,6,1.621622,701,69.890329,588,75.481386,1,0.250000
214,7,1.891892,707,70.488534,594,76.251605,1,0.250000
40,8,2.162162,715,71.286142,596,76.508344,1,0.250000
273,9,2.432432,731,72.881356,598,76.765083,1,0.250000
216,10,2.702703,731,72.881356,598,76.765083,1,0.250000
114,11,2.972973,731,72.881356,600,77.021823,1,0.250000
165,12,3.243243,755,75.274177,628,80.616175,1,0.250000
288,13,3.513514,772,76.969093,642,82.413350,1,0.250000
77,14,3.783784,772,76.969093,642,82.413350,1,0.250000
100,15,4.054054,772,76.969093,642,82.413350,1,0.250000
304,16,4.324324,777,77.467597,642,82.413350,1,0.250000
312,17,4.594595,802,79.960120,662,84.980745,1,0.250000
66,18,4.864865,802,79.960120,662,84.980745,1,0.250000
155,19,5.135135,812,80.957129,671,86.136072,1,0.250000
337,20,5.405405,812,80.957129,671,86.136072,1,0.250000
91,21,5.675676,813,81.056830,671,86.136072,1,0.250000
108,22,5.945946,814,81.156530,673,86.392811,1,0.250000
36,23,6.216216,834,83.150548,677,86.906290,3,0.750000
193,24,6.486486,837,83.449651,679,87.163030,3,0.750000
196,25,6.756757,837,83.449651,679,87.163030,3,0.750000
