TestcaseNumber,TestcaseCount,TestcaseRatio,StatementCount,StatementRatio,BranchCount,BranchRatio,FaultCount,FaultRatio
306,1,0.270270,571,56.929212,487,62.516046,0,0.000000
119,2,0.540541,628,62.612164,543,69.704750,0,0.000000
193,3,0.810811,635,63.310070,547,70.218228,0,0.000000
190,4,1.081081,645,64.307079,555,71.245186,0,0.000000
202,5,1.351351,699,69.690927,611,78.433890,0,0.000000
310,6,1.621622,699,69.690927,611,78.433890,0,0.000000
206,7,1.891892,744,74.177468,639,82.028241,0,0.000000
43,8,2.162162,750,74.775673,639,82.028241,0,0.000000
64,9,2.432432,760,75.772682,641,82.284981,0,0.000000
173,10,2.702703,764,76.171486,641,82.284981,0,0.000000
84,11,2.972973,764,76.171486,641,82.284981,0,0.000000
211,12,3.243243,772,76.969093,641,82.284981,0,0.000000
284,13,3.513514,790,78.763709,645,82.798460,1,0.250000
200,14,3.783784,790,78.763709,645,82.798460,1,0.250000
300,15,4.054054,791,78.863410,645,82.798460,1,0.250000
141,16,4.324324,812,80.957129,669,85.879332,1,0.250000
76,17,4.594595,812,80.957129,669,85.879332,1,0.250000
23,18,4.864865,837,83.449651,675,86.649551,1,0.250000
115,19,5.135135,837,83.449651,675,86.649551,1,0.250000
208,20,5.405405,837,83.449651,675,86.649551,1,0.250000
316,21,5.675676,837,83.449651,675,86.649551,1,0.250000
243,22,5.945946,837,83.449651,675,86.649551,1,0.250000
182,23,6.216216,837,83.449651,679,87.163030,1,0.250000
299,24,6.486486,837,83.449651,679,87.163030,1,0.250000
101,25,6.756757,837,83.449651,679,87.163030,1,0.250000
286,26,7.027027,837,83.449651,681,87.419769,1,0.250000
184,27,7.297297,837,83.449651,681,87.419769,1,0.250000
34,28,7.567568,853,85.044865,685,87.933248,3,0.750000
256,29,7.837838,860,85.742772,693,88.960205,3,0.750000
168,30,8.108108,866,86.340977,699,89.730424,3,0.750000
110,31,8.378378,866,86.340977,699,89.730424,3,0.750000
46,32,8.648649,867,86.440678,699,89.730424,3,0.750000
232,33,8.918919,892,88.933200,719,92.297818,3,0.750000
292,34,9.189189,892,88.933200,719,92.297818,3,0.750000
