TestcaseNumber,TestcaseCount,TestcaseRatio,StatementCount,StatementRatio,BranchCount,BranchRatio,FaultCount,FaultRatio
5,1,0.270270,101,10.069791,70,8.985879,2,0.500000
210,2,0.540541,604,60.219342,499,64.056483,2,0.500000
53,3,0.810811,650,64.805583,558,71.630295,2,0.500000
1,4,1.081081,669,66.699900,562,72.143774,3,0.750000
110,5,1.351351,674,67.198405,568,72.913992,3,0.750000
133,6,1.621622,735,73.280160,602,77.278562,3,0.750000
161,7,1.891892,740,73.778664,602,77.278562,3,0.750000
305,8,2.162162,753,75.074776,606,77.792041,3,0.750000
273,9,2.432432,799,79.661017,632,81.129653,3,0.750000
287,10,2.702703,800,79.760718,634,81.386393,3,0.750000
193,11,2.972973,806,80.358923,638,81.899872,3,0.750000
190,12,3.243243,806,80.358923,640,82.156611,3,0.750000
108,13,3.513514,806,80.358923,640,82.156611,3,0.750000
45,14,3.783784,807,80.458624,640,82.156611,4,1.000000
72,15,4.054054,807,80.458624,640,82.156611,4,1.000000
246,16,4.324324,808,80.558325,640,82.156611,4,1.000000
295,17,4.594595,818,81.555334,649,83.311938,4,1.000000
367,18,4.864865,821,81.854437,649,83.311938,4,1.000000
313,19,5.135135,821,81.854437,649,83.311938,4,1.000000
262,20,5.405405,821,81.854437,649,83.311938,4,1.000000
316,21,5.675676,821,81.854437,649,83.311938,4,1.000000
357,22,5.945946,823,82.053838,649,83.311938,4,1.000000
181,23,6.216216,823,82.053838,653,83.825417,4,1.000000
98,24,6.486486,823,82.053838,653,83.825417,4,1.000000
348,25,6.756757,830,82.751745,661,84.852375,4,1.000000
197,26,7.027027,830,82.751745,661,84.852375,4,1.000000
188,27,7.297297,830,82.751745,661,84.852375,4,1.000000
354,28,7.567568,830,82.751745,661,84.852375,4,1.000000
