TestcaseNumber,TestcaseCount,TestcaseRatio,StatementCount,StatementRatio,BranchCount,BranchRatio,FaultCount,FaultRatio
336,1,0.270270,546,54.436690,455,58.408216,0,0.000000
158,2,0.540541,627,62.512463,517,66.367137,0,0.000000
86,3,0.810811,628,62.612164,517,66.367137,0,0.000000
362,4,1.081081,663,66.101695,569,73.042362,0,0.000000
273,5,1.351351,685,68.295115,577,74.069320,0,0.000000
172,6,1.621622,689,68.693918,581,74.582798,0,0.000000
297,7,1.891892,713,71.086740,611,78.433890,0,0.000000
343,8,2.162162,766,76.370887,641,82.284981,1,0.250000
155,9,2.432432,766,76.370887,641,82.284981,1,0.250000
253,10,2.702703,766,76.370887,641,82.284981,1,0.250000
161,11,2.972973,799,79.661017,673,86.392811,1,0.250000
204,12,3.243243,819,81.655035,687,88.189987,1,0.250000
95,13,3.513514,826,82.352941,693,88.960205,1,0.250000
143,14,3.783784,834,83.150548,699,89.730424,1,0.250000
171,15,4.054054,834,83.150548,701,89.987163,1,0.250000
49,16,4.324324,837,83.449651,701,89.987163,1,0.250000
78,17,4.594595,837,83.449651,701,89.987163,1,0.250000
216,18,4.864865,837,83.449651,701,89.987163,1,0.250000
327,19,5.135135,837,83.449651,701,89.987163,1,0.250000
157,20,5.405405,837,83.449651,701,89.987163,1,0.250000
305,21,5.675676,842,83.948156,701,89.987163,1,0.250000
285,22,5.945946,842,83.948156,703,90.243902,1,0.250000
34,23,6.216216,858,85.543370,707,90.757381,3,0.750000
137,24,6.486486,867,86.440678,719,92.297818,3,0.750000
295,25,6.756757,867,86.440678,719,92.297818,3,0.750000
82,26,7.027027,867,86.440678,719,92.297818,3,0.750000
208,27,7.297297,867,86.440678,719,92.297818,3,0.750000
334,28,7.567568,867,86.440678,719,92.297818,3,0.750000
117,29,7.837838,867,86.440678,719,92.297818,3,0.750000
174,30,8.108108,867,86.440678,719,92.297818,3,0.750000
351,31,8.378378,870,86.739781,719,92.297818,3,0.750000
111,32,8.648649,871,86.839482,721,92.554557,3,0.750000
114,33,8.918919,871,86.839482,721,92.554557,3,0.750000
149,34,9.189189,871,86.839482,721,92.554557,3,0.750000
361,35,9.459459,871,86.839482,721,92.554557,3,0.750000
85,36,9.729730,871,86.839482,721,92.554557,3,0.750000
93,37,10.000000,871,86.839482,721,92.554557,3,0.750000
364,38,10.270270,876,87.337986,723,92.811297,3,0.750000
307,39,10.540541,876,87.337986,725,93.068036,3,0.750000
