TestcaseNumber,TestcaseCount,TestcaseRatio,StatementCount,StatementRatio,BranchCount,BranchRatio,FaultCount,FaultRatio
335,1,0.270270,583,58.125623,478,61.360719,0,0.000000
253,2,0.540541,622,62.013958,502,64.441592,0,0.000000
188,3,0.810811,696,69.391825,571,73.299101,0,0.000000
186,4,1.081081,700,69.790628,575,73.812580,0,0.000000
195,5,1.351351,707,70.488534,579,74.326059,0,0.000000
39,6,1.621622,736,73.379860,583,74.839538,2,0.500000
46,7,1.891892,745,74.277168,585,75.096277,2,0.500000
255,8,2.162162,745,74.277168,585,75.096277,2,0.500000
311,9,2.432432,745,74.277168,585,75.096277,2,0.500000
272,10,2.702703,746,74.376869,585,75.096277,2,0.500000
249,11,2.972973,749,74.675972,587,75.353017,2,0.500000
11,12,3.243243,752,74.975075,589,75.609756,3,0.750000
67,13,3.513514,759,75.672981,591,75.866496,3,0.750000
299,14,3.783784,759,75.672981,591,75.866496,3,0.750000
60,15,4.054054,759,75.672981,591,75.866496,3,0.750000
239,16,4.324324,783,78.065803,619,79.460847,3,0.750000
184,17,4.594595,783,78.065803,619,79.460847,3,0.750000
205,18,4.864865,791,78.863410,625,80.231065,3,0.750000
101,19,5.135135,791,78.863410,625,80.231065,3,0.750000
220,20,5.405405,799,79.661017,631,81.001284,3,0.750000
83,21,5.675676,806,80.358923,633,81.258023,3,0.750000
279,22,5.945946,808,80.558325,633,81.258023,3,0.750000
225,23,6.216216,821,81.854437,647,83.055199,3,0.750000
69,24,6.486486,830,82.751745,661,84.852375,3,0.750000
103,25,6.756757,830,82.751745,661,84.852375,3,0.750000
