TestcaseNumber,TestcaseCount,TestcaseRatio,StatementCount,StatementRatio,BranchCount,BranchRatio,FaultCount,FaultRatio
192,1,0.270270,594,59.222333,495,63.543004,0,0.000000
156,2,0.540541,594,59.222333,495,63.543004,0,0.000000
83,3,0.810811,640,63.808574,538,69.062901,0,0.000000
265,4,1.081081,648,64.606181,540,69.319641,0,0.000000
81,5,1.351351,651,64.905284,540,69.319641,0,0.000000
252,6,1.621622,681,67.896311,552,70.860077,0,0.000000
288,7,1.891892,709,70.687936,572,73.427471,1,0.250000
293,8,2.162162,709,70.687936,572,73.427471,1,0.250000
73,9,2.432432,709,70.687936,572,73.427471,1,0.250000
350,10,2.702703,733,73.080758,600,77.021823,1,0.250000
34,11,2.972973,749,74.675972,604,77.535302,3,0.750000
154,12,3.243243,754,75.174477,612,78.562259,3,0.750000
141,13,3.513514,766,76.370887,628,80.616175,3,0.750000
135,14,3.783784,786,78.364905,642,82.413350,3,0.750000
49,15,4.054054,786,78.364905,642,82.413350,3,0.750000
289,16,4.324324,786,78.364905,642,82.413350,3,0.750000
365,17,4.594595,789,78.664008,642,82.413350,3,0.750000
231,18,4.864865,797,79.461615,648,83.183569,3,0.750000
85,19,5.135135,797,79.461615,648,83.183569,3,0.750000
132,20,5.405405,797,79.461615,648,83.183569,3,0.750000
250,21,5.675676,797,79.461615,648,83.183569,3,0.750000
19,22,5.945946,797,79.461615,648,83.183569,3,0.750000
163,23,6.216216,825,82.253240,668,85.750963,3,0.750000
224,24,6.486486,831,82.851446,674,86.521181,3,0.750000
368,25,6.756757,834,83.150548,674,86.521181,3,0.750000
360,26,7.027027,859,85.643071,699,89.730424,3,0.750000
2,27,7.297297,863,86.041874,699,89.730424,3,0.750000
15,28,7.567568,863,86.041874,699,89.730424,3,0.750000
323,29,7.837838,863,86.041874,703,90.243902,3,0.750000
330,30,8.108108,867,86.440678,703,90.243902,3,0.750000
356,31,8.378378,867,86.440678,703,90.243902,3,0.750000
256,32,8.648649,867,86.440678,703,90.243902,3,0.750000
243,33,8.918919,867,86.440678,703,90.243902,3,0.750000
