TestcaseNumber,TestcaseCount,TestcaseRatio,StatementCount,StatementRatio,BranchCount,BranchRatio,FaultCount,FaultRatio
236,1,0.270270,355,35.393819,330,42.362003,0,0.000000
182,2,0.540541,546,54.436690,469,60.205392,0,0.000000
238,3,0.810811,550,54.835494,473,60.718870,0,0.000000
244,4,1.081081,578,57.627119,489,62.772786,1,0.250000
60,5,1.351351,677,67.497507,574,73.684211,1,0.250000
56,6,1.621622,677,67.497507,574,73.684211,1,0.250000
291,7,1.891892,723,72.083749,610,78.305520,1,0.250000
35,8,2.162162,739,73.678963,614,78.818999,3,0.750000
355,9,2.432432,746,74.376869,616,79.075738,3,0.750000
332,10,2.702703,755,75.274177,620,79.589217,3,0.750000
338,11,2.972973,777,77.467597,645,82.798460,3,0.750000
204,12,3.243243,777,77.467597,645,82.798460,3,0.750000
48,13,3.513514,783,78.065803,649,83.311938,3,0.750000
258,14,3.783784,821,81.854437,687,88.189987,3,0.750000
66,15,4.054054,821,81.854437,687,88.189987,3,0.750000
279,16,4.324324,821,81.854437,687,88.189987,3,0.750000
229,17,4.594595,824,82.153539,689,88.446727,3,0.750000
296,18,4.864865,824,82.153539,691,88.703466,3,0.750000
316,19,5.135135,824,82.153539,691,88.703466,3,0.750000
277,20,5.405405,845,84.247258,695,89.216945,3,0.750000
149,21,5.675676,851,84.845464,695,89.216945,3,0.750000
69,22,5.945946,851,84.845464,695,89.216945,3,0.750000
