TestcaseNumber,TestcaseCount,TestcaseRatio,StatementCount,StatementRatio,BranchCount,BranchRatio,FaultCount,FaultRatio
42,1,0.270270,493,49.152542,429,55.070603,0,0.000000
12,2,0.540541,519,51.744766,433,55.584082,1,0.250000
367,3,0.810811,525,52.342971,435,55.840822,2,0.500000
351,4,1.081081,560,55.832502,469,60.205392,2,0.500000
125,5,1.351351,753,75.074776,629,80.744544,2,0.500000
32,6,1.621622,753,75.074776,629,80.744544,2,0.500000
16,7,1.891892,753,75.074776,629,80.744544,2,0.500000
88,8,2.162162,762,75.972084,631,81.001284,2,0.500000
145,9,2.432432,765,76.271186,631,81.001284,2,0.500000
58,10,2.702703,769,76.669990,635,81.514763,2,0.500000
106,11,2.972973,778,77.567298,639,82.028241,3,0.750000
109,12,3.243243,786,78.364905,641,82.284981,3,0.750000
332,13,3.513514,789,78.664008,643,82.541720,3,0.750000
64,14,3.783784,796,79.361914,645,82.798460,3,0.750000
278,15,4.054054,798,79.561316,645,82.798460,3,0.750000
153,16,4.324324,801,79.860419,647,83.055199,3,0.750000
23,17,4.594595,827,82.452642,653,83.825417,3,0.750000
176,18,4.864865,830,82.751745,655,84.082157,3,0.750000
214,19,5.135135,830,82.751745,657,84.338896,3,0.750000
31,20,5.405405,830,82.751745,657,84.338896,3,0.750000
359,21,5.675676,830,82.751745,657,84.338896,3,0.750000
189,22,5.945946,836,83.349950,659,84.595635,3,0.750000
82,23,6.216216,836,83.349950,659,84.595635,3,0.750000
204,24,6.486486,856,85.343968,675,86.649551,3,0.750000
50,25,6.756757,859,85.643071,677,86.906290,3,0.750000
118,26,7.027027,859,85.643071,677,86.906290,3,0.750000
329,27,7.297297,862,85.942173,679,87.163030,3,0.750000
59,28,7.567568,862,85.942173,679,87.163030,3,0.750000
37,29,7.837838,865,86.241276,679,87.163030,3,0.750000
83,30,8.108108,865,86.241276,679,87.163030,3,0.750000
