TestcaseNumber,TestcaseCount,TestcaseRatio,StatementCount,StatementRatio,BranchCount,BranchRatio,FaultCount,FaultRatio
308,1,0.270270,624,62.213360,527,67.650834,0,0.000000
323,2,0.540541,628,62.612164,535,68.677792,0,0.000000
250,3,0.810811,644,64.207378,539,69.191271,1,0.250000
179,4,1.081081,667,66.500499,575,73.812580,1,0.250000
307,5,1.351351,667,66.500499,577,74.069320,1,0.250000
370,6,1.621622,667,66.500499,577,74.069320,1,0.250000
128,7,1.891892,694,69.192423,605,77.663671,1,0.250000
203,8,2.162162,702,69.990030,611,78.433890,1,0.250000
168,9,2.432432,752,74.975075,645,82.798460,1,0.250000
329,10,2.702703,758,75.573280,649,83.311938,1,0.250000
315,11,2.972973,758,75.573280,649,83.311938,1,0.250000
268,12,3.243243,758,75.573280,649,83.311938,1,0.250000
245,13,3.513514,776,77.367896,653,83.825417,2,0.500000
38,14,3.783784,779,77.666999,653,83.825417,2,0.500000
218,15,4.054054,785,78.265204,655,84.082157,2,0.500000
263,16,4.324324,785,78.265204,655,84.082157,2,0.500000
118,17,4.594595,785,78.265204,655,84.082157,2,0.500000
154,18,4.864865,785,78.265204,655,84.082157,2,0.500000
41,19,5.135135,791,78.863410,655,84.082157,2,0.500000
232,20,5.405405,816,81.355932,675,86.649551,2,0.500000
24,21,5.675676,829,82.652044,675,86.649551,2,0.500000
171,22,5.945946,829,82.652044,675,86.649551,2,0.500000
353,23,6.216216,829,82.652044,675,86.649551,2,0.500000
