TestcaseNumber,TestcaseCount,TestcaseRatio,StatementCount,StatementRatio,BranchCount,BranchRatio,FaultCount,FaultRatio
154,1,0.270270,617,61.515454,534,68.549422,0,0.000000
317,2,0.540541,666,66.400798,564,72.400513,0,0.000000
49,3,0.810811,672,66.999003,566,72.657253,0,0.000000
221,4,1.081081,687,68.494516,572,73.427471,0,0.000000
61,5,1.351351,687,68.494516,572,73.427471,0,0.000000
69,6,1.621622,703,70.089731,588,75.481386,1,0.250000
222,7,1.891892,703,70.089731,588,75.481386,1,0.250000
188,8,2.162162,721,71.884347,599,76.893453,1,0.250000
113,9,2.432432,721,71.884347,599,76.893453,1,0.250000
67,10,2.702703,728,72.582253,601,77.150193,1,0.250000
363,11,2.972973,754,75.174477,609,78.177150,3,0.750000
364,12,3.243243,755,75.274177,609,78.177150,3,0.750000
126,13,3.513514,782,77.966102,633,81.258023,3,0.750000
314,14,3.783784,808,80.558325,661,84.852375,3,0.750000
279,15,4.054054,818,81.555334,663,85.109114,3,0.750000
10,16,4.324324,824,82.153539,665,85.365854,4,1.000000
66,17,4.594595,824,82.153539,665,85.365854,4,1.000000
80,18,4.864865,824,82.153539,665,85.365854,4,1.000000
93,19,5.135135,842,83.948156,669,85.879332,4,1.000000
235,20,5.405405,844,84.147557,669,85.879332,4,1.000000
50,21,5.675676,844,84.147557,669,85.879332,4,1.000000
326,22,5.945946,844,84.147557,669,85.879332,4,1.000000
75,23,6.216216,844,84.147557,669,85.879332,4,1.000000
104,24,6.486486,844,84.147557,669,85.879332,4,1.000000
284,25,6.756757,844,84.147557,669,85.879332,4,1.000000
257,26,7.027027,856,85.343968,683,87.676508,4,1.000000
352,27,7.297297,857,85.443669,685,87.933248,4,1.000000
319,28,7.567568,859,85.643071,685,87.933248,4,1.000000
347,29,7.837838,861,85.842473,687,88.189987,4,1.000000
11,30,8.108108,861,85.842473,687,88.189987,4,1.000000
7,31,8.378378,861,85.842473,687,88.189987,4,1.000000
369,32,8.648649,874,87.138584,689,88.446727,4,1.000000
122,33,8.918919,874,87.138584,689,88.446727,4,1.000000
150,34,9.189189,874,87.138584,689,88.446727,4,1.000000
147,35,9.459459,874,87.138584,689,88.446727,4,1.000000
185,36,9.729730,874,87.138584,689,88.446727,4,1.000000
91,37,10.000000,874,87.138584,689,88.446727,4,1.000000
336,38,10.270270,874,87.138584,689,88.446727,4,1.000000
298,39,10.540541,874,87.138584,689,88.446727,4,1.000000
313,40,10.810811,874,87.138584,689,88.446727,4,1.000000
41,41,11.081081,874,87.138584,689,88.446727,4,1.000000
