TestcaseNumber,TestcaseCount,TestcaseRatio,StatementCount,StatementRatio,BranchCount,BranchRatio,FaultCount,FaultRatio
358,1,0.270270,289,28.813559,272,34.916560,0,0.000000
263,2,0.540541,493,49.152542,431,55.327343,0,0.000000
360,3,0.810811,653,65.104686,563,72.272144,0,0.000000
323,4,1.081081,658,65.603190,571,73.299101,0,0.000000
308,5,1.351351,694,69.192423,595,76.379974,0,0.000000
31,6,1.621622,710,70.787637,599,76.893453,2,0.500000
21,7,1.891892,731,72.881356,605,77.663671,2,0.500000
121,8,2.162162,734,73.180459,607,77.920411,2,0.500000
133,9,2.432432,743,74.077767,613,78.690629,2,0.500000
62,10,2.702703,743,74.077767,613,78.690629,2,0.500000
264,11,2.972973,750,74.775673,615,78.947368,2,0.500000
108,12,3.243243,751,74.875374,617,79.204108,2,0.500000
195,13,3.513514,754,75.174477,619,79.460847,2,0.500000
153,14,3.783784,754,75.174477,619,79.460847,2,0.500000
63,15,4.054054,758,75.573280,623,79.974326,2,0.500000
367,16,4.324324,761,75.872383,623,79.974326,2,0.500000
324,17,4.594595,767,76.470588,627,80.487805,2,0.500000
281,18,4.864865,774,77.168495,627,80.487805,2,0.500000
77,19,5.135135,786,78.364905,629,80.744544,2,0.500000
185,20,5.405405,787,78.464606,629,80.744544,2,0.500000
209,21,5.675676,794,79.162512,633,81.258023,2,0.500000
260,22,5.945946,812,80.957129,637,81.771502,3,0.750000
320,23,6.216216,824,82.153539,653,83.825417,3,0.750000
215,24,6.486486,824,82.153539,653,83.825417,3,0.750000
188,25,6.756757,824,82.153539,653,83.825417,3,0.750000
339,26,7.027027,824,82.153539,653,83.825417,3,0.750000
187,27,7.297297,824,82.153539,653,83.825417,3,0.750000
288,28,7.567568,843,84.047856,667,85.622593,3,0.750000
318,29,7.837838,843,84.047856,667,85.622593,3,0.750000
84,30,8.108108,843,84.047856,667,85.622593,3,0.750000
26,31,8.378378,868,86.540379,691,88.703466,3,0.750000
