TestcaseNumber,TestcaseCount,TestcaseRatio,StatementCount,StatementRatio,BranchCount,BranchRatio,FaultCount,FaultRatio
98,1,0.270270,494,49.252243,431,55.327343,0,0.000000
362,2,0.540541,659,65.702891,569,73.042362,0,0.000000
167,3,0.810811,692,68.993021,603,77.406932,0,0.000000
105,4,1.081081,712,70.987039,619,79.460847,1,0.250000
208,5,1.351351,717,71.485543,623,79.974326,1,0.250000
327,6,1.621622,764,76.171486,649,83.311938,1,0.250000
223,7,1.891892,778,77.567298,655,84.082157,1,0.250000
124,8,2.162162,802,79.960120,675,86.649551,1,0.250000
139,9,2.432432,813,81.056830,685,87.933248,1,0.250000
219,10,2.702703,813,81.056830,685,87.933248,1,0.250000
154,11,2.972973,816,81.355932,685,87.933248,1,0.250000
256,12,3.243243,832,82.951147,701,89.987163,1,0.250000
316,13,3.513514,832,82.951147,701,89.987163,1,0.250000
83,14,3.783784,832,82.951147,701,89.987163,1,0.250000
113,15,4.054054,832,82.951147,701,89.987163,1,0.250000
293,16,4.324324,832,82.951147,701,89.987163,1,0.250000
164,17,4.594595,832,82.951147,701,89.987163,1,0.250000
262,18,4.864865,832,82.951147,703,90.243902,1,0.250000
369,19,5.135135,861,85.842473,709,91.014121,3,0.750000
55,20,5.405405,862,85.942173,709,91.014121,3,0.750000
146,21,5.675676,862,85.942173,709,91.014121,3,0.750000
320,22,5.945946,865,86.241276,711,91.270860,3,0.750000
114,23,6.216216,865,86.241276,711,91.270860,3,0.750000
32,24,6.486486,865,86.241276,711,91.270860,3,0.750000
238,25,6.756757,865,86.241276,711,91.270860,3,0.750000
217,26,7.027027,865,86.241276,711,91.270860,3,0.750000
248,27,7.297297,866,86.340977,711,91.270860,3,0.750000
192,28,7.567568,869,86.640080,713,91.527599,3,0.750000
195,29,7.837838,869,86.640080,713,91.527599,3,0.750000
