TestcaseNumber,TestcaseCount,TestcaseRatio,StatementCount,StatementRatio,BranchCount,BranchRatio,FaultCount,FaultRatio
248,1,0.270270,94,9.371884,93,11.938383,2,0.500000
369,2,0.540541,126,12.562313,110,14.120668,2,0.500000
153,3,0.810811,658,65.603190,543,69.704750,2,0.500000
60,4,1.081081,706,70.388833,575,73.812580,2,0.500000
65,5,1.351351,713,71.086740,577,74.069320,2,0.500000
224,6,1.621622,731,72.881356,597,76.636714,2,0.500000
285,7,1.891892,769,76.669990,623,79.974326,3,0.750000
112,8,2.162162,775,77.268195,623,79.974326,3,0.750000
294,9,2.432432,800,79.760718,643,82.541720,3,0.750000
4,10,2.702703,816,81.355932,647,83.055199,4,1.000000
188,11,2.972973,819,81.655035,647,83.055199,4,1.000000
259,12,3.243243,829,82.652044,655,84.082157,4,1.000000
12,13,3.513514,829,82.652044,655,84.082157,4,1.000000
46,14,3.783784,834,83.150548,659,84.595635,4,1.000000
192,15,4.054054,841,83.848455,663,85.109114,4,1.000000
83,16,4.324324,841,83.848455,663,85.109114,4,1.000000
314,17,4.594595,869,86.640080,695,89.216945,4,1.000000
6,18,4.864865,869,86.640080,695,89.216945,4,1.000000
211,19,5.135135,883,88.035892,705,90.500642,4,1.000000
355,20,5.405405,883,88.035892,705,90.500642,4,1.000000
305,21,5.675676,883,88.035892,705,90.500642,4,1.000000
81,22,5.945946,883,88.035892,705,90.500642,4,1.000000
306,23,6.216216,883,88.035892,707,90.757381,4,1.000000
98,24,6.486486,883,88.035892,707,90.757381,4,1.000000
362,25,6.756757,899,89.631107,727,93.324775,4,1.000000
325,26,7.027027,899,89.631107,727,93.324775,4,1.000000
253,27,7.297297,899,89.631107,727,93.324775,4,1.000000
