TestcaseNumber,TestcaseCount,TestcaseRatio,StatementCount,StatementRatio,BranchCount,BranchRatio,FaultCount,FaultRatio
116,1,0.270270,613,61.116650,530,68.035944,0,0.000000
151,2,0.540541,664,66.201396,559,71.758665,0,0.000000
102,3,0.810811,677,67.497507,563,72.272144,0,0.000000
6,4,1.081081,684,68.195414,567,72.785623,0,0.000000
91,5,1.351351,723,72.083749,599,76.893453,0,0.000000
18,6,1.621622,724,72.183450,601,77.150193,0,0.000000
181,7,1.891892,724,72.183450,605,77.663671,0,0.000000
290,8,2.162162,742,73.978066,615,78.947368,0,0.000000
19,9,2.432432,742,73.978066,615,78.947368,0,0.000000
84,10,2.702703,748,74.576271,619,79.460847,0,0.000000
130,11,2.972973,772,76.969093,647,83.055199,0,0.000000
275,12,3.243243,779,77.666999,655,84.082157,0,0.000000
328,13,3.513514,779,77.666999,655,84.082157,0,0.000000
341,14,3.783784,779,77.666999,655,84.082157,0,0.000000
176,15,4.054054,784,78.165503,659,84.595635,0,0.000000
169,16,4.324324,810,80.757727,681,87.419769,0,0.000000
164,17,4.594595,810,80.757727,681,87.419769,0,0.000000
70,18,4.864865,810,80.757727,681,87.419769,1,0.250000
318,19,5.135135,810,80.757727,681,87.419769,1,0.250000
60,20,5.405405,810,80.757727,681,87.419769,1,0.250000
338,21,5.675676,810,80.757727,681,87.419769,1,0.250000
13,22,5.945946,812,80.957129,683,87.676508,1,0.250000
90,23,6.216216,812,80.957129,683,87.676508,1,0.250000
249,24,6.486486,828,82.552343,687,88.189987,2,0.500000
61,25,6.756757,828,82.552343,687,88.189987,2,0.500000
282,26,7.027027,828,82.552343,687,88.189987,2,0.500000
107,27,7.297297,828,82.552343,687,88.189987,2,0.500000
157,28,7.567568,828,82.552343,687,88.189987,2,0.500000
193,29,7.837838,828,82.552343,687,88.189987,2,0.500000
368,30,8.108108,831,82.851446,687,88.189987,3,0.750000
370,31,8.378378,831,82.851446,687,88.189987,3,0.750000
94,32,8.648649,831,82.851446,687,88.189987,3,0.750000
146,33,8.918919,831,82.851446,687,88.189987,3,0.750000
10,34,9.189189,847,84.446660,691,88.703466,4,1.000000
142,35,9.459459,847,84.446660,691,88.703466,4,1.000000
69,36,9.729730,847,84.446660,691,88.703466,4,1.000000
