TestcaseNumber,TestcaseCount,TestcaseRatio,StatementCount,StatementRatio,BranchCount,BranchRatio,FaultCount,FaultRatio
361,1,0.270270,515,51.345962,437,56.097561,0,0.000000
154,2,0.540541,632,63.010967,551,70.731707,0,0.000000
213,3,0.810811,663,66.101695,573,73.555841,0,0.000000
271,4,1.081081,693,69.092722,585,75.096277,0,0.000000
176,5,1.351351,699,69.690927,587,75.353017,0,0.000000
240,6,1.621622,719,71.684945,601,77.150193,0,0.000000
120,7,1.891892,722,71.984048,603,77.406932,0,0.000000
11,8,2.162162,749,74.675972,609,78.177150,2,0.500000
103,9,2.432432,756,75.373878,611,78.433890,2,0.500000
146,10,2.702703,756,75.373878,611,78.433890,2,0.500000
61,11,2.972973,756,75.373878,611,78.433890,2,0.500000
143,12,3.243243,771,76.869392,621,79.717587,3,0.750000
28,13,3.513514,795,79.262213,635,81.514763,3,0.750000
191,14,3.783784,796,79.361914,635,81.514763,3,0.750000
281,15,4.054054,796,79.361914,637,81.771502,3,0.750000
243,16,4.324324,796,79.361914,637,81.771502,3,0.750000
206,17,4.594595,804,80.159521,643,82.541720,3,0.750000
279,18,4.864865,806,80.358923,643,82.541720,3,0.750000
56,19,5.135135,830,82.751745,671,86.136072,3,0.750000
274,20,5.405405,840,83.748754,679,87.163030,3,0.750000
255,21,5.675676,840,83.748754,679,87.163030,3,0.750000
237,22,5.945946,840,83.748754,679,87.163030,3,0.750000
113,23,6.216216,840,83.748754,679,87.163030,3,0.750000
257,24,6.486486,840,83.748754,679,87.163030,3,0.750000
88,25,6.756757,864,86.141575,699,89.730424,3,0.750000
22,26,7.027027,890,88.733799,705,90.500642,3,0.750000
227,27,7.297297,896,89.332004,711,91.270860,3,0.750000
