TestcaseNumber,TestcaseCount,TestcaseRatio,StatementCount,StatementRatio,BranchCount,BranchRatio,FaultCount,FaultRatio
367,1,0.270270,104,10.368893,70,8.985879,1,0.250000
195,2,0.540541,613,61.116650,499,64.056483,1,0.250000
142,3,0.810811,645,64.307079,529,67.907574,2,0.500000
307,4,1.081081,664,66.201396,561,72.015404,2,0.500000
233,5,1.351351,704,70.189432,593,76.123235,2,0.500000
298,6,1.621622,748,74.576271,619,79.460847,2,0.500000
19,7,1.891892,756,75.373878,629,80.744544,2,0.500000
190,8,2.162162,767,76.470588,635,81.514763,2,0.500000
184,9,2.432432,773,77.068794,635,81.514763,2,0.500000
303,10,2.702703,786,78.364905,643,82.541720,2,0.500000
33,11,2.972973,786,78.364905,643,82.541720,3,0.750000
181,12,3.243243,786,78.364905,645,82.798460,3,0.750000
276,13,3.513514,799,79.661017,657,84.338896,3,0.750000
52,14,3.783784,799,79.661017,657,84.338896,3,0.750000
270,15,4.054054,799,79.661017,657,84.338896,3,0.750000
138,16,4.324324,815,81.256231,671,86.136072,3,0.750000
291,17,4.594595,817,81.455633,671,86.136072,3,0.750000
256,18,4.864865,820,81.754736,673,86.392811,3,0.750000
97,19,5.135135,827,82.452642,673,86.392811,3,0.750000
250,20,5.405405,827,82.452642,673,86.392811,3,0.750000
69,21,5.675676,827,82.452642,673,86.392811,3,0.750000
39,22,5.945946,843,84.047856,675,86.649551,3,0.750000
242,23,6.216216,843,84.047856,675,86.649551,3,0.750000
273,24,6.486486,849,84.646062,677,86.906290,3,0.750000
144,25,6.756757,849,84.646062,677,86.906290,3,0.750000
365,26,7.027027,852,84.945165,677,86.906290,3,0.750000
189,27,7.297297,853,85.044865,677,86.906290,3,0.750000
123,28,7.567568,853,85.044865,677,86.906290,3,0.750000
358,29,7.837838,853,85.044865,677,86.906290,3,0.750000
268,30,8.108108,853,85.044865,679,87.163030,3,0.750000
330,31,8.378378,853,85.044865,679,87.163030,3,0.750000
263,32,8.648649,853,85.044865,679,87.163030,3,0.750000
87,33,8.918919,853,85.044865,679,87.163030,3,0.750000
278,34,9.189189,855,85.244267,679,87.163030,3,0.750000
73,35,9.459459,855,85.244267,679,87.163030,3,0.750000
176,36,9.729730,855,85.244267,679,87.163030,3,0.750000
220,37,10.000000,855,85.244267,679,87.163030,3,0.750000
369,38,10.270270,862,85.942173,681,87.419769,3,0.750000
340,39,10.540541,862,85.942173,681,87.419769,3,0.750000
237,40,10.810811,886,88.334995,709,91.014121,3,0.750000
210,41,11.081081,889,88.634098,711,91.270860,3,0.750000
