TestcaseNumber,TestcaseCount,TestcaseRatio,StatementCount,StatementRatio,BranchCount,BranchRatio,FaultCount,FaultRatio
9,1,0.270270,447,44.566301,363,46.598203,0,0.000000
295,2,0.540541,544,54.237288,463,59.435173,0,0.000000
162,3,0.810811,631,62.911266,553,70.988447,0,0.000000
53,4,1.081081,642,64.007976,557,71.501926,0,0.000000
367,5,1.351351,661,65.902293,561,72.015404,1,0.250000
135,6,1.621622,711,70.887338,589,75.609756,1,0.250000
308,7,1.891892,745,74.277168,615,78.947368,1,0.250000
364,8,2.162162,750,74.775673,617,79.204108,2,0.500000
298,9,2.432432,750,74.775673,617,79.204108,2,0.500000
181,10,2.702703,750,74.775673,621,79.717587,2,0.500000
214,11,2.972973,758,75.573280,625,80.231065,2,0.500000
257,12,3.243243,773,77.068794,641,82.284981,2,0.500000
242,13,3.513514,773,77.068794,641,82.284981,2,0.500000
206,14,3.783784,781,77.866401,647,83.055199,2,0.500000
335,15,4.054054,788,78.564307,647,83.055199,2,0.500000
32,16,4.324324,788,78.564307,647,83.055199,2,0.500000
98,17,4.594595,788,78.564307,647,83.055199,2,0.500000
80,18,4.864865,788,78.564307,647,83.055199,2,0.500000
240,19,5.135135,788,78.564307,647,83.055199,2,0.500000
99,20,5.405405,795,79.262213,649,83.311938,2,0.500000
185,21,5.675676,801,79.860419,649,83.311938,2,0.500000
111,22,5.945946,801,79.860419,649,83.311938,2,0.500000
150,23,6.216216,801,79.860419,649,83.311938,2,0.500000
136,24,6.486486,808,80.558325,657,84.338896,2,0.500000
62,25,6.756757,808,80.558325,657,84.338896,2,0.500000
173,26,7.027027,810,80.757727,657,84.338896,2,0.500000
317,27,7.297297,810,80.757727,657,84.338896,2,0.500000
92,28,7.567568,837,83.449651,687,88.189987,2,0.500000
97,29,7.837838,837,83.449651,687,88.189987,2,0.500000
24,30,8.108108,849,84.646062,687,88.189987,2,0.500000
75,31,8.378378,849,84.646062,687,88.189987,2,0.500000
195,32,8.648649,849,84.646062,687,88.189987,2,0.500000
66,33,8.918919,849,84.646062,687,88.189987,2,0.500000
