TestcaseNumber,TestcaseCount,TestcaseRatio,StatementCount,StatementRatio,BranchCount,BranchRatio,FaultCount,FaultRatio
97,1,0.270270,498,49.651047,425,54.557125,0,0.000000
47,2,0.540541,544,54.237288,455,58.408216,1,0.250000
359,3,0.810811,545,54.336989,455,58.408216,1,0.250000
177,4,1.081081,698,69.591226,580,74.454429,1,0.250000
105,5,1.351351,701,69.890329,580,74.454429,1,0.250000
347,6,1.621622,721,71.884347,592,75.994865,1,0.250000
17,7,1.891892,723,72.083749,592,75.994865,1,0.250000
278,8,2.162162,723,72.083749,592,75.994865,1,0.250000
195,9,2.432432,732,72.981057,596,76.508344,1,0.250000
351,10,2.702703,764,76.171486,630,80.872914,1,0.250000
280,11,2.972973,769,76.669990,638,81.899872,1,0.250000
147,12,3.243243,770,76.769691,638,81.899872,1,0.250000
86,13,3.513514,770,76.769691,638,81.899872,1,0.250000
29,14,3.783784,793,79.062812,650,83.440308,1,0.250000
14,15,4.054054,795,79.262213,652,83.697047,1,0.250000
73,16,4.324324,795,79.262213,652,83.697047,1,0.250000
36,17,4.594595,815,81.256231,656,84.210526,3,0.750000
315,18,4.864865,815,81.256231,656,84.210526,3,0.750000
294,19,5.135135,850,84.745763,685,87.933248,3,0.750000
1,20,5.405405,856,85.343968,687,88.189987,4,1.000000
338,21,5.675676,856,85.343968,689,88.446727,4,1.000000
314,22,5.945946,856,85.343968,689,88.446727,4,1.000000
317,23,6.216216,856,85.343968,689,88.446727,4,1.000000
84,24,6.486486,856,85.343968,689,88.446727,4,1.000000
366,25,6.756757,860,85.742772,691,88.703466,4,1.000000
349,26,7.027027,860,85.742772,691,88.703466,4,1.000000
