TestcaseNumber,TestcaseCount,TestcaseRatio,StatementCount,StatementRatio,BranchCount,BranchRatio,FaultCount,FaultRatio
313,1,0.270270,607,60.518445,522,67.008986,0,0.000000
102,2,0.540541,631,62.911266,548,70.346598,0,0.000000
289,3,0.810811,681,67.896311,586,75.224647,0,0.000000
307,4,1.081081,694,69.192423,597,76.636714,0,0.000000
299,5,1.351351,742,73.978066,623,79.974326,0,0.000000
173,6,1.621622,742,73.978066,623,79.974326,0,0.000000
212,7,1.891892,747,74.476570,629,80.744544,0,0.000000
157,8,2.162162,753,75.074776,633,81.258023,0,0.000000
270,9,2.432432,759,75.672981,633,81.258023,0,0.000000
196,10,2.702703,759,75.672981,633,81.258023,0,0.000000
344,11,2.972973,771,76.869392,635,81.514763,1,0.250000
264,12,3.243243,772,76.969093,635,81.514763,1,0.250000
167,13,3.513514,796,79.361914,663,85.109114,1,0.250000
66,14,3.783784,796,79.361914,663,85.109114,1,0.250000
314,15,4.054054,796,79.361914,663,85.109114,1,0.250000
199,16,4.324324,817,81.455633,673,86.392811,1,0.250000
246,17,4.594595,826,82.352941,681,87.419769,1,0.250000
68,18,4.864865,826,82.352941,681,87.419769,1,0.250000
259,19,5.135135,838,83.549352,693,88.960205,1,0.250000
252,20,5.405405,838,83.549352,693,88.960205,1,0.250000
5,21,5.675676,854,85.144566,697,89.473684,3,0.750000
71,22,5.945946,854,85.144566,697,89.473684,3,0.750000
213,23,6.216216,860,85.742772,699,89.730424,3,0.750000
245,24,6.486486,860,85.742772,699,89.730424,3,0.750000
24,25,6.756757,872,86.939182,699,89.730424,3,0.750000
185,26,7.027027,872,86.939182,699,89.730424,3,0.750000
