TestcaseNumber,TestcaseCount,TestcaseRatio,StatementCount,StatementRatio,BranchCount,BranchRatio,FaultCount,FaultRatio
203,1,0.270270,533,53.140578,463,59.435173,0,0.000000
352,2,0.540541,614,61.216351,534,68.549422,1,0.250000
26,3,0.810811,708,70.588235,613,78.690629,1,0.250000
41,4,1.081081,750,74.775673,637,81.771502,1,0.250000
295,5,1.351351,782,77.966102,669,85.879332,1,0.250000
27,6,1.621622,786,78.364905,673,86.392811,1,0.250000
264,7,1.891892,799,79.661017,681,87.419769,1,0.250000
292,8,2.162162,803,80.059821,683,87.676508,1,0.250000
271,9,2.432432,813,81.056830,685,87.933248,1,0.250000
99,10,2.702703,824,82.153539,691,88.703466,1,0.250000
168,11,2.972973,834,83.150548,701,89.987163,1,0.250000
83,12,3.243243,837,83.449651,701,89.987163,1,0.250000
178,13,3.513514,843,84.047856,705,90.500642,1,0.250000
227,14,3.783784,845,84.247258,707,90.757381,1,0.250000
315,15,4.054054,845,84.247258,707,90.757381,1,0.250000
190,16,4.324324,848,84.546361,709,91.014121,1,0.250000
195,17,4.594595,851,84.845464,711,91.270860,1,0.250000
312,18,4.864865,851,84.845464,711,91.270860,1,0.250000
6,19,5.135135,851,84.845464,711,91.270860,1,0.250000
300,20,5.405405,851,84.845464,711,91.270860,1,0.250000
194,21,5.675676,851,84.845464,711,91.270860,1,0.250000
206,22,5.945946,851,84.845464,711,91.270860,1,0.250000
80,23,6.216216,851,84.845464,711,91.270860,1,0.250000
11,24,6.486486,878,87.537388,717,92.041078,3,0.750000
343,25,6.756757,885,88.235294,719,92.297818,3,0.750000
92,26,7.027027,885,88.235294,719,92.297818,3,0.750000
107,27,7.297297,885,88.235294,719,92.297818,3,0.750000
321,28,7.567568,885,88.235294,719,92.297818,3,0.750000
98,29,7.837838,885,88.235294,719,92.297818,3,0.750000
