TestcaseNumber,TestcaseCount,TestcaseRatio,StatementCount,StatementRatio,BranchCount,BranchRatio,FaultCount,FaultRatio
58,1,0.270270,451,44.965105,404,51.861361,0,0.000000
355,2,0.540541,509,50.747757,461,59.178434,0,0.000000
138,3,0.810811,574,57.228315,514,65.982028,0,0.000000
267,4,1.081081,597,59.521436,534,68.549422,1,0.250000
42,5,1.351351,657,65.503490,570,73.170732,1,0.250000
182,6,1.621622,715,71.286142,618,79.332478,1,0.250000
65,7,1.891892,718,71.585244,618,79.332478,1,0.250000
146,8,2.162162,718,71.585244,618,79.332478,1,0.250000
13,9,2.432432,720,71.784646,620,79.589217,1,0.250000
153,10,2.702703,733,73.080758,631,81.001284,1,0.250000
17,11,2.972973,740,73.778664,633,81.258023,1,0.250000
164,12,3.243243,740,73.778664,633,81.258023,1,0.250000
28,13,3.513514,764,76.171486,647,83.055199,1,0.250000
90,14,3.783784,794,79.162512,669,85.879332,1,0.250000
46,15,4.054054,795,79.262213,669,85.879332,1,0.250000
315,16,4.324324,795,79.262213,669,85.879332,1,0.250000
150,17,4.594595,795,79.262213,669,85.879332,1,0.250000
272,18,4.864865,796,79.361914,669,85.879332,1,0.250000
208,19,5.135135,796,79.361914,669,85.879332,1,0.250000
335,20,5.405405,823,82.053838,683,87.676508,1,0.250000
89,21,5.675676,824,82.153539,683,87.676508,1,0.250000
360,22,5.945946,839,83.649053,699,89.730424,1,0.250000
52,23,6.216216,839,83.649053,699,89.730424,1,0.250000
47,24,6.486486,839,83.649053,699,89.730424,1,0.250000
297,25,6.756757,839,83.649053,701,89.987163,1,0.250000
81,26,7.027027,846,84.346959,703,90.243902,1,0.250000
278,27,7.297297,853,85.044865,703,90.243902,1,0.250000
