TestcaseNumber,TestcaseCount,TestcaseRatio,StatementCount,StatementRatio,BranchCount,BranchRatio,FaultCount,FaultRatio
114,1,0.270270,641,63.908275,546,70.089859,0,0.000000
57,2,0.540541,672,66.999003,578,74.197689,0,0.000000
241,3,0.810811,692,68.993021,592,75.994865,0,0.000000
37,4,1.081081,711,70.887338,596,76.508344,1,0.250000
251,5,1.351351,724,72.183450,598,76.765083,2,0.500000
295,6,1.621622,767,76.470588,639,82.028241,2,0.500000
153,7,1.891892,775,77.268195,639,82.028241,2,0.500000
34,8,2.162162,775,77.268195,639,82.028241,3,0.750000
220,9,2.432432,784,78.165503,645,82.798460,3,0.750000
160,10,2.702703,784,78.165503,645,82.798460,3,0.750000
81,11,2.972973,801,79.860419,649,83.311938,3,0.750000
307,12,3.243243,801,79.860419,651,83.568678,3,0.750000
287,13,3.513514,802,79.960120,653,83.825417,3,0.750000
294,14,3.783784,802,79.960120,653,83.825417,3,0.750000
341,15,4.054054,807,80.458624,657,84.338896,3,0.750000
286,16,4.324324,810,80.757727,657,84.338896,3,0.750000
331,17,4.594595,811,80.857428,657,84.338896,3,0.750000
86,18,4.864865,814,81.156530,659,84.595635,3,0.750000
357,19,5.135135,821,81.854437,661,84.852375,3,0.750000
214,20,5.405405,823,82.053838,665,85.365854,3,0.750000
309,21,5.675676,823,82.053838,665,85.365854,3,0.750000
194,22,5.945946,826,82.352941,667,85.622593,3,0.750000
63,23,6.216216,826,82.352941,667,85.622593,3,0.750000
240,24,6.486486,826,82.352941,667,85.622593,3,0.750000
156,25,6.756757,826,82.352941,667,85.622593,3,0.750000
167,26,7.027027,826,82.352941,667,85.622593,3,0.750000
257,27,7.297297,838,83.549352,681,87.419769,3,0.750000
314,28,7.567568,838,83.549352,681,87.419769,3,0.750000
259,29,7.837838,845,84.247258,689,88.446727,3,0.750000
132,30,8.108108,845,84.247258,689,88.446727,3,0.750000
92,31,8.378378,845,84.247258,689,88.446727,3,0.750000
322,32,8.648649,845,84.247258,691,88.703466,3,0.750000
231,33,8.918919,845,84.247258,691,88.703466,3,0.750000
