TestcaseNumber,TestcaseCount,TestcaseRatio,StatementCount,StatementRatio,BranchCount,BranchRatio,FaultCount,FaultRatio
367,1,0.270270,104,10.368893,70,8.985879,1,0.250000
102,2,0.540541,497,49.551346,414,53.145058,1,0.250000
351,3,0.810811,531,52.941176,448,57.509628,1,0.250000
156,4,1.081081,676,67.397807,555,71.245186,1,0.250000
172,5,1.351351,683,68.095713,559,71.758665,1,0.250000
29,6,1.621622,716,71.385842,594,76.251605,1,0.250000
56,7,1.891892,719,71.684945,594,76.251605,1,0.250000
261,8,2.162162,736,73.379860,598,76.765083,2,0.500000
155,9,2.432432,755,75.274177,615,78.947368,2,0.500000
212,10,2.702703,767,76.470588,633,81.258023,2,0.500000
68,11,2.972973,769,76.669990,633,81.258023,2,0.500000
283,12,3.243243,776,77.367896,633,81.258023,2,0.500000
256,13,3.513514,789,78.664008,647,83.055199,2,0.500000
325,14,3.783784,789,78.664008,649,83.311938,2,0.500000
244,15,4.054054,789,78.664008,649,83.311938,2,0.500000
220,16,4.324324,819,81.655035,661,84.852375,2,0.500000
361,17,4.594595,819,81.655035,663,85.109114,2,0.500000
268,18,4.864865,819,81.655035,665,85.365854,2,0.500000
277,19,5.135135,859,85.643071,697,89.473684,2,0.500000
119,20,5.405405,859,85.643071,697,89.473684,2,0.500000
348,21,5.675676,860,85.742772,697,89.473684,2,0.500000
127,22,5.945946,860,85.742772,697,89.473684,2,0.500000
