TestcaseNumber,TestcaseCount,TestcaseRatio,StatementCount,StatementRatio,BranchCount,BranchRatio,FaultCount,FaultRatio
72,1,0.270270,437,43.569292,393,50.449294,0,0.000000
299,2,0.540541,598,59.621137,508,65.211810,0,0.000000
197,3,0.810811,685,68.295115,570,73.170732,0,0.000000
252,4,1.081081,721,71.884347,594,76.251605,0,0.000000
149,5,1.351351,731,72.881356,603,77.406932,0,0.000000
288,6,1.621622,759,75.672981,623,79.974326,1,0.250000
327,7,1.891892,762,75.972084,625,80.231065,1,0.250000
360,8,2.162162,777,77.467597,641,82.284981,1,0.250000
156,9,2.432432,783,78.065803,645,82.798460,1,0.250000
196,10,2.702703,786,78.364905,645,82.798460,1,0.250000
80,11,2.972973,786,78.364905,645,82.798460,1,0.250000
139,12,3.243243,806,80.358923,663,85.109114,1,0.250000
29,13,3.513514,830,82.751745,677,86.906290,1,0.250000
200,14,3.783784,862,85.942173,707,90.757381,1,0.250000
187,15,4.054054,862,85.942173,707,90.757381,1,0.250000
35,16,4.324324,878,87.537388,711,91.270860,3,0.750000
177,17,4.594595,883,88.035892,715,91.784339,3,0.750000
240,18,4.864865,883,88.035892,715,91.784339,3,0.750000
358,19,5.135135,883,88.035892,715,91.784339,3,0.750000
115,20,5.405405,883,88.035892,715,91.784339,3,0.750000
38,21,5.675676,886,88.334995,715,91.784339,3,0.750000
88,22,5.945946,886,88.334995,715,91.784339,3,0.750000
259,23,6.216216,898,89.531406,727,93.324775,3,0.750000
306,24,6.486486,898,89.531406,729,93.581515,3,0.750000
170,25,6.756757,899,89.631107,731,93.838254,3,0.750000
263,26,7.027027,899,89.631107,731,93.838254,3,0.750000
318,27,7.297297,900,89.730808,731,93.838254,3,0.750000
286,28,7.567568,900,89.730808,731,93.838254,3,0.750000
345,29,7.837838,913,91.026919,735,94.351733,3,0.750000
2,30,8.108108,917,91.425723,735,94.351733,3,0.750000
73,31,8.378378,917,91.425723,735,94.351733,3,0.750000
54,32,8.648649,917,91.425723,735,94.351733,3,0.750000
322,33,8.918919,917,91.425723,739,94.865212,3,0.750000
173,34,9.189189,917,91.425723,739,94.865212,3,0.750000
225,35,9.459459,919,91.625125,739,94.865212,3,0.750000
75,36,9.729730,919,91.625125,739,94.865212,3,0.750000
