TestcaseNumber,TestcaseCount,TestcaseRatio,StatementCount,StatementRatio,BranchCount,BranchRatio,FaultCount,FaultRatio
245,1,0.270270,132,13.160518,127,16.302953,1,0.250000
75,2,0.540541,459,45.762712,399,51.219512,1,0.250000
130,3,0.810811,639,63.708873,548,70.346598,1,0.250000
8,4,1.081081,655,65.304088,552,70.860077,3,0.750000
303,5,1.351351,678,67.597208,574,73.684211,3,0.750000
253,6,1.621622,738,73.579262,610,78.305520,3,0.750000
188,7,1.891892,757,75.473579,623,79.974326,3,0.750000
95,8,2.162162,774,77.168495,627,80.487805,3,0.750000
115,9,2.432432,774,77.168495,627,80.487805,3,0.750000
348,10,2.702703,781,77.866401,635,81.514763,3,0.750000
369,11,2.972973,794,79.162512,637,81.771502,3,0.750000
91,12,3.243243,819,81.655035,657,84.338896,3,0.750000
324,13,3.513514,820,81.754736,659,84.595635,3,0.750000
311,14,3.783784,823,82.053838,661,84.852375,3,0.750000
219,15,4.054054,823,82.053838,661,84.852375,3,0.750000
185,16,4.324324,823,82.053838,661,84.852375,3,0.750000
105,17,4.594595,823,82.053838,661,84.852375,3,0.750000
39,18,4.864865,829,82.652044,661,84.852375,3,0.750000
323,19,5.135135,829,82.652044,663,85.109114,3,0.750000
59,20,5.405405,829,82.652044,663,85.109114,3,0.750000
118,21,5.675676,829,82.652044,663,85.109114,3,0.750000
23,22,5.945946,854,85.144566,669,85.879332,3,0.750000
98,23,6.216216,874,87.138584,683,87.676508,3,0.750000
195,24,6.486486,874,87.138584,683,87.676508,3,0.750000
