TestcaseNumber,TestcaseCount,TestcaseRatio,StatementCount,StatementRatio,BranchCount,BranchRatio,FaultCount,FaultRatio
200,1,0.270270,625,62.313061,541,69.448010,0,0.000000
280,2,0.540541,679,67.696909,590,75.738126,0,0.000000
296,3,0.810811,682,67.996012,592,75.994865,0,0.000000
362,4,1.081081,698,69.591226,607,77.920411,0,0.000000
292,5,1.351351,732,72.981057,631,81.001284,0,0.000000
134,6,1.621622,736,73.379860,635,81.514763,0,0.000000
11,7,1.891892,763,76.071785,641,82.284981,2,0.500000
111,8,2.162162,775,77.268195,647,83.055199,2,0.500000
340,9,2.432432,775,77.268195,647,83.055199,2,0.500000
354,10,2.702703,782,77.966102,649,83.311938,2,0.500000
117,11,2.972973,787,78.464606,651,83.568678,2,0.500000
369,12,3.243243,805,80.259222,655,84.082157,3,0.750000
31,13,3.513514,805,80.259222,655,84.082157,3,0.750000
96,14,3.783784,805,80.259222,655,84.082157,3,0.750000
112,15,4.054054,811,80.857428,655,84.082157,3,0.750000
320,16,4.324324,825,82.253240,671,86.136072,3,0.750000
197,17,4.594595,858,85.543370,693,88.960205,3,0.750000
139,18,4.864865,863,86.041874,699,89.730424,3,0.750000
358,19,5.135135,863,86.041874,699,89.730424,3,0.750000
12,20,5.405405,863,86.041874,699,89.730424,3,0.750000
72,21,5.675676,863,86.041874,699,89.730424,3,0.750000
108,22,5.945946,863,86.041874,699,89.730424,3,0.750000
175,23,6.216216,865,86.241276,699,89.730424,3,0.750000
23,24,6.486486,890,88.733799,705,90.500642,3,0.750000
122,25,6.756757,890,88.733799,705,90.500642,3,0.750000
301,26,7.027027,890,88.733799,705,90.500642,3,0.750000
293,27,7.297297,890,88.733799,705,90.500642,3,0.750000
54,28,7.567568,890,88.733799,705,90.500642,3,0.750000
202,29,7.837838,890,88.733799,705,90.500642,3,0.750000
68,30,8.108108,898,89.531406,707,90.757381,4,1.000000
