TestcaseNumber,TestcaseCount,TestcaseRatio,StatementCount,StatementRatio,BranchCount,BranchRatio,FaultCount,FaultRatio
352,1,0.270270,488,48.654038,407,52.246470,1,0.250000
101,2,0.540541,554,55.234297,467,59.948652,1,0.250000
75,3,0.810811,561,55.932203,471,60.462131,1,0.250000
309,4,1.081081,714,71.186441,587,75.353017,1,0.250000
111,5,1.351351,715,71.286142,589,75.609756,1,0.250000
355,6,1.621622,715,71.286142,589,75.609756,1,0.250000
99,7,1.891892,722,71.984048,591,75.866496,1,0.250000
215,8,2.162162,735,73.280160,611,78.433890,1,0.250000
131,9,2.432432,759,75.672981,639,82.028241,1,0.250000
365,10,2.702703,778,77.567298,643,82.541720,3,0.750000
289,11,2.972973,781,77.866401,643,82.541720,3,0.750000
133,12,3.243243,787,78.464606,649,83.311938,3,0.750000
166,13,3.513514,791,78.863410,655,84.082157,3,0.750000
15,14,3.783784,791,78.863410,655,84.082157,3,0.750000
120,15,4.054054,794,79.162512,657,84.338896,3,0.750000
334,16,4.324324,798,79.561316,657,84.338896,3,0.750000
65,17,4.594595,798,79.561316,657,84.338896,3,0.750000
350,18,4.864865,798,79.561316,657,84.338896,3,0.750000
348,19,5.135135,810,80.757727,659,84.595635,3,0.750000
363,20,5.405405,818,81.555334,663,85.109114,3,0.750000
217,21,5.675676,818,81.555334,663,85.109114,3,0.750000
366,22,5.945946,822,81.954138,665,85.365854,3,0.750000
102,23,6.216216,822,81.954138,665,85.365854,3,0.750000
230,24,6.486486,826,82.352941,669,85.879332,3,0.750000
108,25,6.756757,826,82.352941,669,85.879332,3,0.750000
82,26,7.027027,826,82.352941,669,85.879332,3,0.750000
118,27,7.297297,826,82.352941,669,85.879332,3,0.750000
162,28,7.567568,851,84.845464,689,88.446727,3,0.750000
146,29,7.837838,851,84.845464,689,88.446727,3,0.750000
