TestcaseNumber,TestcaseCount,TestcaseRatio,StatementCount,StatementRatio,BranchCount,BranchRatio,FaultCount,FaultRatio
299,1,0.270270,585,58.325025,490,62.901155,0,0.000000
197,2,0.540541,675,67.298106,564,72.400513,0,0.000000
110,3,0.810811,684,68.195414,576,73.940950,0,0.000000
345,4,1.081081,709,70.687936,588,75.481386,1,0.250000
347,5,1.351351,710,70.787637,590,75.738126,1,0.250000
330,6,1.621622,714,71.186441,590,75.738126,1,0.250000
30,7,1.891892,759,75.672981,629,80.744544,1,0.250000
173,8,2.162162,770,76.769691,635,81.514763,1,0.250000
162,9,2.432432,770,76.769691,635,81.514763,1,0.250000
145,10,2.702703,770,76.769691,635,81.514763,1,0.250000
222,11,2.972973,814,81.156530,665,85.365854,1,0.250000
314,12,3.243243,841,83.848455,693,88.960205,1,0.250000
318,13,3.513514,841,83.848455,693,88.960205,1,0.250000
271,14,3.783784,841,83.848455,693,88.960205,1,0.250000
247,15,4.054054,842,83.948156,695,89.216945,1,0.250000
154,16,4.324324,845,84.247258,697,89.473684,1,0.250000
89,17,4.594595,848,84.546361,697,89.473684,1,0.250000
363,18,4.864865,872,86.939182,705,90.500642,3,0.750000
17,19,5.135135,874,87.138584,705,90.500642,3,0.750000
262,20,5.405405,874,87.138584,705,90.500642,3,0.750000
133,21,5.675676,874,87.138584,705,90.500642,3,0.750000
58,22,5.945946,874,87.138584,705,90.500642,3,0.750000
19,23,6.216216,874,87.138584,705,90.500642,3,0.750000
364,24,6.486486,875,87.238285,705,90.500642,3,0.750000
80,25,6.756757,875,87.238285,705,90.500642,3,0.750000
181,26,7.027027,875,87.238285,709,91.014121,3,0.750000
189,27,7.297297,875,87.238285,709,91.014121,3,0.750000
183,28,7.567568,875,87.238285,709,91.014121,3,0.750000
223,29,7.837838,875,87.238285,709,91.014121,3,0.750000
328,30,8.108108,881,87.836491,713,91.527599,3,0.750000
123,31,8.378378,881,87.836491,713,91.527599,3,0.750000
180,32,8.648649,881,87.836491,713,91.527599,3,0.750000
44,33,8.918919,884,88.135593,713,91.527599,3,0.750000
18,34,9.189189,885,88.235294,715,91.784339,3,0.750000
245,35,9.459459,885,88.235294,715,91.784339,3,0.750000
