TestcaseNumber,TestcaseCount,TestcaseRatio,StatementCount,StatementRatio,BranchCount,BranchRatio,FaultCount,FaultRatio
9,1,0.270270,447,44.566301,363,46.598203,0,0.000000
120,2,0.540541,599,59.720837,497,63.799743,0,0.000000
17,3,0.810811,606,60.418744,499,64.056483,0,0.000000
109,4,1.081081,634,63.210369,519,66.623877,0,0.000000
154,5,1.351351,652,65.004985,550,70.603338,0,0.000000
214,6,1.621622,664,66.201396,566,72.657253,0,0.000000
91,7,1.891892,689,68.693918,586,75.224647,0,0.000000
182,8,2.162162,689,68.693918,588,75.481386,0,0.000000
21,9,2.432432,710,70.787637,594,76.251605,0,0.000000
72,10,2.702703,710,70.787637,594,76.251605,0,0.000000
25,11,2.972973,713,71.086740,594,76.251605,0,0.000000
228,12,3.243243,729,72.681954,610,78.305520,0,0.000000
257,13,3.513514,729,72.681954,610,78.305520,0,0.000000
75,14,3.783784,729,72.681954,610,78.305520,0,0.000000
166,15,4.054054,753,75.074776,638,81.899872,0,0.000000
248,16,4.324324,770,76.769691,642,82.413350,2,0.500000
275,17,4.594595,770,76.769691,642,82.413350,2,0.500000
348,18,4.864865,784,78.165503,646,82.926829,3,0.750000
352,19,5.135135,830,82.751745,672,86.264442,3,0.750000
274,20,5.405405,830,82.751745,672,86.264442,3,0.750000
133,21,5.675676,836,83.349950,678,87.034660,3,0.750000
65,22,5.945946,843,84.047856,680,87.291399,3,0.750000
119,23,6.216216,843,84.047856,680,87.291399,3,0.750000
364,24,6.486486,848,84.546361,682,87.548139,3,0.750000
143,25,6.756757,851,84.845464,684,87.804878,3,0.750000
221,26,7.027027,857,85.443669,684,87.804878,3,0.750000
76,27,7.297297,857,85.443669,684,87.804878,3,0.750000
5,28,7.567568,857,85.443669,684,87.804878,3,0.750000
35,29,7.837838,857,85.443669,684,87.804878,3,0.750000
110,30,8.108108,857,85.443669,684,87.804878,3,0.750000
170,31,8.378378,858,85.543370,684,87.804878,3,0.750000
192,32,8.648649,861,85.842473,686,88.061617,3,0.750000
116,33,8.918919,861,85.842473,686,88.061617,3,0.750000
86,34,9.189189,861,85.842473,686,88.061617,3,0.750000
294,35,9.459459,872,86.939182,695,89.216945,3,0.750000
272,36,9.729730,873,87.038883,695,89.216945,3,0.750000
197,37,10.000000,880,87.736790,697,89.473684,3,0.750000
135,38,10.270270,880,87.736790,697,89.473684,3,0.750000
