TestcaseNumber,TestcaseCount,TestcaseRatio,StatementCount,StatementRatio,BranchCount,BranchRatio,FaultCount,FaultRatio
303,1,0.270270,598,59.621137,510,65.468549,0,0.000000
213,2,0.540541,626,62.412762,534,68.549422,0,0.000000
186,3,0.810811,709,70.687936,589,75.609756,0,0.000000
54,4,1.081081,730,72.781655,601,77.150193,0,0.000000
258,5,1.351351,752,74.975075,629,80.744544,1,0.250000
1,6,1.621622,782,77.966102,635,81.514763,3,0.750000
242,7,1.891892,789,78.664008,637,81.771502,3,0.750000
323,8,2.162162,789,78.664008,639,82.028241,3,0.750000
166,9,2.432432,813,81.056830,667,85.622593,3,0.750000
362,10,2.702703,829,82.652044,685,87.933248,3,0.750000
78,11,2.972973,829,82.652044,685,87.933248,3,0.750000
132,12,3.243243,852,84.945165,699,89.730424,3,0.750000
90,13,3.513514,856,85.343968,699,89.730424,3,0.750000
153,14,3.783784,859,85.643071,699,89.730424,3,0.750000
69,15,4.054054,859,85.643071,699,89.730424,3,0.750000
359,16,4.324324,859,85.643071,699,89.730424,3,0.750000
34,17,4.594595,864,86.141575,701,89.987163,4,1.000000
112,18,4.864865,864,86.141575,701,89.987163,4,1.000000
125,19,5.135135,865,86.241276,701,89.987163,4,1.000000
114,20,5.405405,865,86.241276,701,89.987163,4,1.000000
268,21,5.675676,865,86.241276,703,90.243902,4,1.000000
131,22,5.945946,865,86.241276,703,90.243902,4,1.000000
127,23,6.216216,865,86.241276,703,90.243902,4,1.000000
270,24,6.486486,865,86.241276,703,90.243902,4,1.000000
29,25,6.756757,889,88.634098,717,92.041078,4,1.000000
37,26,7.027027,889,88.634098,717,92.041078,4,1.000000
334,27,7.297297,889,88.634098,717,92.041078,4,1.000000
10,28,7.567568,889,88.634098,717,92.041078,4,1.000000
292,29,7.837838,892,88.933200,719,92.297818,4,1.000000
141,30,8.108108,896,89.332004,721,92.554557,4,1.000000
175,31,8.378378,898,89.531406,721,92.554557,4,1.000000
115,32,8.648649,898,89.531406,721,92.554557,4,1.000000
180,33,8.918919,898,89.531406,721,92.554557,4,1.000000
332,34,9.189189,898,89.531406,721,92.554557,4,1.000000
197,35,9.459459,899,89.631107,721,92.554557,4,1.000000
252,36,9.729730,899,89.631107,721,92.554557,4,1.000000
