TestcaseNumber,TestcaseCount,TestcaseRatio,StatementCount,StatementRatio,BranchCount,BranchRatio,FaultCount,FaultRatio
118,1,0.270270,614,61.216351,534,68.549422,0,0.000000
307,2,0.540541,628,62.612164,545,69.961489,0,0.000000
129,3,0.810811,665,66.301097,581,74.582798,0,0.000000
62,4,1.081081,709,70.687936,607,77.920411,0,0.000000
211,5,1.351351,736,73.379860,619,79.460847,0,0.000000
215,6,1.621622,751,74.875374,637,81.771502,0,0.000000
306,7,1.891892,751,74.875374,637,81.771502,0,0.000000
259,8,2.162162,808,80.558325,685,87.933248,1,0.250000
271,9,2.432432,814,81.156530,685,87.933248,1,0.250000
14,10,2.702703,816,81.355932,687,88.189987,1,0.250000
213,11,2.972973,816,81.355932,687,88.189987,1,0.250000
165,12,3.243243,816,81.355932,687,88.189987,1,0.250000
23,13,3.513514,841,83.848455,693,88.960205,1,0.250000
208,14,3.783784,844,84.147557,693,88.960205,1,0.250000
67,15,4.054054,848,84.546361,695,89.216945,1,0.250000
275,16,4.324324,854,85.144566,699,89.730424,1,0.250000
83,17,4.594595,854,85.144566,699,89.730424,1,0.250000
178,18,4.864865,857,85.443669,701,89.987163,1,0.250000
167,19,5.135135,857,85.443669,701,89.987163,1,0.250000
240,20,5.405405,857,85.443669,701,89.987163,1,0.250000
356,21,5.675676,857,85.443669,701,89.987163,1,0.250000
46,22,5.945946,858,85.543370,701,89.987163,1,0.250000
251,23,6.216216,884,88.135593,705,90.500642,2,0.500000
359,24,6.486486,884,88.135593,705,90.500642,2,0.500000
3,25,6.756757,888,88.534397,705,90.500642,2,0.500000
296,26,7.027027,888,88.534397,707,90.757381,2,0.500000
191,27,7.297297,888,88.534397,707,90.757381,2,0.500000
334,28,7.567568,889,88.634098,707,90.757381,2,0.500000
331,29,7.837838,889,88.634098,707,90.757381,2,0.500000
15,30,8.108108,892,88.933200,709,91.014121,3,0.750000
94,31,8.378378,895,89.232303,711,91.270860,3,0.750000
48,32,8.648649,895,89.232303,711,91.270860,3,0.750000
154,33,8.918919,895,89.232303,711,91.270860,3,0.750000
162,34,9.189189,895,89.232303,711,91.270860,3,0.750000
44,35,9.459459,895,89.232303,711,91.270860,3,0.750000
226,36,9.729730,896,89.332004,711,91.270860,3,0.750000
288,37,10.000000,902,89.930209,711,91.270860,3,0.750000
283,38,10.270270,902,89.930209,711,91.270860,3,0.750000
35,39,10.540541,902,89.930209,711,91.270860,3,0.750000
