TestcaseNumber,TestcaseCount,TestcaseRatio,StatementCount,StatementRatio,BranchCount,BranchRatio,FaultCount,FaultRatio
270,1,0.270270,476,47.457627,384,49.293967,0,0.000000
341,2,0.540541,636,63.409771,511,65.596919,0,0.000000
91,3,0.810811,694,69.192423,584,74.967908,0,0.000000
330,4,1.081081,695,69.292124,584,74.967908,0,0.000000
102,5,1.351351,702,69.990030,586,75.224647,0,0.000000
10,6,1.621622,729,72.681954,592,75.994865,2,0.500000
60,7,1.891892,749,74.675972,606,77.792041,2,0.500000
129,8,2.162162,783,78.065803,636,81.643132,2,0.500000
273,9,2.432432,792,78.963111,638,81.899872,2,0.500000
143,10,2.702703,812,80.957129,652,83.697047,3,0.750000
126,11,2.972973,822,81.954138,661,84.852375,3,0.750000
288,12,3.243243,832,82.951147,667,85.622593,3,0.750000
94,13,3.513514,835,83.250249,669,85.879332,3,0.750000
163,14,3.783784,835,83.250249,669,85.879332,3,0.750000
188,15,4.054054,835,83.250249,671,86.136072,3,0.750000
51,16,4.324324,853,85.044865,689,88.446727,3,0.750000
365,17,4.594595,861,85.842473,691,88.703466,4,1.000000
343,18,4.864865,865,86.241276,695,89.216945,4,1.000000
86,19,5.135135,865,86.241276,695,89.216945,4,1.000000
299,20,5.405405,865,86.241276,695,89.216945,4,1.000000
123,21,5.675676,865,86.241276,695,89.216945,4,1.000000
11,22,5.945946,865,86.241276,695,89.216945,4,1.000000
203,23,6.216216,873,87.038883,701,89.987163,4,1.000000
83,24,6.486486,874,87.138584,701,89.987163,4,1.000000
328,25,6.756757,874,87.138584,701,89.987163,4,1.000000
168,26,7.027027,880,87.736790,709,91.014121,4,1.000000
304,27,7.297297,880,87.736790,709,91.014121,4,1.000000
177,28,7.567568,880,87.736790,709,91.014121,4,1.000000
105,29,7.837838,880,87.736790,709,91.014121,4,1.000000
151,30,8.108108,880,87.736790,709,91.014121,4,1.000000
115,31,8.378378,880,87.736790,709,91.014121,4,1.000000
249,32,8.648649,880,87.736790,709,91.014121,4,1.000000
150,33,8.918919,880,87.736790,709,91.014121,4,1.000000
