TestcaseNumber,TestcaseCount,TestcaseRatio,StatementCount,StatementRatio,BranchCount,BranchRatio,FaultCount,FaultRatio
58,1,0.270270,451,44.965105,404,51.861361,0,0.000000
63,2,0.540541,520,51.844467,461,59.178434,0,0.000000
188,3,0.810811,710,70.787637,603,77.406932,0,0.000000
211,4,1.081081,738,73.579262,617,79.204108,0,0.000000
100,5,1.351351,742,73.978066,619,79.460847,0,0.000000
20,6,1.621622,771,76.869392,623,79.974326,2,0.500000
199,7,1.891892,799,79.661017,655,84.082157,2,0.500000
280,8,2.162162,801,79.860419,657,84.338896,2,0.500000
315,9,2.432432,801,79.860419,657,84.338896,2,0.500000
117,10,2.702703,801,79.860419,657,84.338896,2,0.500000
317,11,2.972973,801,79.860419,657,84.338896,2,0.500000
10,12,3.243243,804,80.159521,659,84.595635,3,0.750000
296,13,3.513514,804,80.159521,661,84.852375,3,0.750000
122,14,3.783784,807,80.458624,663,85.109114,3,0.750000
73,15,4.054054,807,80.458624,663,85.109114,3,0.750000
299,16,4.324324,807,80.458624,663,85.109114,3,0.750000
351,17,4.594595,816,81.355932,669,85.879332,3,0.750000
53,18,4.864865,816,81.355932,669,85.879332,3,0.750000
307,19,5.135135,816,81.355932,671,86.136072,3,0.750000
345,20,5.405405,830,82.751745,681,87.419769,4,1.000000
161,21,5.675676,835,83.250249,681,87.419769,4,1.000000
335,22,5.945946,835,83.250249,681,87.419769,4,1.000000
3,23,6.216216,839,83.649053,681,87.419769,4,1.000000
189,24,6.486486,846,84.346959,683,87.676508,4,1.000000
321,25,6.756757,851,84.845464,687,88.189987,4,1.000000
146,26,7.027027,851,84.845464,687,88.189987,4,1.000000
139,27,7.297297,856,85.343968,693,88.960205,4,1.000000
264,28,7.567568,856,85.343968,693,88.960205,4,1.000000
