TestcaseNumber,TestcaseCount,TestcaseRatio,StatementCount,StatementRatio,BranchCount,BranchRatio,FaultCount,FaultRatio
92,1,0.270270,458,45.663011,404,51.861361,0,0.000000
368,2,0.540541,477,47.557328,408,52.374840,2,0.500000
125,3,0.810811,679,67.696909,589,75.609756,2,0.500000
261,4,1.081081,697,69.491525,593,76.123235,3,0.750000
349,5,1.351351,697,69.491525,593,76.123235,3,0.750000
175,6,1.621622,714,71.186441,599,76.893453,3,0.750000
35,7,1.891892,714,71.186441,599,76.893453,3,0.750000
119,8,2.162162,747,74.476570,625,80.231065,3,0.750000
85,9,2.432432,753,75.074776,627,80.487805,3,0.750000
1,10,2.702703,762,75.972084,629,80.744544,4,1.000000
152,11,2.972973,762,75.972084,629,80.744544,4,1.000000
266,12,3.243243,770,76.769691,635,81.514763,4,1.000000
165,13,3.513514,771,76.869392,635,81.514763,4,1.000000
23,14,3.783784,797,79.461615,641,82.284981,4,1.000000
75,15,4.054054,797,79.461615,641,82.284981,4,1.000000
32,16,4.324324,797,79.461615,641,82.284981,4,1.000000
46,17,4.594595,798,79.561316,641,82.284981,4,1.000000
50,18,4.864865,798,79.561316,641,82.284981,4,1.000000
36,19,5.135135,799,79.661017,641,82.284981,4,1.000000
169,20,5.405405,849,84.646062,675,86.649551,4,1.000000
55,21,5.675676,849,84.646062,675,86.649551,4,1.000000
9,22,5.945946,849,84.646062,675,86.649551,4,1.000000
26,23,6.216216,874,87.138584,699,89.730424,4,1.000000
171,24,6.486486,874,87.138584,699,89.730424,4,1.000000
183,25,6.756757,874,87.138584,703,90.243902,4,1.000000
341,26,7.027027,875,87.238285,703,90.243902,4,1.000000
56,27,7.297297,875,87.238285,703,90.243902,4,1.000000
288,28,7.567568,896,89.332004,717,92.041078,4,1.000000
283,29,7.837838,903,90.029910,717,92.041078,4,1.000000
143,30,8.108108,903,90.029910,717,92.041078,4,1.000000
278,31,8.378378,903,90.029910,717,92.041078,4,1.000000
76,32,8.648649,903,90.029910,717,92.041078,4,1.000000
234,33,8.918919,904,90.129611,717,92.041078,4,1.000000
64,34,9.189189,904,90.129611,717,92.041078,4,1.000000
239,35,9.459459,904,90.129611,717,92.041078,4,1.000000
52,36,9.729730,904,90.129611,717,92.041078,4,1.000000
