TestcaseNumber,TestcaseCount,TestcaseRatio,StatementCount,StatementRatio,BranchCount,BranchRatio,FaultCount,FaultRatio
300,1,0.270270,580,57.826520,494,63.414634,0,0.000000
165,2,0.540541,621,61.914257,540,69.319641,0,0.000000
259,3,0.810811,688,68.594217,600,77.021823,1,0.250000
25,4,1.081081,709,70.687936,606,77.792041,1,0.250000
88,5,1.351351,715,71.286142,608,78.048780,1,0.250000
198,6,1.621622,726,72.382851,614,78.818999,1,0.250000
288,7,1.891892,792,78.963111,650,83.440308,1,0.250000
122,8,2.162162,795,79.262213,652,83.697047,1,0.250000
159,9,2.432432,798,79.561316,654,83.953787,1,0.250000
43,10,2.702703,798,79.561316,654,83.953787,1,0.250000
65,11,2.972973,798,79.561316,654,83.953787,1,0.250000
155,12,3.243243,811,80.857428,665,85.365854,1,0.250000
206,13,3.513514,834,83.150548,685,87.933248,1,0.250000
260,14,3.783784,846,84.346959,687,88.189987,1,0.250000
352,15,4.054054,848,84.546361,687,88.189987,1,0.250000
214,16,4.324324,850,84.745763,691,88.703466,1,0.250000
1,17,4.594595,870,86.739781,695,89.216945,3,0.750000
59,18,4.864865,870,86.739781,695,89.216945,3,0.750000
73,19,5.135135,870,86.739781,695,89.216945,3,0.750000
67,20,5.405405,870,86.739781,695,89.216945,3,0.750000
20,21,5.675676,872,86.939182,695,89.216945,4,1.000000
357,22,5.945946,872,86.939182,695,89.216945,4,1.000000
11,23,6.216216,872,86.939182,695,89.216945,4,1.000000
166,24,6.486486,872,86.939182,695,89.216945,4,1.000000
280,25,6.756757,872,86.939182,697,89.473684,4,1.000000
149,26,7.027027,872,86.939182,697,89.473684,4,1.000000
93,27,7.297297,886,88.334995,699,89.730424,4,1.000000
118,28,7.567568,886,88.334995,699,89.730424,4,1.000000
304,29,7.837838,886,88.334995,699,89.730424,4,1.000000
42,30,8.108108,886,88.334995,699,89.730424,4,1.000000
321,31,8.378378,889,88.634098,701,89.987163,4,1.000000
290,32,8.648649,889,88.634098,701,89.987163,4,1.000000
208,33,8.918919,889,88.634098,701,89.987163,4,1.000000
264,34,9.189189,889,88.634098,701,89.987163,4,1.000000
144,35,9.459459,889,88.634098,701,89.987163,4,1.000000
295,36,9.729730,889,88.634098,701,89.987163,4,1.000000
