TestcaseNumber,TestcaseCount,TestcaseRatio,StatementCount,StatementRatio,BranchCount,BranchRatio,FaultCount,FaultRatio
91,1,0.270270,477,47.557328,429,55.070603,0,0.000000
20,2,0.540541,506,50.448654,433,55.584082,2,0.500000
345,3,0.810811,521,51.944167,443,56.867779,3,0.750000
277,4,1.081081,551,54.935194,467,59.948652,3,0.750000
287,5,1.351351,552,55.034895,469,60.205392,3,0.750000
254,6,1.621622,593,59.122632,499,64.056483,3,0.750000
354,7,1.891892,638,63.609172,531,68.164313,3,0.750000
298,8,2.162162,785,78.265204,636,81.643132,3,0.750000
190,9,2.432432,793,79.062812,640,82.156611,3,0.750000
102,10,2.702703,793,79.062812,640,82.156611,3,0.750000
212,11,2.972973,804,80.159521,650,83.440308,3,0.750000
58,12,3.243243,828,82.552343,678,87.034660,3,0.750000
84,13,3.513514,834,83.150548,682,87.548139,3,0.750000
160,14,3.783784,834,83.150548,682,87.548139,3,0.750000
295,15,4.054054,844,84.147557,691,88.703466,3,0.750000
248,16,4.324324,848,84.546361,693,88.960205,3,0.750000
339,17,4.594595,848,84.546361,693,88.960205,3,0.750000
251,18,4.864865,848,84.546361,693,88.960205,3,0.750000
141,19,5.135135,848,84.546361,693,88.960205,3,0.750000
72,20,5.405405,851,84.845464,693,88.960205,3,0.750000
235,21,5.675676,851,84.845464,693,88.960205,3,0.750000
348,22,5.945946,851,84.845464,693,88.960205,3,0.750000
2,23,6.216216,855,85.244267,693,88.960205,3,0.750000
132,24,6.486486,855,85.244267,693,88.960205,3,0.750000
218,25,6.756757,855,85.244267,693,88.960205,3,0.750000
114,26,7.027027,861,85.842473,693,88.960205,3,0.750000
177,27,7.297297,861,85.842473,693,88.960205,3,0.750000
189,28,7.567568,861,85.842473,693,88.960205,3,0.750000
332,29,7.837838,861,85.842473,693,88.960205,3,0.750000
130,30,8.108108,861,85.842473,693,88.960205,3,0.750000
149,31,8.378378,861,85.842473,693,88.960205,3,0.750000
290,32,8.648649,863,86.041874,693,88.960205,3,0.750000
125,33,8.918919,863,86.041874,693,88.960205,3,0.750000
195,34,9.189189,863,86.041874,693,88.960205,3,0.750000
315,35,9.459459,863,86.041874,693,88.960205,3,0.750000
34,36,9.729730,863,86.041874,693,88.960205,3,0.750000
35,37,10.000000,863,86.041874,693,88.960205,3,0.750000
238,38,10.270270,863,86.041874,693,88.960205,3,0.750000
