TestcaseNumber,TestcaseCount,TestcaseRatio,StatementCount,StatementRatio,BranchCount,BranchRatio,FaultCount,FaultRatio
117,1,0.270270,613,61.116650,528,67.779204,0,0.000000
284,2,0.540541,631,62.911266,532,68.292683,1,0.250000
150,3,0.810811,682,67.996012,563,72.272144,1,0.250000
154,4,1.081081,682,67.996012,563,72.272144,1,0.250000
55,5,1.351351,710,70.787637,595,76.379974,1,0.250000
184,6,1.621622,716,71.385842,597,76.636714,1,0.250000
290,7,1.891892,732,72.981057,609,78.177150,1,0.250000
83,8,2.162162,746,74.376869,611,78.433890,1,0.250000
165,9,2.432432,773,77.068794,639,82.028241,1,0.250000
183,10,2.702703,773,77.068794,643,82.541720,1,0.250000
148,11,2.972973,773,77.068794,643,82.541720,1,0.250000
66,12,3.243243,780,77.766700,645,82.798460,1,0.250000
108,13,3.513514,781,77.866401,647,83.055199,1,0.250000
324,14,3.783784,781,77.866401,649,83.311938,1,0.250000
320,15,4.054054,786,78.364905,653,83.825417,1,0.250000
166,16,4.324324,786,78.364905,653,83.825417,1,0.250000
181,17,4.594595,786,78.364905,653,83.825417,1,0.250000
240,18,4.864865,806,80.358923,667,85.622593,1,0.250000
353,19,5.135135,806,80.358923,667,85.622593,1,0.250000
218,20,5.405405,806,80.358923,667,85.622593,1,0.250000
310,21,5.675676,812,80.957129,671,86.136072,1,0.250000
282,22,5.945946,812,80.957129,671,86.136072,1,0.250000
225,23,6.216216,825,82.253240,685,87.933248,1,0.250000
92,24,6.486486,825,82.253240,685,87.933248,1,0.250000
