TestcaseNumber,TestcaseCount,TestcaseRatio,StatementCount,StatementRatio,BranchCount,BranchRatio,FaultCount,FaultRatio
343,1,0.270270,489,48.753739,392,50.320924,1,0.250000
232,2,0.540541,550,54.835494,479,61.489089,1,0.250000
194,3,0.810811,705,70.289133,594,76.251605,1,0.250000
159,4,1.081081,705,70.289133,594,76.251605,1,0.250000
213,5,1.351351,733,73.080758,610,78.305520,1,0.250000
177,6,1.621622,736,73.379860,612,78.562259,1,0.250000
72,7,1.891892,736,73.379860,612,78.562259,1,0.250000
313,8,2.162162,737,73.479561,612,78.562259,1,0.250000
75,9,2.432432,741,73.878365,616,79.075738,1,0.250000
79,10,2.702703,742,73.978066,616,79.075738,1,0.250000
185,11,2.972973,752,74.975075,625,80.231065,1,0.250000
347,12,3.243243,765,76.271186,629,80.744544,1,0.250000
224,13,3.513514,776,77.367896,635,81.514763,1,0.250000
57,14,3.783784,800,79.760718,663,85.109114,1,0.250000
4,15,4.054054,817,81.455633,667,85.622593,3,0.750000
291,16,4.324324,822,81.954138,669,85.879332,3,0.750000
290,17,4.594595,823,82.053838,669,85.879332,3,0.750000
278,18,4.864865,823,82.053838,669,85.879332,3,0.750000
108,19,5.135135,824,82.153539,671,86.136072,3,0.750000
366,20,5.405405,833,83.050847,675,86.649551,4,1.000000
164,21,5.675676,833,83.050847,675,86.649551,4,1.000000
241,22,5.945946,853,85.044865,689,88.446727,4,1.000000
62,23,6.216216,853,85.044865,689,88.446727,4,1.000000
282,24,6.486486,863,86.041874,691,88.703466,4,1.000000
77,25,6.756757,863,86.041874,691,88.703466,4,1.000000
