TestcaseNumber,TestcaseCount,TestcaseRatio,StatementCount,StatementRatio,BranchCount,BranchRatio,FaultCount,FaultRatio
177,1,0.270270,571,56.929212,487,62.516046,0,0.000000
149,2,0.540541,671,66.899302,567,72.785623,0,0.000000
47,3,0.810811,687,68.494516,573,73.555841,1,0.250000
331,4,1.081081,731,72.881356,597,76.636714,1,0.250000
40,5,1.351351,735,73.280160,603,77.406932,1,0.250000
151,6,1.621622,735,73.280160,603,77.406932,1,0.250000
192,7,1.891892,741,73.878365,607,77.920411,1,0.250000
284,8,2.162162,753,75.074776,609,78.177150,1,0.250000
343,9,2.432432,769,76.669990,625,80.231065,1,0.250000
240,10,2.702703,789,78.664008,639,82.028241,1,0.250000
41,11,2.972973,789,78.664008,639,82.028241,1,0.250000
103,12,3.243243,796,79.361914,641,82.284981,1,0.250000
13,13,3.513514,798,79.561316,643,82.541720,1,0.250000
231,14,3.783784,803,80.059821,645,82.798460,1,0.250000
226,15,4.054054,809,80.658026,651,83.568678,1,0.250000
165,16,4.324324,833,83.050847,679,87.163030,1,0.250000
237,17,4.594595,833,83.050847,679,87.163030,1,0.250000
57,18,4.864865,833,83.050847,679,87.163030,1,0.250000
96,19,5.135135,836,83.349950,679,87.163030,1,0.250000
264,20,5.405405,837,83.449651,679,87.163030,1,0.250000
77,21,5.675676,837,83.449651,679,87.163030,1,0.250000
31,22,5.945946,853,85.044865,683,87.676508,3,0.750000
