TestcaseNumber,TestcaseCount,TestcaseRatio,StatementCount,StatementRatio,BranchCount,BranchRatio,FaultCount,FaultRatio
98,1,0.270270,494,49.252243,431,55.327343,0,0.000000
281,2,0.540541,507,50.548355,437,56.097561,0,0.000000
90,3,0.810811,538,53.639083,469,60.205392,0,0.000000
14,4,1.081081,540,53.838485,471,60.462131,0,0.000000
116,5,1.351351,712,70.987039,602,77.278562,0,0.000000
163,6,1.621622,723,72.083749,604,77.535302,0,0.000000
204,7,1.891892,727,72.482552,612,78.562259,0,0.000000
308,8,2.162162,741,73.878365,621,79.717587,0,0.000000
337,9,2.432432,743,74.077767,621,79.717587,0,0.000000
201,10,2.702703,775,77.268195,655,84.082157,0,0.000000
355,11,2.972973,775,77.268195,655,84.082157,0,0.000000
286,12,3.243243,775,77.268195,655,84.082157,0,0.000000
317,13,3.513514,775,77.268195,655,84.082157,0,0.000000
124,14,3.783784,775,77.268195,655,84.082157,0,0.000000
187,15,4.054054,781,77.866401,655,84.082157,0,0.000000
329,16,4.324324,787,78.464606,659,84.595635,0,0.000000
134,17,4.594595,787,78.464606,659,84.595635,0,0.000000
345,18,4.864865,812,80.957129,671,86.136072,1,0.250000
2,19,5.135135,816,81.355932,671,86.136072,1,0.250000
173,20,5.405405,816,81.355932,671,86.136072,1,0.250000
37,21,5.675676,835,83.250249,675,86.649551,2,0.500000
88,22,5.945946,835,83.250249,675,86.649551,2,0.500000
112,23,6.216216,835,83.250249,675,86.649551,2,0.500000
214,24,6.486486,837,83.449651,677,86.906290,2,0.500000
229,25,6.756757,846,84.346959,683,87.676508,2,0.500000
129,26,7.027027,846,84.346959,683,87.676508,2,0.500000
35,27,7.297297,846,84.346959,683,87.676508,3,0.750000
51,28,7.567568,861,85.842473,699,89.730424,3,0.750000
