TestcaseNumber,TestcaseCount,TestcaseRatio,StatementCount,StatementRatio,BranchCount,BranchRatio,FaultCount,FaultRatio
292,1,0.270270,588,58.624128,483,62.002567,0,0.000000
135,2,0.540541,663,66.101695,560,71.887035,0,0.000000
291,3,0.810811,682,67.996012,572,73.427471,0,0.000000
187,4,1.081081,699,69.690927,581,74.582798,0,0.000000
248,5,1.351351,716,71.385842,585,75.096277,2,0.500000
249,6,1.621622,716,71.385842,585,75.096277,2,0.500000
239,7,1.891892,740,73.778664,613,78.690629,2,0.500000
105,8,2.162162,758,75.573280,629,80.744544,3,0.750000
177,9,2.432432,763,76.071785,631,81.001284,3,0.750000
359,10,2.702703,763,76.071785,631,81.001284,3,0.750000
170,11,2.972973,773,77.068794,645,82.798460,3,0.750000
224,12,3.243243,783,78.065803,653,83.825417,3,0.750000
183,13,3.513514,783,78.065803,657,84.338896,3,0.750000
358,14,3.783784,783,78.065803,657,84.338896,3,0.750000
143,15,4.054054,783,78.065803,657,84.338896,3,0.750000
303,16,4.324324,789,78.664008,657,84.338896,3,0.750000
306,17,4.594595,789,78.664008,659,84.595635,3,0.750000
329,18,4.864865,792,78.963111,661,84.852375,3,0.750000
117,19,5.135135,792,78.963111,663,85.109114,3,0.750000
169,20,5.405405,792,78.963111,663,85.109114,3,0.750000
230,21,5.675676,795,79.262213,663,85.109114,3,0.750000
350,22,5.945946,795,79.262213,663,85.109114,3,0.750000
217,23,6.216216,809,80.658026,665,85.365854,3,0.750000
59,24,6.486486,809,80.658026,665,85.365854,3,0.750000
71,25,6.756757,809,80.658026,665,85.365854,3,0.750000
129,26,7.027027,809,80.658026,665,85.365854,3,0.750000
254,27,7.297297,810,80.757727,665,85.365854,3,0.750000
312,28,7.567568,835,83.250249,685,87.933248,3,0.750000
116,29,7.837838,835,83.250249,685,87.933248,3,0.750000
201,30,8.108108,838,83.549352,691,88.703466,3,0.750000
46,31,8.378378,839,83.649053,691,88.703466,3,0.750000
67,32,8.648649,846,84.346959,693,88.960205,3,0.750000
234,33,8.918919,846,84.346959,693,88.960205,3,0.750000
269,34,9.189189,846,84.346959,693,88.960205,3,0.750000
342,35,9.459459,858,85.543370,695,89.216945,3,0.750000
