TestcaseNumber,TestcaseCount,TestcaseRatio,StatementCount,StatementRatio,BranchCount,BranchRatio,FaultCount,FaultRatio
335,1,0.270270,583,58.125623,478,61.360719,0,0.000000
73,2,0.540541,592,59.022931,490,62.901155,0,0.000000
275,3,0.810811,635,63.310070,528,67.779204,0,0.000000
213,4,1.081081,700,69.790628,590,75.738126,0,0.000000
314,5,1.351351,731,72.881356,624,80.102696,0,0.000000
233,6,1.621622,757,75.473579,644,82.670090,0,0.000000
185,7,1.891892,776,77.367896,655,84.082157,0,0.000000
358,8,2.162162,776,77.367896,655,84.082157,0,0.000000
69,9,2.432432,784,78.165503,657,84.338896,1,0.250000
57,10,2.702703,784,78.165503,657,84.338896,1,0.250000
137,11,2.972973,800,79.760718,671,86.136072,1,0.250000
369,12,3.243243,829,82.652044,677,86.906290,3,0.750000
108,13,3.513514,830,82.751745,679,87.163030,3,0.750000
312,14,3.783784,830,82.751745,679,87.163030,3,0.750000
156,15,4.054054,833,83.050847,681,87.419769,3,0.750000
59,16,4.324324,837,83.449651,685,87.933248,3,0.750000
46,17,4.594595,841,83.848455,685,87.933248,3,0.750000
116,18,4.864865,841,83.848455,687,88.189987,3,0.750000
217,19,5.135135,841,83.848455,687,88.189987,3,0.750000
279,20,5.405405,853,85.044865,689,88.446727,3,0.750000
13,21,5.675676,855,85.244267,691,88.703466,3,0.750000
44,22,5.945946,855,85.244267,691,88.703466,3,0.750000
127,23,6.216216,855,85.244267,691,88.703466,3,0.750000
183,24,6.486486,855,85.244267,693,88.960205,3,0.750000
323,25,6.756757,855,85.244267,693,88.960205,3,0.750000
298,26,7.027027,855,85.244267,693,88.960205,3,0.750000
238,27,7.297297,855,85.244267,693,88.960205,3,0.750000
248,28,7.567568,856,85.343968,693,88.960205,3,0.750000
209,29,7.837838,861,85.842473,693,88.960205,3,0.750000
18,30,8.108108,862,85.942173,695,89.216945,3,0.750000
232,31,8.378378,862,85.942173,695,89.216945,3,0.750000
