TestcaseNumber,TestcaseCount,TestcaseRatio,StatementCount,StatementRatio,BranchCount,BranchRatio,FaultCount,FaultRatio
154,1,0.270270,617,61.515454,534,68.549422,0,0.000000
296,2,0.540541,642,64.007976,564,72.400513,0,0.000000
353,3,0.810811,686,68.394816,590,75.738126,0,0.000000
12,4,1.081081,712,70.987039,594,76.251605,1,0.250000
287,5,1.351351,739,73.678963,610,78.305520,1,0.250000
304,6,1.621622,747,74.476570,610,78.305520,1,0.250000
100,7,1.891892,760,75.772682,612,78.562259,1,0.250000
285,8,2.162162,780,77.766700,632,81.129653,2,0.500000
320,9,2.432432,794,79.162512,647,83.055199,2,0.500000
288,10,2.702703,817,81.455633,661,84.852375,2,0.500000
340,11,2.972973,817,81.455633,661,84.852375,2,0.500000
317,12,3.243243,817,81.455633,661,84.852375,2,0.500000
16,13,3.513514,817,81.455633,661,84.852375,2,0.500000
269,14,3.783784,817,81.455633,661,84.852375,2,0.500000
44,15,4.054054,818,81.555334,661,84.852375,2,0.500000
328,16,4.324324,824,82.153539,665,85.365854,2,0.500000
122,17,4.594595,824,82.153539,665,85.365854,2,0.500000
70,18,4.864865,824,82.153539,665,85.365854,2,0.500000
159,19,5.135135,824,82.153539,665,85.365854,2,0.500000
343,20,5.405405,827,82.452642,669,85.879332,2,0.500000
239,21,5.675676,827,82.452642,669,85.879332,2,0.500000
51,22,5.945946,842,83.948156,685,87.933248,2,0.500000
88,23,6.216216,866,86.340977,705,90.500642,2,0.500000
22,24,6.486486,892,88.933200,711,91.270860,2,0.500000
162,25,6.756757,893,89.032901,711,91.270860,2,0.500000
167,26,7.027027,893,89.032901,711,91.270860,2,0.500000
85,27,7.297297,893,89.032901,711,91.270860,2,0.500000
129,28,7.567568,893,89.032901,711,91.270860,2,0.500000
293,29,7.837838,893,89.032901,711,91.270860,2,0.500000
225,30,8.108108,895,89.232303,711,91.270860,2,0.500000
