TestcaseNumber,TestcaseCount,TestcaseRatio,StatementCount,StatementRatio,BranchCount,BranchRatio,FaultCount,FaultRatio
50,1,0.270270,355,35.393819,314,40.308087,0,0.000000
2,2,0.540541,359,35.792622,314,40.308087,0,0.000000
137,3,0.810811,578,57.627119,485,62.259307,0,0.000000
162,4,1.081081,666,66.400798,580,74.454429,0,0.000000
72,5,1.351351,666,66.400798,580,74.454429,0,0.000000
368,6,1.621622,685,68.295115,584,74.967908,2,0.500000
163,7,1.891892,686,68.394816,584,74.967908,2,0.500000
302,8,2.162162,707,70.488534,588,75.481386,2,0.500000
165,9,2.432432,741,73.878365,622,79.845956,2,0.500000
171,10,2.702703,785,78.265204,650,83.440308,2,0.500000
324,11,2.972973,801,79.860419,663,85.109114,2,0.500000
25,12,3.243243,822,81.954138,669,85.879332,2,0.500000
130,13,3.513514,822,81.954138,669,85.879332,2,0.500000
58,14,3.783784,822,81.954138,669,85.879332,2,0.500000
63,15,4.054054,822,81.954138,669,85.879332,2,0.500000
180,16,4.324324,822,81.954138,673,86.392811,2,0.500000
320,17,4.594595,825,82.253240,675,86.649551,2,0.500000
293,18,4.864865,825,82.253240,675,86.649551,2,0.500000
358,19,5.135135,825,82.253240,675,86.649551,2,0.500000
71,20,5.405405,825,82.253240,675,86.649551,3,0.750000
183,21,5.675676,825,82.253240,675,86.649551,3,0.750000
118,22,5.945946,830,82.751745,679,87.163030,3,0.750000
64,23,6.216216,830,82.751745,679,87.163030,3,0.750000
176,24,6.486486,830,82.751745,679,87.163030,3,0.750000
66,25,6.756757,830,82.751745,679,87.163030,3,0.750000
329,26,7.027027,833,83.050847,681,87.419769,3,0.750000
279,27,7.297297,845,84.247258,683,87.676508,3,0.750000
38,28,7.567568,848,84.546361,683,87.676508,3,0.750000
