TestcaseNumber,TestcaseCount,TestcaseRatio,StatementCount,StatementRatio,BranchCount,BranchRatio,FaultCount,FaultRatio
243,1,0.270270,468,46.660020,400,51.347882,0,0.000000
346,2,0.540541,486,48.454636,404,51.861361,1,0.250000
62,3,0.810811,545,54.336989,457,58.664955,1,0.250000
240,4,1.081081,545,54.336989,457,58.664955,1,0.250000
3,5,1.351351,549,54.735793,457,58.664955,1,0.250000
32,6,1.621622,565,56.331007,461,59.178434,3,0.750000
205,7,1.891892,622,62.013958,504,64.698331,3,0.750000
67,8,2.162162,626,62.412762,510,65.468549,3,0.750000
51,9,2.432432,672,66.999003,552,70.860077,3,0.750000
341,10,2.702703,732,72.981057,598,76.765083,3,0.750000
211,11,2.972973,750,74.775673,604,77.535302,3,0.750000
53,12,3.243243,781,77.866401,636,81.643132,3,0.750000
330,13,3.513514,789,78.664008,636,81.643132,3,0.750000
325,14,3.783784,799,79.661017,647,83.055199,3,0.750000
253,15,4.054054,807,80.458624,649,83.311938,3,0.750000
155,16,4.324324,815,81.256231,651,83.568678,3,0.750000
335,17,4.594595,815,81.256231,651,83.568678,3,0.750000
188,18,4.864865,815,81.256231,651,83.568678,3,0.750000
160,19,5.135135,815,81.256231,651,83.568678,3,0.750000
272,20,5.405405,815,81.256231,651,83.568678,3,0.750000
269,21,5.675676,815,81.256231,653,83.825417,3,0.750000
184,22,5.945946,815,81.256231,653,83.825417,3,0.750000
276,23,6.216216,840,83.748754,679,87.163030,3,0.750000
97,24,6.486486,840,83.748754,679,87.163030,3,0.750000
284,25,6.756757,840,83.748754,679,87.163030,3,0.750000
130,26,7.027027,864,86.141575,707,90.757381,3,0.750000
40,27,7.297297,864,86.141575,707,90.757381,3,0.750000
136,28,7.567568,869,86.640080,713,91.527599,3,0.750000
202,29,7.837838,869,86.640080,713,91.527599,3,0.750000
363,30,8.108108,877,87.437687,717,92.041078,3,0.750000
309,31,8.378378,877,87.437687,717,92.041078,3,0.750000
52,32,8.648649,877,87.437687,717,92.041078,3,0.750000
146,33,8.918919,877,87.437687,717,92.041078,3,0.750000
6,34,9.189189,877,87.437687,717,92.041078,3,0.750000
340,35,9.459459,877,87.437687,717,92.041078,3,0.750000
289,36,9.729730,880,87.736790,717,92.041078,3,0.750000
133,37,10.000000,881,87.836491,717,92.041078,3,0.750000
186,38,10.270270,881,87.836491,717,92.041078,3,0.750000
228,39,10.540541,884,88.135593,719,92.297818,3,0.750000
9,40,10.810811,884,88.135593,719,92.297818,3,0.750000
224,41,11.081081,884,88.135593,719,92.297818,3,0.750000
