TestcaseNumber,TestcaseCount,TestcaseRatio,StatementCount,StatementRatio,BranchCount,BranchRatio,FaultCount,FaultRatio
267,1,0.270270,305,30.408774,285,36.585366,1,0.250000
158,2,0.540541,615,61.316052,515,66.110398,1,0.250000
363,3,0.810811,641,63.908275,523,67.137356,3,0.750000
7,4,1.081081,641,63.908275,523,67.137356,3,0.750000
134,5,1.351351,709,70.687936,588,75.481386,3,0.750000
89,6,1.621622,751,74.875374,614,78.818999,3,0.750000
328,7,1.891892,755,75.274177,618,79.332478,3,0.750000
303,8,2.162162,768,76.570289,626,80.359435,3,0.750000
366,9,2.432432,772,76.969093,628,80.616175,3,0.750000
342,10,2.702703,782,77.966102,630,80.872914,3,0.750000
276,11,2.972973,805,80.259222,650,83.440308,3,0.750000
295,12,3.243243,815,81.256231,659,84.595635,3,0.750000
36,13,3.513514,819,81.655035,659,84.595635,3,0.750000
198,14,3.783784,826,82.352941,661,84.852375,3,0.750000
96,15,4.054054,826,82.352941,661,84.852375,3,0.750000
121,16,4.324324,826,82.352941,661,84.852375,3,0.750000
127,17,4.594595,826,82.352941,661,84.852375,3,0.750000
66,18,4.864865,826,82.352941,661,84.852375,3,0.750000
333,19,5.135135,850,84.745763,689,88.446727,3,0.750000
228,20,5.405405,853,85.044865,693,88.960205,3,0.750000
188,21,5.675676,858,85.543370,697,89.473684,3,0.750000
64,22,5.945946,858,85.543370,697,89.473684,3,0.750000
219,23,6.216216,865,86.241276,699,89.730424,3,0.750000
367,24,6.486486,868,86.540379,699,89.730424,3,0.750000
340,25,6.756757,868,86.540379,699,89.730424,3,0.750000
44,26,7.027027,869,86.640080,699,89.730424,3,0.750000
112,27,7.297297,875,87.238285,699,89.730424,3,0.750000
154,28,7.567568,875,87.238285,699,89.730424,3,0.750000
24,29,7.837838,887,88.434696,699,89.730424,3,0.750000
308,30,8.108108,887,88.434696,699,89.730424,3,0.750000
98,31,8.378378,887,88.434696,699,89.730424,3,0.750000
