TestcaseNumber,TestcaseCount,TestcaseRatio,StatementCount,StatementRatio,BranchCount,BranchRatio,FaultCount,FaultRatio
314,1,0.270270,564,56.231306,479,61.489089,0,0.000000
126,2,0.540541,652,65.004985,579,74.326059,0,0.000000
330,3,0.810811,659,65.702891,581,74.582798,0,0.000000
99,4,1.081081,721,71.884347,613,78.690629,0,0.000000
256,5,1.351351,764,76.171486,651,83.568678,0,0.000000
323,6,1.621622,764,76.171486,655,84.082157,0,0.000000
205,7,1.891892,772,76.969093,661,84.852375,0,0.000000
263,8,2.162162,772,76.969093,663,85.109114,0,0.000000
247,9,2.432432,778,77.567298,669,85.879332,0,0.000000
311,10,2.702703,781,77.866401,671,86.136072,0,0.000000
341,11,2.972973,781,77.866401,671,86.136072,0,0.000000
287,12,3.243243,781,77.866401,671,86.136072,0,0.000000
260,13,3.513514,799,79.661017,675,86.649551,1,0.250000
200,14,3.783784,822,81.954138,697,89.473684,1,0.250000
277,15,4.054054,835,83.250249,707,90.757381,1,0.250000
261,16,4.324324,835,83.250249,707,90.757381,1,0.250000
91,17,4.594595,835,83.250249,707,90.757381,1,0.250000
131,18,4.864865,840,83.748754,709,91.014121,1,0.250000
110,19,5.135135,840,83.748754,709,91.014121,1,0.250000
14,20,5.405405,842,83.948156,711,91.270860,1,0.250000
253,21,5.675676,850,84.745763,713,91.527599,1,0.250000
166,22,5.945946,850,84.745763,713,91.527599,1,0.250000
198,23,6.216216,857,85.443669,715,91.784339,1,0.250000
345,24,6.486486,858,85.543370,715,91.784339,1,0.250000
43,25,6.756757,858,85.543370,715,91.784339,1,0.250000
37,26,7.027027,877,87.437687,719,92.297818,2,0.500000
177,27,7.297297,882,87.936191,723,92.811297,2,0.500000
204,28,7.567568,882,87.936191,723,92.811297,2,0.500000
33,29,7.837838,882,87.936191,723,92.811297,3,0.750000
59,30,8.108108,882,87.936191,723,92.811297,3,0.750000
242,31,8.378378,882,87.936191,723,92.811297,3,0.750000
171,32,8.648649,882,87.936191,723,92.811297,3,0.750000
342,33,8.918919,882,87.936191,723,92.811297,3,0.750000
