TestcaseNumber,TestcaseCount,TestcaseRatio,StatementCount,StatementRatio,BranchCount,BranchRatio,FaultCount,FaultRatio
113,1,0.270270,640,63.808574,540,69.319641,0,0.000000
202,2,0.540541,709,70.687936,608,78.048780,0,0.000000
210,3,0.810811,718,71.585244,610,78.305520,0,0.000000
66,4,1.081081,721,71.884347,610,78.305520,0,0.000000
344,5,1.351351,739,73.678963,614,78.818999,1,0.250000
250,6,1.621622,755,75.274177,618,79.332478,2,0.500000
274,7,1.891892,771,76.869392,636,81.643132,2,0.500000
264,8,2.162162,772,76.969093,636,81.643132,2,0.500000
277,9,2.432432,836,83.349950,686,88.061617,2,0.500000
271,10,2.702703,836,83.349950,686,88.061617,2,0.500000
288,11,2.972973,842,83.948156,686,88.061617,2,0.500000
328,12,3.243243,845,84.247258,688,88.318357,2,0.500000
68,13,3.513514,847,84.446660,690,88.575096,2,0.500000
215,14,3.783784,847,84.446660,692,88.831836,2,0.500000
357,15,4.054054,847,84.446660,692,88.831836,2,0.500000
259,16,4.324324,847,84.446660,692,88.831836,2,0.500000
40,17,4.594595,847,84.446660,692,88.831836,2,0.500000
62,18,4.864865,867,86.440678,706,90.629012,2,0.500000
245,19,5.135135,867,86.440678,706,90.629012,2,0.500000
190,20,5.405405,870,86.739781,706,90.629012,2,0.500000
64,21,5.675676,870,86.739781,706,90.629012,2,0.500000
231,22,5.945946,870,86.739781,706,90.629012,2,0.500000
327,23,6.216216,881,87.836491,715,91.784339,2,0.500000
325,24,6.486486,881,87.836491,717,92.041078,2,0.500000
16,25,6.756757,881,87.836491,717,92.041078,2,0.500000
