TestcaseNumber,TestcaseCount,TestcaseRatio,StatementCount,StatementRatio,BranchCount,BranchRatio,FaultCount,FaultRatio
61,1,0.270270,481,47.956132,415,53.273427,0,0.000000
303,2,0.540541,652,65.004985,554,71.116816,0,0.000000
316,3,0.810811,657,65.503490,560,71.887035,0,0.000000
2,4,1.081081,661,65.902293,560,71.887035,0,0.000000
3,5,1.351351,661,65.902293,560,71.887035,0,0.000000
272,6,1.621622,700,69.790628,586,75.224647,0,0.000000
368,7,1.891892,719,71.684945,590,75.738126,2,0.500000
173,8,2.162162,734,73.180459,594,76.251605,2,0.500000
162,9,2.432432,763,76.071785,618,79.332478,2,0.500000
328,10,2.702703,770,76.769691,622,79.845956,2,0.500000
321,11,2.972973,773,77.068794,624,80.102696,2,0.500000
134,12,3.243243,773,77.068794,624,80.102696,2,0.500000
114,13,3.513514,779,77.666999,626,80.359435,2,0.500000
109,14,3.783784,790,78.763709,628,80.616175,2,0.500000
331,15,4.054054,798,79.561316,630,80.872914,2,0.500000
4,16,4.324324,814,81.156530,634,81.386393,3,0.750000
78,17,4.594595,814,81.156530,634,81.386393,3,0.750000
288,18,4.864865,829,82.652044,648,83.183569,4,1.000000
137,19,5.135135,838,83.549352,660,84.724005,4,1.000000
309,20,5.405405,848,84.546361,669,85.879332,4,1.000000
195,21,5.675676,848,84.546361,669,85.879332,4,1.000000
163,22,5.945946,848,84.546361,669,85.879332,4,1.000000
280,23,6.216216,848,84.546361,671,86.136072,4,1.000000
253,24,6.486486,848,84.546361,671,86.136072,4,1.000000
352,25,6.756757,852,84.945165,673,86.392811,4,1.000000
295,26,7.027027,852,84.945165,673,86.392811,4,1.000000
