TestcaseNumber,TestcaseCount,TestcaseRatio,StatementCount,StatementRatio,BranchCount,BranchRatio,FaultCount,FaultRatio
41,1,0.270270,497,49.551346,427,54.813864,0,0.000000
370,2,0.540541,497,49.551346,427,54.813864,0,0.000000
206,3,0.810811,615,61.316052,520,66.752246,0,0.000000
284,4,1.081081,633,63.110668,524,67.265725,1,0.250000
14,5,1.351351,635,63.310070,526,67.522465,1,0.250000
28,6,1.621622,716,71.385842,580,74.454429,1,0.250000
185,7,1.891892,750,74.775673,597,76.636714,1,0.250000
49,8,2.162162,753,75.074776,599,76.893453,1,0.250000
187,9,2.432432,757,75.473579,603,77.406932,1,0.250000
115,10,2.702703,757,75.473579,605,77.663671,1,0.250000
302,11,2.972973,769,76.669990,619,79.460847,1,0.250000
27,12,3.243243,780,77.766700,635,81.514763,1,0.250000
358,13,3.513514,780,77.766700,635,81.514763,1,0.250000
247,14,3.783784,786,78.364905,643,82.541720,1,0.250000
68,15,4.054054,786,78.364905,643,82.541720,1,0.250000
65,16,4.324324,793,79.062812,645,82.798460,1,0.250000
274,17,4.594595,808,80.558325,659,84.595635,1,0.250000
139,18,4.864865,813,81.056830,665,85.365854,1,0.250000
9,19,5.135135,816,81.355932,669,85.879332,1,0.250000
103,20,5.405405,816,81.355932,669,85.879332,1,0.250000
11,21,5.675676,833,83.050847,673,86.392811,3,0.750000
130,22,5.945946,857,85.443669,701,89.987163,3,0.750000
111,23,6.216216,857,85.443669,701,89.987163,3,0.750000
356,24,6.486486,860,85.742772,703,90.243902,3,0.750000
366,25,6.756757,869,86.640080,707,90.757381,4,1.000000
207,26,7.027027,869,86.640080,707,90.757381,4,1.000000
369,27,7.297297,878,87.537388,707,90.757381,4,1.000000
136,28,7.567568,878,87.537388,707,90.757381,4,1.000000
285,29,7.837838,878,87.537388,709,91.014121,4,1.000000
