TestcaseNumber,TestcaseCount,TestcaseRatio,StatementCount,StatementRatio,BranchCount,BranchRatio,FaultCount,FaultRatio
231,1,0.270270,441,43.968096,388,49.807445,0,0.000000
342,2,0.540541,458,45.663011,392,50.320924,1,0.250000
107,3,0.810811,515,51.345962,434,55.712452,1,0.250000
118,4,1.081081,678,67.597208,576,73.940950,1,0.250000
10,5,1.351351,695,69.292124,580,74.454429,3,0.750000
293,6,1.621622,700,69.790628,584,74.967908,3,0.750000
300,7,1.891892,708,70.588235,584,74.967908,3,0.750000
206,8,2.162162,755,75.274177,616,79.075738,3,0.750000
213,9,2.432432,761,75.872383,620,79.589217,3,0.750000
142,10,2.702703,766,76.370887,624,80.102696,3,0.750000
356,11,2.972973,766,76.370887,624,80.102696,3,0.750000
180,12,3.243243,766,76.370887,626,80.359435,3,0.750000
204,13,3.513514,766,76.370887,626,80.359435,3,0.750000
83,14,3.783784,767,76.470588,626,80.359435,3,0.750000
133,15,4.054054,776,77.367896,632,81.129653,3,0.750000
252,16,4.324324,782,77.966102,632,81.129653,3,0.750000
102,17,4.594595,792,78.963111,634,81.386393,3,0.750000
97,18,4.864865,792,78.963111,634,81.386393,3,0.750000
291,19,5.135135,794,79.162512,634,81.386393,3,0.750000
20,20,5.405405,799,79.661017,634,81.386393,4,1.000000
61,21,5.675676,799,79.661017,634,81.386393,4,1.000000
352,22,5.945946,799,79.661017,634,81.386393,4,1.000000
100,23,6.216216,799,79.661017,634,81.386393,4,1.000000
145,24,6.486486,799,79.661017,634,81.386393,4,1.000000
46,25,6.756757,800,79.760718,634,81.386393,4,1.000000
