TestcaseNumber,TestcaseCount,TestcaseRatio,StatementCount,StatementRatio,BranchCount,BranchRatio,FaultCount,FaultRatio
355,1,0.270270,474,47.258225,411,52.759949,0,0.000000
231,2,0.540541,531,52.941176,467,59.948652,0,0.000000
354,3,0.810811,531,52.941176,467,59.948652,0,0.000000
92,4,1.081081,571,56.929212,505,64.826701,0,0.000000
242,5,1.351351,571,56.929212,505,64.826701,0,0.000000
54,6,1.621622,596,59.421735,529,67.907574,0,0.000000
348,7,1.891892,615,61.316052,535,68.677792,1,0.250000
94,8,2.162162,615,61.316052,535,68.677792,1,0.250000
235,9,2.432432,623,62.113659,543,69.704750,1,0.250000
169,10,2.702703,740,73.778664,618,79.332478,1,0.250000
350,11,2.972973,740,73.778664,618,79.332478,1,0.250000
340,12,3.243243,785,78.265204,660,84.724005,1,0.250000
293,13,3.513514,785,78.265204,660,84.724005,1,0.250000
320,14,3.783784,802,79.960120,675,86.649551,1,0.250000
112,15,4.054054,811,80.857428,679,87.163030,1,0.250000
188,16,4.324324,814,81.156530,679,87.163030,1,0.250000
9,17,4.594595,814,81.156530,679,87.163030,1,0.250000
261,18,4.864865,814,81.156530,679,87.163030,1,0.250000
154,19,5.135135,814,81.156530,679,87.163030,1,0.250000
213,20,5.405405,827,82.452642,681,87.419769,1,0.250000
339,21,5.675676,827,82.452642,681,87.419769,1,0.250000
308,22,5.945946,827,82.452642,681,87.419769,1,0.250000
11,23,6.216216,844,84.147557,685,87.933248,3,0.750000
175,24,6.486486,846,84.346959,685,87.933248,3,0.750000
