TestcaseNumber,TestcaseCount,TestcaseRatio,StatementCount,StatementRatio,BranchCount,BranchRatio,FaultCount,FaultRatio
105,1,0.270270,377,37.587238,347,44.544288,1,0.250000
152,2,0.540541,647,64.506481,556,71.373556,1,0.250000
24,3,0.810811,661,65.902293,556,71.373556,1,0.250000
279,4,1.081081,673,67.098704,558,71.630295,1,0.250000
134,5,1.351351,718,71.585244,584,74.967908,1,0.250000
31,6,1.621622,734,73.180459,588,75.481386,3,0.750000
315,7,1.891892,763,76.071785,620,79.589217,3,0.750000
243,8,2.162162,770,76.769691,622,79.845956,3,0.750000
186,9,2.432432,786,78.364905,631,81.001284,3,0.750000
320,10,2.702703,790,78.763709,635,81.514763,3,0.750000
163,11,2.972973,816,81.355932,655,84.082157,3,0.750000
248,12,3.243243,817,81.455633,655,84.082157,3,0.750000
120,13,3.513514,820,81.754736,657,84.338896,3,0.750000
239,14,3.783784,820,81.754736,657,84.338896,3,0.750000
10,15,4.054054,826,82.352941,659,84.595635,4,1.000000
67,16,4.324324,826,82.352941,659,84.595635,4,1.000000
128,17,4.594595,826,82.352941,659,84.595635,4,1.000000
106,18,4.864865,826,82.352941,659,84.595635,4,1.000000
317,19,5.135135,826,82.352941,659,84.595635,4,1.000000
48,20,5.405405,829,82.652044,661,84.852375,4,1.000000
145,21,5.675676,829,82.652044,661,84.852375,4,1.000000
361,22,5.945946,829,82.652044,663,85.109114,4,1.000000
116,23,6.216216,829,82.652044,663,85.109114,4,1.000000
309,24,6.486486,829,82.652044,663,85.109114,4,1.000000
254,25,6.756757,829,82.652044,663,85.109114,4,1.000000
159,26,7.027027,829,82.652044,663,85.109114,4,1.000000
