TestcaseNumber,TestcaseCount,TestcaseRatio,StatementCount,StatementRatio,BranchCount,BranchRatio,FaultCount,FaultRatio
282,1,0.270270,473,47.158524,394,50.577664,0,0.000000
162,2,0.540541,620,61.814556,542,69.576380,0,0.000000
245,3,0.810811,638,63.609172,546,70.089859,1,0.250000
267,4,1.081081,648,64.606181,552,70.860077,1,0.250000
342,5,1.351351,648,64.606181,552,70.860077,1,0.250000
279,6,1.621622,648,64.606181,552,70.860077,1,0.250000
2,7,1.891892,652,65.004985,552,70.860077,1,0.250000
13,8,2.162162,654,65.204387,554,71.116816,1,0.250000
191,9,2.432432,725,72.283151,597,76.636714,1,0.250000
150,10,2.702703,755,75.274177,609,78.177150,1,0.250000
252,11,2.972973,755,75.274177,609,78.177150,1,0.250000
20,12,3.243243,774,77.168495,611,78.433890,3,0.750000
302,13,3.513514,779,77.666999,611,78.433890,3,0.750000
300,14,3.783784,783,78.065803,615,78.947368,3,0.750000
357,15,4.054054,783,78.065803,615,78.947368,3,0.750000
346,16,4.324324,783,78.065803,615,78.947368,3,0.750000
31,17,4.594595,786,78.364905,617,79.204108,3,0.750000
365,18,4.864865,789,78.664008,617,79.204108,3,0.750000
99,19,5.135135,809,80.658026,631,81.001284,3,0.750000
19,20,5.405405,812,80.957129,631,81.001284,3,0.750000
178,21,5.675676,812,80.957129,631,81.001284,3,0.750000
131,22,5.945946,836,83.349950,659,84.595635,3,0.750000
312,23,6.216216,836,83.349950,659,84.595635,3,0.750000
238,24,6.486486,836,83.349950,659,84.595635,3,0.750000
174,25,6.756757,838,83.549352,659,84.595635,3,0.750000
317,26,7.027027,838,83.549352,659,84.595635,3,0.750000
326,27,7.297297,838,83.549352,659,84.595635,3,0.750000
72,28,7.567568,838,83.549352,659,84.595635,3,0.750000
201,29,7.837838,841,83.848455,665,85.365854,3,0.750000
315,30,8.108108,841,83.848455,665,85.365854,3,0.750000
90,31,8.378378,841,83.848455,665,85.365854,3,0.750000
225,32,8.648649,859,85.643071,685,87.933248,3,0.750000
247,33,8.918919,859,85.643071,687,88.189987,3,0.750000
142,34,9.189189,861,85.842473,689,88.446727,3,0.750000
