TestcaseNumber,TestcaseCount,TestcaseRatio,StatementCount,StatementRatio,BranchCount,BranchRatio,FaultCount,FaultRatio
25,1,0.270270,426,42.472582,344,44.159178,0,0.000000
369,2,0.540541,455,45.363908,350,44.929397,2,0.500000
47,3,0.810811,522,52.043868,412,52.888318,3,0.750000
332,4,1.081081,702,69.990030,563,72.272144,3,0.750000
286,5,1.351351,702,69.990030,563,72.272144,3,0.750000
243,6,1.621622,709,70.687936,565,72.528883,3,0.750000
358,7,1.891892,709,70.687936,565,72.528883,3,0.750000
15,8,2.162162,709,70.687936,565,72.528883,3,0.750000
148,9,2.432432,768,76.570289,609,78.177150,3,0.750000
227,10,2.702703,786,78.364905,629,80.744544,3,0.750000
186,11,2.972973,786,78.364905,629,80.744544,3,0.750000
110,12,3.243243,787,78.464606,631,81.001284,3,0.750000
100,13,3.513514,787,78.464606,631,81.001284,3,0.750000
349,14,3.783784,799,79.661017,633,81.258023,3,0.750000
121,15,4.054054,802,79.960120,635,81.514763,3,0.750000
256,16,4.324324,802,79.960120,635,81.514763,3,0.750000
322,17,4.594595,802,79.960120,639,82.028241,3,0.750000
311,18,4.864865,805,80.259222,641,82.284981,3,0.750000
168,19,5.135135,826,82.352941,655,84.082157,3,0.750000
288,20,5.405405,836,83.349950,659,84.595635,3,0.750000
174,21,5.675676,836,83.349950,659,84.595635,3,0.750000
197,22,5.945946,883,88.035892,693,88.960205,3,0.750000
244,23,6.216216,883,88.035892,693,88.960205,3,0.750000
315,24,6.486486,883,88.035892,693,88.960205,3,0.750000
294,25,6.756757,883,88.035892,693,88.960205,3,0.750000
220,26,7.027027,886,88.334995,693,88.960205,3,0.750000
316,27,7.297297,886,88.334995,693,88.960205,3,0.750000
51,28,7.567568,901,89.830508,711,91.270860,3,0.750000
253,29,7.837838,901,89.830508,711,91.270860,3,0.750000
166,30,8.108108,901,89.830508,711,91.270860,3,0.750000
33,31,8.378378,901,89.830508,711,91.270860,3,0.750000
139,32,8.648649,910,90.727817,723,92.811297,3,0.750000
79,33,8.918919,910,90.727817,723,92.811297,3,0.750000
341,34,9.189189,910,90.727817,723,92.811297,3,0.750000
263,35,9.459459,910,90.727817,723,92.811297,3,0.750000
