TestcaseNumber,TestcaseCount,TestcaseRatio,StatementCount,StatementRatio,BranchCount,BranchRatio,FaultCount,FaultRatio
79,1,0.270270,512,51.046859,435,55.840822,0,0.000000
12,2,0.540541,538,53.639083,439,56.354300,1,0.250000
204,3,0.810811,703,70.089731,570,73.170732,1,0.250000
320,4,1.081081,733,73.080758,601,77.150193,1,0.250000
252,5,1.351351,736,73.379860,601,77.150193,1,0.250000
91,6,1.621622,761,75.872383,621,79.717587,1,0.250000
270,7,1.891892,764,76.171486,621,79.717587,1,0.250000
365,8,2.162162,770,76.769691,623,79.974326,2,0.500000
36,9,2.432432,774,77.168495,623,79.974326,2,0.500000
189,10,2.702703,785,78.265204,627,80.487805,2,0.500000
17,11,2.972973,789,78.664008,627,80.487805,2,0.500000
215,12,3.243243,789,78.664008,627,80.487805,2,0.500000
370,13,3.513514,789,78.664008,627,80.487805,2,0.500000
169,14,3.783784,795,79.262213,635,81.514763,2,0.500000
149,15,4.054054,795,79.262213,635,81.514763,2,0.500000
339,16,4.324324,795,79.262213,635,81.514763,2,0.500000
41,17,4.594595,795,79.262213,635,81.514763,2,0.500000
127,18,4.864865,795,79.262213,635,81.514763,2,0.500000
25,19,5.135135,816,81.355932,641,82.284981,2,0.500000
244,20,5.405405,822,81.954138,643,82.541720,3,0.750000
192,21,5.675676,828,82.552343,647,83.055199,3,0.750000
334,22,5.945946,828,82.552343,647,83.055199,3,0.750000
137,23,6.216216,844,84.147557,661,84.852375,3,0.750000
13,24,6.486486,846,84.346959,663,85.109114,3,0.750000
209,25,6.756757,852,84.945165,665,85.365854,3,0.750000
