TestcaseNumber,TestcaseCount,TestcaseRatio,StatementCount,StatementRatio,BranchCount,BranchRatio,FaultCount,FaultRatio
48,1,0.270270,462,46.061815,398,51.091142,0,0.000000
181,2,0.540541,612,61.016949,517,66.367137,0,0.000000
217,3,0.810811,642,64.007976,546,70.089859,0,0.000000
129,4,1.081081,668,66.600199,574,73.684211,0,0.000000
100,5,1.351351,678,67.597208,576,73.940950,0,0.000000
89,6,1.621622,710,70.787637,608,78.048780,0,0.000000
292,7,1.891892,711,70.887338,608,78.048780,0,0.000000
270,8,2.162162,743,74.077767,622,79.845956,0,0.000000
328,9,2.432432,743,74.077767,622,79.845956,0,0.000000
344,10,2.702703,761,75.872383,626,80.359435,1,0.250000
221,11,2.972973,769,76.669990,632,81.129653,1,0.250000
207,12,3.243243,797,79.461615,652,83.697047,1,0.250000
152,13,3.513514,800,79.760718,654,83.953787,1,0.250000
261,14,3.783784,800,79.760718,654,83.953787,1,0.250000
36,15,4.054054,820,81.754736,658,84.467266,3,0.750000
324,16,4.324324,831,82.851446,669,85.879332,3,0.750000
351,17,4.594595,831,82.851446,669,85.879332,3,0.750000
318,18,4.864865,833,83.050847,669,85.879332,3,0.750000
231,19,5.135135,849,84.646062,689,88.446727,3,0.750000
325,20,5.405405,849,84.646062,689,88.446727,3,0.750000
202,21,5.675676,869,86.640080,709,91.014121,3,0.750000
165,22,5.945946,869,86.640080,709,91.014121,3,0.750000
218,23,6.216216,869,86.640080,709,91.014121,3,0.750000
67,24,6.486486,869,86.640080,709,91.014121,3,0.750000
250,25,6.756757,869,86.640080,709,91.014121,3,0.750000
303,26,7.027027,874,87.138584,711,91.270860,3,0.750000
266,27,7.297297,877,87.437687,715,91.784339,3,0.750000
245,28,7.567568,877,87.437687,715,91.784339,3,0.750000
118,29,7.837838,877,87.437687,715,91.784339,3,0.750000
95,30,8.108108,877,87.437687,715,91.784339,3,0.750000
149,31,8.378378,877,87.437687,715,91.784339,3,0.750000
158,32,8.648649,877,87.437687,715,91.784339,3,0.750000
259,33,8.918919,883,88.035892,723,92.811297,3,0.750000
225,34,9.189189,883,88.035892,723,92.811297,3,0.750000
167,35,9.459459,883,88.035892,723,92.811297,3,0.750000
