TestcaseNumber,TestcaseCount,TestcaseRatio,StatementCount,StatementRatio,BranchCount,BranchRatio,FaultCount,FaultRatio
149,1,0.270270,651,64.905284,547,70.218228,0,0.000000
322,2,0.540541,658,65.603190,555,71.245186,0,0.000000
125,3,0.810811,690,68.793619,587,75.353017,0,0.000000
180,4,1.081081,690,68.793619,587,75.353017,0,0.000000
347,5,1.351351,716,71.385842,601,77.150193,1,0.250000
226,6,1.621622,739,73.678963,623,79.974326,1,0.250000
272,7,1.891892,746,74.376869,625,80.231065,1,0.250000
367,8,2.162162,765,76.271186,629,80.744544,2,0.500000
288,9,2.432432,776,77.367896,633,81.258023,2,0.500000
258,10,2.702703,781,77.866401,637,81.771502,2,0.500000
262,11,2.972973,801,79.860419,653,83.825417,2,0.500000
76,12,3.243243,801,79.860419,653,83.825417,2,0.500000
203,13,3.513514,833,83.050847,687,88.189987,2,0.500000
287,14,3.783784,848,84.546361,689,88.446727,2,0.500000
144,15,4.054054,848,84.546361,689,88.446727,2,0.500000
6,16,4.324324,850,84.745763,689,88.446727,2,0.500000
71,17,4.594595,852,84.945165,691,88.703466,2,0.500000
1,18,4.864865,861,85.842473,693,88.960205,3,0.750000
197,19,5.135135,861,85.842473,693,88.960205,3,0.750000
213,20,5.405405,861,85.842473,693,88.960205,3,0.750000
47,21,5.675676,862,85.942173,693,88.960205,3,0.750000
190,22,5.945946,862,85.942173,695,89.216945,3,0.750000
140,23,6.216216,865,86.241276,697,89.473684,3,0.750000
282,24,6.486486,872,86.939182,699,89.730424,3,0.750000
310,25,6.756757,878,87.537388,703,90.243902,3,0.750000
227,26,7.027027,878,87.537388,703,90.243902,3,0.750000
