TestcaseNumber,TestcaseCount,TestcaseRatio,StatementCount,StatementRatio,BranchCount,BranchRatio,FaultCount,FaultRatio
274,1,0.270270,436,43.469591,387,49.679076,0,0.000000
370,2,0.540541,436,43.469591,387,49.679076,0,0.000000
343,3,0.810811,515,51.345962,427,54.813864,1,0.250000
184,4,1.081081,686,68.394816,573,73.555841,1,0.250000
28,5,1.351351,715,71.286142,587,75.353017,1,0.250000
324,6,1.621622,716,71.385842,589,75.609756,1,0.250000
224,7,1.891892,725,72.283151,595,76.379974,1,0.250000
85,8,2.162162,728,72.582253,597,76.636714,1,0.250000
9,9,2.432432,731,72.881356,601,77.150193,1,0.250000
154,10,2.702703,735,73.280160,607,77.920411,1,0.250000
140,11,2.972973,750,74.775673,625,80.231065,1,0.250000
303,12,3.243243,760,75.772682,631,81.001284,1,0.250000
266,13,3.513514,760,75.772682,633,81.258023,1,0.250000
213,14,3.783784,773,77.068794,635,81.514763,1,0.250000
301,15,4.054054,776,77.367896,637,81.771502,1,0.250000
145,16,4.324324,776,77.367896,637,81.771502,1,0.250000
204,17,4.594595,796,79.361914,653,83.825417,1,0.250000
203,18,4.864865,823,82.053838,687,88.189987,1,0.250000
264,19,5.135135,830,82.751745,689,88.446727,1,0.250000
130,20,5.405405,830,82.751745,689,88.446727,1,0.250000
113,21,5.675676,830,82.751745,689,88.446727,1,0.250000
255,22,5.945946,830,82.751745,689,88.446727,1,0.250000
307,23,6.216216,830,82.751745,689,88.446727,1,0.250000
42,24,6.486486,830,82.751745,689,88.446727,1,0.250000
275,25,6.756757,830,82.751745,689,88.446727,1,0.250000
347,26,7.027027,842,83.948156,691,88.703466,1,0.250000
332,27,7.297297,842,83.948156,691,88.703466,1,0.250000
234,28,7.567568,867,86.440678,711,91.270860,1,0.250000
284,29,7.837838,867,86.440678,711,91.270860,1,0.250000
12,30,8.108108,883,88.035892,713,91.527599,2,0.500000
