TestcaseNumber,TestcaseCount,TestcaseRatio,StatementCount,StatementRatio,BranchCount,BranchRatio,FaultCount,FaultRatio
77,1,0.270270,514,51.246261,437,56.097561,0,0.000000
118,2,0.540541,667,66.500499,554,71.116816,0,0.000000
28,3,0.810811,695,69.292124,568,72.913992,0,0.000000
144,4,1.081081,698,69.591226,572,73.427471,0,0.000000
345,5,1.351351,723,72.083749,584,74.967908,1,0.250000
8,6,1.621622,739,73.678963,588,75.481386,3,0.750000
228,7,1.891892,754,75.174477,598,76.765083,3,0.750000
276,8,2.162162,799,79.661017,644,82.670090,3,0.750000
347,9,2.432432,799,79.661017,644,82.670090,3,0.750000
93,10,2.702703,828,82.552343,674,86.521181,3,0.750000
369,11,2.972973,841,83.848455,676,86.777920,3,0.750000
87,12,3.243243,841,83.848455,676,86.777920,3,0.750000
5,13,3.513514,841,83.848455,676,86.777920,3,0.750000
73,14,3.783784,841,83.848455,676,86.777920,3,0.750000
174,15,4.054054,850,84.745763,678,87.034660,3,0.750000
192,16,4.324324,850,84.745763,678,87.034660,3,0.750000
46,17,4.594595,851,84.845464,678,87.034660,3,0.750000
308,18,4.864865,861,85.842473,687,88.189987,3,0.750000
25,19,5.135135,882,87.936191,693,88.960205,3,0.750000
181,20,5.405405,882,87.936191,697,89.473684,3,0.750000
183,21,5.675676,882,87.936191,697,89.473684,3,0.750000
281,22,5.945946,902,89.930209,711,91.270860,3,0.750000
246,23,6.216216,902,89.930209,711,91.270860,3,0.750000
36,24,6.486486,906,90.329013,711,91.270860,3,0.750000
71,25,6.756757,908,90.528415,713,91.527599,3,0.750000
74,26,7.027027,908,90.528415,713,91.527599,3,0.750000
111,27,7.297297,909,90.628116,715,91.784339,3,0.750000
124,28,7.567568,913,91.026919,715,91.784339,3,0.750000
339,29,7.837838,916,91.326022,717,92.041078,3,0.750000
168,30,8.108108,916,91.326022,717,92.041078,3,0.750000
32,31,8.378378,916,91.326022,717,92.041078,3,0.750000
97,32,8.648649,916,91.326022,717,92.041078,3,0.750000
137,33,8.918919,925,92.223330,729,93.581515,3,0.750000
156,34,9.189189,925,92.223330,729,93.581515,3,0.750000
152,35,9.459459,925,92.223330,729,93.581515,3,0.750000
104,36,9.729730,925,92.223330,729,93.581515,3,0.750000
252,37,10.000000,925,92.223330,729,93.581515,3,0.750000
133,38,10.270270,925,92.223330,729,93.581515,3,0.750000
