TestcaseNumber,TestcaseCount,TestcaseRatio,StatementCount,StatementRatio,BranchCount,BranchRatio,FaultCount,FaultRatio
354,1,0.270270,427,42.572283,369,47.368421,0,0.000000
64,2,0.540541,483,48.155533,425,54.557125,0,0.000000
335,3,0.810811,604,60.219342,498,63.928113,0,0.000000
285,4,1.081081,631,62.911266,522,67.008986,1,0.250000
8,5,1.351351,647,64.506481,526,67.522465,3,0.750000
132,6,1.621622,693,69.092722,566,72.657253,3,0.750000
48,7,1.891892,727,72.482552,592,75.994865,3,0.750000
297,8,2.162162,763,76.071785,631,81.001284,3,0.750000
272,9,2.432432,772,76.969093,633,81.258023,3,0.750000
258,10,2.702703,816,81.355932,679,87.163030,3,0.750000
237,11,2.972973,816,81.355932,679,87.163030,3,0.750000
179,12,3.243243,823,82.053838,687,88.189987,3,0.750000
137,13,3.513514,832,82.951147,699,89.730424,3,0.750000
366,14,3.783784,836,83.349950,701,89.987163,3,0.750000
269,15,4.054054,836,83.349950,701,89.987163,3,0.750000
87,16,4.324324,836,83.349950,701,89.987163,3,0.750000
65,17,4.594595,836,83.349950,701,89.987163,3,0.750000
218,18,4.864865,836,83.349950,701,89.987163,3,0.750000
175,19,5.135135,838,83.549352,701,89.987163,3,0.750000
324,20,5.405405,838,83.549352,703,90.243902,3,0.750000
294,21,5.675676,842,83.948156,703,90.243902,3,0.750000
22,22,5.945946,868,86.540379,709,91.014121,3,0.750000
339,23,6.216216,868,86.540379,711,91.270860,3,0.750000
26,24,6.486486,893,89.032901,735,94.351733,3,0.750000
262,25,6.756757,893,89.032901,735,94.351733,3,0.750000
55,26,7.027027,894,89.132602,735,94.351733,3,0.750000
319,27,7.297297,894,89.132602,735,94.351733,3,0.750000
