TestcaseNumber,TestcaseCount,TestcaseRatio,StatementCount,StatementRatio,BranchCount,BranchRatio,FaultCount,FaultRatio
354,1,0.270270,427,42.572283,369,47.368421,0,0.000000
188,2,0.540541,639,63.708873,543,69.704750,0,0.000000
304,3,0.810811,645,64.307079,543,69.704750,0,0.000000
120,4,1.081081,655,65.304088,549,70.474968,0,0.000000
39,5,1.351351,684,68.195414,553,70.988447,2,0.500000
238,6,1.621622,712,70.987039,585,75.096277,2,0.500000
278,7,1.891892,720,71.784646,587,75.353017,2,0.500000
187,8,2.162162,754,75.174477,603,77.406932,2,0.500000
83,9,2.432432,768,76.570289,605,77.663671,2,0.500000
81,10,2.702703,768,76.570289,605,77.663671,2,0.500000
180,11,2.972973,768,76.570289,609,78.177150,2,0.500000
332,12,3.243243,768,76.570289,611,78.433890,2,0.500000
74,13,3.513514,768,76.570289,611,78.433890,2,0.500000
38,14,3.783784,771,76.869392,613,78.690629,2,0.500000
71,15,4.054054,782,77.966102,627,80.487805,2,0.500000
340,16,4.324324,782,77.966102,627,80.487805,2,0.500000
32,17,4.594595,782,77.966102,627,80.487805,3,0.750000
265,18,4.864865,782,77.966102,627,80.487805,3,0.750000
242,19,5.135135,782,77.966102,627,80.487805,3,0.750000
260,20,5.405405,782,77.966102,627,80.487805,3,0.750000
228,21,5.675676,797,79.461615,641,82.284981,3,0.750000
214,22,5.945946,797,79.461615,641,82.284981,3,0.750000
298,23,6.216216,817,81.455633,655,84.082157,3,0.750000
151,24,6.486486,817,81.455633,655,84.082157,3,0.750000
66,25,6.756757,817,81.455633,655,84.082157,3,0.750000
190,26,7.027027,817,81.455633,655,84.082157,3,0.750000
297,27,7.297297,817,81.455633,657,84.338896,3,0.750000
178,28,7.567568,820,81.754736,659,84.595635,3,0.750000
274,29,7.837838,820,81.754736,659,84.595635,3,0.750000
