TestcaseNumber,TestcaseCount,TestcaseRatio,StatementCount,StatementRatio,BranchCount,BranchRatio,FaultCount,FaultRatio
19,1,0.270270,442,44.067797,401,51.476252,0,0.000000
139,2,0.540541,552,55.034895,486,62.387677,0,0.000000
272,3,0.810811,593,59.122632,512,65.725289,0,0.000000
121,4,1.081081,657,65.503490,558,71.630295,0,0.000000
138,5,1.351351,657,65.503490,558,71.630295,0,0.000000
357,6,1.621622,675,67.298106,562,72.143774,1,0.250000
82,7,1.891892,675,67.298106,562,72.143774,1,0.250000
309,8,2.162162,685,68.295115,573,73.555841,1,0.250000
289,9,2.432432,696,69.391825,581,74.582798,1,0.250000
281,10,2.702703,747,74.476570,609,78.177150,1,0.250000
25,11,2.972973,768,76.570289,615,78.947368,1,0.250000
194,12,3.243243,771,76.869392,617,79.204108,1,0.250000
332,13,3.513514,795,79.262213,645,82.798460,1,0.250000
56,14,3.783784,795,79.262213,645,82.798460,1,0.250000
14,15,4.054054,797,79.461615,647,83.055199,1,0.250000
333,16,4.324324,797,79.461615,647,83.055199,1,0.250000
165,17,4.594595,797,79.461615,647,83.055199,1,0.250000
265,18,4.864865,797,79.461615,647,83.055199,1,0.250000
3,19,5.135135,801,79.860419,647,83.055199,1,0.250000
336,20,5.405405,801,79.860419,647,83.055199,1,0.250000
316,21,5.675676,801,79.860419,647,83.055199,1,0.250000
351,22,5.945946,809,80.658026,653,83.825417,1,0.250000
340,23,6.216216,809,80.658026,653,83.825417,1,0.250000
360,24,6.486486,824,82.153539,669,85.879332,1,0.250000
136,25,6.756757,824,82.153539,669,85.879332,1,0.250000
197,26,7.027027,864,86.141575,703,90.243902,1,0.250000
223,27,7.297297,870,86.739781,703,90.243902,1,0.250000
145,28,7.567568,870,86.739781,703,90.243902,1,0.250000
247,29,7.837838,871,86.839482,703,90.243902,1,0.250000
367,30,8.108108,890,88.733799,707,90.757381,2,0.500000
349,31,8.378378,890,88.733799,707,90.757381,2,0.500000
214,32,8.648649,892,88.933200,711,91.270860,2,0.500000
51,33,8.918919,892,88.933200,711,91.270860,2,0.500000
287,34,9.189189,892,88.933200,711,91.270860,2,0.500000
306,35,9.459459,892,88.933200,713,91.527599,2,0.500000
198,36,9.729730,892,88.933200,713,91.527599,2,0.500000
137,37,10.000000,892,88.933200,713,91.527599,2,0.500000
170,38,10.270270,893,89.032901,713,91.527599,2,0.500000
245,39,10.540541,893,89.032901,713,91.527599,2,0.500000
348,40,10.810811,893,89.032901,713,91.527599,2,0.500000
233,41,11.081081,893,89.032901,713,91.527599,2,0.500000
