TestcaseNumber,TestcaseCount,TestcaseRatio,StatementCount,StatementRatio,BranchCount,BranchRatio,FaultCount,FaultRatio
93,1,0.270270,465,46.360917,404,51.861361,0,0.000000
263,2,0.540541,542,54.037886,465,59.691913,0,0.000000
181,3,0.810811,682,67.996012,578,74.197689,0,0.000000
185,4,1.081081,728,72.582253,611,78.433890,0,0.000000
40,5,1.351351,732,72.981057,617,79.204108,0,0.000000
328,6,1.621622,735,73.280160,619,79.460847,0,0.000000
340,7,1.891892,736,73.379860,619,79.460847,0,0.000000
150,8,2.162162,740,73.778664,623,79.974326,0,0.000000
115,9,2.432432,740,73.778664,625,80.231065,0,0.000000
326,10,2.702703,748,74.576271,625,80.231065,0,0.000000
217,11,2.972973,748,74.576271,625,80.231065,0,0.000000
130,12,3.243243,748,74.576271,625,80.231065,0,0.000000
61,13,3.513514,748,74.576271,625,80.231065,0,0.000000
183,14,3.783784,748,74.576271,625,80.231065,0,0.000000
160,15,4.054054,780,77.766700,657,84.338896,0,0.000000
78,16,4.324324,780,77.766700,657,84.338896,0,0.000000
171,17,4.594595,780,77.766700,657,84.338896,0,0.000000
23,18,4.864865,805,80.259222,663,85.109114,0,0.000000
232,19,5.135135,805,80.259222,663,85.109114,0,0.000000
161,20,5.405405,806,80.358923,663,85.109114,0,0.000000
173,21,5.675676,815,81.256231,665,85.365854,0,0.000000
228,22,5.945946,831,82.851446,679,87.163030,0,0.000000
51,23,6.216216,846,84.346959,695,89.216945,0,0.000000
129,24,6.486486,846,84.346959,695,89.216945,0,0.000000
108,25,6.756757,847,84.446660,697,89.473684,0,0.000000
14,26,7.027027,849,84.646062,699,89.730424,0,0.000000
164,27,7.297297,849,84.646062,699,89.730424,0,0.000000
100,28,7.567568,849,84.646062,699,89.730424,0,0.000000
329,29,7.837838,849,84.646062,699,89.730424,0,0.000000
104,30,8.108108,858,85.543370,703,90.243902,1,0.250000
206,31,8.378378,865,86.241276,707,90.757381,1,0.250000
137,32,8.648649,872,86.939182,715,91.784339,1,0.250000
273,33,8.918919,872,86.939182,715,91.784339,1,0.250000
323,34,9.189189,872,86.939182,715,91.784339,1,0.250000
315,35,9.459459,872,86.939182,715,91.784339,1,0.250000
269,36,9.729730,872,86.939182,715,91.784339,1,0.250000
117,37,10.000000,872,86.939182,715,91.784339,1,0.250000
