TestcaseNumber,TestcaseCount,TestcaseRatio,StatementCount,StatementRatio,BranchCount,BranchRatio,FaultCount,FaultRatio
330,1,0.270270,608,60.618146,524,67.265725,0,0.000000
230,2,0.540541,665,66.301097,580,74.454429,0,0.000000
311,3,0.810811,669,66.699900,582,74.711168,0,0.000000
281,4,1.081081,724,72.183450,612,78.562259,0,0.000000
282,5,1.351351,731,72.881356,614,78.818999,0,0.000000
278,6,1.621622,748,74.576271,618,79.332478,1,0.250000
88,7,1.891892,751,74.875374,618,79.332478,1,0.250000
102,8,2.162162,751,74.875374,618,79.332478,1,0.250000
45,9,2.432432,759,75.672981,620,79.589217,1,0.250000
64,10,2.702703,759,75.672981,620,79.589217,1,0.250000
299,11,2.972973,762,75.972084,620,79.589217,1,0.250000
251,12,3.243243,778,77.567298,622,79.845956,2,0.500000
254,13,3.513514,778,77.567298,622,79.845956,2,0.500000
287,14,3.783784,791,78.863410,630,80.872914,2,0.500000
188,15,4.054054,806,80.358923,643,82.541720,2,0.500000
209,16,4.324324,814,81.156530,649,83.311938,2,0.500000
93,17,4.594595,838,83.549352,677,86.906290,2,0.500000
328,18,4.864865,841,83.848455,681,87.419769,2,0.500000
31,19,5.135135,844,84.147557,683,87.676508,3,0.750000
104,20,5.405405,846,84.346959,685,87.933248,3,0.750000
347,21,5.675676,848,84.546361,687,88.189987,3,0.750000
319,22,5.945946,850,84.745763,687,88.189987,3,0.750000
320,23,6.216216,853,85.044865,691,88.703466,3,0.750000
291,24,6.486486,854,85.144566,693,88.960205,3,0.750000
249,25,6.756757,854,85.144566,693,88.960205,3,0.750000
324,26,7.027027,854,85.144566,695,89.216945,3,0.750000
108,27,7.297297,854,85.144566,695,89.216945,3,0.750000
201,28,7.567568,854,85.144566,695,89.216945,3,0.750000
202,29,7.837838,874,87.138584,715,91.784339,3,0.750000
245,30,8.108108,874,87.138584,715,91.784339,3,0.750000
273,31,8.378378,874,87.138584,715,91.784339,3,0.750000
238,32,8.648649,874,87.138584,715,91.784339,3,0.750000
24,33,8.918919,886,88.334995,715,91.784339,3,0.750000
59,34,9.189189,886,88.334995,715,91.784339,3,0.750000
27,35,9.459459,912,90.927218,739,94.865212,3,0.750000
