TestcaseNumber,TestcaseCount,TestcaseRatio,StatementCount,StatementRatio,BranchCount,BranchRatio,FaultCount,FaultRatio
169,1,0.270270,591,58.923230,498,63.928113,0,0.000000
248,2,0.540541,612,61.016949,506,64.955071,2,0.500000
140,3,0.810811,685,68.295115,574,73.684211,3,0.750000
341,4,1.081081,691,68.893320,580,74.454429,3,0.750000
33,5,1.351351,691,68.893320,580,74.454429,3,0.750000
185,6,1.621622,750,74.775673,613,78.690629,3,0.750000
105,7,1.891892,757,75.473579,617,79.204108,3,0.750000
124,8,2.162162,781,77.866401,637,81.771502,3,0.750000
307,9,2.432432,781,77.866401,639,82.028241,3,0.750000
252,10,2.702703,781,77.866401,639,82.028241,3,0.750000
71,11,2.972973,781,77.866401,639,82.028241,3,0.750000
44,12,3.243243,785,78.265204,639,82.028241,3,0.750000
291,13,3.513514,787,78.464606,639,82.028241,3,0.750000
115,14,3.783784,787,78.464606,641,82.284981,3,0.750000
255,15,4.054054,787,78.464606,641,82.284981,3,0.750000
38,16,4.324324,790,78.763709,641,82.284981,3,0.750000
221,17,4.594595,793,79.062812,641,82.284981,3,0.750000
247,18,4.864865,794,79.162512,641,82.284981,3,0.750000
155,19,5.135135,796,79.361914,641,82.284981,3,0.750000
365,20,5.405405,799,79.661017,641,82.284981,3,0.750000
367,21,5.675676,802,79.960120,641,82.284981,3,0.750000
52,22,5.945946,802,79.960120,641,82.284981,3,0.750000
125,23,6.216216,803,80.059821,641,82.284981,3,0.750000
160,24,6.486486,804,80.159521,641,82.284981,3,0.750000
15,25,6.756757,804,80.159521,641,82.284981,3,0.750000
271,26,7.027027,804,80.159521,641,82.284981,3,0.750000
196,27,7.297297,804,80.159521,641,82.284981,3,0.750000
134,28,7.567568,804,80.159521,641,82.284981,3,0.750000
311,29,7.837838,810,80.757727,645,82.798460,3,0.750000
92,30,8.108108,834,83.150548,673,86.392811,3,0.750000
210,31,8.378378,853,85.044865,683,87.676508,3,0.750000
