TestcaseNumber,TestcaseCount,TestcaseRatio,StatementCount,StatementRatio,BranchCount,BranchRatio,FaultCount,FaultRatio
262,1,0.270270,487,48.554337,415,53.273427,0,0.000000
140,2,0.540541,657,65.503490,562,72.143774,1,0.250000
131,3,0.810811,691,68.893320,598,76.765083,1,0.250000
28,4,1.081081,715,71.286142,612,78.562259,1,0.250000
301,5,1.351351,723,72.083749,614,78.818999,1,0.250000
127,6,1.621622,758,75.573280,643,82.541720,1,0.250000
201,7,1.891892,761,75.872383,649,83.311938,1,0.250000
214,8,2.162162,767,76.470588,653,83.825417,1,0.250000
174,9,2.432432,776,77.367896,655,84.082157,1,0.250000
100,10,2.702703,779,77.666999,655,84.082157,1,0.250000
8,11,2.972973,795,79.262213,659,84.595635,3,0.750000
327,12,3.243243,842,83.948156,687,88.189987,3,0.750000
320,13,3.513514,842,83.948156,687,88.189987,3,0.750000
191,14,3.783784,842,83.948156,687,88.189987,3,0.750000
183,15,4.054054,842,83.948156,689,88.446727,3,0.750000
296,16,4.324324,842,83.948156,691,88.703466,3,0.750000
58,17,4.594595,842,83.948156,691,88.703466,3,0.750000
190,18,4.864865,842,83.948156,691,88.703466,3,0.750000
34,19,5.135135,842,83.948156,691,88.703466,3,0.750000
263,20,5.405405,842,83.948156,691,88.703466,3,0.750000
156,21,5.675676,848,84.546361,695,89.216945,3,0.750000
347,22,5.945946,861,85.842473,699,89.730424,3,0.750000
210,23,6.216216,863,86.041874,701,89.987163,3,0.750000
63,24,6.486486,863,86.041874,701,89.987163,3,0.750000
44,25,6.756757,864,86.141575,701,89.987163,3,0.750000
132,26,7.027027,864,86.141575,701,89.987163,3,0.750000
176,27,7.297297,864,86.141575,701,89.987163,3,0.750000
281,28,7.567568,864,86.141575,701,89.987163,3,0.750000
1,29,7.837838,873,87.038883,703,90.243902,4,1.000000
289,30,8.108108,873,87.038883,703,90.243902,4,1.000000
186,31,8.378378,879,87.637089,703,90.243902,4,1.000000
