TestcaseNumber,TestcaseCount,TestcaseRatio,StatementCount,StatementRatio,BranchCount,BranchRatio,FaultCount,FaultRatio
317,1,0.270270,576,57.427717,476,61.103979,0,0.000000
150,2,0.540541,674,67.198405,569,73.042362,0,0.000000
122,3,0.810811,686,68.394816,577,74.069320,0,0.000000
107,4,1.081081,713,71.086740,595,76.379974,1,0.250000
126,5,1.351351,737,73.479561,615,78.947368,1,0.250000
30,6,1.621622,774,77.168495,647,83.055199,1,0.250000
215,7,1.891892,780,77.766700,651,83.568678,1,0.250000
292,8,2.162162,780,77.766700,651,83.568678,1,0.250000
175,9,2.432432,789,78.664008,653,83.825417,1,0.250000
133,10,2.702703,798,79.561316,659,84.595635,1,0.250000
155,11,2.972973,801,79.860419,661,84.852375,1,0.250000
51,12,3.243243,816,81.355932,677,86.906290,1,0.250000
297,13,3.513514,840,83.748754,707,90.757381,1,0.250000
345,14,3.783784,859,85.643071,717,92.041078,1,0.250000
340,15,4.054054,860,85.742772,717,92.041078,1,0.250000
327,16,4.324324,861,85.842473,717,92.041078,1,0.250000
184,17,4.594595,864,86.141575,717,92.041078,1,0.250000
368,18,4.864865,883,88.035892,721,92.554557,3,0.750000
329,19,5.135135,886,88.334995,723,92.811297,3,0.750000
72,20,5.405405,886,88.334995,723,92.811297,3,0.750000
248,21,5.675676,887,88.434696,723,92.811297,3,0.750000
8,22,5.945946,887,88.434696,723,92.811297,3,0.750000
199,23,6.216216,898,89.531406,727,93.324775,3,0.750000
211,24,6.486486,898,89.531406,727,93.324775,3,0.750000
287,25,6.756757,898,89.531406,729,93.581515,3,0.750000
249,26,7.027027,898,89.531406,729,93.581515,3,0.750000
142,27,7.297297,902,89.930209,733,94.094994,3,0.750000
173,28,7.567568,902,89.930209,733,94.094994,3,0.750000
114,29,7.837838,902,89.930209,733,94.094994,3,0.750000
306,30,8.108108,902,89.930209,735,94.351733,3,0.750000
348,31,8.378378,902,89.930209,735,94.351733,3,0.750000
179,32,8.648649,902,89.930209,735,94.351733,3,0.750000
231,33,8.918919,911,90.827517,741,95.121951,3,0.750000
41,34,9.189189,911,90.827517,741,95.121951,3,0.750000
328,35,9.459459,911,90.827517,741,95.121951,3,0.750000
153,36,9.729730,911,90.827517,741,95.121951,3,0.750000
361,37,10.000000,911,90.827517,743,95.378691,3,0.750000
