TestcaseNumber,TestcaseCount,TestcaseRatio,StatementCount,StatementRatio,BranchCount,BranchRatio,FaultCount,FaultRatio
192,1,0.270270,594,59.222333,495,63.543004,0,0.000000
194,2,0.540541,594,59.222333,495,63.543004,0,0.000000
366,3,0.810811,614,61.216351,501,64.313222,2,0.500000
173,4,1.081081,639,63.708873,519,66.623877,2,0.500000
300,5,1.351351,660,65.802592,546,70.089859,2,0.500000
367,6,1.621622,663,66.101695,546,70.089859,2,0.500000
181,7,1.891892,663,66.101695,550,70.603338,2,0.500000
76,8,2.162162,704,70.189432,566,72.657253,2,0.500000
13,9,2.432432,706,70.388833,568,72.913992,2,0.500000
101,10,2.702703,713,71.086740,568,72.913992,2,0.500000
328,11,2.972973,713,71.086740,568,72.913992,2,0.500000
269,12,3.243243,713,71.086740,570,73.170732,2,0.500000
288,13,3.513514,736,73.379860,586,75.224647,3,0.750000
42,14,3.783784,736,73.379860,586,75.224647,3,0.750000
223,15,4.054054,748,74.576271,596,76.508344,3,0.750000
314,16,4.324324,772,76.969093,624,80.102696,3,0.750000
46,17,4.594595,776,77.367896,624,80.102696,3,0.750000
162,18,4.864865,808,80.558325,656,84.210526,3,0.750000
107,19,5.135135,810,80.757727,658,84.467266,3,0.750000
15,20,5.405405,810,80.757727,658,84.467266,3,0.750000
24,21,5.675676,823,82.053838,658,84.467266,3,0.750000
201,22,5.945946,826,82.352941,664,85.237484,3,0.750000
335,23,6.216216,846,84.346959,678,87.034660,3,0.750000
145,24,6.486486,846,84.346959,678,87.034660,3,0.750000
220,25,6.756757,846,84.346959,678,87.034660,3,0.750000
23,26,7.027027,862,85.942173,684,87.804878,3,0.750000
34,27,7.297297,862,85.942173,684,87.804878,3,0.750000
