TestcaseNumber,TestcaseCount,TestcaseRatio,StatementCount,StatementRatio,BranchCount,BranchRatio,FaultCount,FaultRatio
274,1,0.270270,436,43.469591,387,49.679076,0,0.000000
12,2,0.540541,462,46.061815,391,50.192555,1,0.250000
141,3,0.810811,650,64.805583,550,70.603338,2,0.500000
292,4,1.081081,682,67.996012,572,73.427471,2,0.500000
318,5,1.351351,698,69.591226,580,74.454429,2,0.500000
263,6,1.621622,742,73.978066,606,77.792041,2,0.500000
348,7,1.891892,744,74.177468,606,77.792041,2,0.500000
197,8,2.162162,784,78.165503,628,80.616175,2,0.500000
43,9,2.432432,796,79.361914,634,81.386393,2,0.500000
173,10,2.702703,796,79.361914,634,81.386393,2,0.500000
125,11,2.972973,806,80.358923,643,82.541720,2,0.500000
205,12,3.243243,814,81.156530,649,83.311938,2,0.500000
108,13,3.513514,817,81.455633,649,83.311938,2,0.500000
194,14,3.783784,820,81.754736,651,83.568678,2,0.500000
69,15,4.054054,820,81.754736,651,83.568678,2,0.500000
54,16,4.324324,820,81.754736,651,83.568678,2,0.500000
126,17,4.594595,820,81.754736,651,83.568678,2,0.500000
281,18,4.864865,820,81.754736,651,83.568678,2,0.500000
241,19,5.135135,820,81.754736,651,83.568678,2,0.500000
184,20,5.405405,820,81.754736,651,83.568678,2,0.500000
202,21,5.675676,864,86.141575,701,89.987163,2,0.500000
295,22,5.945946,864,86.141575,701,89.987163,2,0.500000
142,23,6.216216,864,86.141575,701,89.987163,2,0.500000
360,24,6.486486,864,86.141575,701,89.987163,2,0.500000
265,25,6.756757,864,86.141575,701,89.987163,2,0.500000
356,26,7.027027,864,86.141575,701,89.987163,2,0.500000
192,27,7.297297,864,86.141575,701,89.987163,2,0.500000
19,28,7.567568,864,86.141575,701,89.987163,2,0.500000
