TestcaseNumber,TestcaseCount,TestcaseRatio,StatementCount,StatementRatio,BranchCount,BranchRatio,FaultCount,FaultRatio
122,1,0.270270,596,59.421735,497,63.799743,0,0.000000
55,2,0.540541,647,64.506481,566,72.657253,0,0.000000
291,3,0.810811,667,66.500499,578,74.197689,0,0.000000
172,4,1.081081,680,67.796610,586,75.224647,0,0.000000
325,5,1.351351,700,69.790628,599,76.893453,0,0.000000
249,6,1.621622,716,71.385842,603,77.406932,1,0.250000
50,7,1.891892,716,71.385842,603,77.406932,1,0.250000
279,8,2.162162,728,72.582253,605,77.663671,2,0.500000
260,9,2.432432,728,72.582253,605,77.663671,2,0.500000
263,10,2.702703,772,76.969093,633,81.258023,2,0.500000
235,11,2.972973,777,77.467597,633,81.258023,2,0.500000
146,12,3.243243,777,77.467597,633,81.258023,2,0.500000
67,13,3.513514,777,77.467597,633,81.258023,2,0.500000
86,14,3.783784,777,77.467597,633,81.258023,2,0.500000
180,15,4.054054,777,77.467597,637,81.771502,2,0.500000
71,16,4.324324,779,77.666999,639,82.028241,2,0.500000
292,17,4.594595,779,77.666999,639,82.028241,2,0.500000
116,18,4.864865,785,78.265204,641,82.284981,2,0.500000
136,19,5.135135,794,79.162512,653,83.825417,2,0.500000
78,20,5.405405,803,80.059821,653,83.825417,2,0.500000
266,21,5.675676,806,80.358923,657,84.338896,2,0.500000
57,22,5.945946,830,82.751745,685,87.933248,2,0.500000
276,23,6.216216,848,84.546361,703,90.243902,2,0.500000
95,24,6.486486,859,85.643071,707,90.757381,2,0.500000
313,25,6.756757,859,85.643071,707,90.757381,2,0.500000
56,26,7.027027,859,85.643071,707,90.757381,2,0.500000
160,27,7.297297,859,85.643071,707,90.757381,2,0.500000
142,28,7.567568,859,85.643071,707,90.757381,2,0.500000
247,29,7.837838,859,85.643071,707,90.757381,2,0.500000
233,30,8.108108,859,85.643071,707,90.757381,2,0.500000
320,31,8.378378,859,85.643071,707,90.757381,2,0.500000
330,32,8.648649,859,85.643071,707,90.757381,2,0.500000
185,33,8.918919,859,85.643071,707,90.757381,2,0.500000
3,34,9.189189,863,86.041874,707,90.757381,2,0.500000
214,35,9.459459,863,86.041874,707,90.757381,2,0.500000
280,36,9.729730,863,86.041874,707,90.757381,2,0.500000
370,37,10.000000,863,86.041874,707,90.757381,2,0.500000
145,38,10.270270,863,86.041874,707,90.757381,2,0.500000
98,39,10.540541,863,86.041874,707,90.757381,2,0.500000
