TestcaseNumber,TestcaseCount,TestcaseRatio,StatementCount,StatementRatio,BranchCount,BranchRatio,FaultCount,FaultRatio
260,1,0.270270,129,12.861416,115,14.762516,1,0.250000
29,2,0.540541,554,55.234297,452,58.023107,1,0.250000
27,3,0.810811,567,56.530409,472,60.590501,1,0.250000
128,4,1.081081,666,66.400798,574,73.684211,1,0.250000
230,5,1.351351,719,71.684945,618,79.332478,1,0.250000
335,6,1.621622,777,77.467597,650,83.440308,1,0.250000
14,7,1.891892,779,77.666999,652,83.697047,1,0.250000
369,8,2.162162,808,80.558325,658,84.467266,3,0.750000
36,9,2.432432,812,80.957129,658,84.467266,3,0.750000
277,10,2.702703,866,86.340977,708,90.885751,3,0.750000
200,11,2.972973,892,88.933200,728,93.453145,3,0.750000
212,12,3.243243,897,89.431705,734,94.223363,3,0.750000
22,13,3.513514,923,92.023928,740,94.993582,3,0.750000
363,14,3.783784,931,92.821535,744,95.507060,3,0.750000
343,15,4.054054,943,94.017946,746,95.763800,3,0.750000
319,16,4.324324,952,94.915254,748,96.020539,3,0.750000
246,17,4.594595,953,95.014955,748,96.020539,3,0.750000
136,18,4.864865,958,95.513460,754,96.790757,3,0.750000
327,19,5.135135,972,96.909272,763,97.946085,3,0.750000
25,20,5.405405,975,97.208375,763,97.946085,3,0.750000
338,21,5.675676,976,97.308076,763,97.946085,3,0.750000
364,22,5.945946,977,97.407777,763,97.946085,3,0.750000
24,23,6.216216,981,97.806580,763,97.946085,3,0.750000
157,24,6.486486,984,98.105683,765,98.202824,3,0.750000
2,25,6.756757,988,98.504487,765,98.202824,3,0.750000
23,26,7.027027,991,98.803589,765,98.202824,3,0.750000
17,27,7.297297,993,99.002991,765,98.202824,3,0.750000
4,28,7.567568,999,99.601196,767,98.459564,4,1.000000
205,29,7.837838,1000,99.700897,769,98.716303,4,1.000000
362,30,8.108108,1001,99.800598,771,98.973042,4,1.000000
288,31,8.378378,1002,99.900299,771,98.973042,4,1.000000
18,32,8.648649,1003,100.000000,773,99.229782,4,1.000000
