TestcaseNumber,TestcaseCount,TestcaseRatio,StatementCount,StatementRatio,BranchCount,BranchRatio,FaultCount,FaultRatio
257,1,0.270270,443,44.167498,395,50.706033,0,0.000000
29,2,0.540541,597,59.521436,506,64.955071,0,0.000000
213,3,0.810811,677,67.497507,578,74.197689,0,0.000000
26,4,1.081081,696,69.391825,601,77.150193,0,0.000000
362,5,1.351351,714,71.186441,621,79.717587,0,0.000000
23,6,1.621622,740,73.778664,627,80.487805,0,0.000000
364,7,1.891892,761,75.872383,633,81.258023,2,0.500000
272,8,2.162162,774,77.168495,641,82.284981,2,0.500000
37,9,2.432432,777,77.467597,641,82.284981,2,0.500000
203,10,2.702703,809,80.658026,675,86.649551,2,0.500000
263,11,2.972973,853,85.044865,703,90.243902,2,0.500000
114,12,3.243243,863,86.041874,707,90.757381,2,0.500000
363,13,3.513514,869,86.640080,709,91.014121,2,0.500000
90,14,3.783784,893,89.032901,729,93.581515,2,0.500000
4,15,4.054054,907,90.428714,733,94.094994,3,0.750000
259,16,4.324324,931,92.821535,749,96.148909,4,1.000000
2,17,4.594595,935,93.220339,749,96.148909,4,1.000000
72,18,4.864865,938,93.519442,749,96.148909,4,1.000000
369,19,5.135135,951,94.815553,751,96.405648,4,1.000000
25,20,5.405405,959,95.613161,751,96.405648,4,1.000000
174,21,5.675676,968,96.510469,753,96.662388,4,1.000000
138,22,5.945946,975,97.208375,761,97.689345,4,1.000000
288,23,6.216216,979,97.607178,761,97.689345,4,1.000000
157,24,6.486486,982,97.906281,763,97.946085,4,1.000000
246,25,6.756757,983,98.005982,763,97.946085,4,1.000000
301,26,7.027027,986,98.305085,765,98.202824,4,1.000000
284,27,7.297297,988,98.504487,765,98.202824,4,1.000000
141,28,7.567568,991,98.803589,767,98.459564,4,1.000000
18,29,7.837838,992,98.903290,769,98.716303,4,1.000000
36,30,8.108108,993,99.002991,769,98.716303,4,1.000000
277,31,8.378378,995,99.202393,771,98.973042,4,1.000000
44,32,8.648649,996,99.302094,771,98.973042,4,1.000000
24,33,8.918919,999,99.601196,771,98.973042,4,1.000000
14,34,9.189189,1001,99.800598,773,99.229782,4,1.000000
17,35,9.459459,1003,100.000000,773,99.229782,4,1.000000
