TestcaseNumber,TestcaseCount,TestcaseRatio,StatementCount,StatementRatio,BranchCount,BranchRatio,FaultCount,FaultRatio
184,1,0.270270,654,65.204387,551,70.731707,0,0.000000
197,2,0.540541,707,70.488534,589,75.609756,0,0.000000
24,3,0.810811,723,72.083749,589,75.609756,0,0.000000
59,4,1.081081,751,74.875374,621,79.717587,0,0.000000
27,5,1.351351,784,78.165503,653,83.825417,0,0.000000
23,6,1.621622,800,79.760718,659,84.595635,0,0.000000
277,7,1.891892,833,83.050847,689,88.446727,1,0.250000
215,8,2.162162,839,83.649053,697,89.473684,1,0.250000
2,9,2.432432,843,84.047856,697,89.473684,1,0.250000
362,10,2.702703,859,85.643071,717,92.041078,1,0.250000
368,11,2.972973,878,87.537388,721,92.554557,3,0.750000
335,12,3.243243,898,89.531406,735,94.351733,3,0.750000
343,13,3.513514,903,90.029910,737,94.608472,3,0.750000
264,14,3.783784,911,90.827517,739,94.865212,3,0.750000
347,15,4.054054,923,92.023928,741,95.121951,3,0.750000
25,16,4.324324,931,92.821535,741,95.121951,3,0.750000
136,17,4.594595,936,93.320040,747,95.892169,3,0.750000
11,18,4.864865,942,93.918245,749,96.148909,4,1.000000
199,19,5.135135,951,94.815553,753,96.662388,4,1.000000
363,20,5.405405,959,95.613161,757,97.175866,4,1.000000
14,21,5.675676,961,95.812562,759,97.432606,4,1.000000
28,22,5.945946,967,96.410768,761,97.689345,4,1.000000
17,23,6.216216,969,96.610169,761,97.689345,4,1.000000
158,24,6.486486,975,97.208375,765,98.202824,4,1.000000
319,25,6.756757,977,97.407777,765,98.202824,4,1.000000
18,26,7.027027,978,97.507478,767,98.459564,4,1.000000
369,27,7.297297,988,98.504487,769,98.716303,4,1.000000
179,28,7.567568,991,98.803589,771,98.973042,4,1.000000
152,29,7.837838,994,99.102692,771,98.973042,4,1.000000
246,30,8.108108,995,99.202393,773,99.229782,4,1.000000
39,31,8.378378,998,99.501496,773,99.229782,4,1.000000
288,32,8.648649,999,99.601196,773,99.229782,4,1.000000
352,33,8.918919,1001,99.800598,773,99.229782,4,1.000000
364,34,9.189189,1002,99.900299,773,99.229782,4,1.000000
248,35,9.459459,1003,100.000000,773,99.229782,4,1.000000
