TestcaseNumber,TestcaseCount,TestcaseRatio,StatementCount,StatementRatio,BranchCount,BranchRatio,FaultCount,FaultRatio
52,1,0.270270,462,46.061815,417,53.530167,0,0.000000
337,2,0.540541,617,61.515454,536,68.806162,0,0.000000
83,3,0.810811,671,66.899302,568,72.913992,0,0.000000
138,4,1.081081,680,67.796610,580,74.454429,0,0.000000
288,5,1.351351,737,73.479561,608,78.048780,1,0.250000
26,6,1.621622,774,77.168495,641,82.284981,1,0.250000
362,7,1.891892,795,79.262213,665,85.365854,1,0.250000
32,8,2.162162,811,80.857428,669,85.879332,3,0.750000
60,9,2.432432,831,82.851446,683,87.676508,3,0.750000
357,10,2.702703,843,84.047856,685,87.933248,3,0.750000
95,11,2.972973,876,87.337986,721,92.554557,3,0.750000
368,12,3.243243,879,87.637089,721,92.554557,3,0.750000
24,13,3.513514,891,88.833500,721,92.554557,3,0.750000
203,14,3.783784,897,89.431705,723,92.811297,3,0.750000
282,15,4.054054,901,89.830508,723,92.811297,3,0.750000
28,16,4.324324,909,90.628116,727,93.324775,3,0.750000
22,17,4.594595,927,92.422732,733,94.094994,3,0.750000
277,18,4.864865,943,94.017946,749,96.148909,3,0.750000
321,19,5.135135,948,94.516451,753,96.662388,3,0.750000
25,20,5.405405,951,94.815553,753,96.662388,3,0.750000
3,21,5.675676,955,95.214357,753,96.662388,3,0.750000
369,22,5.945946,965,96.211366,755,96.919127,3,0.750000
39,23,6.216216,971,96.809571,755,96.919127,3,0.750000
364,24,6.486486,976,97.308076,757,97.175866,3,0.750000
13,25,6.756757,978,97.507478,759,97.432606,3,0.750000
18,26,7.027027,979,97.607178,761,97.689345,3,0.750000
200,27,7.297297,982,97.906281,763,97.946085,3,0.750000
4,28,7.567568,985,98.205384,765,98.202824,4,1.000000
36,29,7.837838,986,98.305085,765,98.202824,4,1.000000
363,30,8.108108,990,98.703888,767,98.459564,4,1.000000
23,31,8.378378,993,99.002991,767,98.459564,4,1.000000
45,32,8.648649,994,99.102692,767,98.459564,4,1.000000
17,33,8.918919,996,99.302094,767,98.459564,4,1.000000
123,34,9.189189,999,99.601196,769,98.716303,4,1.000000
352,35,9.459459,1001,99.800598,769,98.716303,4,1.000000
231,36,9.729730,1002,99.900299,773,99.229782,4,1.000000
276,37,10.000000,1003,100.000000,773,99.229782,4,1.000000
