TestcaseNumber,TestcaseCount,TestcaseRatio,StatementCount,StatementRatio,BranchCount,BranchRatio,FaultCount,FaultRatio
271,1,0.270270,491,48.953141,396,50.834403,0,0.000000
24,2,0.540541,507,50.548355,396,50.834403,0,0.000000
162,3,0.810811,703,70.089731,582,74.711168,0,0.000000
348,4,1.081081,728,72.582253,594,76.251605,1,0.250000
250,5,1.351351,744,74.177468,598,76.765083,2,0.500000
22,6,1.621622,762,75.972084,604,77.535302,2,0.500000
28,7,1.891892,788,78.564307,618,79.332478,2,0.500000
338,8,2.162162,814,81.156530,637,81.771502,2,0.500000
185,9,2.432432,828,82.552343,641,82.284981,2,0.500000
4,10,2.702703,834,83.150548,643,82.541720,3,0.750000
352,11,2.972973,862,85.942173,663,85.109114,3,0.750000
277,12,3.243243,878,87.537388,677,86.906290,3,0.750000
27,13,3.513514,891,88.833500,697,89.473684,3,0.750000
202,14,3.783784,938,93.519442,745,95.635430,3,0.750000
369,15,4.054054,951,94.815553,747,95.892169,4,1.000000
47,16,4.324324,955,95.214357,747,95.892169,4,1.000000
138,17,4.594595,960,95.712861,753,96.662388,4,1.000000
36,18,4.864865,964,96.111665,753,96.662388,4,1.000000
25,19,5.135135,967,96.410768,753,96.662388,4,1.000000
17,20,5.405405,969,96.610169,753,96.662388,4,1.000000
288,21,5.675676,974,97.108674,753,96.662388,4,1.000000
363,22,5.945946,982,97.906281,757,97.175866,4,1.000000
364,23,6.216216,983,98.005982,757,97.175866,4,1.000000
3,24,6.486486,987,98.404786,757,97.175866,4,1.000000
13,25,6.756757,989,98.604187,759,97.432606,4,1.000000
310,26,7.027027,995,99.202393,763,97.946085,4,1.000000
228,27,7.297297,996,99.302094,767,98.459564,4,1.000000
18,28,7.567568,997,99.401795,769,98.716303,4,1.000000
199,29,7.837838,998,99.501496,771,98.973042,4,1.000000
23,30,8.108108,1001,99.800598,771,98.973042,4,1.000000
362,31,8.378378,1002,99.900299,773,99.229782,4,1.000000
168,32,8.648649,1003,100.000000,773,99.229782,4,1.000000
