TestcaseNumber,TestcaseCount,TestcaseRatio,StatementCount,StatementRatio,BranchCount,BranchRatio,FaultCount,FaultRatio
15,1,0.467290,493,51.354167,413,50.060606,0,0.000000
128,2,0.934579,498,51.875000,413,50.060606,0,0.000000
99,3,1.401869,514,53.541667,423,51.272727,0,0.000000
151,4,1.869159,514,53.541667,423,51.272727,0,0.000000
138,5,2.336449,514,53.541667,423,51.272727,0,0.000000
196,6,2.803738,541,56.354167,445,53.939394,0,0.000000
180,7,3.271028,541,56.354167,445,53.939394,0,0.000000
11,8,3.738318,541,56.354167,445,53.939394,1,0.333333
125,9,4.205607,544,56.666667,449,54.424242,1,0.333333
9,10,4.672897,582,60.625000,485,58.787879,1,0.333333
194,11,5.140187,582,60.625000,485,58.787879,1,0.333333
39,12,5.607477,594,61.875000,499,60.484848,1,0.333333
16,13,6.074766,635,66.145833,535,64.848485,1,0.333333
38,14,6.542056,635,66.145833,535,64.848485,1,0.333333
139,15,7.009346,635,66.145833,535,64.848485,1,0.333333
88,16,7.476636,635,66.145833,535,64.848485,1,0.333333
98,17,7.943925,635,66.145833,535,64.848485,1,0.333333
