TestcaseNumber,TestcaseCount,TestcaseRatio,StatementCount,StatementRatio,BranchCount,BranchRatio,FaultCount,FaultRatio
58,1,0.467290,513,53.437500,421,51.030303,0,0.000000
110,2,0.934579,514,53.541667,421,51.030303,0,0.000000
102,3,1.401869,516,53.750000,425,51.515152,0,0.000000
162,4,1.869159,516,53.750000,427,51.757576,0,0.000000
38,5,2.336449,516,53.750000,427,51.757576,1,0.333333
32,6,2.803738,534,55.625000,443,53.696970,1,0.333333
129,7,3.271028,534,55.625000,443,53.696970,1,0.333333
101,8,3.738318,534,55.625000,443,53.696970,1,0.333333
80,9,4.205607,534,55.625000,443,53.696970,1,0.333333
95,10,4.672897,562,58.541667,465,56.363636,1,0.333333
151,11,5.140187,562,58.541667,465,56.363636,1,0.333333
87,12,5.607477,562,58.541667,465,56.363636,1,0.333333
6,13,6.074766,593,61.770833,511,61.939394,1,0.333333
208,14,6.542056,593,61.770833,511,61.939394,1,0.333333
131,15,7.009346,593,61.770833,511,61.939394,1,0.333333
