TestcaseNumber,TestcaseCount,TestcaseRatio,StatementCount,StatementRatio,BranchCount,BranchRatio,FaultCount,FaultRatio
113,1,0.467290,500,52.083333,413,50.060606,0,0.000000
186,2,0.934579,528,55.000000,439,53.212121,0,0.000000
106,3,1.401869,528,55.000000,439,53.212121,0,0.000000
23,4,1.869159,542,56.458333,449,54.424242,0,0.000000
117,5,2.336449,542,56.458333,449,54.424242,0,0.000000
105,6,2.803738,543,56.562500,449,54.424242,0,0.000000
58,7,3.271028,545,56.770833,449,54.424242,0,0.000000
90,8,3.738318,545,56.770833,449,54.424242,0,0.000000
175,9,4.205607,545,56.770833,449,54.424242,0,0.000000
202,10,4.672897,545,56.770833,449,54.424242,0,0.000000
114,11,5.140187,545,56.770833,449,54.424242,0,0.000000
86,12,5.607477,545,56.770833,449,54.424242,0,0.000000
95,13,6.074766,545,56.770833,449,54.424242,0,0.000000
191,14,6.542056,545,56.770833,449,54.424242,0,0.000000
111,15,7.009346,545,56.770833,449,54.424242,0,0.000000
77,16,7.476636,545,56.770833,449,54.424242,0,0.000000
