TestcaseNumber,TestcaseCount,TestcaseRatio,StatementCount,StatementRatio,BranchCount,BranchRatio,FaultCount,FaultRatio
7,1,0.467290,493,51.354167,413,50.060606,0,0.000000
27,2,0.934579,514,53.541667,429,52.000000,0,0.000000
68,3,1.401869,520,54.166667,429,52.000000,0,0.000000
208,4,1.869159,520,54.166667,429,52.000000,0,0.000000
28,5,2.336449,520,54.166667,429,52.000000,0,0.000000
123,6,2.803738,537,55.937500,443,53.696970,0,0.000000
105,7,3.271028,565,58.854167,465,56.363636,0,0.000000
2,8,3.738318,572,59.583333,467,56.606061,0,0.000000
117,9,4.205607,572,59.583333,467,56.606061,0,0.000000
19,10,4.672897,572,59.583333,467,56.606061,1,0.333333
29,11,5.140187,572,59.583333,467,56.606061,1,0.333333
187,12,5.607477,572,59.583333,467,56.606061,1,0.333333
49,13,6.074766,695,72.395833,589,71.393939,1,0.333333
113,14,6.542056,695,72.395833,589,71.393939,1,0.333333
24,15,7.009346,695,72.395833,589,71.393939,1,0.333333
211,16,7.476636,695,72.395833,589,71.393939,1,0.333333
119,17,7.943925,695,72.395833,589,71.393939,1,0.333333
86,18,8.411215,695,72.395833,589,71.393939,1,0.333333
184,19,8.878505,695,72.395833,589,71.393939,1,0.333333
139,20,9.345794,695,72.395833,589,71.393939,1,0.333333
