TestcaseNumber,TestcaseCount,TestcaseRatio,StatementCount,StatementRatio,BranchCount,BranchRatio,FaultCount,FaultRatio
183,1,0.467290,512,53.333333,425,51.515152,0,0.000000
2,2,0.934579,519,54.062500,427,51.757576,0,0.000000
9,3,1.401869,557,58.020833,463,56.121212,0,0.000000
124,4,1.869159,560,58.333333,465,56.363636,0,0.000000
198,5,2.336449,560,58.333333,465,56.363636,0,0.000000
75,6,2.803738,590,61.458333,487,59.030303,0,0.000000
55,7,3.271028,590,61.458333,487,59.030303,0,0.000000
67,8,3.738318,590,61.458333,487,59.030303,0,0.000000
184,9,4.205607,590,61.458333,487,59.030303,0,0.000000
39,10,4.672897,602,62.708333,501,60.727273,0,0.000000
100,11,5.140187,602,62.708333,501,60.727273,0,0.000000
191,12,5.607477,602,62.708333,501,60.727273,0,0.000000
205,13,6.074766,602,62.708333,501,60.727273,0,0.000000
