TestcaseNumber,TestcaseCount,TestcaseRatio,StatementCount,StatementRatio,BranchCount,BranchRatio,FaultCount,FaultRatio
127,1,0.467290,490,51.041667,401,48.606061,0,0.000000
187,2,0.934579,492,51.250000,403,48.848485,0,0.000000
100,3,1.401869,541,56.354167,449,54.424242,0,0.000000
207,4,1.869159,541,56.354167,449,54.424242,0,0.000000
214,5,2.336449,541,56.354167,449,54.424242,0,0.000000
44,6,2.803738,541,56.354167,449,54.424242,0,0.000000
142,7,3.271028,543,56.562500,449,54.424242,0,0.000000
90,8,3.738318,543,56.562500,449,54.424242,0,0.000000
182,9,4.205607,543,56.562500,449,54.424242,0,0.000000
117,10,4.672897,543,56.562500,449,54.424242,0,0.000000
201,11,5.140187,543,56.562500,449,54.424242,0,0.000000
125,12,5.607477,544,56.666667,449,54.424242,0,0.000000
156,13,6.074766,544,56.666667,449,54.424242,0,0.000000
35,14,6.542056,553,57.604167,453,54.909091,0,0.000000
