TestcaseNumber,TestcaseCount,TestcaseRatio,StatementCount,StatementRatio,BranchCount,BranchRatio,FaultCount,FaultRatio
181,1,0.467290,510,53.125000,423,51.272727,0,0.000000
169,2,0.934579,512,53.333333,423,51.272727,0,0.000000
125,3,1.401869,544,56.666667,449,54.424242,0,0.000000
9,4,1.869159,582,60.625000,485,58.787879,0,0.000000
33,5,2.336449,585,60.937500,485,58.787879,0,0.000000
152,6,2.803738,585,60.937500,485,58.787879,0,0.000000
105,7,3.271028,585,60.937500,485,58.787879,0,0.000000
65,8,3.738318,585,60.937500,485,58.787879,0,0.000000
136,9,4.205607,585,60.937500,485,58.787879,0,0.000000
115,10,4.672897,585,60.937500,485,58.787879,0,0.000000
144,11,5.140187,585,60.937500,485,58.787879,0,0.000000
93,12,5.607477,586,61.041667,485,58.787879,0,0.000000
180,13,6.074766,586,61.041667,485,58.787879,0,0.000000
201,14,6.542056,586,61.041667,485,58.787879,0,0.000000
36,15,7.009346,595,61.979167,489,59.272727,0,0.000000
34,16,7.476636,595,61.979167,489,59.272727,0,0.000000
32,17,7.943925,595,61.979167,489,59.272727,0,0.000000
