TestcaseNumber,TestcaseCount,TestcaseRatio,StatementCount,StatementRatio,BranchCount,BranchRatio,FaultCount,FaultRatio
161,1,0.467290,510,53.125000,423,51.272727,0,0.000000
114,2,0.934579,514,53.541667,423,51.272727,0,0.000000
184,3,1.401869,514,53.541667,423,51.272727,0,0.000000
120,4,1.869159,514,53.541667,423,51.272727,0,0.000000
31,5,2.336449,532,55.416667,439,53.212121,0,0.000000
81,6,2.803738,532,55.416667,439,53.212121,0,0.000000
8,7,3.271028,532,55.416667,439,53.212121,1,0.333333
88,8,3.738318,532,55.416667,439,53.212121,1,0.333333
129,9,4.205607,532,55.416667,439,53.212121,1,0.333333
73,10,4.672897,535,55.729167,443,53.696970,1,0.333333
128,11,5.140187,535,55.729167,443,53.696970,1,0.333333
85,12,5.607477,563,58.645833,465,56.363636,1,0.333333
36,13,6.074766,572,59.583333,469,56.848485,1,0.333333
166,14,6.542056,572,59.583333,469,56.848485,1,0.333333
63,15,7.009346,572,59.583333,469,56.848485,1,0.333333
122,16,7.476636,572,59.583333,469,56.848485,1,0.333333
196,17,7.943925,572,59.583333,469,56.848485,1,0.333333
167,18,8.411215,572,59.583333,469,56.848485,1,0.333333
46,19,8.878505,601,62.604167,501,60.727273,1,0.333333
104,20,9.345794,601,62.604167,501,60.727273,1,0.333333
169,21,9.813084,601,62.604167,501,60.727273,1,0.333333
