TestcaseNumber,TestcaseCount,TestcaseRatio,StatementCount,StatementRatio,BranchCount,BranchRatio,FaultCount,FaultRatio
118,1,0.467290,509,53.020833,421,51.030303,0,0.000000
80,2,0.934579,512,53.333333,421,51.030303,0,0.000000
99,3,1.401869,514,53.541667,421,51.030303,0,0.000000
44,4,1.869159,514,53.541667,423,51.272727,0,0.000000
38,5,2.336449,514,53.541667,423,51.272727,1,0.333333
179,6,2.803738,514,53.541667,423,51.272727,1,0.333333
78,7,3.271028,514,53.541667,423,51.272727,1,0.333333
26,8,3.738318,532,55.416667,439,53.212121,1,0.333333
17,9,4.205607,588,61.250000,491,59.515152,1,0.333333
32,10,4.672897,588,61.250000,491,59.515152,1,0.333333
48,11,5.140187,597,62.187500,499,60.484848,1,0.333333
177,12,5.607477,624,65.000000,521,63.151515,1,0.333333
150,13,6.074766,624,65.000000,521,63.151515,1,0.333333
