TestcaseNumber,TestcaseCount,TestcaseRatio,StatementCount,StatementRatio,BranchCount,BranchRatio,FaultCount,FaultRatio
67,1,0.467290,494,51.458333,401,48.606061,0,0.000000
192,2,0.934579,528,55.000000,437,52.969697,0,0.000000
174,3,1.401869,529,55.104167,439,53.212121,0,0.000000
163,4,1.869159,544,56.666667,449,54.424242,0,0.000000
56,5,2.336449,544,56.666667,449,54.424242,0,0.000000
14,6,2.803738,562,58.541667,465,56.363636,0,0.000000
92,7,3.271028,562,58.541667,465,56.363636,0,0.000000
201,8,3.738318,562,58.541667,465,56.363636,0,0.000000
83,9,4.205607,562,58.541667,465,56.363636,0,0.000000
87,10,4.672897,562,58.541667,465,56.363636,0,0.000000
170,11,5.140187,562,58.541667,465,56.363636,0,0.000000
171,12,5.607477,562,58.541667,465,56.363636,0,0.000000
190,13,6.074766,562,58.541667,465,56.363636,0,0.000000
23,14,6.542056,562,58.541667,465,56.363636,0,0.000000
98,15,7.009346,562,58.541667,465,56.363636,0,0.000000
165,16,7.476636,563,58.645833,465,56.363636,0,0.000000
128,17,7.943925,563,58.645833,465,56.363636,0,0.000000
32,18,8.411215,563,58.645833,465,56.363636,0,0.000000
