TestcaseNumber,TestcaseCount,TestcaseRatio,StatementCount,StatementRatio,BranchCount,BranchRatio,FaultCount,FaultRatio
155,1,0.467290,500,52.083333,405,49.090909,0,0.000000
200,2,0.934579,540,56.250000,449,54.424242,0,0.000000
14,3,1.401869,558,58.125000,465,56.363636,0,0.000000
97,4,1.869159,562,58.541667,465,56.363636,0,0.000000
190,5,2.336449,562,58.541667,465,56.363636,0,0.000000
201,6,2.803738,562,58.541667,465,56.363636,0,0.000000
42,7,3.271028,562,58.541667,465,56.363636,1,0.333333
170,8,3.738318,562,58.541667,465,56.363636,1,0.333333
53,9,4.205607,562,58.541667,465,56.363636,1,0.333333
188,10,4.672897,562,58.541667,465,56.363636,1,0.333333
125,11,5.140187,562,58.541667,465,56.363636,1,0.333333
129,12,5.607477,562,58.541667,465,56.363636,1,0.333333
138,13,6.074766,562,58.541667,465,56.363636,1,0.333333
47,14,6.542056,562,58.541667,465,56.363636,1,0.333333
55,15,7.009346,562,58.541667,465,56.363636,1,0.333333
105,16,7.476636,562,58.541667,465,56.363636,1,0.333333
50,17,7.943925,615,64.062500,527,63.878788,1,0.333333
58,18,8.411215,615,64.062500,527,63.878788,1,0.333333
160,19,8.878505,615,64.062500,527,63.878788,1,0.333333
136,20,9.345794,615,64.062500,527,63.878788,1,0.333333
