TestcaseNumber,TestcaseCount,TestcaseRatio,StatementCount,StatementRatio,BranchCount,BranchRatio,FaultCount,FaultRatio
89,1,0.467290,498,51.875000,411,49.818182,0,0.000000
114,2,0.934579,500,52.083333,411,49.818182,0,0.000000
191,3,1.401869,500,52.083333,413,50.060606,0,0.000000
63,4,1.869159,517,53.854167,427,51.757576,0,0.000000
113,5,2.336449,517,53.854167,427,51.757576,0,0.000000
101,6,2.803738,517,53.854167,427,51.757576,0,0.000000
88,7,3.271028,517,53.854167,427,51.757576,0,0.000000
30,8,3.738318,535,55.729167,443,53.696970,0,0.000000
169,9,4.205607,535,55.729167,443,53.696970,0,0.000000
126,10,4.672897,562,58.541667,465,56.363636,0,0.000000
47,11,5.140187,562,58.541667,465,56.363636,1,0.333333
119,12,5.607477,562,58.541667,465,56.363636,1,0.333333
87,13,6.074766,562,58.541667,465,56.363636,1,0.333333
110,14,6.542056,562,58.541667,465,56.363636,1,0.333333
29,15,7.009346,562,58.541667,465,56.363636,1,0.333333
103,16,7.476636,562,58.541667,465,56.363636,1,0.333333
135,17,7.943925,563,58.645833,465,56.363636,1,0.333333
32,18,8.411215,563,58.645833,465,56.363636,1,0.333333
80,19,8.878505,563,58.645833,465,56.363636,1,0.333333
