TestcaseNumber,TestcaseCount,TestcaseRatio,StatementCount,StatementRatio,BranchCount,BranchRatio,FaultCount,FaultRatio
202,1,0.467290,509,53.020833,425,51.515152,0,0.000000
177,2,0.934579,538,56.041667,447,54.181818,0,0.000000
198,3,1.401869,539,56.145833,449,54.424242,0,0.000000
166,4,1.869159,541,56.354167,449,54.424242,0,0.000000
176,5,2.336449,541,56.354167,449,54.424242,0,0.000000
179,6,2.803738,541,56.354167,449,54.424242,0,0.000000
124,7,3.271028,543,56.562500,449,54.424242,0,0.000000
185,8,3.738318,544,56.666667,449,54.424242,0,0.000000
28,9,4.205607,562,58.541667,465,56.363636,0,0.000000
89,10,4.672897,562,58.541667,465,56.363636,0,0.000000
79,11,5.140187,562,58.541667,465,56.363636,0,0.000000
173,12,5.607477,563,58.645833,465,56.363636,0,0.000000
58,13,6.074766,563,58.645833,465,56.363636,0,0.000000
214,14,6.542056,563,58.645833,465,56.363636,0,0.000000
19,15,7.009346,563,58.645833,465,56.363636,1,0.333333
210,16,7.476636,563,58.645833,465,56.363636,1,0.333333
34,17,7.943925,563,58.645833,465,56.363636,1,0.333333
