TestcaseNumber,TestcaseCount,TestcaseRatio,StatementCount,StatementRatio,BranchCount,BranchRatio,FaultCount,FaultRatio
195,1,0.467290,498,51.875000,405,49.090909,0,0.000000
202,2,0.934579,537,55.937500,447,54.181818,0,0.000000
190,3,1.401869,540,56.250000,449,54.424242,0,0.000000
126,4,1.869159,542,56.458333,449,54.424242,0,0.000000
175,5,2.336449,542,56.458333,449,54.424242,0,0.000000
29,6,2.803738,560,58.333333,465,56.363636,0,0.000000
48,7,3.271028,567,59.062500,469,56.848485,0,0.000000
146,8,3.738318,569,59.270833,469,56.848485,0,0.000000
111,9,4.205607,569,59.270833,469,56.848485,0,0.000000
132,10,4.672897,569,59.270833,469,56.848485,0,0.000000
124,11,5.140187,569,59.270833,469,56.848485,0,0.000000
131,12,5.607477,569,59.270833,469,56.848485,0,0.000000
89,13,6.074766,569,59.270833,469,56.848485,0,0.000000
97,14,6.542056,569,59.270833,469,56.848485,0,0.000000
107,15,7.009346,569,59.270833,469,56.848485,0,0.000000
191,16,7.476636,569,59.270833,469,56.848485,0,0.000000
181,17,7.943925,569,59.270833,469,56.848485,0,0.000000
