TestcaseNumber,TestcaseCount,TestcaseRatio,StatementCount,StatementRatio,BranchCount,BranchRatio,FaultCount,FaultRatio
15,1,0.467290,493,51.354167,413,50.060606,0,0.000000
28,2,0.934579,514,53.541667,429,52.000000,0,0.000000
2,3,1.401869,521,54.270833,431,52.242424,0,0.000000
198,4,1.869159,535,55.729167,441,53.454545,0,0.000000
184,5,2.336449,537,55.937500,441,53.454545,0,0.000000
49,6,2.803738,660,68.750000,563,68.242424,0,0.000000
10,7,3.271028,660,68.750000,563,68.242424,1,0.333333
187,8,3.738318,689,71.770833,589,71.393939,1,0.333333
30,9,4.205607,689,71.770833,589,71.393939,1,0.333333
126,10,4.672897,691,71.979167,589,71.393939,1,0.333333
4,11,5.140187,700,72.916667,589,71.393939,1,0.333333
211,12,5.607477,700,72.916667,589,71.393939,1,0.333333
83,13,6.074766,701,73.020833,589,71.393939,1,0.333333
153,14,6.542056,701,73.020833,589,71.393939,1,0.333333
133,15,7.009346,701,73.020833,589,71.393939,1,0.333333
55,16,7.476636,702,73.125000,589,71.393939,1,0.333333
