TestcaseNumber,TestcaseCount,TestcaseRatio,StatementCount,StatementRatio,BranchCount,BranchRatio,FaultCount,FaultRatio
178,1,0.467290,509,53.020833,423,51.272727,0,0.000000
208,2,0.934579,509,53.020833,423,51.272727,0,0.000000
92,3,1.401869,516,53.750000,427,51.757576,0,0.000000
213,4,1.869159,517,53.854167,427,51.757576,0,0.000000
150,5,2.336449,517,53.854167,427,51.757576,0,0.000000
46,6,2.803738,546,56.875000,459,55.636364,0,0.000000
141,7,3.271028,546,56.875000,459,55.636364,0,0.000000
58,8,3.738318,546,56.875000,459,55.636364,0,0.000000
139,9,4.205607,546,56.875000,459,55.636364,0,0.000000
19,10,4.672897,546,56.875000,459,55.636364,1,0.333333
155,11,5.140187,574,59.791667,481,58.303030,1,0.333333
95,12,5.607477,574,59.791667,481,58.303030,1,0.333333
70,13,6.074766,574,59.791667,481,58.303030,1,0.333333
35,14,6.542056,583,60.729167,485,58.787879,1,0.333333
32,15,7.009346,601,62.604167,501,60.727273,1,0.333333
80,16,7.476636,601,62.604167,501,60.727273,1,0.333333
96,17,7.943925,601,62.604167,501,60.727273,1,0.333333
