TestcaseNumber,TestcaseCount,TestcaseRatio,StatementCount,StatementRatio,BranchCount,BranchRatio,FaultCount,FaultRatio
156,1,0.467290,497,51.770833,405,49.090909,0,0.000000
123,2,0.934579,542,56.458333,449,54.424242,0,0.000000
192,3,1.401869,544,56.666667,449,54.424242,0,0.000000
34,4,1.869159,544,56.666667,449,54.424242,0,0.000000
59,5,2.336449,544,56.666667,449,54.424242,0,0.000000
14,6,2.803738,562,58.541667,465,56.363636,0,0.000000
181,7,3.271028,562,58.541667,465,56.363636,0,0.000000
30,8,3.738318,562,58.541667,465,56.363636,0,0.000000
127,9,4.205607,562,58.541667,465,56.363636,0,0.000000
137,10,4.672897,562,58.541667,465,56.363636,0,0.000000
111,11,5.140187,562,58.541667,465,56.363636,0,0.000000
60,12,5.607477,562,58.541667,465,56.363636,0,0.000000
102,13,6.074766,562,58.541667,465,56.363636,0,0.000000
183,14,6.542056,562,58.541667,465,56.363636,0,0.000000
85,15,7.009346,563,58.645833,465,56.363636,0,0.000000
100,16,7.476636,563,58.645833,465,56.363636,0,0.000000
5,17,7.943925,572,59.583333,465,56.363636,0,0.000000
