TestcaseNumber,TestcaseCount,TestcaseRatio,StatementCount,StatementRatio,BranchCount,BranchRatio,FaultCount,FaultRatio
58,1,0.467290,513,53.437500,421,51.030303,0,0.000000
108,2,0.934579,513,53.437500,421,51.030303,0,0.000000
156,3,1.401869,540,56.250000,445,53.939394,0,0.000000
34,4,1.869159,544,56.666667,449,54.424242,0,0.000000
161,5,2.336449,544,56.666667,449,54.424242,0,0.000000
165,6,2.803738,545,56.770833,449,54.424242,0,0.000000
22,7,3.271028,563,58.645833,465,56.363636,0,0.000000
87,8,3.738318,563,58.645833,465,56.363636,0,0.000000
185,9,4.205607,563,58.645833,465,56.363636,0,0.000000
130,10,4.672897,563,58.645833,465,56.363636,0,0.000000
188,11,5.140187,563,58.645833,465,56.363636,0,0.000000
210,12,5.607477,563,58.645833,465,56.363636,0,0.000000
141,13,6.074766,563,58.645833,465,56.363636,0,0.000000
44,14,6.542056,563,58.645833,465,56.363636,0,0.000000
3,15,7.009346,570,59.375000,467,56.606061,0,0.000000
13,16,7.476636,570,59.375000,467,56.606061,0,0.000000
32,17,7.943925,570,59.375000,467,56.606061,0,0.000000
154,18,8.411215,570,59.375000,467,56.606061,0,0.000000
