TestcaseNumber,TestcaseCount,TestcaseRatio,StatementCount,StatementRatio,BranchCount,BranchRatio,FaultCount,FaultRatio
113,1,0.467290,500,52.083333,413,50.060606,0,0.000000
52,2,0.934579,513,53.437500,433,52.484848,0,0.000000
59,3,1.401869,530,55.208333,445,53.939394,0,0.000000
182,4,1.869159,530,55.208333,445,53.939394,0,0.000000
9,5,2.336449,568,59.166667,481,58.303030,0,0.000000
8,6,2.803738,568,59.166667,481,58.303030,1,0.333333
95,7,3.271028,596,62.083333,503,60.969697,1,0.333333
212,8,3.738318,596,62.083333,503,60.969697,1,0.333333
38,9,4.205607,596,62.083333,503,60.969697,1,0.333333
210,10,4.672897,596,62.083333,503,60.969697,1,0.333333
137,11,5.140187,596,62.083333,503,60.969697,1,0.333333
150,12,5.607477,596,62.083333,503,60.969697,1,0.333333
187,13,6.074766,596,62.083333,503,60.969697,1,0.333333
178,14,6.542056,596,62.083333,503,60.969697,1,0.333333
35,15,7.009346,605,63.020833,507,61.454545,1,0.333333
80,16,7.476636,605,63.020833,507,61.454545,1,0.333333
14,17,7.943925,608,63.333333,507,61.454545,1,0.333333
56,18,8.411215,608,63.333333,507,61.454545,1,0.333333
6,19,8.878505,639,66.562500,553,67.030303,1,0.333333
97,20,9.345794,639,66.562500,553,67.030303,1,0.333333
166,21,9.813084,639,66.562500,553,67.030303,1,0.333333
