TestcaseNumber,TestcaseCount,TestcaseRatio,StatementCount,StatementRatio,BranchCount,BranchRatio,FaultCount,FaultRatio
211,1,0.467290,494,51.458333,413,50.060606,0,0.000000
31,2,0.934579,512,53.333333,429,52.000000,0,0.000000
150,3,1.401869,516,53.750000,429,52.000000,0,0.000000
195,4,1.869159,560,58.333333,465,56.363636,0,0.000000
47,5,2.336449,560,58.333333,465,56.363636,1,0.333333
40,6,2.803738,560,58.333333,465,56.363636,1,0.333333
15,7,3.271028,560,58.333333,465,56.363636,1,0.333333
3,8,3.738318,567,59.062500,467,56.606061,1,0.333333
74,9,4.205607,569,59.270833,467,56.606061,1,0.333333
41,10,4.672897,638,66.458333,521,63.151515,2,0.666667
33,11,5.140187,638,66.458333,521,63.151515,2,0.666667
182,12,5.607477,638,66.458333,521,63.151515,2,0.666667
107,13,6.074766,638,66.458333,521,63.151515,2,0.666667
96,14,6.542056,638,66.458333,521,63.151515,2,0.666667
57,15,7.009346,638,66.458333,521,63.151515,2,0.666667
146,16,7.476636,638,66.458333,521,63.151515,2,0.666667
168,17,7.943925,638,66.458333,521,63.151515,2,0.666667
214,18,8.411215,638,66.458333,521,63.151515,2,0.666667
37,19,8.878505,654,68.125000,541,65.575758,2,0.666667
30,20,9.345794,654,68.125000,541,65.575758,2,0.666667
