TestcaseNumber,TestcaseCount,TestcaseRatio,StatementCount,StatementRatio,BranchCount,BranchRatio,FaultCount,FaultRatio
120,1,0.467290,510,53.125000,421,51.030303,0,0.000000
97,2,0.934579,541,56.354167,447,54.181818,0,0.000000
157,3,1.401869,543,56.562500,449,54.424242,0,0.000000
167,4,1.869159,543,56.562500,449,54.424242,0,0.000000
135,5,2.336449,544,56.666667,449,54.424242,0,0.000000
145,6,2.803738,544,56.666667,449,54.424242,0,0.000000
84,7,3.271028,544,56.666667,449,54.424242,0,0.000000
176,8,3.738318,544,56.666667,449,54.424242,0,0.000000
210,9,4.205607,544,56.666667,449,54.424242,0,0.000000
1,10,4.672897,555,57.812500,451,54.666667,0,0.000000
6,11,5.140187,599,62.395833,509,61.696970,0,0.000000
95,12,5.607477,599,62.395833,509,61.696970,0,0.000000
131,13,6.074766,599,62.395833,509,61.696970,0,0.000000
143,14,6.542056,600,62.500000,509,61.696970,0,0.000000
112,15,7.009346,600,62.500000,509,61.696970,0,0.000000
88,16,7.476636,600,62.500000,509,61.696970,0,0.000000
50,17,7.943925,653,68.020833,571,69.212121,0,0.000000
171,18,8.411215,653,68.020833,571,69.212121,0,0.000000
185,19,8.878505,653,68.020833,571,69.212121,0,0.000000
57,20,9.345794,653,68.020833,571,69.212121,0,0.000000
