TestcaseNumber,TestcaseCount,TestcaseRatio,StatementCount,StatementRatio,BranchCount,BranchRatio,FaultCount,FaultRatio
7,1,0.467290,493,51.354167,413,50.060606,0,0.000000
53,2,0.934579,493,51.354167,413,50.060606,1,0.333333
54,3,1.401869,511,53.229167,429,52.000000,1,0.333333
163,4,1.869159,533,55.520833,443,53.696970,1,0.333333
78,5,2.336449,535,55.729167,443,53.696970,1,0.333333
15,6,2.803738,535,55.729167,443,53.696970,1,0.333333
94,7,3.271028,535,55.729167,443,53.696970,1,0.333333
76,8,3.738318,562,58.541667,465,56.363636,1,0.333333
88,9,4.205607,562,58.541667,465,56.363636,1,0.333333
116,10,4.672897,562,58.541667,465,56.363636,1,0.333333
100,11,5.140187,564,58.750000,465,56.363636,1,0.333333
130,12,5.607477,564,58.750000,465,56.363636,1,0.333333
162,13,6.074766,564,58.750000,465,56.363636,1,0.333333
