TestcaseNumber,TestcaseCount,TestcaseRatio,StatementCount,StatementRatio,BranchCount,BranchRatio,FaultCount,FaultRatio
141,1,0.467290,512,53.333333,423,51.272727,0,0.000000
111,2,0.934579,514,53.541667,423,51.272727,0,0.000000
101,3,1.401869,514,53.541667,423,51.272727,0,0.000000
176,4,1.869159,541,56.354167,445,53.939394,0,0.000000
31,5,2.336449,559,58.229167,461,55.878788,0,0.000000
130,6,2.803738,559,58.229167,461,55.878788,0,0.000000
59,7,3.271028,559,58.229167,461,55.878788,0,0.000000
155,8,3.738318,562,58.541667,465,56.363636,0,0.000000
35,9,4.205607,571,59.479167,469,56.848485,0,0.000000
96,10,4.672897,571,59.479167,469,56.848485,0,0.000000
8,11,5.140187,571,59.479167,469,56.848485,1,0.333333
154,12,5.607477,571,59.479167,469,56.848485,1,0.333333
187,13,6.074766,571,59.479167,469,56.848485,1,0.333333
119,14,6.542056,571,59.479167,469,56.848485,1,0.333333
213,15,7.009346,572,59.583333,469,56.848485,1,0.333333
174,16,7.476636,572,59.583333,469,56.848485,1,0.333333
193,17,7.943925,572,59.583333,469,56.848485,1,0.333333
25,18,8.411215,572,59.583333,469,56.848485,1,0.333333
