TestcaseNumber,TestcaseCount,TestcaseRatio,StatementCount,StatementRatio,BranchCount,BranchRatio,FaultCount,FaultRatio
110,1,0.467290,498,51.875000,411,49.818182,0,0.000000
25,2,0.934579,528,55.000000,439,53.212121,0,0.000000
211,3,1.401869,528,55.000000,439,53.212121,0,0.000000
102,4,1.869159,542,56.458333,449,54.424242,0,0.000000
202,5,2.336449,542,56.458333,449,54.424242,0,0.000000
194,6,2.803738,542,56.458333,449,54.424242,0,0.000000
195,7,3.271028,542,56.458333,449,54.424242,0,0.000000
82,8,3.738318,544,56.666667,449,54.424242,0,0.000000
136,9,4.205607,544,56.666667,449,54.424242,0,0.000000
192,10,4.672897,544,56.666667,449,54.424242,0,0.000000
197,11,5.140187,544,56.666667,449,54.424242,0,0.000000
125,12,5.607477,544,56.666667,449,54.424242,0,0.000000
165,13,6.074766,544,56.666667,449,54.424242,0,0.000000
146,14,6.542056,544,56.666667,449,54.424242,0,0.000000
21,15,7.009346,544,56.666667,449,54.424242,1,0.333333
187,16,7.476636,544,56.666667,449,54.424242,1,0.333333
161,17,7.943925,544,56.666667,449,54.424242,1,0.333333
11,18,8.411215,544,56.666667,449,54.424242,1,0.333333
107,19,8.878505,544,56.666667,449,54.424242,1,0.333333
10,20,9.345794,544,56.666667,449,54.424242,1,0.333333
