TestcaseNumber,TestcaseCount,TestcaseRatio,StatementCount,StatementRatio,BranchCount,BranchRatio,FaultCount,FaultRatio
103,1,0.467290,514,53.541667,423,51.272727,0,0.000000
138,2,0.934579,517,53.854167,427,51.757576,0,0.000000
74,3,1.401869,517,53.854167,427,51.757576,0,0.000000
53,4,1.869159,517,53.854167,427,51.757576,1,0.333333
70,5,2.336449,517,53.854167,427,51.757576,1,0.333333
208,6,2.803738,517,53.854167,427,51.757576,1,0.333333
209,7,3.271028,517,53.854167,427,51.757576,1,0.333333
173,8,3.738318,517,53.854167,427,51.757576,1,0.333333
84,9,4.205607,517,53.854167,427,51.757576,1,0.333333
35,10,4.672897,526,54.791667,431,52.242424,1,0.333333
29,11,5.140187,544,56.666667,447,54.181818,1,0.333333
203,12,5.607477,544,56.666667,447,54.181818,1,0.333333
75,13,6.074766,572,59.583333,469,56.848485,1,0.333333
143,14,6.542056,572,59.583333,469,56.848485,1,0.333333
