TestcaseNumber,TestcaseCount,TestcaseRatio,StatementCount,StatementRatio,BranchCount,BranchRatio,FaultCount,FaultRatio
19,1,0.467290,0,0.000000,0,0.000000,1,0.333333
167,2,0.934579,490,51.041667,403,48.848485,1,0.333333
158,3,1.401869,538,56.041667,449,54.424242,1,0.333333
8,4,1.869159,538,56.041667,449,54.424242,1,0.333333
94,5,2.336449,541,56.354167,449,54.424242,1,0.333333
166,6,2.803738,541,56.354167,449,54.424242,1,0.333333
4,7,3.271028,550,57.291667,449,54.424242,1,0.333333
197,8,3.738318,550,57.291667,449,54.424242,1,0.333333
195,9,4.205607,551,57.395833,449,54.424242,1,0.333333
81,10,4.672897,551,57.395833,449,54.424242,1,0.333333
189,11,5.140187,553,57.604167,449,54.424242,1,0.333333
105,12,5.607477,553,57.604167,449,54.424242,1,0.333333
60,13,6.074766,553,57.604167,449,54.424242,1,0.333333
