TestcaseNumber,TestcaseCount,TestcaseRatio,StatementCount,StatementRatio,BranchCount,BranchRatio,FaultCount,FaultRatio
49,1,0.467290,200,20.833333,221,26.787879,0,0.000000
3,2,0.934579,207,21.562500,223,27.030303,0,0.000000
74,3,1.401869,627,65.312500,537,65.090909,0,0.000000
115,4,1.869159,674,70.208333,573,69.454545,0,0.000000
39,5,2.336449,686,71.458333,587,71.151515,0,0.000000
46,6,2.803738,715,74.479167,617,74.787879,0,0.000000
41,7,3.271028,759,79.062500,651,78.909091,1,0.333333
6,8,3.738318,803,83.645833,709,85.939394,1,0.333333
43,9,4.205607,860,89.583333,757,91.757576,2,0.666667
9,10,4.672897,883,91.979167,781,94.666667,2,0.666667
16,11,5.140187,918,95.625000,809,98.060606,2,0.666667
50,12,5.607477,927,96.562500,819,99.272727,2,0.666667
1,13,6.074766,938,97.708333,821,99.515152,2,0.666667
36,14,6.542056,947,98.645833,825,100.000000,2,0.666667
4,15,7.009346,956,99.583333,825,100.000000,2,0.666667
14,16,7.476636,959,99.895833,825,100.000000,2,0.666667
183,17,7.943925,960,100.000000,825,100.000000,2,0.666667
