TestcaseNumber,TestcaseCount,TestcaseRatio,StatementCount,StatementRatio,BranchCount,BranchRatio,FaultCount,FaultRatio
3,1,0.126103,2334,83.178902,2228,86.390074,0,0.000000
658,2,0.252207,2627,93.620813,2437,94.493990,6,1.000000
12,3,0.378310,2676,95.367071,2477,96.044979,6,1.000000
7,4,0.504414,2740,97.647897,2529,98.061264,6,1.000000
727,5,0.630517,2773,98.823949,2557,99.146956,6,1.000000
17,6,0.756620,2782,99.144690,2567,99.534703,6,1.000000
18,7,0.882724,2788,99.358517,2573,99.767352,6,1.000000
21,8,1.008827,2793,99.536707,2577,99.922451,6,1.000000
13,9,1.134931,2799,99.750535,2579,100.000000,6,1.000000
