TestcaseNumber,TestcaseCount,TestcaseRatio,StatementCount,StatementRatio,BranchCount,BranchRatio,FaultCount,FaultRatio
468,1,0.126103,1465,52.209551,1252,48.545948,6,1.000000
742,2,0.252207,1473,52.494654,1268,49.166344,6,1.000000
240,3,0.378310,1473,52.494654,1268,49.166344,6,1.000000
624,4,0.504414,1477,52.637206,1280,49.631640,6,1.000000
381,5,0.630517,1477,52.637206,1280,49.631640,6,1.000000
720,6,0.756620,1557,55.488239,1365,52.927491,6,1.000000
138,7,0.882724,1557,55.488239,1365,52.927491,6,1.000000
148,8,1.008827,1557,55.488239,1365,52.927491,6,1.000000
253,9,1.134931,1557,55.488239,1365,52.927491,6,1.000000
722,10,1.261034,1557,55.488239,1365,52.927491,6,1.000000
511,11,1.387137,1557,55.488239,1365,52.927491,6,1.000000
476,12,1.513241,1557,55.488239,1365,52.927491,6,1.000000
