TestcaseNumber,TestcaseCount,TestcaseRatio,StatementCount,StatementRatio,BranchCount,BranchRatio,FaultCount,FaultRatio
731,1,0.126103,1263,45.010691,1119,43.388910,1,0.166667
466,2,0.252207,1467,52.280827,1264,49.011245,6,1.000000
3,3,0.378310,2624,93.513899,2439,94.571539,6,1.000000
378,4,0.504414,2624,93.513899,2439,94.571539,6,1.000000
318,5,0.630517,2624,93.513899,2439,94.571539,6,1.000000
114,6,0.756620,2624,93.513899,2439,94.571539,6,1.000000
417,7,0.882724,2624,93.513899,2439,94.571539,6,1.000000
621,8,1.008827,2628,93.656450,2439,94.571539,6,1.000000
299,9,1.134931,2628,93.656450,2439,94.571539,6,1.000000
273,10,1.261034,2628,93.656450,2439,94.571539,6,1.000000
101,11,1.387137,2628,93.656450,2439,94.571539,6,1.000000
305,12,1.513241,2628,93.656450,2439,94.571539,6,1.000000
