TestcaseNumber,TestcaseCount,TestcaseRatio,StatementCount,StatementRatio,BranchCount,BranchRatio,FaultCount,FaultRatio
51,1,0.126103,0,0.000000,0,0.000000,6,1.000000
422,2,0.252207,1267,45.153243,1117,43.311361,6,1.000000
36,3,0.378310,1267,45.153243,1117,43.311361,6,1.000000
48,4,0.504414,1267,45.153243,1117,43.311361,6,1.000000
730,5,0.630517,1269,45.224519,1127,43.699108,6,1.000000
369,6,0.756620,1269,45.224519,1127,43.699108,6,1.000000
722,7,0.882724,1556,55.452602,1357,52.617294,6,1.000000
505,8,1.008827,1556,55.452602,1357,52.617294,6,1.000000
