TestcaseNumber,TestcaseCount,TestcaseRatio,StatementCount,StatementRatio,BranchCount,BranchRatio,FaultCount,FaultRatio
670,1,0.126103,1344,47.897363,1208,46.839860,1,0.166667
519,2,0.252207,1344,47.897363,1208,46.839860,1,0.166667
618,3,0.378310,1553,55.345688,1357,52.617294,6,1.000000
71,4,0.504414,1553,55.345688,1357,52.617294,6,1.000000
30,5,0.630517,1553,55.345688,1357,52.617294,6,1.000000
431,6,0.756620,1554,55.381326,1357,52.617294,6,1.000000
363,7,0.882724,1554,55.381326,1357,52.617294,6,1.000000
341,8,1.008827,1554,55.381326,1357,52.617294,6,1.000000
316,9,1.134931,1554,55.381326,1357,52.617294,6,1.000000
