TestcaseNumber,TestcaseCount,TestcaseRatio,StatementCount,StatementRatio,BranchCount,BranchRatio,FaultCount,FaultRatio
253,1,0.126103,0,0.000000,0,0.000000,1,0.166667
679,2,0.252207,1344,47.897363,1204,46.684762,1,0.166667
696,3,0.378310,1555,55.416964,1349,52.307096,6,1.000000
387,4,0.504414,1555,55.416964,1349,52.307096,6,1.000000
750,5,0.630517,1557,55.488239,1357,52.617294,6,1.000000
362,6,0.756620,1557,55.488239,1357,52.617294,6,1.000000
247,7,0.882724,1557,55.488239,1357,52.617294,6,1.000000
352,8,1.008827,1557,55.488239,1357,52.617294,6,1.000000
702,9,1.134931,1557,55.488239,1357,52.617294,6,1.000000
