TestcaseNumber,TestcaseCount,TestcaseRatio,StatementCount,StatementRatio,BranchCount,BranchRatio,FaultCount,FaultRatio
660,1,0.126103,1470,52.387741,1258,48.778596,6,1.000000
39,2,0.252207,1470,52.387741,1258,48.778596,6,1.000000
72,3,0.378310,1470,52.387741,1258,48.778596,6,1.000000
276,4,0.504414,1470,52.387741,1258,48.778596,6,1.000000
189,5,0.630517,1470,52.387741,1258,48.778596,6,1.000000
490,6,0.756620,1550,55.238774,1347,52.229546,6,1.000000
492,7,0.882724,1550,55.238774,1347,52.229546,6,1.000000
308,8,1.008827,1550,55.238774,1347,52.229546,6,1.000000
7,9,1.134931,2110,75.196009,1888,73.206669,6,1.000000
446,10,1.261034,2116,75.409836,1896,73.516867,6,1.000000
222,11,1.387137,2116,75.409836,1896,73.516867,6,1.000000
479,12,1.513241,2116,75.409836,1896,73.516867,6,1.000000
112,13,1.639344,2116,75.409836,1896,73.516867,6,1.000000
646,14,1.765448,2116,75.409836,1896,73.516867,6,1.000000
204,15,1.891551,2116,75.409836,1896,73.516867,6,1.000000
134,16,2.017654,2116,75.409836,1896,73.516867,6,1.000000
