TestcaseNumber,TestcaseCount,TestcaseRatio,StatementCount,StatementRatio,BranchCount,BranchRatio,FaultCount,FaultRatio
790,1,0.126103,1477,52.637206,1266,49.088794,6,1.000000
262,2,0.252207,1477,52.637206,1266,49.088794,6,1.000000
640,3,0.378310,1477,52.637206,1272,49.321442,6,1.000000
204,4,0.504414,1477,52.637206,1272,49.321442,6,1.000000
667,5,0.630517,1554,55.381326,1357,52.617294,6,1.000000
784,6,0.756620,1554,55.381326,1357,52.617294,6,1.000000
761,7,0.882724,1554,55.381326,1357,52.617294,6,1.000000
8,8,1.008827,1554,55.381326,1357,52.617294,6,1.000000
75,9,1.134931,1554,55.381326,1357,52.617294,6,1.000000
73,10,1.261034,1554,55.381326,1357,52.617294,6,1.000000
425,11,1.387137,1554,55.381326,1357,52.617294,6,1.000000
448,12,1.513241,1554,55.381326,1357,52.617294,6,1.000000
