TestcaseNumber,TestcaseCount,TestcaseRatio,StatementCount,StatementRatio,BranchCount,BranchRatio,FaultCount,FaultRatio
58,1,0.126103,0,0.000000,0,0.000000,1,0.166667
246,2,0.252207,0,0.000000,0,0.000000,6,1.000000
56,3,0.378310,0,0.000000,0,0.000000,6,1.000000
112,4,0.504414,0,0.000000,0,0.000000,6,1.000000
293,5,0.630517,0,0.000000,0,0.000000,6,1.000000
368,6,0.756620,0,0.000000,0,0.000000,6,1.000000
191,7,0.882724,0,0.000000,0,0.000000,6,1.000000
604,8,1.008827,1263,45.010691,1119,43.388910,6,1.000000
344,9,1.134931,1263,45.010691,1119,43.388910,6,1.000000
443,10,1.261034,1263,45.010691,1119,43.388910,6,1.000000
119,11,1.387137,1263,45.010691,1119,43.388910,6,1.000000
718,12,1.513241,1557,55.488239,1357,52.617294,6,1.000000
153,13,1.639344,1557,55.488239,1357,52.617294,6,1.000000
187,14,1.765448,1557,55.488239,1357,52.617294,6,1.000000
181,15,1.891551,1557,55.488239,1357,52.617294,6,1.000000
