TestcaseNumber,TestcaseCount,TestcaseRatio,StatementCount,StatementRatio,BranchCount,BranchRatio,FaultCount,FaultRatio
255,1,0.126103,0,0.000000,0,0.000000,1,0.166667
494,2,0.252207,1550,55.238774,1345,52.151997,6,1.000000
457,3,0.378310,1552,55.310050,1349,52.307096,6,1.000000
256,4,0.504414,1552,55.310050,1349,52.307096,6,1.000000
632,5,0.630517,1557,55.488239,1355,52.539744,6,1.000000
723,6,0.756620,1557,55.488239,1355,52.539744,6,1.000000
346,7,0.882724,1557,55.488239,1355,52.539744,6,1.000000
178,8,1.008827,1557,55.488239,1355,52.539744,6,1.000000
