TestcaseNumber,TestcaseCount,TestcaseRatio,StatementCount,StatementRatio,BranchCount,BranchRatio,FaultCount,FaultRatio
617,1,0.126103,1470,52.387741,1262,48.933695,6,1.000000
466,2,0.252207,1470,52.387741,1262,48.933695,6,1.000000
197,3,0.378310,1470,52.387741,1262,48.933695,6,1.000000
536,4,0.504414,1557,55.488239,1355,52.539744,6,1.000000
733,5,0.630517,1557,55.488239,1357,52.617294,6,1.000000
687,6,0.756620,1557,55.488239,1357,52.617294,6,1.000000
97,7,0.882724,1557,55.488239,1357,52.617294,6,1.000000
582,8,1.008827,1557,55.488239,1357,52.617294,6,1.000000
357,9,1.134931,1557,55.488239,1357,52.617294,6,1.000000
393,10,1.261034,1557,55.488239,1357,52.617294,6,1.000000
741,11,1.387137,1557,55.488239,1357,52.617294,6,1.000000
356,12,1.513241,1557,55.488239,1357,52.617294,6,1.000000
28,13,1.639344,1557,55.488239,1357,52.617294,6,1.000000
597,14,1.765448,1557,55.488239,1357,52.617294,6,1.000000
