TestcaseNumber,TestcaseCount,TestcaseRatio,StatementCount,StatementRatio,BranchCount,BranchRatio,FaultCount,FaultRatio
224,1,0.126103,0,0.000000,0,0.000000,1,0.166667
105,2,0.252207,0,0.000000,0,0.000000,6,1.000000
749,3,0.378310,1477,52.637206,1270,49.243893,6,1.000000
464,4,0.504414,1477,52.637206,1270,49.243893,6,1.000000
211,5,0.630517,1477,52.637206,1270,49.243893,6,1.000000
193,6,0.756620,1477,52.637206,1270,49.243893,6,1.000000
546,7,0.882724,1477,52.637206,1272,49.321442,6,1.000000
30,8,1.008827,1477,52.637206,1272,49.321442,6,1.000000
681,9,1.134931,1557,55.488239,1357,52.617294,6,1.000000
