TestcaseNumber,TestcaseCount,TestcaseRatio,StatementCount,StatementRatio,BranchCount,BranchRatio,FaultCount,FaultRatio
165,1,0.126103,0,0.000000,0,0.000000,1,0.166667
498,2,0.252207,1543,54.989309,1333,51.686700,6,1.000000
596,3,0.378310,1545,55.060584,1337,51.841799,6,1.000000
302,4,0.504414,1545,55.060584,1337,51.841799,6,1.000000
536,5,0.630517,1552,55.310050,1345,52.151997,6,1.000000
269,6,0.756620,1552,55.310050,1345,52.151997,6,1.000000
504,7,0.882724,1552,55.310050,1345,52.151997,6,1.000000
271,8,1.008827,1552,55.310050,1345,52.151997,6,1.000000
580,9,1.134931,1552,55.310050,1347,52.229546,6,1.000000
424,10,1.261034,1552,55.310050,1347,52.229546,6,1.000000
537,11,1.387137,1552,55.310050,1351,52.384645,6,1.000000
651,12,1.513241,1557,55.488239,1357,52.617294,6,1.000000
275,13,1.639344,1557,55.488239,1357,52.617294,6,1.000000
405,14,1.765448,1557,55.488239,1357,52.617294,6,1.000000
