TestcaseNumber,TestcaseCount,TestcaseRatio,StatementCount,StatementRatio,BranchCount,BranchRatio,FaultCount,FaultRatio
575,1,0.126103,1267,45.153243,1121,43.466460,1,0.166667
752,2,0.252207,1477,52.637206,1272,49.321442,6,1.000000
673,3,0.378310,1554,55.381326,1357,52.617294,6,1.000000
275,4,0.504414,1554,55.381326,1357,52.617294,6,1.000000
549,5,0.630517,1554,55.381326,1357,52.617294,6,1.000000
587,6,0.756620,1554,55.381326,1357,52.617294,6,1.000000
478,7,0.882724,1554,55.381326,1357,52.617294,6,1.000000
763,8,1.008827,1554,55.381326,1357,52.617294,6,1.000000
