TestcaseNumber,TestcaseCount,TestcaseRatio,StatementCount,StatementRatio,BranchCount,BranchRatio,FaultCount,FaultRatio
194,1,0.126103,0,0.000000,0,0.000000,1,0.166667
376,2,0.252207,0,0.000000,0,0.000000,6,1.000000
278,3,0.378310,0,0.000000,0,0.000000,6,1.000000
67,4,0.504414,0,0.000000,0,0.000000,6,1.000000
616,5,0.630517,1269,45.224519,1123,43.544009,6,1.000000
347,6,0.756620,1269,45.224519,1123,43.544009,6,1.000000
550,7,0.882724,1269,45.224519,1123,43.544009,6,1.000000
788,8,1.008827,1476,52.601568,1268,49.166344,6,1.000000
139,9,1.134931,1476,52.601568,1268,49.166344,6,1.000000
