TestcaseNumber,TestcaseCount,TestcaseRatio,StatementCount,StatementRatio,BranchCount,BranchRatio,FaultCount,FaultRatio
583,1,0.126103,1267,45.153243,1117,43.311361,1,0.166667
761,2,0.252207,1269,45.224519,1127,43.699108,1,0.166667
403,3,0.378310,1269,45.224519,1127,43.699108,6,1.000000
350,4,0.504414,1269,45.224519,1127,43.699108,6,1.000000
717,5,0.630517,1557,55.488239,1357,52.617294,6,1.000000
136,6,0.756620,1557,55.488239,1357,52.617294,6,1.000000
677,7,0.882724,1557,55.488239,1357,52.617294,6,1.000000
757,8,1.008827,1557,55.488239,1357,52.617294,6,1.000000
514,9,1.134931,1557,55.488239,1357,52.617294,6,1.000000
530,10,1.261034,1557,55.488239,1357,52.617294,6,1.000000
110,11,1.387137,1557,55.488239,1357,52.617294,6,1.000000
782,12,1.513241,1557,55.488239,1357,52.617294,6,1.000000
689,13,1.639344,1557,55.488239,1357,52.617294,6,1.000000
193,14,1.765448,1557,55.488239,1357,52.617294,6,1.000000
360,15,1.891551,1557,55.488239,1357,52.617294,6,1.000000
