TestcaseNumber,TestcaseCount,TestcaseRatio,StatementCount,StatementRatio,BranchCount,BranchRatio,FaultCount,FaultRatio
532,1,0.126103,1543,54.989309,1333,51.686700,6,1.000000
420,2,0.252207,1545,55.060584,1339,51.919349,6,1.000000
211,3,0.378310,1545,55.060584,1339,51.919349,6,1.000000
237,4,0.504414,1545,55.060584,1339,51.919349,6,1.000000
172,5,0.630517,1545,55.060584,1339,51.919349,6,1.000000
215,6,0.756620,1545,55.060584,1339,51.919349,6,1.000000
154,7,0.882724,1545,55.060584,1339,51.919349,6,1.000000
369,8,1.008827,1545,55.060584,1339,51.919349,6,1.000000
328,9,1.134931,1545,55.060584,1339,51.919349,6,1.000000
533,10,1.261034,1552,55.310050,1347,52.229546,6,1.000000
245,11,1.387137,1552,55.310050,1347,52.229546,6,1.000000
