TestcaseNumber,TestcaseCount,TestcaseRatio,StatementCount,StatementRatio,BranchCount,BranchRatio,FaultCount,FaultRatio
496,1,0.126103,1548,55.167498,1337,51.841799,6,1.000000
755,2,0.252207,1557,55.488239,1355,52.539744,6,1.000000
249,3,0.378310,1557,55.488239,1355,52.539744,6,1.000000
380,4,0.504414,1557,55.488239,1355,52.539744,6,1.000000
638,5,0.630517,1557,55.488239,1357,52.617294,6,1.000000
63,6,0.756620,1557,55.488239,1357,52.617294,6,1.000000
116,7,0.882724,1557,55.488239,1357,52.617294,6,1.000000
226,8,1.008827,1557,55.488239,1357,52.617294,6,1.000000
431,9,1.134931,1557,55.488239,1357,52.617294,6,1.000000
