TestcaseNumber,TestcaseCount,TestcaseRatio,StatementCount,StatementRatio,BranchCount,BranchRatio,FaultCount,FaultRatio
704,1,0.126103,1344,47.897363,1208,46.839860,1,0.166667
665,2,0.252207,1344,47.897363,1208,46.839860,1,0.166667
93,3,0.378310,1344,47.897363,1208,46.839860,1,0.166667
329,4,0.504414,1344,47.897363,1208,46.839860,6,1.000000
674,5,0.630517,1344,47.897363,1208,46.839860,6,1.000000
205,6,0.756620,1344,47.897363,1208,46.839860,6,1.000000
691,7,0.882724,1554,55.381326,1353,52.462195,6,1.000000
509,8,1.008827,1554,55.381326,1353,52.462195,6,1.000000
82,9,1.134931,1554,55.381326,1353,52.462195,6,1.000000
256,10,1.261034,1554,55.381326,1353,52.462195,6,1.000000
