TestcaseNumber,TestcaseCount,TestcaseRatio,StatementCount,StatementRatio,BranchCount,BranchRatio,FaultCount,FaultRatio
253,1,0.126103,0,0.000000,0,0.000000,1,0.166667
246,2,0.252207,0,0.000000,0,0.000000,6,1.000000
362,3,0.378310,0,0.000000,0,0.000000,6,1.000000
157,4,0.504414,0,0.000000,0,0.000000,6,1.000000
550,5,0.630517,1267,45.153243,1117,43.311361,6,1.000000
135,6,0.756620,1267,45.153243,1117,43.311361,6,1.000000
99,7,0.882724,1267,45.153243,1117,43.311361,6,1.000000
524,8,1.008827,1551,55.274412,1351,52.384645,6,1.000000
736,9,1.134931,1553,55.345688,1357,52.617294,6,1.000000
109,10,1.261034,1553,55.345688,1357,52.617294,6,1.000000
777,11,1.387137,1556,55.452602,1357,52.617294,6,1.000000
386,12,1.513241,1556,55.452602,1357,52.617294,6,1.000000
240,13,1.639344,1556,55.452602,1357,52.617294,6,1.000000
609,14,1.765448,1556,55.452602,1357,52.617294,6,1.000000
490,15,1.891551,1556,55.452602,1357,52.617294,6,1.000000
746,16,2.017654,1556,55.452602,1357,52.617294,6,1.000000
