TestcaseNumber,TestcaseCount,TestcaseRatio,StatementCount,StatementRatio,BranchCount,BranchRatio,FaultCount,FaultRatio
710,1,0.126103,1344,47.897363,1204,46.684762,1,0.166667
306,2,0.252207,1344,47.897363,1204,46.684762,6,1.000000
365,3,0.378310,1344,47.897363,1204,46.684762,6,1.000000
632,4,0.504414,1554,55.381326,1353,52.462195,6,1.000000
416,5,0.630517,1554,55.381326,1357,52.617294,6,1.000000
243,6,0.756620,1554,55.381326,1357,52.617294,6,1.000000
642,7,0.882724,1554,55.381326,1357,52.617294,6,1.000000
731,8,1.008827,1554,55.381326,1357,52.617294,6,1.000000
211,9,1.134931,1554,55.381326,1357,52.617294,6,1.000000
312,10,1.261034,1554,55.381326,1357,52.617294,6,1.000000
706,11,1.387137,1554,55.381326,1357,52.617294,6,1.000000
