TestcaseNumber,TestcaseCount,TestcaseRatio,StatementCount,StatementRatio,BranchCount,BranchRatio,FaultCount,FaultRatio
207,1,0.126103,0,0.000000,0,0.000000,6,1.000000
591,2,0.252207,1472,52.459016,1272,49.321442,6,1.000000
248,3,0.378310,1472,52.459016,1272,49.321442,6,1.000000
300,4,0.504414,1472,52.459016,1272,49.321442,6,1.000000
449,5,0.630517,1472,52.459016,1274,49.398992,6,1.000000
220,6,0.756620,1472,52.459016,1274,49.398992,6,1.000000
786,7,0.882724,1477,52.637206,1280,49.631640,6,1.000000
133,8,1.008827,1477,52.637206,1280,49.631640,6,1.000000
236,9,1.134931,1477,52.637206,1280,49.631640,6,1.000000
121,10,1.261034,1477,52.637206,1280,49.631640,6,1.000000
661,11,1.387137,1477,52.637206,1280,49.631640,6,1.000000
676,12,1.513241,1554,55.381326,1365,52.927491,6,1.000000
122,13,1.639344,1554,55.381326,1365,52.927491,6,1.000000
392,14,1.765448,1554,55.381326,1365,52.927491,6,1.000000
185,15,1.891551,1554,55.381326,1365,52.927491,6,1.000000
