TestcaseNumber,TestcaseCount,TestcaseRatio,StatementCount,StatementRatio,BranchCount,BranchRatio,FaultCount,FaultRatio
465,1,0.126103,1465,52.209551,1252,48.545948,6,1.000000
248,2,0.252207,1465,52.209551,1252,48.545948,6,1.000000
303,3,0.378310,1465,52.209551,1252,48.545948,6,1.000000
267,4,0.504414,1465,52.209551,1252,48.545948,6,1.000000
752,5,0.630517,1477,52.637206,1270,49.243893,6,1.000000
256,6,0.756620,1477,52.637206,1270,49.243893,6,1.000000
441,7,0.882724,1477,52.637206,1272,49.321442,6,1.000000
354,8,1.008827,1477,52.637206,1272,49.321442,6,1.000000
620,9,1.134931,1477,52.637206,1272,49.321442,6,1.000000
13,10,1.261034,2139,76.229508,1948,75.533152,6,1.000000
