TestcaseNumber,TestcaseCount,TestcaseRatio,StatementCount,StatementRatio,BranchCount,BranchRatio,FaultCount,FaultRatio
505,1,0.126103,1334,47.540984,1186,45.986817,1,0.166667
303,2,0.252207,1334,47.540984,1186,45.986817,6,1.000000
326,3,0.378310,1334,47.540984,1186,45.986817,6,1.000000
50,4,0.504414,1334,47.540984,1186,45.986817,6,1.000000
365,5,0.630517,1334,47.540984,1186,45.986817,6,1.000000
759,6,0.756620,1554,55.381326,1357,52.617294,6,1.000000
470,7,0.882724,1554,55.381326,1357,52.617294,6,1.000000
553,8,1.008827,1554,55.381326,1357,52.617294,6,1.000000
250,9,1.134931,1554,55.381326,1357,52.617294,6,1.000000
335,10,1.261034,1554,55.381326,1357,52.617294,6,1.000000
350,11,1.387137,1554,55.381326,1357,52.617294,6,1.000000
492,12,1.513241,1557,55.488239,1357,52.617294,6,1.000000
144,13,1.639344,1557,55.488239,1357,52.617294,6,1.000000
