TestcaseNumber,TestcaseCount,TestcaseRatio,StatementCount,StatementRatio,BranchCount,BranchRatio,FaultCount,FaultRatio
378,1,0.126103,0,0.000000,0,0.000000,1,0.166667
661,2,0.252207,1477,52.637206,1266,49.088794,6,1.000000
358,3,0.378310,1477,52.637206,1266,49.088794,6,1.000000
327,4,0.504414,1477,52.637206,1266,49.088794,6,1.000000
634,5,0.630517,1477,52.637206,1272,49.321442,6,1.000000
98,6,0.756620,1477,52.637206,1272,49.321442,6,1.000000
693,7,0.882724,1557,55.488239,1357,52.617294,6,1.000000
665,8,1.008827,1557,55.488239,1357,52.617294,6,1.000000
