TestcaseNumber,TestcaseCount,TestcaseRatio,StatementCount,StatementRatio,BranchCount,BranchRatio,FaultCount,FaultRatio
214,1,0.126103,0,0.000000,0,0.000000,6,1.000000
281,2,0.252207,0,0.000000,0,0.000000,6,1.000000
488,3,0.378310,1342,47.826087,1198,46.452113,6,1.000000
148,4,0.504414,1342,47.826087,1198,46.452113,6,1.000000
101,5,0.630517,1342,47.826087,1198,46.452113,6,1.000000
540,6,0.756620,1344,47.897363,1206,46.762311,6,1.000000
503,7,0.882724,1552,55.310050,1351,52.384645,6,1.000000
738,8,1.008827,1554,55.381326,1357,52.617294,6,1.000000
