TestcaseNumber,TestcaseCount,TestcaseRatio,StatementCount,StatementRatio,BranchCount,BranchRatio,FaultCount,FaultRatio
725,1,0.126103,1555,55.416964,1347,52.229546,6,1.000000
124,2,0.252207,1555,55.416964,1347,52.229546,6,1.000000
362,3,0.378310,1555,55.416964,1347,52.229546,6,1.000000
706,4,0.504414,1555,55.416964,1349,52.307096,6,1.000000
747,5,0.630517,1557,55.488239,1357,52.617294,6,1.000000
344,6,0.756620,1557,55.488239,1357,52.617294,6,1.000000
368,7,0.882724,1557,55.488239,1357,52.617294,6,1.000000
703,8,1.008827,1557,55.488239,1357,52.617294,6,1.000000
453,9,1.134931,1557,55.488239,1357,52.617294,6,1.000000
420,10,1.261034,1557,55.488239,1357,52.617294,6,1.000000
61,11,1.387137,1557,55.488239,1357,52.617294,6,1.000000
