TestcaseNumber,TestcaseCount,TestcaseRatio,StatementCount,StatementRatio,BranchCount,BranchRatio,FaultCount,FaultRatio
525,1,0.126103,1550,55.238774,1345,52.151997,6,1.000000
304,2,0.252207,1550,55.238774,1345,52.151997,6,1.000000
417,3,0.378310,1552,55.310050,1351,52.384645,6,1.000000
324,4,0.504414,1552,55.310050,1351,52.384645,6,1.000000
42,5,0.630517,1552,55.310050,1351,52.384645,6,1.000000
317,6,0.756620,1552,55.310050,1351,52.384645,6,1.000000
191,7,0.882724,1552,55.310050,1351,52.384645,6,1.000000
434,8,1.008827,1552,55.310050,1351,52.384645,6,1.000000
485,9,1.134931,1552,55.310050,1351,52.384645,6,1.000000
358,10,1.261034,1552,55.310050,1351,52.384645,6,1.000000
566,11,1.387137,1552,55.310050,1351,52.384645,6,1.000000
