TestcaseNumber,TestcaseCount,TestcaseRatio,StatementCount,StatementRatio,BranchCount,BranchRatio,FaultCount,FaultRatio
740,1,0.126103,1263,45.010691,1115,43.233812,1,0.166667
33,2,0.252207,1263,45.010691,1115,43.233812,1,0.166667
597,3,0.378310,1474,52.530292,1268,49.166344,6,1.000000
720,4,0.504414,1557,55.488239,1357,52.617294,6,1.000000
631,5,0.630517,1557,55.488239,1357,52.617294,6,1.000000
560,6,0.756620,1557,55.488239,1357,52.617294,6,1.000000
34,7,0.882724,1557,55.488239,1357,52.617294,6,1.000000
177,8,1.008827,1557,55.488239,1357,52.617294,6,1.000000
