TestcaseNumber,TestcaseCount,TestcaseRatio,StatementCount,StatementRatio,BranchCount,BranchRatio,FaultCount,FaultRatio
89,1,0.126103,0,0.000000,0,0.000000,1,0.166667
26,2,0.252207,0,0.000000,0,0.000000,1,0.166667
727,3,0.378310,1555,55.416964,1347,52.229546,6,1.000000
295,4,0.504414,1555,55.416964,1347,52.229546,6,1.000000
30,5,0.630517,1555,55.416964,1347,52.229546,6,1.000000
497,6,0.756620,1555,55.416964,1347,52.229546,6,1.000000
255,7,0.882724,1555,55.416964,1347,52.229546,6,1.000000
125,8,1.008827,1555,55.416964,1347,52.229546,6,1.000000
654,9,1.134931,1557,55.488239,1355,52.539744,6,1.000000
