TestcaseNumber,TestcaseCount,TestcaseRatio,StatementCount,StatementRatio,BranchCount,BranchRatio,FaultCount,FaultRatio
165,1,0.126103,0,0.000000,0,0.000000,1,0.166667
686,2,0.252207,1555,55.416964,1351,52.384645,6,1.000000
638,3,0.378310,1557,55.488239,1357,52.617294,6,1.000000
448,4,0.504414,1557,55.488239,1357,52.617294,6,1.000000
311,5,0.630517,1557,55.488239,1357,52.617294,6,1.000000
739,6,0.756620,1557,55.488239,1357,52.617294,6,1.000000
522,7,0.882724,1557,55.488239,1357,52.617294,6,1.000000
793,8,1.008827,1557,55.488239,1357,52.617294,6,1.000000
349,9,1.134931,1557,55.488239,1357,52.617294,6,1.000000
