TestcaseNumber,TestcaseCount,TestcaseRatio,StatementCount,StatementRatio,BranchCount,BranchRatio,FaultCount,FaultRatio
303,1,0.126103,0,0.000000,0,0.000000,6,1.000000
226,2,0.252207,0,0.000000,0,0.000000,6,1.000000
386,3,0.378310,0,0.000000,0,0.000000,6,1.000000
214,4,0.504414,0,0.000000,0,0.000000,6,1.000000
783,5,0.630517,1477,52.637206,1270,49.243893,6,1.000000
128,6,0.756620,1477,52.637206,1270,49.243893,6,1.000000
570,7,0.882724,1477,52.637206,1272,49.321442,6,1.000000
263,8,1.008827,1477,52.637206,1272,49.321442,6,1.000000
