TestcaseNumber,TestcaseCount,TestcaseRatio,StatementCount,StatementRatio,BranchCount,BranchRatio,FaultCount,FaultRatio
317,1,0.126103,0,0.000000,0,0.000000,1,0.166667
107,2,0.252207,0,0.000000,0,0.000000,6,1.000000
745,3,0.378310,1470,52.387741,1262,48.933695,6,1.000000
244,4,0.504414,1470,52.387741,1262,48.933695,6,1.000000
626,5,0.630517,1470,52.387741,1262,48.933695,6,1.000000
367,6,0.756620,1470,52.387741,1262,48.933695,6,1.000000
625,7,0.882724,1470,52.387741,1262,48.933695,6,1.000000
284,8,1.008827,1470,52.387741,1262,48.933695,6,1.000000
619,9,1.134931,1470,52.387741,1262,48.933695,6,1.000000
221,10,1.261034,1470,52.387741,1262,48.933695,6,1.000000
715,11,1.387137,1550,55.238774,1347,52.229546,6,1.000000
36,12,1.513241,1550,55.238774,1347,52.229546,6,1.000000
27,13,1.639344,1550,55.238774,1347,52.229546,6,1.000000
297,14,1.765448,1550,55.238774,1347,52.229546,6,1.000000
332,15,1.891551,1550,55.238774,1347,52.229546,6,1.000000
