TestcaseNumber,TestcaseCount,TestcaseRatio,StatementCount,StatementRatio,BranchCount,BranchRatio,FaultCount,FaultRatio
198,1,0.126103,0,0.000000,0,0.000000,1,0.166667
42,2,0.252207,0,0.000000,0,0.000000,6,1.000000
396,3,0.378310,0,0.000000,0,0.000000,6,1.000000
163,4,0.504414,0,0.000000,0,0.000000,6,1.000000
734,5,0.630517,1269,45.224519,1127,43.699108,6,1.000000
752,6,0.756620,1477,52.637206,1272,49.321442,6,1.000000
194,7,0.882724,1477,52.637206,1272,49.321442,6,1.000000
52,8,1.008827,1477,52.637206,1272,49.321442,6,1.000000
480,9,1.134931,1554,55.381326,1357,52.617294,6,1.000000
779,10,1.261034,1554,55.381326,1357,52.617294,6,1.000000
61,11,1.387137,1554,55.381326,1357,52.617294,6,1.000000
312,12,1.513241,1554,55.381326,1357,52.617294,6,1.000000
227,13,1.639344,1554,55.381326,1357,52.617294,6,1.000000
344,14,1.765448,1554,55.381326,1357,52.617294,6,1.000000
