TestcaseNumber,TestcaseCount,TestcaseRatio,StatementCount,StatementRatio,BranchCount,BranchRatio,FaultCount,FaultRatio
220,1,0.126103,0,0.000000,0,0.000000,1,0.166667
778,2,0.252207,1470,52.387741,1262,48.933695,6,1.000000
666,3,0.378310,1547,55.131860,1349,52.307096,6,1.000000
690,4,0.504414,1550,55.238774,1349,52.307096,6,1.000000
326,5,0.630517,1550,55.238774,1349,52.307096,6,1.000000
457,6,0.756620,1550,55.238774,1349,52.307096,6,1.000000
768,7,0.882724,1556,55.452602,1357,52.617294,6,1.000000
765,8,1.008827,1556,55.452602,1357,52.617294,6,1.000000
146,9,1.134931,1556,55.452602,1357,52.617294,6,1.000000
750,10,1.261034,1557,55.488239,1357,52.617294,6,1.000000
188,11,1.387137,1557,55.488239,1357,52.617294,6,1.000000
769,12,1.513241,1557,55.488239,1357,52.617294,6,1.000000
340,13,1.639344,1557,55.488239,1357,52.617294,6,1.000000
764,14,1.765448,1557,55.488239,1357,52.617294,6,1.000000
241,15,1.891551,1557,55.488239,1357,52.617294,6,1.000000
