TestcaseNumber,TestcaseCount,TestcaseRatio,StatementCount,StatementRatio,BranchCount,BranchRatio,FaultCount,FaultRatio
522,1,0.176367,1716,52.428964,1361,62.950971,1,0.058824
439,2,0.352734,1999,61.075466,1560,72.155412,5,0.294118
107,3,0.529101,2255,68.897036,1659,76.734505,5,0.294118
537,4,0.705467,2265,69.202566,1661,76.827012,5,0.294118
193,5,0.881834,2485,75.924229,1774,82.053654,5,0.294118
249,6,1.058201,2489,76.046441,1778,82.238668,5,0.294118
254,7,1.234568,2489,76.046441,1778,82.238668,5,0.294118
150,8,1.410935,2514,76.810266,1790,82.793710,5,0.294118
552,9,1.587302,2520,76.993584,1792,82.886216,5,0.294118
553,10,1.763668,2523,77.085243,1794,82.978723,5,0.294118
351,11,1.940035,2526,77.176902,1798,83.163737,5,0.294118
252,12,2.116402,2526,77.176902,1798,83.163737,5,0.294118
495,13,2.292769,2526,77.176902,1798,83.163737,5,0.294118
18,14,2.469136,2535,77.451879,1808,83.626272,5,0.294118
270,15,2.645503,2535,77.451879,1808,83.626272,5,0.294118
447,16,2.821869,2535,77.451879,1808,83.626272,5,0.294118
342,17,2.998236,2535,77.451879,1808,83.626272,5,0.294118
97,18,3.174603,2535,77.451879,1808,83.626272,5,0.294118
144,19,3.350970,2535,77.451879,1808,83.626272,5,0.294118
237,20,3.527337,2535,77.451879,1808,83.626272,5,0.294118
528,21,3.703704,2555,78.062939,1812,83.811286,5,0.294118
241,22,3.880071,2565,78.368469,1816,83.996300,5,0.294118
347,23,4.056437,2565,78.368469,1816,83.996300,5,0.294118
151,24,4.232804,2565,78.368469,1816,83.996300,5,0.294118
513,25,4.409171,2566,78.399022,1816,83.996300,5,0.294118
