TestcaseNumber,TestcaseCount,TestcaseRatio,StatementCount,StatementRatio,BranchCount,BranchRatio,FaultCount,FaultRatio
349,1,0.176367,1038,31.714024,825,38.159112,1,0.058824
129,2,0.352734,1044,31.897342,825,38.159112,1,0.058824
552,3,0.529101,1057,32.294531,827,38.251619,1,0.058824
157,4,0.705467,2015,61.564314,1537,71.091582,1,0.058824
65,5,0.881834,2196,67.094409,1599,73.959297,1,0.058824
495,6,1.058201,2196,67.094409,1599,73.959297,1,0.058824
486,7,1.234568,2248,68.683165,1629,75.346901,1,0.058824
145,8,1.410935,2248,68.683165,1629,75.346901,1,0.058824
51,9,1.587302,2402,73.388329,1709,79.047179,4,0.235294
497,10,1.763668,2402,73.388329,1709,79.047179,4,0.235294
402,11,1.940035,2442,74.610449,1747,80.804810,4,0.235294
250,12,2.116402,2442,74.610449,1747,80.804810,4,0.235294
421,13,2.292769,2444,74.671555,1747,80.804810,4,0.235294
225,14,2.469136,2444,74.671555,1747,80.804810,4,0.235294
516,15,2.645503,2444,74.671555,1747,80.804810,5,0.294118
506,16,2.821869,2444,74.671555,1747,80.804810,5,0.294118
2,17,2.998236,2490,76.076994,1751,80.989824,5,0.294118
310,18,3.174603,2491,76.107547,1751,80.989824,5,0.294118
132,19,3.350970,2491,76.107547,1751,80.989824,5,0.294118
545,20,3.527337,2544,77.726856,1785,82.562442,5,0.294118
50,21,3.703704,2544,77.726856,1785,82.562442,5,0.294118
229,22,3.880071,2544,77.726856,1785,82.562442,5,0.294118
540,23,4.056437,2547,77.818515,1785,82.562442,5,0.294118
72,24,4.232804,2547,77.818515,1785,82.562442,5,0.294118
443,25,4.409171,2630,80.354415,1828,84.551341,5,0.294118
33,26,4.585538,2650,80.965475,1832,84.736355,5,0.294118
119,27,4.761905,2650,80.965475,1832,84.736355,5,0.294118
143,28,4.938272,2651,80.996028,1832,84.736355,5,0.294118
563,29,5.114638,2753,84.112435,1888,87.326549,6,0.352941
315,30,5.291005,2754,84.142988,1888,87.326549,6,0.352941
534,31,5.467372,2755,84.173541,1888,87.326549,6,0.352941
267,32,5.643739,2755,84.173541,1888,87.326549,6,0.352941
