TestcaseNumber,TestcaseCount,TestcaseRatio,StatementCount,StatementRatio,BranchCount,BranchRatio,FaultCount,FaultRatio
192,1,0.176367,1598,48.823709,1239,57.308048,3,0.176471
400,2,0.352734,1960,59.883899,1515,70.074006,3,0.176471
238,3,0.529101,2354,71.921784,1676,77.520814,3,0.176471
444,4,0.705467,2555,78.062939,1790,82.793710,4,0.235294
366,5,0.881834,2573,78.612893,1794,82.978723,4,0.235294
547,6,1.058201,2634,80.476627,1824,84.366327,4,0.235294
128,7,1.234568,2647,80.873816,1848,85.476411,4,0.235294
92,8,1.410935,2647,80.873816,1848,85.476411,4,0.235294
122,9,1.587302,2647,80.873816,1848,85.476411,4,0.235294
116,10,1.763668,2647,80.873816,1848,85.476411,4,0.235294
529,11,1.940035,2664,81.393217,1862,86.123959,4,0.235294
215,12,2.116402,2664,81.393217,1862,86.123959,4,0.235294
144,13,2.292769,2664,81.393217,1862,86.123959,4,0.235294
146,14,2.469136,2664,81.393217,1862,86.123959,4,0.235294
246,15,2.645503,2664,81.393217,1862,86.123959,4,0.235294
63,16,2.821869,2680,81.882065,1868,86.401480,4,0.235294
468,17,2.998236,2680,81.882065,1868,86.401480,4,0.235294
379,18,3.174603,2682,81.943171,1872,86.586494,4,0.235294
446,19,3.350970,2682,81.943171,1872,86.586494,4,0.235294
471,20,3.527337,2682,81.943171,1872,86.586494,4,0.235294
255,21,3.703704,2682,81.943171,1872,86.586494,4,0.235294
101,22,3.880071,2682,81.943171,1872,86.586494,4,0.235294
337,23,4.056437,2682,81.943171,1872,86.586494,4,0.235294
11,24,4.232804,2685,82.034830,1872,86.586494,4,0.235294
203,25,4.409171,2685,82.034830,1872,86.586494,4,0.235294
324,26,4.585538,2687,82.095936,1872,86.586494,4,0.235294
53,27,4.761905,2688,82.126489,1872,86.586494,4,0.235294
72,28,4.938272,2688,82.126489,1872,86.586494,4,0.235294
456,29,5.114638,2688,82.126489,1872,86.586494,4,0.235294
305,30,5.291005,2689,82.157042,1872,86.586494,4,0.235294
