TestcaseNumber,TestcaseCount,TestcaseRatio,StatementCount,StatementRatio,BranchCount,BranchRatio,FaultCount,FaultRatio
292,1,0.176367,1699,51.909563,1391,64.338575,0,0.000000
272,2,0.352734,1790,54.689887,1427,66.003700,1,0.058824
521,3,0.529101,1807,55.209288,1439,66.558742,1,0.058824
364,4,0.705467,2076,63.428048,1589,73.496762,2,0.117647
149,5,0.881834,2079,63.519707,1589,73.496762,2,0.117647
399,6,1.058201,2079,63.519707,1589,73.496762,2,0.117647
342,7,1.234568,2079,63.519707,1589,73.496762,2,0.117647
542,8,1.410935,2083,63.641919,1589,73.496762,2,0.117647
474,9,1.587302,2083,63.641919,1589,73.496762,2,0.117647
224,10,1.763668,2083,63.641919,1589,73.496762,2,0.117647
21,11,1.940035,2088,63.794684,1589,73.496762,2,0.117647
530,12,2.116402,2185,66.758326,1633,75.531915,2,0.117647
338,13,2.292769,2456,75.038191,1740,80.481036,2,0.117647
372,14,2.469136,2501,76.413077,1766,81.683626,2,0.117647
43,15,2.645503,2501,76.413077,1766,81.683626,2,0.117647
186,16,2.821869,2654,81.087687,1846,85.383904,5,0.294118
384,17,2.998236,2654,81.087687,1846,85.383904,5,0.294118
33,18,3.174603,2656,81.148793,1846,85.383904,5,0.294118
445,19,3.350970,2679,81.851512,1856,85.846438,5,0.294118
50,20,3.527337,2680,81.882065,1856,85.846438,5,0.294118
461,21,3.703704,2690,82.187595,1860,86.031452,5,0.294118
180,22,3.880071,2692,82.248701,1860,86.031452,5,0.294118
483,23,4.056437,2702,82.554232,1866,86.308973,5,0.294118
51,24,4.232804,2702,82.554232,1866,86.308973,5,0.294118
11,25,4.409171,2705,82.645891,1866,86.308973,5,0.294118
270,26,4.585538,2705,82.645891,1866,86.308973,5,0.294118
41,27,4.761905,2715,82.951421,1876,86.771508,5,0.294118
405,28,4.938272,2715,82.951421,1876,86.771508,5,0.294118
58,29,5.114638,2718,83.043080,1876,86.771508,5,0.294118
464,30,5.291005,2718,83.043080,1876,86.771508,5,0.294118
