TestcaseNumber,TestcaseCount,TestcaseRatio,StatementCount,StatementRatio,BranchCount,BranchRatio,FaultCount,FaultRatio
465,1,0.176367,1770,54.078827,1387,64.153562,0,0.000000
345,2,0.352734,1777,54.292698,1391,64.338575,0,0.000000
257,3,0.529101,1929,58.936755,1469,67.946346,0,0.000000
354,4,0.705467,2154,65.811182,1591,73.589269,1,0.058824
183,5,0.881834,2461,75.190956,1762,81.498612,4,0.235294
490,6,1.058201,2494,76.199206,1784,82.516189,4,0.235294
210,7,1.234568,2494,76.199206,1784,82.516189,4,0.235294
305,8,1.410935,2495,76.229759,1784,82.516189,4,0.235294
484,9,1.587302,2495,76.229759,1784,82.516189,4,0.235294
467,10,1.763668,2495,76.229759,1784,82.516189,4,0.235294
445,11,1.940035,2496,76.260312,1784,82.516189,4,0.235294
489,12,2.116402,2498,76.321418,1788,82.701203,4,0.235294
121,13,2.292769,2512,76.749160,1796,83.071230,4,0.235294
98,14,2.469136,2597,79.346166,1828,84.551341,4,0.235294
166,15,2.645503,2656,81.148793,1860,86.031452,4,0.235294
6,16,2.821869,2733,83.501375,1932,89.361702,5,0.294118
323,17,2.998236,2733,83.501375,1932,89.361702,5,0.294118
276,18,3.174603,2737,83.623587,1932,89.361702,5,0.294118
230,19,3.350970,2737,83.623587,1932,89.361702,5,0.294118
431,20,3.527337,2737,83.623587,1932,89.361702,5,0.294118
228,21,3.703704,2737,83.623587,1932,89.361702,5,0.294118
532,22,3.880071,2745,83.868011,1940,89.731730,5,0.294118
119,23,4.056437,2745,83.868011,1940,89.731730,5,0.294118
493,24,4.232804,2745,83.868011,1940,89.731730,5,0.294118
95,25,4.409171,2745,83.868011,1940,89.731730,5,0.294118
434,26,4.585538,2745,83.868011,1940,89.731730,5,0.294118
289,27,4.761905,2745,83.868011,1940,89.731730,5,0.294118
177,28,4.938272,2747,83.929117,1940,89.731730,5,0.294118
389,29,5.114638,2747,83.929117,1940,89.731730,5,0.294118
