TestcaseNumber,TestcaseCount,TestcaseRatio,StatementCount,StatementRatio,BranchCount,BranchRatio,FaultCount,FaultRatio
306,1,0.176367,1383,42.254812,1129,52.220167,3,0.176471
65,2,0.352734,2035,62.175374,1519,70.259019,3,0.176471
335,3,0.529101,2106,64.344638,1557,72.016651,3,0.176471
194,4,0.705467,2325,71.035747,1671,77.289547,4,0.235294
239,5,0.881834,2327,71.096853,1675,77.474561,4,0.235294
321,6,1.058201,2354,71.921784,1695,78.399630,4,0.235294
10,7,1.234568,2428,74.182707,1739,80.434783,5,0.294118
167,8,1.410935,2553,78.001833,1801,83.302498,5,0.294118
249,9,1.587302,2553,78.001833,1801,83.302498,5,0.294118
343,10,1.763668,2641,80.690498,1870,86.493987,5,0.294118
463,11,1.940035,2645,80.812710,1872,86.586494,5,0.294118
293,12,2.116402,2649,80.934922,1872,86.586494,5,0.294118
424,13,2.292769,2649,80.934922,1872,86.586494,5,0.294118
426,14,2.469136,2652,81.026581,1872,86.586494,5,0.294118
476,15,2.645503,2652,81.026581,1872,86.586494,5,0.294118
298,16,2.821869,2655,81.118240,1872,86.586494,5,0.294118
527,17,2.998236,2675,81.729300,1886,87.234043,5,0.294118
117,18,3.174603,2675,81.729300,1886,87.234043,5,0.294118
229,19,3.350970,2675,81.729300,1886,87.234043,5,0.294118
289,20,3.527337,2675,81.729300,1886,87.234043,5,0.294118
89,21,3.703704,2675,81.729300,1886,87.234043,5,0.294118
162,22,3.880071,2675,81.729300,1886,87.234043,5,0.294118
272,23,4.056437,2675,81.729300,1886,87.234043,5,0.294118
113,24,4.232804,2675,81.729300,1886,87.234043,5,0.294118
436,25,4.409171,2675,81.729300,1886,87.234043,5,0.294118
