TestcaseNumber,TestcaseCount,TestcaseRatio,StatementCount,StatementRatio,BranchCount,BranchRatio,FaultCount,FaultRatio
165,1,0.176367,1515,46.287809,1233,57.030527,0,0.000000
204,2,0.352734,1784,54.506569,1371,63.413506,1,0.058824
259,3,0.529101,1796,54.873205,1381,63.876041,1,0.058824
95,4,0.705467,2172,66.361137,1601,74.051804,1,0.058824
181,5,0.881834,2342,71.555148,1693,78.307123,4,0.235294
362,6,1.058201,2464,75.282615,1753,81.082331,4,0.235294
141,7,1.234568,2472,75.527039,1767,81.729880,4,0.235294
335,8,1.410935,2477,75.679804,1771,81.914894,4,0.235294
250,9,1.587302,2477,75.679804,1771,81.914894,4,0.235294
452,10,1.763668,2477,75.679804,1771,81.914894,4,0.235294
403,11,1.940035,2561,78.246257,1824,84.366327,4,0.235294
415,12,2.116402,2561,78.246257,1824,84.366327,4,0.235294
149,13,2.292769,2561,78.246257,1824,84.366327,4,0.235294
123,14,2.469136,2570,78.521234,1828,84.551341,4,0.235294
211,15,2.645503,2571,78.551787,1828,84.551341,4,0.235294
368,16,2.821869,2656,81.148793,1860,86.031452,4,0.235294
400,17,2.998236,2656,81.148793,1860,86.031452,4,0.235294
512,18,3.174603,2656,81.148793,1860,86.031452,4,0.235294
197,19,3.350970,2656,81.148793,1860,86.031452,4,0.235294
79,20,3.527337,2656,81.148793,1860,86.031452,4,0.235294
546,21,3.703704,2742,83.776352,1916,88.621647,5,0.294118
266,22,3.880071,2742,83.776352,1916,88.621647,5,0.294118
176,23,4.056437,2745,83.868011,1916,88.621647,5,0.294118
369,24,4.232804,2745,83.868011,1916,88.621647,5,0.294118
233,25,4.409171,2745,83.868011,1916,88.621647,5,0.294118
178,26,4.585538,2748,83.959670,1916,88.621647,5,0.294118
505,27,4.761905,2748,83.959670,1916,88.621647,5,0.294118
254,28,4.938272,2748,83.959670,1916,88.621647,5,0.294118
462,29,5.114638,2748,83.959670,1916,88.621647,5,0.294118
