TestcaseNumber,TestcaseCount,TestcaseRatio,StatementCount,StatementRatio,BranchCount,BranchRatio,FaultCount,FaultRatio
520,1,0.176367,1668,50.962420,1345,62.210916,1,0.058824
27,2,0.352734,1888,57.684082,1475,68.223867,1,0.058824
351,3,0.529101,1916,58.539566,1503,69.518964,1,0.058824
175,4,0.705467,2069,63.214177,1583,73.219241,4,0.235294
111,5,0.881834,2082,63.611366,1587,73.404255,4,0.235294
321,6,1.058201,2082,63.611366,1587,73.404255,4,0.235294
43,7,1.234568,2191,66.941644,1647,76.179463,5,0.294118
533,8,1.410935,2561,78.246257,1844,85.291397,6,0.352941
441,9,1.587302,2565,78.368469,1844,85.291397,6,0.352941
38,10,1.763668,2648,80.904369,1876,86.771508,6,0.352941
286,11,1.940035,2648,80.904369,1876,86.771508,6,0.352941
3,12,2.116402,2651,80.996028,1884,87.141536,6,0.352941
98,13,2.292769,2806,85.731745,1936,89.546716,6,0.352941
9,14,2.469136,2826,86.342805,1942,89.824237,6,0.352941
12,15,2.645503,2829,86.434464,1942,89.824237,6,0.352941
500,16,2.821869,2831,86.495570,1942,89.824237,6,0.352941
223,17,2.998236,2831,86.495570,1942,89.824237,6,0.352941
155,18,3.174603,2831,86.495570,1942,89.824237,6,0.352941
163,19,3.350970,2885,88.145432,1974,91.304348,6,0.352941
63,20,3.527337,2889,88.267644,1974,91.304348,6,0.352941
280,21,3.703704,2889,88.267644,1974,91.304348,6,0.352941
470,22,3.880071,2889,88.267644,1974,91.304348,6,0.352941
458,23,4.056437,2889,88.267644,1974,91.304348,6,0.352941
360,24,4.232804,2889,88.267644,1974,91.304348,6,0.352941
219,25,4.409171,2891,88.328750,1978,91.489362,6,0.352941
294,26,4.585538,2891,88.328750,1978,91.489362,6,0.352941
496,27,4.761905,2895,88.450962,1978,91.489362,6,0.352941
