TestcaseNumber,TestcaseCount,TestcaseRatio,StatementCount,StatementRatio,BranchCount,BranchRatio,FaultCount,FaultRatio
459,1,0.176367,1084,33.119462,863,39.916744,1,0.058824
177,2,0.352734,1876,57.317446,1401,64.801110,4,0.235294
266,3,0.529101,2333,71.280171,1675,77.474561,5,0.294118
382,4,0.705467,2361,72.135655,1705,78.862165,5,0.294118
33,5,0.881834,2391,73.052246,1713,79.232192,5,0.294118
185,6,1.058201,2404,73.449435,1725,79.787234,5,0.294118
560,7,1.234568,2486,75.954782,1805,83.487512,5,0.294118
222,8,1.410935,2486,75.954782,1805,83.487512,5,0.294118
128,9,1.587302,2635,80.507180,1874,86.679001,5,0.294118
540,10,1.763668,2638,80.598839,1874,86.679001,5,0.294118
123,11,1.940035,2698,82.432020,1904,88.066605,5,0.294118
125,12,2.116402,2698,82.432020,1904,88.066605,5,0.294118
144,13,2.292769,2698,82.432020,1904,88.066605,5,0.294118
68,14,2.469136,2699,82.462573,1904,88.066605,5,0.294118
244,15,2.645503,2699,82.462573,1904,88.066605,5,0.294118
505,16,2.821869,2699,82.462573,1904,88.066605,5,0.294118
414,17,2.998236,2699,82.462573,1906,88.159112,5,0.294118
450,18,3.174603,2699,82.462573,1906,88.159112,5,0.294118
173,19,3.350970,2702,82.554232,1906,88.159112,5,0.294118
374,20,3.527337,2702,82.554232,1906,88.159112,5,0.294118
556,21,3.703704,2783,85.029025,1958,90.564292,7,0.411765
109,22,3.880071,2783,85.029025,1958,90.564292,7,0.411765
400,23,4.056437,2783,85.029025,1958,90.564292,7,0.411765
441,24,4.232804,2786,85.120684,1958,90.564292,7,0.411765
369,25,4.409171,2786,85.120684,1958,90.564292,7,0.411765
39,26,4.585538,2791,85.273449,1960,90.656799,7,0.411765
271,27,4.761905,2791,85.273449,1960,90.656799,7,0.411765
478,28,4.938272,2791,85.273449,1960,90.656799,7,0.411765
388,29,5.114638,2791,85.273449,1960,90.656799,7,0.411765
381,30,5.291005,2791,85.273449,1960,90.656799,7,0.411765
