TestcaseNumber,TestcaseCount,TestcaseRatio,StatementCount,StatementRatio,BranchCount,BranchRatio,FaultCount,FaultRatio
401,1,0.176367,1502,45.890620,1269,58.695652,0,0.000000
563,2,0.352734,1820,55.606477,1471,68.038853,1,0.058824
224,3,0.529101,2106,64.344638,1633,75.531915,2,0.117647
220,4,0.705467,2186,66.788879,1675,77.474561,2,0.117647
17,5,0.881834,2209,67.491598,1687,78.029602,2,0.117647
38,6,1.058201,2327,71.096853,1739,80.434783,2,0.117647
415,7,1.234568,2327,71.096853,1739,80.434783,2,0.117647
39,8,1.410935,2332,71.249618,1743,80.619796,2,0.117647
433,9,1.587302,2544,77.726856,1852,85.661425,5,0.294118
309,10,1.763668,2546,77.787962,1852,85.661425,5,0.294118
503,11,1.940035,2554,78.032386,1854,85.753932,5,0.294118
352,12,2.116402,2626,80.232203,1892,87.511563,5,0.294118
187,13,2.292769,2628,80.293309,1892,87.511563,5,0.294118
72,14,2.469136,2628,80.293309,1892,87.511563,5,0.294118
504,15,2.645503,2628,80.293309,1892,87.511563,5,0.294118
46,16,2.821869,2629,80.323862,1892,87.511563,5,0.294118
119,17,2.998236,2641,80.690498,1902,87.974098,5,0.294118
106,18,3.174603,2693,82.279255,1906,88.159112,5,0.294118
148,19,3.350970,2693,82.279255,1906,88.159112,5,0.294118
261,20,3.527337,2693,82.279255,1906,88.159112,5,0.294118
64,21,3.703704,2693,82.279255,1906,88.159112,5,0.294118
88,22,3.880071,2777,84.845707,1938,89.639223,5,0.294118
537,23,4.056437,2784,85.059578,1938,89.639223,5,0.294118
195,24,4.232804,2784,85.059578,1938,89.639223,5,0.294118
202,25,4.409171,2784,85.059578,1938,89.639223,5,0.294118
502,26,4.585538,2784,85.059578,1938,89.639223,5,0.294118
196,27,4.761905,2784,85.059578,1938,89.639223,5,0.294118
271,28,4.938272,2784,85.059578,1938,89.639223,6,0.352941
274,29,5.114638,2784,85.059578,1938,89.639223,6,0.352941
