TestcaseNumber,TestcaseCount,TestcaseRatio,StatementCount,StatementRatio,BranchCount,BranchRatio,FaultCount,FaultRatio
554,1,0.176367,1126,34.402689,902,41.720629,4,0.235294
486,2,0.352734,2130,65.077910,1599,73.959297,4,0.235294
494,3,0.529101,2134,65.200122,1603,74.144311,4,0.235294
22,4,0.705467,2139,65.352887,1605,74.236818,4,0.235294
507,5,0.881834,2256,68.927589,1685,77.937095,4,0.235294
293,6,1.058201,2399,73.296670,1774,82.053654,4,0.235294
432,7,1.234568,2559,78.185151,1856,85.846438,7,0.411765
57,8,1.410935,2605,79.590590,1872,86.586494,7,0.411765
315,9,1.587302,2609,79.712802,1872,86.586494,7,0.411765
237,10,1.763668,2617,79.957226,1876,86.771508,7,0.411765
471,11,1.940035,2617,79.957226,1876,86.771508,7,0.411765
59,12,2.116402,2617,79.957226,1876,86.771508,7,0.411765
511,13,2.292769,2617,79.957226,1876,86.771508,7,0.411765
211,14,2.469136,2617,79.957226,1876,86.771508,7,0.411765
314,15,2.645503,2618,79.987779,1876,86.771508,7,0.411765
255,16,2.821869,2630,80.354415,1886,87.234043,7,0.411765
206,17,2.998236,2630,80.354415,1886,87.234043,7,0.411765
456,18,3.174603,2630,80.354415,1886,87.234043,7,0.411765
449,19,3.350970,2632,80.415521,1890,87.419056,7,0.411765
479,20,3.527337,2632,80.415521,1890,87.419056,7,0.411765
463,21,3.703704,2632,80.415521,1890,87.419056,7,0.411765
469,22,3.880071,2632,80.415521,1890,87.419056,7,0.411765
472,23,4.056437,2632,80.415521,1890,87.419056,7,0.411765
227,24,4.232804,2632,80.415521,1890,87.419056,7,0.411765
67,25,4.409171,2632,80.415521,1890,87.419056,7,0.411765
178,26,4.585538,2636,80.537733,1890,87.419056,7,0.411765
424,27,4.761905,2636,80.537733,1890,87.419056,7,0.411765
