TestcaseNumber,TestcaseCount,TestcaseRatio,StatementCount,StatementRatio,BranchCount,BranchRatio,FaultCount,FaultRatio
506,1,0.176367,1643,50.198595,1301,60.175763,0,0.000000
170,2,0.352734,2092,63.916896,1559,72.109158,3,0.176471
310,3,0.529101,2099,64.130767,1559,72.109158,3,0.176471
270,4,0.705467,2119,64.741827,1581,73.126735,4,0.235294
231,5,0.881834,2123,64.864039,1585,73.311748,4,0.235294
272,6,1.058201,2199,67.186068,1625,75.161887,4,0.235294
7,7,1.234568,2207,67.430492,1629,75.346901,4,0.235294
526,8,1.410935,2421,73.968836,1745,80.712303,5,0.294118
74,9,1.587302,2421,73.968836,1745,80.712303,5,0.294118
459,10,1.763668,2423,74.029942,1749,80.897317,5,0.294118
5,11,1.940035,2457,75.068744,1763,81.544866,5,0.294118
449,12,2.116402,2457,75.068744,1763,81.544866,5,0.294118
226,13,2.292769,2457,75.068744,1763,81.544866,5,0.294118
304,14,2.469136,2457,75.068744,1763,81.544866,5,0.294118
432,15,2.645503,2459,75.129850,1763,81.544866,5,0.294118
358,16,2.821869,2611,79.773908,1832,84.736355,5,0.294118
337,17,2.998236,2611,79.773908,1832,84.736355,5,0.294118
208,18,3.174603,2611,79.773908,1832,84.736355,5,0.294118
467,19,3.350970,2611,79.773908,1832,84.736355,5,0.294118
221,20,3.527337,2611,79.773908,1832,84.736355,5,0.294118
339,21,3.703704,2611,79.773908,1832,84.736355,5,0.294118
327,22,3.880071,2612,79.804461,1832,84.736355,5,0.294118
18,23,4.056437,2623,80.140544,1842,85.198890,5,0.294118
457,24,4.232804,2623,80.140544,1842,85.198890,5,0.294118
120,25,4.409171,2623,80.140544,1842,85.198890,5,0.294118
478,26,4.585538,2623,80.140544,1842,85.198890,5,0.294118
349,27,4.761905,2623,80.140544,1842,85.198890,5,0.294118
350,28,4.938272,2623,80.140544,1842,85.198890,5,0.294118
382,29,5.114638,2623,80.140544,1842,85.198890,5,0.294118
69,30,5.291005,2623,80.140544,1842,85.198890,5,0.294118
291,31,5.467372,2627,80.262756,1842,85.198890,5,0.294118
