TestcaseNumber,TestcaseCount,TestcaseRatio,StatementCount,StatementRatio,BranchCount,BranchRatio,FaultCount,FaultRatio
177,1,0.176367,1589,48.548732,1239,57.308048,3,0.176471
463,2,0.352734,2040,62.328139,1540,71.230342,3,0.176471
83,3,0.529101,2043,62.419798,1540,71.230342,3,0.176471
451,4,0.705467,2075,63.397495,1558,72.062905,3,0.176471
72,5,0.881834,2075,63.397495,1560,72.155412,3,0.176471
22,6,1.058201,2316,70.760770,1704,78.815911,4,0.235294
361,7,1.234568,2316,70.760770,1704,78.815911,4,0.235294
288,8,1.410935,2320,70.882982,1704,78.815911,4,0.235294
275,9,1.587302,2334,71.310724,1714,79.278446,4,0.235294
3,10,1.763668,2347,71.707913,1726,79.833488,5,0.294118
444,11,1.940035,2361,72.135655,1730,80.018501,5,0.294118
53,12,2.116402,2363,72.196761,1730,80.018501,5,0.294118
398,13,2.292769,2363,72.196761,1730,80.018501,5,0.294118
289,14,2.469136,2363,72.196761,1730,80.018501,5,0.294118
370,15,2.645503,2363,72.196761,1730,80.018501,5,0.294118
343,16,2.821869,2400,73.327223,1768,81.776133,5,0.294118
60,17,2.998236,2401,73.357776,1768,81.776133,5,0.294118
137,18,3.174603,2538,77.543538,1806,83.533765,5,0.294118
298,19,3.350970,2539,77.574091,1806,83.533765,5,0.294118
321,20,3.527337,2539,77.574091,1806,83.533765,5,0.294118
379,21,3.703704,2541,77.635197,1810,83.718779,5,0.294118
24,22,3.880071,2541,77.635197,1810,83.718779,5,0.294118
145,23,4.056437,2541,77.635197,1810,83.718779,5,0.294118
485,24,4.232804,2542,77.665750,1810,83.718779,5,0.294118
435,25,4.409171,2542,77.665750,1810,83.718779,5,0.294118
291,26,4.585538,2542,77.665750,1810,83.718779,5,0.294118
103,27,4.761905,2542,77.665750,1810,83.718779,5,0.294118
521,28,4.938272,2542,77.665750,1810,83.718779,5,0.294118
399,29,5.114638,2542,77.665750,1810,83.718779,5,0.294118
152,30,5.291005,2542,77.665750,1810,83.718779,5,0.294118
407,31,5.467372,2542,77.665750,1810,83.718779,5,0.294118
165,32,5.643739,2599,79.407272,1842,85.198890,5,0.294118
