TestcaseNumber,TestcaseCount,TestcaseRatio,StatementCount,StatementRatio,BranchCount,BranchRatio,FaultCount,FaultRatio
230,1,0.176367,1705,52.092881,1393,64.431082,0,0.000000
167,2,0.352734,1872,57.195234,1475,68.223867,0,0.000000
25,3,0.529101,1945,59.425603,1511,69.888992,0,0.000000
535,4,0.705467,2035,62.175374,1559,72.109158,0,0.000000
56,5,0.881834,2187,66.819432,1637,75.716929,3,0.176471
1,6,1.058201,2318,70.821876,1705,78.862165,7,0.411765
399,7,1.234568,2318,70.821876,1705,78.862165,7,0.411765
340,8,1.410935,2340,71.494042,1717,79.417206,7,0.411765
345,9,1.587302,2477,75.679804,1755,81.174838,7,0.411765
502,10,1.763668,2478,75.710357,1755,81.174838,7,0.411765
323,11,1.940035,2562,78.276810,1802,83.348751,7,0.411765
53,12,2.116402,2568,78.460128,1802,83.348751,7,0.411765
245,13,2.292769,2569,78.490681,1802,83.348751,7,0.411765
412,14,2.469136,2569,78.490681,1802,83.348751,7,0.411765
206,15,2.645503,2570,78.521234,1802,83.348751,7,0.411765
484,16,2.821869,2570,78.521234,1802,83.348751,7,0.411765
527,17,2.998236,2598,79.376719,1830,84.643848,7,0.411765
222,18,3.174603,2603,79.529484,1840,85.106383,7,0.411765
458,19,3.350970,2687,82.095936,1872,86.586494,7,0.411765
59,20,3.527337,2687,82.095936,1872,86.586494,7,0.411765
331,21,3.703704,2687,82.095936,1872,86.586494,7,0.411765
313,22,3.880071,2687,82.095936,1872,86.586494,7,0.411765
48,23,4.056437,2687,82.095936,1872,86.586494,7,0.411765
296,24,4.232804,2687,82.095936,1872,86.586494,7,0.411765
465,25,4.409171,2687,82.095936,1872,86.586494,7,0.411765
