TestcaseNumber,TestcaseCount,TestcaseRatio,StatementCount,StatementRatio,BranchCount,BranchRatio,FaultCount,FaultRatio
237,1,0.176367,1831,55.942560,1385,64.061055,0,0.000000
121,2,0.352734,1964,60.006111,1467,67.853839,0,0.000000
390,3,0.529101,2047,62.542010,1527,70.629047,0,0.000000
203,4,0.705467,2137,65.291781,1574,72.802960,0,0.000000
538,5,0.881834,2234,68.255423,1632,75.485661,0,0.000000
167,6,1.058201,2309,70.546899,1678,77.613321,0,0.000000
435,7,1.234568,2444,74.671555,1744,80.666050,3,0.176471
524,8,1.410935,2562,78.276810,1804,83.441258,5,0.294118
1,9,1.587302,2565,78.368469,1806,83.533765,7,0.411765
489,10,1.763668,2569,78.490681,1810,83.718779,7,0.411765
120,11,1.940035,2569,78.490681,1810,83.718779,7,0.411765
19,12,2.116402,2592,79.193401,1846,85.383904,17,1.000000
244,13,2.292769,2592,79.193401,1846,85.383904,17,1.000000
485,14,2.469136,2592,79.193401,1846,85.383904,17,1.000000
264,15,2.645503,2592,79.193401,1846,85.383904,17,1.000000
492,16,2.821869,2592,79.193401,1846,85.383904,17,1.000000
477,17,2.998236,2597,79.346166,1856,85.846438,17,1.000000
297,18,3.174603,2602,79.498931,1856,85.846438,17,1.000000
253,19,3.350970,2602,79.498931,1856,85.846438,17,1.000000
479,20,3.527337,2602,79.498931,1856,85.846438,17,1.000000
271,21,3.703704,2602,79.498931,1856,85.846438,17,1.000000
455,22,3.880071,2602,79.498931,1856,85.846438,17,1.000000
251,23,4.056437,2602,79.498931,1856,85.846438,17,1.000000
135,24,4.232804,2602,79.498931,1856,85.846438,17,1.000000
127,25,4.409171,2602,79.498931,1856,85.846438,17,1.000000
469,26,4.585538,2602,79.498931,1856,85.846438,17,1.000000
501,27,4.761905,2602,79.498931,1856,85.846438,17,1.000000
49,28,4.938272,2602,79.498931,1856,85.846438,17,1.000000
