TestcaseNumber,TestcaseCount,TestcaseRatio,StatementCount,StatementRatio,BranchCount,BranchRatio,FaultCount,FaultRatio
461,1,0.176367,1535,46.898870,1269,58.695652,0,0.000000
104,2,0.352734,1900,58.050718,1471,68.038853,1,0.058824
140,3,0.529101,2022,61.778185,1559,72.109158,1,0.058824
315,4,0.705467,2036,62.205927,1565,72.386679,1,0.058824
261,5,0.881834,2066,63.122518,1591,73.589269,1,0.058824
272,6,1.058201,2138,65.322334,1631,75.439408,2,0.117647
65,7,1.234568,2282,69.721968,1669,77.197040,2,0.117647
175,8,1.410935,2435,74.396578,1749,80.897317,5,0.294118
403,9,1.587302,2514,76.810266,1792,82.886216,5,0.294118
113,10,1.763668,2514,76.810266,1792,82.886216,5,0.294118
475,11,1.940035,2514,76.810266,1792,82.886216,5,0.294118
464,12,2.116402,2514,76.810266,1792,82.886216,5,0.294118
356,13,2.292769,2514,76.810266,1792,82.886216,5,0.294118
562,14,2.469136,2514,76.810266,1792,82.886216,5,0.294118
399,15,2.645503,2514,76.810266,1792,82.886216,5,0.294118
447,16,2.821869,2514,76.810266,1792,82.886216,5,0.294118
148,17,2.998236,2514,76.810266,1792,82.886216,5,0.294118
353,18,3.174603,2514,76.810266,1792,82.886216,5,0.294118
242,19,3.350970,2514,76.810266,1792,82.886216,5,0.294118
151,20,3.527337,2514,76.810266,1792,82.886216,5,0.294118
516,21,3.703704,2514,76.810266,1792,82.886216,5,0.294118
426,22,3.880071,2514,76.810266,1792,82.886216,5,0.294118
258,23,4.056437,2598,79.376719,1824,84.366327,5,0.294118
289,24,4.232804,2598,79.376719,1824,84.366327,5,0.294118
118,25,4.409171,2598,79.376719,1824,84.366327,5,0.294118
337,26,4.585538,2598,79.376719,1824,84.366327,5,0.294118
504,27,4.761905,2598,79.376719,1824,84.366327,5,0.294118
27,28,4.938272,2598,79.376719,1824,84.366327,5,0.294118
52,29,5.114638,2600,79.437825,1824,84.366327,5,0.294118
