TestcaseNumber,TestcaseCount,TestcaseRatio,StatementCount,StatementRatio,BranchCount,BranchRatio,FaultCount,FaultRatio
550,1,0.176367,845,25.817293,775,35.846438,0,0.000000
330,2,0.352734,1757,53.681638,1459,67.483811,0,0.000000
269,3,0.529101,1977,60.403300,1567,72.479186,2,0.117647
70,4,0.705467,2040,62.328139,1591,73.589269,2,0.117647
73,5,0.881834,2168,66.238925,1660,76.780759,2,0.117647
541,6,1.058201,2221,67.858234,1694,78.353377,2,0.117647
109,7,1.234568,2221,67.858234,1694,78.353377,2,0.117647
176,8,1.410935,2370,72.410632,1764,81.591119,5,0.294118
78,9,1.587302,2574,78.643446,1832,84.736355,5,0.294118
547,10,1.763668,2600,79.437825,1836,84.921369,5,0.294118
4,11,1.940035,2626,80.232203,1844,85.291397,5,0.294118
132,12,2.116402,2699,82.462573,1882,87.049029,5,0.294118
88,13,2.292769,2699,82.462573,1882,87.049029,5,0.294118
259,14,2.469136,2699,82.462573,1882,87.049029,5,0.294118
202,15,2.645503,2699,82.462573,1882,87.049029,5,0.294118
102,16,2.821869,2699,82.462573,1882,87.049029,5,0.294118
114,17,2.998236,2703,82.584785,1890,87.419056,5,0.294118
501,18,3.174603,2704,82.615338,1890,87.419056,5,0.294118
34,19,3.350970,2712,82.859762,1892,87.511563,5,0.294118
133,20,3.527337,2712,82.859762,1892,87.511563,5,0.294118
119,21,3.703704,2712,82.859762,1892,87.511563,5,0.294118
72,22,3.880071,2712,82.859762,1892,87.511563,5,0.294118
268,23,4.056437,2712,82.859762,1892,87.511563,5,0.294118
175,24,4.232804,2712,82.859762,1892,87.511563,5,0.294118
136,25,4.409171,2722,83.165292,1892,87.511563,5,0.294118
306,26,4.585538,2725,83.256951,1892,87.511563,5,0.294118
79,27,4.761905,2725,83.256951,1892,87.511563,5,0.294118
385,28,4.938272,2725,83.256951,1892,87.511563,5,0.294118
15,29,5.114638,2737,83.623587,1902,87.974098,5,0.294118
529,30,5.291005,2751,84.051329,1916,88.621647,5,0.294118
554,31,5.467372,2822,86.220593,1982,91.674376,7,0.411765
