TestcaseNumber,TestcaseCount,TestcaseRatio,StatementCount,StatementRatio,BranchCount,BranchRatio,FaultCount,FaultRatio
290,1,0.176367,1650,50.412466,1377,63.691027,0,0.000000
184,2,0.352734,1924,58.783990,1521,70.351526,4,0.235294
136,3,0.529101,2132,65.139016,1595,73.774283,4,0.235294
218,4,0.705467,2322,70.944088,1692,78.260870,4,0.235294
29,5,0.881834,2322,70.944088,1692,78.260870,4,0.235294
430,6,1.058201,2492,76.138100,1778,82.238668,4,0.235294
464,7,1.234568,2492,76.138100,1778,82.238668,4,0.235294
242,8,1.410935,2575,78.673999,1814,83.903793,4,0.235294
247,9,1.587302,2576,78.704552,1814,83.903793,4,0.235294
277,10,1.763668,2576,78.704552,1814,83.903793,4,0.235294
139,11,1.940035,2578,78.765658,1818,84.088807,4,0.235294
299,12,2.116402,2578,78.765658,1818,84.088807,4,0.235294
223,13,2.292769,2588,79.071189,1824,84.366327,4,0.235294
484,14,2.469136,2588,79.071189,1824,84.366327,4,0.235294
191,15,2.645503,2594,79.254507,1824,84.366327,4,0.235294
347,16,2.821869,2594,79.254507,1824,84.366327,4,0.235294
65,17,2.998236,2594,79.254507,1824,84.366327,4,0.235294
12,18,3.174603,2601,79.468378,1826,84.458834,5,0.294118
491,19,3.350970,2611,79.773908,1830,84.643848,5,0.294118
151,20,3.527337,2611,79.773908,1830,84.643848,5,0.294118
119,21,3.703704,2611,79.773908,1830,84.643848,5,0.294118
60,22,3.880071,2611,79.773908,1830,84.643848,5,0.294118
486,23,4.056437,2611,79.773908,1830,84.643848,5,0.294118
434,24,4.232804,2611,79.773908,1830,84.643848,5,0.294118
534,25,4.409171,2615,79.896120,1830,84.643848,5,0.294118
482,26,4.585538,2615,79.896120,1830,84.643848,5,0.294118
103,27,4.761905,2615,79.896120,1830,84.643848,5,0.294118
441,28,4.938272,2615,79.896120,1830,84.643848,5,0.294118
52,29,5.114638,2618,79.987779,1830,84.643848,5,0.294118
