TestcaseNumber,TestcaseCount,TestcaseRatio,StatementCount,StatementRatio,BranchCount,BranchRatio,FaultCount,FaultRatio
545,1,0.176367,797,24.350749,696,32.192414,2,0.117647
197,2,0.352734,1992,60.861595,1477,68.316374,2,0.117647
153,3,0.529101,2232,68.194317,1632,75.485661,2,0.117647
340,4,0.705467,2295,70.119157,1680,77.705828,2,0.117647
63,5,0.881834,2452,74.915979,1760,81.406105,5,0.294118
487,6,1.058201,2452,74.915979,1760,81.406105,5,0.294118
278,7,1.234568,2461,75.190956,1764,81.591119,5,0.294118
352,8,1.410935,2461,75.190956,1764,81.591119,5,0.294118
411,9,1.587302,2518,76.932478,1800,83.256244,5,0.294118
452,10,1.763668,2518,76.932478,1800,83.256244,5,0.294118
325,11,1.940035,2520,76.993584,1800,83.256244,5,0.294118
31,12,2.116402,2524,77.115796,1802,83.348751,5,0.294118
188,13,2.292769,2524,77.115796,1802,83.348751,5,0.294118
463,14,2.469136,2524,77.115796,1802,83.348751,5,0.294118
297,15,2.645503,2527,77.207455,1802,83.348751,5,0.294118
388,16,2.821869,2611,79.773908,1834,84.828862,5,0.294118
491,17,2.998236,2612,79.804461,1834,84.828862,5,0.294118
239,18,3.174603,2711,82.829209,1886,87.234043,5,0.294118
322,19,3.350970,2711,82.829209,1886,87.234043,5,0.294118
400,20,3.527337,2711,82.829209,1886,87.234043,5,0.294118
439,21,3.703704,2715,82.951421,1894,87.604070,5,0.294118
292,22,3.880071,2715,82.951421,1894,87.604070,5,0.294118
390,23,4.056437,2715,82.951421,1894,87.604070,5,0.294118
252,24,4.232804,2715,82.951421,1894,87.604070,5,0.294118
235,25,4.409171,2715,82.951421,1894,87.604070,5,0.294118
396,26,4.585538,2715,82.951421,1894,87.604070,5,0.294118
194,27,4.761905,2718,83.043080,1894,87.604070,5,0.294118
294,28,4.938272,2718,83.043080,1894,87.604070,5,0.294118
79,29,5.114638,2718,83.043080,1894,87.604070,5,0.294118
383,30,5.291005,2718,83.043080,1894,87.604070,5,0.294118
317,31,5.467372,2718,83.043080,1894,87.604070,5,0.294118
277,32,5.643739,2718,83.043080,1894,87.604070,5,0.294118
