TestcaseNumber,TestcaseCount,TestcaseRatio,StatementCount,StatementRatio,BranchCount,BranchRatio,FaultCount,FaultRatio
88,1,0.176367,1921,58.692331,1442,66.697502,0,0.000000
175,2,0.352734,2210,67.522151,1620,74.930620,3,0.176471
364,3,0.529101,2427,74.152154,1738,80.388529,4,0.235294
35,4,0.705467,2492,76.138100,1780,82.331175,4,0.235294
74,5,0.881834,2492,76.138100,1780,82.331175,4,0.235294
516,6,1.058201,2505,76.535289,1784,82.516189,5,0.294118
130,7,1.234568,2505,76.535289,1784,82.516189,5,0.294118
519,8,1.410935,2507,76.596395,1788,82.701203,5,0.294118
223,9,1.587302,2517,76.901925,1794,82.978723,5,0.294118
79,10,1.763668,2517,76.901925,1794,82.978723,5,0.294118
261,11,1.940035,2517,76.901925,1794,82.978723,5,0.294118
464,12,2.116402,2517,76.901925,1794,82.978723,5,0.294118
226,13,2.292769,2517,76.901925,1794,82.978723,5,0.294118
136,14,2.469136,2517,76.901925,1794,82.978723,5,0.294118
267,15,2.645503,2584,78.948976,1824,84.366327,5,0.294118
466,16,2.821869,2584,78.948976,1824,84.366327,5,0.294118
543,17,2.998236,2585,78.979529,1824,84.366327,5,0.294118
332,18,3.174603,2599,79.407272,1828,84.551341,5,0.294118
490,19,3.350970,2599,79.407272,1828,84.551341,5,0.294118
233,20,3.527337,2599,79.407272,1828,84.551341,5,0.294118
42,21,3.703704,2611,79.773908,1834,84.828862,5,0.294118
203,22,3.880071,2620,80.048885,1838,85.013876,5,0.294118
380,23,4.056437,2620,80.048885,1838,85.013876,5,0.294118
487,24,4.232804,2621,80.079438,1838,85.013876,5,0.294118
560,25,4.409171,2696,82.370914,1910,88.344126,5,0.294118
170,26,4.585538,2698,82.432020,1910,88.344126,5,0.294118
404,27,4.761905,2698,82.432020,1910,88.344126,5,0.294118
