TestcaseNumber,TestcaseCount,TestcaseRatio,StatementCount,StatementRatio,BranchCount,BranchRatio,FaultCount,FaultRatio
324,1,0.176367,1085,33.150015,861,39.824237,1,0.058824
142,2,0.352734,2027,61.930950,1567,72.479186,1,0.058824
132,3,0.529101,2057,62.847540,1585,73.311748,1,0.058824
48,4,0.705467,2313,70.669111,1728,79.925994,4,0.235294
419,5,0.881834,2317,70.791323,1730,80.018501,4,0.235294
463,6,1.058201,2359,72.074549,1742,80.573543,4,0.235294
84,7,1.234568,2359,72.074549,1742,80.573543,4,0.235294
315,8,1.410935,2370,72.410632,1748,80.851064,4,0.235294
265,9,1.587302,2509,76.657501,1790,82.793710,5,0.294118
522,10,1.763668,2509,76.657501,1790,82.793710,5,0.294118
86,11,1.940035,2512,76.749160,1794,82.978723,5,0.294118
165,12,2.116402,2567,78.429575,1824,84.366327,5,0.294118
242,13,2.292769,2568,78.460128,1824,84.366327,5,0.294118
79,14,2.469136,2570,78.521234,1828,84.551341,5,0.294118
441,15,2.645503,2576,78.704552,1828,84.551341,5,0.294118
67,16,2.821869,2577,78.735105,1828,84.551341,5,0.294118
15,17,2.998236,2587,79.040636,1838,85.013876,5,0.294118
458,18,3.174603,2671,81.607088,1870,86.493987,5,0.294118
543,19,3.350970,2672,81.637641,1870,86.493987,5,0.294118
148,20,3.527337,2676,81.759853,1870,86.493987,5,0.294118
106,21,3.703704,2677,81.790406,1870,86.493987,5,0.294118
43,22,3.880071,2687,82.095936,1874,86.679001,5,0.294118
524,23,4.056437,2687,82.095936,1874,86.679001,5,0.294118
368,24,4.232804,2687,82.095936,1874,86.679001,5,0.294118
