TestcaseNumber,TestcaseCount,TestcaseRatio,StatementCount,StatementRatio,BranchCount,BranchRatio,FaultCount,FaultRatio
213,1,0.176367,1772,54.139933,1404,64.939870,0,0.000000
389,2,0.352734,2071,63.275283,1576,72.895467,1,0.058824
535,3,0.529101,2084,63.672472,1580,73.080481,1,0.058824
375,4,0.705467,2274,69.477544,1654,76.503238,1,0.058824
384,5,0.881834,2278,69.599756,1662,76.873265,1,0.058824
439,6,1.058201,2286,69.844180,1670,77.243293,4,0.235294
120,7,1.234568,2291,69.996945,1670,77.243293,4,0.235294
382,8,1.410935,2371,72.441185,1724,79.740981,4,0.235294
207,9,1.587302,2372,72.471738,1724,79.740981,4,0.235294
361,10,1.763668,2376,72.593951,1728,79.925994,4,0.235294
258,11,1.940035,2460,75.160403,1760,81.406105,4,0.235294
89,12,2.116402,2460,75.160403,1760,81.406105,4,0.235294
531,13,2.292769,2527,77.207455,1800,83.256244,5,0.294118
367,14,2.469136,2527,77.207455,1800,83.256244,5,0.294118
96,15,2.645503,2527,77.207455,1800,83.256244,5,0.294118
201,16,2.821869,2527,77.207455,1800,83.256244,5,0.294118
60,17,2.998236,2669,81.545982,1868,86.401480,5,0.294118
238,18,3.174603,2669,81.545982,1868,86.401480,5,0.294118
76,19,3.350970,2669,81.545982,1868,86.401480,5,0.294118
336,20,3.527337,2669,81.545982,1868,86.401480,5,0.294118
31,21,3.703704,2673,81.668194,1868,86.401480,5,0.294118
457,22,3.880071,2673,81.668194,1868,86.401480,5,0.294118
256,23,4.056437,2673,81.668194,1868,86.401480,5,0.294118
563,24,4.232804,2753,84.112435,1920,88.806660,6,0.352941
16,25,4.409171,2759,84.295753,1922,88.899167,6,0.352941
