TestcaseNumber,TestcaseCount,TestcaseRatio,StatementCount,StatementRatio,BranchCount,BranchRatio,FaultCount,FaultRatio
318,1,0.176367,773,23.617476,681,31.498612,0,0.000000
90,2,0.352734,1841,56.248090,1465,67.761332,0,0.000000
355,3,0.529101,2031,62.053162,1523,70.444033,0,0.000000
267,4,0.705467,2134,65.200122,1585,73.311748,1,0.058824
407,5,0.881834,2141,65.413993,1585,73.311748,1,0.058824
345,6,1.058201,2144,65.505652,1587,73.404255,1,0.058824
472,7,1.234568,2144,65.505652,1587,73.404255,1,0.058824
245,8,1.410935,2144,65.505652,1587,73.404255,1,0.058824
306,9,1.587302,2298,70.210816,1671,77.289547,4,0.235294
448,10,1.763668,2456,75.038191,1744,80.666050,4,0.235294
290,11,1.940035,2456,75.038191,1744,80.666050,4,0.235294
563,12,2.116402,2589,79.101742,1826,84.458834,5,0.294118
105,13,2.292769,2589,79.101742,1826,84.458834,5,0.294118
124,14,2.469136,2730,83.409716,1906,88.159112,6,0.352941
311,15,2.645503,2734,83.531928,1906,88.159112,6,0.352941
467,16,2.821869,2734,83.531928,1906,88.159112,6,0.352941
368,17,2.998236,2734,83.531928,1906,88.159112,6,0.352941
121,18,3.174603,2735,83.562481,1906,88.159112,6,0.352941
189,19,3.350970,2735,83.562481,1906,88.159112,6,0.352941
167,20,3.527337,2740,83.715246,1908,88.251619,6,0.352941
116,21,3.703704,2740,83.715246,1908,88.251619,6,0.352941
14,22,3.880071,2740,83.715246,1908,88.251619,6,0.352941
416,23,4.056437,2740,83.715246,1908,88.251619,6,0.352941
372,24,4.232804,2740,83.715246,1908,88.251619,6,0.352941
221,25,4.409171,2740,83.715246,1908,88.251619,6,0.352941
