TestcaseNumber,TestcaseCount,TestcaseRatio,StatementCount,StatementRatio,BranchCount,BranchRatio,FaultCount,FaultRatio
139,1,0.176367,1038,31.714024,825,38.159112,1,0.058824
552,2,0.352734,1051,32.111213,827,38.251619,1,0.058824
437,3,0.529101,1821,55.637030,1377,63.691027,4,0.235294
98,4,0.705467,2455,75.007638,1736,80.296022,4,0.235294
408,5,0.881834,2551,77.940727,1794,82.978723,4,0.235294
243,6,1.058201,2576,78.704552,1806,83.533765,4,0.235294
439,7,1.234568,2580,78.826764,1814,83.903793,4,0.235294
535,8,1.410935,2584,78.948976,1814,83.903793,4,0.235294
341,9,1.587302,2587,79.040636,1820,84.181314,4,0.235294
533,10,1.763668,2802,85.609533,1928,89.176688,6,0.352941
259,11,1.940035,2802,85.609533,1928,89.176688,6,0.352941
28,12,2.116402,2802,85.609533,1928,89.176688,6,0.352941
319,13,2.292769,2804,85.670639,1928,89.176688,6,0.352941
516,14,2.469136,2814,85.976169,1928,89.176688,6,0.352941
380,15,2.645503,2824,86.281699,1938,89.639223,6,0.352941
524,16,2.821869,2824,86.281699,1938,89.639223,6,0.352941
164,17,2.998236,2824,86.281699,1940,89.731730,6,0.352941
173,18,3.174603,2828,86.403911,1940,89.731730,6,0.352941
219,19,3.350970,2828,86.403911,1940,89.731730,6,0.352941
115,20,3.527337,2830,86.465017,1940,89.731730,6,0.352941
563,21,3.703704,2929,89.489765,1994,92.229417,7,0.411765
388,22,3.880071,2929,89.489765,1994,92.229417,7,0.411765
526,23,4.056437,2932,89.581424,1996,92.321924,7,0.411765
9,24,4.232804,2937,89.734189,1996,92.321924,7,0.411765
