TestcaseNumber,TestcaseCount,TestcaseRatio,StatementCount,StatementRatio,BranchCount,BranchRatio,FaultCount,FaultRatio
354,1,0.176367,1033,31.561259,823,38.066605,1,0.058824
418,2,0.352734,1787,54.598228,1380,63.829787,1,0.058824
206,3,0.529101,2279,69.630309,1658,76.688252,1,0.058824
475,4,0.705467,2293,70.058051,1674,77.428307,1,0.058824
239,5,0.881834,2301,70.302475,1678,77.613321,1,0.058824
138,6,1.058201,2398,73.266117,1734,80.203515,1,0.058824
462,7,1.234568,2493,76.168653,1782,82.423682,1,0.058824
103,8,1.410935,2495,76.229759,1782,82.423682,1,0.058824
502,9,1.587302,2495,76.229759,1782,82.423682,1,0.058824
268,10,1.763668,2517,76.901925,1794,82.978723,2,0.117647
32,11,1.940035,2521,77.024137,1794,82.978723,2,0.117647
394,12,2.116402,2521,77.024137,1794,82.978723,2,0.117647
169,13,2.292769,2521,77.024137,1794,82.978723,2,0.117647
327,14,2.469136,2521,77.024137,1794,82.978723,2,0.117647
126,15,2.645503,2521,77.024137,1794,82.978723,2,0.117647
372,16,2.821869,2521,77.024137,1794,82.978723,2,0.117647
98,17,2.998236,2521,77.024137,1794,82.978723,2,0.117647
465,18,3.174603,2521,77.024137,1794,82.978723,2,0.117647
288,19,3.350970,2521,77.024137,1794,82.978723,2,0.117647
265,20,3.527337,2521,77.024137,1794,82.978723,2,0.117647
405,21,3.703704,2521,77.024137,1794,82.978723,2,0.117647
298,22,3.880071,2659,81.240452,1860,86.031452,5,0.294118
65,23,4.056437,2659,81.240452,1860,86.031452,5,0.294118
245,24,4.232804,2659,81.240452,1860,86.031452,5,0.294118
544,25,4.409171,2750,84.020776,1916,88.621647,5,0.294118
488,26,4.585538,2750,84.020776,1916,88.621647,5,0.294118
105,27,4.761905,2750,84.020776,1916,88.621647,5,0.294118
325,28,4.938272,2750,84.020776,1916,88.621647,5,0.294118
204,29,5.114638,2750,84.020776,1916,88.621647,5,0.294118
492,30,5.291005,2750,84.020776,1916,88.621647,5,0.294118
129,31,5.467372,2750,84.020776,1916,88.621647,5,0.294118
