TestcaseNumber,TestcaseCount,TestcaseRatio,StatementCount,StatementRatio,BranchCount,BranchRatio,FaultCount,FaultRatio
443,1,0.176367,1520,46.440574,1216,56.244218,3,0.176471
316,2,0.352734,2071,63.275283,1528,70.675301,3,0.176471
525,3,0.529101,2192,66.972197,1592,73.635523,5,0.294118
366,4,0.705467,2203,67.308280,1600,74.005550,5,0.294118
71,5,0.881834,2267,69.263672,1632,75.485661,5,0.294118
35,6,1.058201,2291,69.996945,1640,75.855689,5,0.294118
288,7,1.234568,2305,70.424687,1646,76.133210,5,0.294118
289,8,1.410935,2474,75.588145,1750,80.943571,5,0.294118
31,9,1.587302,2506,76.565842,1778,82.238668,5,0.294118
161,10,1.763668,2560,78.215704,1810,83.718779,5,0.294118
259,11,1.940035,2562,78.276810,1814,83.903793,5,0.294118
548,12,2.116402,2715,82.951421,1896,87.696577,5,0.294118
33,13,2.292769,2735,83.562481,1900,87.881591,5,0.294118
237,14,2.469136,2749,83.990223,1904,88.066605,5,0.294118
298,15,2.645503,2755,84.173541,1904,88.066605,5,0.294118
339,16,2.821869,2755,84.173541,1904,88.066605,5,0.294118
464,17,2.998236,2755,84.173541,1904,88.066605,5,0.294118
16,18,3.174603,2761,84.356859,1906,88.159112,5,0.294118
231,19,3.350970,2761,84.356859,1906,88.159112,5,0.294118
388,20,3.527337,2775,84.784601,1914,88.529140,5,0.294118
346,21,3.703704,2775,84.784601,1914,88.529140,5,0.294118
435,22,3.880071,2788,85.181790,1924,88.991674,5,0.294118
212,23,4.056437,2788,85.181790,1924,88.991674,5,0.294118
344,24,4.232804,2788,85.181790,1924,88.991674,5,0.294118
301,25,4.409171,2788,85.181790,1924,88.991674,5,0.294118
438,26,4.585538,2788,85.181790,1924,88.991674,5,0.294118
198,27,4.761905,2788,85.181790,1924,88.991674,5,0.294118
61,28,4.938272,2788,85.181790,1924,88.991674,5,0.294118
370,29,5.114638,2788,85.181790,1924,88.991674,5,0.294118
564,30,5.291005,2858,87.320501,1942,89.824237,6,0.352941
