TestcaseNumber,TestcaseCount,TestcaseRatio,StatementCount,StatementRatio,BranchCount,BranchRatio,FaultCount,FaultRatio
50,1,0.176367,1554,47.479377,1249,57.770583,3,0.176471
138,2,0.352734,2182,66.666667,1606,74.283071,3,0.176471
347,3,0.529101,2265,69.202566,1638,75.763182,3,0.176471
221,4,0.705467,2317,70.791323,1676,77.520814,3,0.176471
148,5,0.881834,2391,73.052246,1710,79.093432,3,0.176471
45,6,1.058201,2395,73.174458,1710,79.093432,3,0.176471
512,7,1.234568,2395,73.174458,1710,79.093432,3,0.176471
451,8,1.410935,2397,73.235564,1710,79.093432,3,0.176471
404,9,1.587302,2598,79.376719,1824,84.366327,4,0.235294
266,10,1.763668,2598,79.376719,1824,84.366327,5,0.294118
229,11,1.940035,2600,79.437825,1828,84.551341,5,0.294118
49,12,2.116402,2600,79.437825,1828,84.551341,5,0.294118
525,13,2.292769,2622,80.109991,1836,84.921369,5,0.294118
428,14,2.469136,2625,80.201650,1836,84.921369,5,0.294118
28,15,2.645503,2625,80.201650,1836,84.921369,5,0.294118
446,16,2.821869,2626,80.232203,1836,84.921369,5,0.294118
190,17,2.998236,2630,80.354415,1836,84.921369,5,0.294118
306,18,3.174603,2630,80.354415,1836,84.921369,5,0.294118
397,19,3.350970,2630,80.354415,1836,84.921369,5,0.294118
210,20,3.527337,2630,80.354415,1836,84.921369,5,0.294118
387,21,3.703704,2630,80.354415,1836,84.921369,5,0.294118
103,22,3.880071,2630,80.354415,1836,84.921369,5,0.294118
354,23,4.056437,2630,80.354415,1836,84.921369,5,0.294118
