TestcaseNumber,TestcaseCount,TestcaseRatio,StatementCount,StatementRatio,BranchCount,BranchRatio,FaultCount,FaultRatio
143,1,0.176367,1728,52.795600,1404,64.939870,0,0.000000
85,2,0.352734,2009,61.380996,1530,70.767808,0,0.000000
501,3,0.529101,2064,63.061412,1562,72.247919,0,0.000000
459,4,0.705467,2273,69.446991,1672,77.335800,1,0.058824
426,5,0.881834,2426,74.121601,1752,81.036078,4,0.235294
8,6,1.058201,2484,75.893676,1774,82.053654,6,0.352941
78,7,1.234568,2582,78.887870,1812,83.811286,6,0.352941
310,8,1.410935,2583,78.918423,1812,83.811286,6,0.352941
267,9,1.587302,2650,80.965475,1842,85.198890,6,0.352941
104,10,1.763668,2654,81.087687,1850,85.568918,6,0.352941
309,11,1.940035,2654,81.087687,1850,85.568918,6,0.352941
305,12,2.116402,2656,81.148793,1850,85.568918,6,0.352941
19,13,2.292769,2674,81.698747,1874,86.679001,17,1.000000
54,14,2.469136,2674,81.698747,1874,86.679001,17,1.000000
9,15,2.645503,2682,81.943171,1874,86.679001,17,1.000000
82,16,2.821869,2682,81.943171,1874,86.679001,17,1.000000
65,17,2.998236,2682,81.943171,1874,86.679001,17,1.000000
193,18,3.174603,2688,82.126489,1874,86.679001,17,1.000000
63,19,3.350970,2688,82.126489,1874,86.679001,17,1.000000
166,20,3.527337,2745,83.868011,1906,88.159112,17,1.000000
191,21,3.703704,2745,83.868011,1906,88.159112,17,1.000000
283,22,3.880071,2749,83.990223,1906,88.159112,17,1.000000
518,23,4.056437,2749,83.990223,1906,88.159112,17,1.000000
103,24,4.232804,2749,83.990223,1906,88.159112,17,1.000000
278,25,4.409171,2749,83.990223,1906,88.159112,17,1.000000
74,26,4.585538,2749,83.990223,1906,88.159112,17,1.000000
6,27,4.761905,2826,86.342805,1978,91.489362,17,1.000000
552,28,4.938272,2835,86.617782,1980,91.581869,17,1.000000
414,29,5.114638,2835,86.617782,1980,91.581869,17,1.000000
47,30,5.291005,2835,86.617782,1980,91.581869,17,1.000000
