TestcaseNumber,TestcaseCount,TestcaseRatio,StatementCount,StatementRatio,BranchCount,BranchRatio,FaultCount,FaultRatio
3,1,0.176367,774,23.648029,682,31.544866,2,0.117647
408,2,0.352734,1849,56.492515,1466,67.807586,2,0.117647
452,3,0.529101,1975,60.342194,1522,70.397780,2,0.117647
323,4,0.705467,1983,60.586618,1526,70.582794,2,0.117647
121,5,0.881834,2035,62.175374,1546,71.507863,2,0.117647
164,6,1.058201,2190,66.911091,1650,76.318224,2,0.117647
312,7,1.234568,2339,71.463489,1718,79.463460,5,0.294118
407,8,1.410935,2339,71.463489,1718,79.463460,5,0.294118
233,9,1.587302,2376,72.593951,1756,81.221092,5,0.294118
422,10,1.763668,2379,72.685610,1756,81.221092,5,0.294118
538,11,1.940035,2390,73.021693,1760,81.406105,5,0.294118
563,12,2.116402,2525,77.146349,1842,85.198890,6,0.352941
142,13,2.292769,2525,77.146349,1842,85.198890,6,0.352941
30,14,2.469136,2525,77.146349,1842,85.198890,6,0.352941
97,15,2.645503,2660,81.271005,1880,86.956522,6,0.352941
447,16,2.821869,2661,81.301558,1880,86.956522,6,0.352941
175,17,2.998236,2673,81.668194,1890,87.419056,6,0.352941
53,18,3.174603,2674,81.698747,1890,87.419056,6,0.352941
77,19,3.350970,2674,81.698747,1890,87.419056,6,0.352941
187,20,3.527337,2674,81.698747,1890,87.419056,6,0.352941
4,21,3.703704,2705,82.645891,1900,87.881591,6,0.352941
172,22,3.880071,2705,82.645891,1900,87.881591,6,0.352941
72,23,4.056437,2705,82.645891,1900,87.881591,6,0.352941
