TestcaseNumber,TestcaseCount,TestcaseRatio,StatementCount,StatementRatio,BranchCount,BranchRatio,FaultCount,FaultRatio
330,1,0.176367,1645,50.259701,1371,63.413506,0,0.000000
56,2,0.352734,1879,57.409105,1485,68.686401,3,0.176471
473,3,0.529101,2078,63.489154,1602,74.098057,3,0.176471
37,4,0.705467,2204,67.338833,1660,76.780759,3,0.176471
541,5,0.881834,2236,68.316529,1672,77.335800,4,0.235294
425,6,1.058201,2241,68.469294,1672,77.335800,4,0.235294
221,7,1.234568,2241,68.469294,1672,77.335800,4,0.235294
48,8,1.410935,2244,68.560953,1672,77.335800,4,0.235294
304,9,1.587302,2397,73.235564,1760,81.406105,5,0.294118
60,10,1.763668,2397,73.235564,1760,81.406105,5,0.294118
340,11,1.940035,2397,73.235564,1760,81.406105,5,0.294118
138,12,2.116402,2539,77.574091,1802,83.348751,5,0.294118
333,13,2.292769,2548,77.849068,1806,83.533765,5,0.294118
531,14,2.469136,2611,79.773908,1844,85.291397,5,0.294118
202,15,2.645503,2678,81.820959,1874,86.679001,5,0.294118
465,16,2.821869,2682,81.943171,1874,86.679001,5,0.294118
129,17,2.998236,2684,82.004277,1878,86.864015,5,0.294118
71,18,3.174603,2685,82.034830,1878,86.864015,5,0.294118
544,19,3.350970,2707,82.706997,1892,87.511563,5,0.294118
557,20,3.527337,2781,84.967919,1956,90.471785,5,0.294118
100,21,3.703704,2781,84.967919,1956,90.471785,5,0.294118
488,22,3.880071,2781,84.967919,1956,90.471785,5,0.294118
59,23,4.056437,2781,84.967919,1956,90.471785,5,0.294118
527,24,4.232804,2801,85.578980,1970,91.119334,5,0.294118
167,25,4.409171,2855,87.228842,2002,92.599445,5,0.294118
447,26,4.585538,2855,87.228842,2002,92.599445,5,0.294118
379,27,4.761905,2855,87.228842,2002,92.599445,5,0.294118
386,28,4.938272,2855,87.228842,2002,92.599445,5,0.294118
410,29,5.114638,2855,87.228842,2002,92.599445,5,0.294118
398,30,5.291005,2855,87.228842,2002,92.599445,5,0.294118
