TestcaseNumber,TestcaseCount,TestcaseRatio,StatementCount,StatementRatio,BranchCount,BranchRatio,FaultCount,FaultRatio
78,1,0.176367,1924,58.783990,1430,66.142461,0,0.000000
324,2,0.352734,2212,67.583257,1600,74.005550,1,0.058824
288,3,0.529101,2284,69.783074,1648,76.225717,1,0.058824
191,4,0.705467,2444,74.671555,1736,80.296022,4,0.235294
366,5,0.881834,2458,75.099297,1736,80.296022,4,0.235294
342,6,1.058201,2584,78.948976,1814,83.903793,4,0.235294
84,7,1.234568,2584,78.948976,1814,83.903793,4,0.235294
415,8,1.410935,2653,81.057134,1856,85.846438,4,0.235294
136,9,1.587302,2653,81.057134,1856,85.846438,4,0.235294
528,10,1.763668,2673,81.668194,1860,86.031452,4,0.235294
539,11,1.940035,2733,83.501375,1894,87.604070,5,0.294118
14,12,2.116402,2733,83.501375,1894,87.604070,6,0.352941
337,13,2.292769,2733,83.501375,1894,87.604070,6,0.352941
484,14,2.469136,2733,83.501375,1894,87.604070,6,0.352941
194,15,2.645503,2733,83.501375,1894,87.604070,6,0.352941
541,16,2.821869,2735,83.562481,1894,87.604070,6,0.352941
525,17,2.998236,2745,83.868011,1898,87.789084,6,0.352941
280,18,3.174603,2745,83.868011,1898,87.789084,6,0.352941
314,19,3.350970,2749,83.990223,1898,87.789084,6,0.352941
201,20,3.527337,2749,83.990223,1898,87.789084,6,0.352941
185,21,3.703704,2749,83.990223,1898,87.789084,6,0.352941
446,22,3.880071,2749,83.990223,1898,87.789084,6,0.352941
508,23,4.056437,2749,83.990223,1898,87.789084,6,0.352941
75,24,4.232804,2749,83.990223,1898,87.789084,6,0.352941
