TestcaseNumber,TestcaseCount,TestcaseRatio,StatementCount,StatementRatio,BranchCount,BranchRatio,FaultCount,FaultRatio
298,1,0.176367,1575,48.120990,1242,57.446809,3,0.176471
537,2,0.352734,1669,50.992973,1292,59.759482,3,0.176471
492,3,0.529101,2061,62.969753,1556,71.970398,3,0.176471
477,4,0.705467,2277,69.569203,1656,76.595745,3,0.176471
495,5,0.881834,2335,71.341277,1700,78.630897,3,0.176471
329,6,1.058201,2454,74.977085,1762,81.498612,4,0.235294
479,7,1.234568,2454,74.977085,1762,81.498612,4,0.235294
366,8,1.410935,2467,75.374274,1770,81.868640,4,0.235294
235,9,1.587302,2513,76.779713,1786,82.608696,4,0.235294
207,10,1.763668,2513,76.779713,1786,82.608696,4,0.235294
88,11,1.940035,2603,79.529484,1822,84.273821,4,0.235294
397,12,2.116402,2607,79.651696,1822,84.273821,4,0.235294
201,13,2.292769,2607,79.651696,1822,84.273821,4,0.235294
180,14,2.469136,2609,79.712802,1822,84.273821,4,0.235294
441,15,2.645503,2611,79.773908,1822,84.273821,4,0.235294
114,16,2.821869,2615,79.896120,1830,84.643848,4,0.235294
447,17,2.998236,2615,79.896120,1830,84.643848,4,0.235294
111,18,3.174603,2615,79.896120,1830,84.643848,4,0.235294
415,19,3.350970,2669,81.545982,1860,86.031452,4,0.235294
526,20,3.527337,2672,81.637641,1862,86.123959,4,0.235294
233,21,3.703704,2672,81.637641,1862,86.123959,4,0.235294
5,22,3.880071,2680,81.882065,1864,86.216466,5,0.294118
193,23,4.056437,2680,81.882065,1864,86.216466,5,0.294118
556,24,4.232804,2824,86.281699,1980,91.581869,7,0.411765
388,25,4.409171,2824,86.281699,1980,91.581869,7,0.411765
536,26,4.585538,2825,86.312252,1980,91.581869,7,0.411765
558,27,4.761905,2834,86.587229,1980,91.581869,7,0.411765
36,28,4.938272,2888,88.237091,2002,92.599445,8,0.470588
230,29,5.114638,2888,88.237091,2002,92.599445,8,0.470588
