TestcaseNumber,TestcaseCount,TestcaseRatio,StatementCount,StatementRatio,BranchCount,BranchRatio,FaultCount,FaultRatio
217,1,0.176367,1864,56.950810,1419,65.633673,0,0.000000
559,2,0.352734,2196,67.094409,1637,75.716929,1,0.058824
186,3,0.529101,2397,73.235564,1753,81.082331,4,0.235294
460,4,0.705467,2478,75.710357,1805,83.487512,4,0.235294
21,5,0.881834,2482,75.832570,1805,83.487512,5,0.294118
104,6,1.058201,2485,75.924229,1805,83.487512,5,0.294118
100,7,1.234568,2490,76.076994,1809,83.672525,5,0.294118
557,8,1.410935,2520,76.993584,1827,84.505088,5,0.294118
302,9,1.587302,2523,77.085243,1827,84.505088,5,0.294118
410,10,1.763668,2581,78.857317,1859,85.985199,5,0.294118
28,11,1.940035,2666,81.454323,1906,88.159112,5,0.294118
82,12,2.116402,2666,81.454323,1906,88.159112,5,0.294118
473,13,2.292769,2666,81.454323,1906,88.159112,5,0.294118
187,14,2.469136,2666,81.454323,1906,88.159112,5,0.294118
193,15,2.645503,2671,81.607088,1906,88.159112,5,0.294118
417,16,2.821869,2671,81.607088,1906,88.159112,5,0.294118
484,17,2.998236,2671,81.607088,1906,88.159112,5,0.294118
278,18,3.174603,2671,81.607088,1906,88.159112,5,0.294118
281,19,3.350970,2671,81.607088,1906,88.159112,5,0.294118
76,20,3.527337,2673,81.668194,1906,88.159112,5,0.294118
61,21,3.703704,2673,81.668194,1906,88.159112,5,0.294118
330,22,3.880071,2673,81.668194,1906,88.159112,5,0.294118
558,23,4.056437,2674,81.698747,1906,88.159112,5,0.294118
282,24,4.232804,2674,81.698747,1906,88.159112,5,0.294118
419,25,4.409171,2674,81.698747,1906,88.159112,5,0.294118
466,26,4.585538,2674,81.698747,1906,88.159112,5,0.294118
336,27,4.761905,2674,81.698747,1906,88.159112,5,0.294118
