TestcaseNumber,TestcaseCount,TestcaseRatio,StatementCount,StatementRatio,BranchCount,BranchRatio,FaultCount,FaultRatio
351,1,0.176367,1501,45.860067,1269,58.695652,0,0.000000
204,2,0.352734,1903,58.142377,1503,69.518964,1,0.058824
41,3,0.529101,1975,60.342194,1531,70.814061,1,0.058824
92,4,0.705467,2089,63.825237,1601,74.051804,1,0.058824
408,5,0.881834,2218,67.766575,1676,77.520814,1,0.058824
559,6,1.058201,2282,69.721968,1740,80.481036,1,0.058824
250,7,1.234568,2310,70.577452,1750,80.943571,1,0.058824
286,8,1.410935,2311,70.608005,1750,80.943571,1,0.058824
218,9,1.587302,2507,76.596395,1818,84.088807,1,0.058824
96,10,1.763668,2517,76.901925,1818,84.088807,1,0.058824
439,11,1.940035,2528,77.238008,1830,84.643848,4,0.235294
314,12,2.116402,2528,77.238008,1830,84.643848,4,0.235294
148,13,2.292769,2528,77.238008,1830,84.643848,4,0.235294
396,14,2.469136,2528,77.238008,1830,84.643848,4,0.235294
504,15,2.645503,2528,77.238008,1830,84.643848,4,0.235294
386,16,2.821869,2528,77.238008,1830,84.643848,4,0.235294
219,17,2.998236,2530,77.299114,1834,84.828862,4,0.235294
366,18,3.174603,2531,77.329667,1834,84.828862,4,0.235294
303,19,3.350970,2676,81.759853,1902,87.974098,4,0.235294
375,20,3.527337,2676,81.759853,1902,87.974098,4,0.235294
529,21,3.703704,2712,82.859762,1938,89.639223,4,0.235294
389,22,3.880071,2712,82.859762,1938,89.639223,4,0.235294
252,23,4.056437,2712,82.859762,1938,89.639223,4,0.235294
19,24,4.232804,2730,83.409716,1962,90.749306,17,1.000000
387,25,4.409171,2730,83.409716,1962,90.749306,17,1.000000
137,26,4.585538,2730,83.409716,1962,90.749306,17,1.000000
117,27,4.761905,2730,83.409716,1962,90.749306,17,1.000000
556,28,4.938272,2789,85.212343,1990,92.044403,17,1.000000
518,29,5.114638,2789,85.212343,1990,92.044403,17,1.000000
361,30,5.291005,2789,85.212343,1990,92.044403,17,1.000000
328,31,5.467372,2789,85.212343,1990,92.044403,17,1.000000
381,32,5.643739,2789,85.212343,1990,92.044403,17,1.000000
