TestcaseNumber,TestcaseCount,TestcaseRatio,StatementCount,StatementRatio,BranchCount,BranchRatio,FaultCount,FaultRatio
304,1,0.176367,1042,31.836236,835,38.621647,4,0.235294
325,2,0.352734,2003,61.197678,1513,69.981499,4,0.235294
303,3,0.529101,2265,69.202566,1650,76.318224,4,0.235294
163,4,0.705467,2394,73.143905,1712,79.185939,4,0.235294
295,5,0.881834,2396,73.205011,1712,79.185939,4,0.235294
363,6,1.058201,2481,75.802016,1758,81.313599,4,0.235294
469,7,1.234568,2483,75.863123,1762,81.498612,4,0.235294
166,8,1.410935,2489,76.046441,1766,81.683626,4,0.235294
233,9,1.587302,2509,76.657501,1798,83.163737,4,0.235294
23,10,1.763668,2509,76.657501,1798,83.163737,4,0.235294
526,11,1.940035,2512,76.749160,1800,83.256244,4,0.235294
277,12,2.116402,2579,78.796211,1830,84.643848,4,0.235294
118,13,2.292769,2663,81.362664,1862,86.123959,4,0.235294
467,14,2.469136,2663,81.362664,1862,86.123959,4,0.235294
485,15,2.645503,2663,81.362664,1862,86.123959,4,0.235294
524,16,2.821869,2663,81.362664,1862,86.123959,5,0.294118
302,17,2.998236,2663,81.362664,1862,86.123959,5,0.294118
322,18,3.174603,2663,81.362664,1862,86.123959,5,0.294118
255,19,3.350970,2663,81.362664,1862,86.123959,5,0.294118
6,20,3.527337,2740,83.715246,1934,89.454209,5,0.294118
207,21,3.703704,2740,83.715246,1934,89.454209,5,0.294118
306,22,3.880071,2741,83.745799,1934,89.454209,5,0.294118
472,23,4.056437,2741,83.745799,1934,89.454209,5,0.294118
150,24,4.232804,2741,83.745799,1934,89.454209,5,0.294118
39,25,4.409171,2746,83.898564,1936,89.546716,5,0.294118
294,26,4.585538,2746,83.898564,1936,89.546716,5,0.294118
318,27,4.761905,2749,83.990223,1938,89.639223,5,0.294118
