TestcaseNumber,TestcaseCount,TestcaseRatio,StatementCount,StatementRatio,BranchCount,BranchRatio,FaultCount,FaultRatio
217,1,0.176367,1864,56.950810,1419,65.633673,0,0.000000
491,2,0.352734,1989,60.769936,1503,69.518964,0,0.000000
555,3,0.529101,2382,72.777269,1755,81.174838,4,0.235294
105,4,0.705467,2414,73.754965,1773,82.007401,4,0.235294
172,5,0.881834,2570,78.521234,1853,85.707678,7,0.411765
352,6,1.058201,2574,78.643446,1855,85.800185,7,0.411765
364,7,1.234568,2584,78.948976,1869,86.447734,7,0.411765
292,8,1.410935,2588,79.071189,1869,86.447734,7,0.411765
82,9,1.587302,2588,79.071189,1869,86.447734,7,0.411765
116,10,1.763668,2588,79.071189,1869,86.447734,7,0.411765
353,11,1.940035,2663,81.362664,1912,88.436633,7,0.411765
87,12,2.116402,2663,81.362664,1912,88.436633,7,0.411765
19,13,2.292769,2675,81.729300,1934,89.454209,17,1.000000
336,14,2.469136,2675,81.729300,1934,89.454209,17,1.000000
184,15,2.645503,2675,81.729300,1934,89.454209,17,1.000000
314,16,2.821869,2676,81.759853,1934,89.454209,17,1.000000
310,17,2.998236,2679,81.851512,1934,89.454209,17,1.000000
12,18,3.174603,2683,81.973724,1936,89.546716,17,1.000000
564,19,3.350970,2751,84.051329,1954,90.379278,17,1.000000
253,20,3.527337,2751,84.051329,1954,90.379278,17,1.000000
513,21,3.703704,2751,84.051329,1954,90.379278,17,1.000000
342,22,3.880071,2751,84.051329,1954,90.379278,17,1.000000
316,23,4.056437,2751,84.051329,1954,90.379278,17,1.000000
425,24,4.232804,2751,84.051329,1954,90.379278,17,1.000000
177,25,4.409171,2751,84.051329,1954,90.379278,17,1.000000
398,26,4.585538,2751,84.051329,1954,90.379278,17,1.000000
