TestcaseNumber,TestcaseCount,TestcaseRatio,StatementCount,StatementRatio,BranchCount,BranchRatio,FaultCount,FaultRatio
248,1,0.176367,1918,58.600672,1430,66.142461,0,0.000000
95,2,0.352734,2055,62.786434,1514,70.027752,0,0.000000
259,3,0.529101,2261,69.080354,1624,75.115634,1,0.058824
352,4,0.705467,2398,73.266117,1718,79.463460,1,0.058824
394,5,0.881834,2402,73.388329,1726,79.833488,1,0.058824
215,6,1.058201,2424,74.060495,1738,80.388529,1,0.058824
87,7,1.234568,2424,74.060495,1738,80.388529,1,0.058824
405,8,1.410935,2432,74.304919,1738,80.388529,1,0.058824
555,9,1.587302,2579,78.796211,1854,85.753932,4,0.235294
562,10,1.763668,2579,78.796211,1854,85.753932,4,0.235294
558,11,1.940035,2596,79.315613,1858,85.938945,4,0.235294
399,12,2.116402,2596,79.315613,1858,85.938945,4,0.235294
487,13,2.292769,2596,79.315613,1858,85.938945,4,0.235294
496,14,2.469136,2600,79.437825,1862,86.123959,4,0.235294
106,15,2.645503,2600,79.437825,1862,86.123959,4,0.235294
312,16,2.821869,2753,84.112435,1938,89.639223,7,0.411765
284,17,2.998236,2753,84.112435,1938,89.639223,7,0.411765
287,18,3.174603,2753,84.112435,1938,89.639223,7,0.411765
560,19,3.350970,2763,84.417965,1946,90.009251,7,0.411765
7,20,3.527337,2765,84.479071,1948,90.101758,7,0.411765
515,21,3.703704,2765,84.479071,1948,90.101758,7,0.411765
140,22,3.880071,2765,84.479071,1948,90.101758,7,0.411765
347,23,4.056437,2765,84.479071,1948,90.101758,7,0.411765
556,24,4.232804,2771,84.662389,1948,90.101758,7,0.411765
39,25,4.409171,2775,84.784601,1950,90.194265,7,0.411765
423,26,4.585538,2789,85.212343,1956,90.471785,7,0.411765
271,27,4.761905,2789,85.212343,1956,90.471785,7,0.411765
466,28,4.938272,2789,85.212343,1956,90.471785,7,0.411765
