TestcaseNumber,TestcaseCount,TestcaseRatio,StatementCount,StatementRatio,BranchCount,BranchRatio,FaultCount,FaultRatio
7,1,0.176367,1612,49.251451,1336,61.794635,1,0.058824
351,2,0.352734,1671,51.054079,1373,63.506013,1,0.058824
168,3,0.529101,1882,57.500764,1486,68.732655,1,0.058824
184,4,0.705467,2165,66.147266,1646,76.133210,5,0.294118
197,5,0.881834,2416,73.816071,1738,80.388529,5,0.294118
109,6,1.058201,2418,73.877177,1742,80.573543,5,0.294118
350,7,1.234568,2430,74.243813,1752,81.036078,5,0.294118
499,8,1.410935,2430,74.243813,1752,81.036078,5,0.294118
284,9,1.587302,2434,74.366025,1752,81.036078,5,0.294118
300,10,1.763668,2565,78.368469,1818,84.088807,5,0.294118
303,11,1.940035,2569,78.490681,1818,84.088807,5,0.294118
82,12,2.116402,2569,78.490681,1818,84.088807,5,0.294118
66,13,2.292769,2579,78.796211,1822,84.273821,5,0.294118
398,14,2.469136,2579,78.796211,1824,84.366327,5,0.294118
131,15,2.645503,2579,78.796211,1824,84.366327,5,0.294118
261,16,2.821869,2579,78.796211,1824,84.366327,5,0.294118
75,17,2.998236,2579,78.796211,1824,84.366327,5,0.294118
305,18,3.174603,2581,78.857317,1824,84.366327,5,0.294118
234,19,3.350970,2581,78.857317,1824,84.366327,5,0.294118
489,20,3.527337,2581,78.857317,1824,84.366327,5,0.294118
382,21,3.703704,2586,79.010082,1832,84.736355,5,0.294118
56,22,3.880071,2586,79.010082,1832,84.736355,5,0.294118
220,23,4.056437,2586,79.010082,1832,84.736355,5,0.294118
392,24,4.232804,2586,79.010082,1832,84.736355,5,0.294118
567,25,4.409171,2586,79.010082,1832,84.736355,5,0.294118
326,26,4.585538,2586,79.010082,1832,84.736355,5,0.294118
93,27,4.761905,2586,79.010082,1832,84.736355,5,0.294118
121,28,4.938272,2586,79.010082,1832,84.736355,5,0.294118
274,29,5.114638,2586,79.010082,1832,84.736355,5,0.294118
64,30,5.291005,2586,79.010082,1832,84.736355,5,0.294118
353,31,5.467372,2586,79.010082,1832,84.736355,5,0.294118
