TestcaseNumber,TestcaseCount,TestcaseRatio,StatementCount,StatementRatio,BranchCount,BranchRatio,FaultCount,FaultRatio
212,1,0.176367,1733,52.948365,1377,63.691027,0,0.000000
253,2,0.352734,1880,57.439658,1460,67.530065,0,0.000000
519,3,0.529101,2138,65.322334,1610,74.468085,2,0.117647
249,4,0.705467,2140,65.383440,1612,74.560592,2,0.117647
437,5,0.881834,2298,70.210816,1692,78.260870,5,0.294118
230,6,1.058201,2336,71.371830,1718,79.463460,5,0.294118
211,7,1.234568,2340,71.494042,1722,79.648474,5,0.294118
118,8,1.410935,2545,77.757409,1786,82.608696,5,0.294118
244,9,1.587302,2552,77.971280,1794,82.978723,5,0.294118
403,10,1.763668,2569,78.490681,1816,83.996300,5,0.294118
25,11,1.940035,2569,78.490681,1816,83.996300,5,0.294118
385,12,2.116402,2579,78.796211,1816,83.996300,5,0.294118
22,13,2.292769,2584,78.948976,1818,84.088807,5,0.294118
18,14,2.469136,2595,79.285060,1828,84.551341,5,0.294118
344,15,2.645503,2595,79.285060,1828,84.551341,5,0.294118
202,16,2.821869,2612,79.804461,1836,84.921369,5,0.294118
543,17,2.998236,2613,79.835014,1836,84.921369,5,0.294118
340,18,3.174603,2618,79.987779,1840,85.106383,5,0.294118
303,19,3.350970,2621,80.079438,1840,85.106383,5,0.294118
21,20,3.527337,2625,80.201650,1840,85.106383,5,0.294118
525,21,3.703704,2647,80.873816,1848,85.476411,5,0.294118
277,22,3.880071,2647,80.873816,1848,85.476411,5,0.294118
101,23,4.056437,2647,80.873816,1848,85.476411,5,0.294118
296,24,4.232804,2648,80.904369,1848,85.476411,5,0.294118
179,25,4.409171,2648,80.904369,1848,85.476411,5,0.294118
115,26,4.585538,2648,80.904369,1848,85.476411,5,0.294118
542,27,4.761905,2652,81.026581,1848,85.476411,5,0.294118
