TestcaseNumber,TestcaseCount,TestcaseRatio,StatementCount,StatementRatio,BranchCount,BranchRatio,FaultCount,FaultRatio
188,1,0.176367,1563,47.754354,1225,56.660500,3,0.176471
418,2,0.352734,1687,51.542927,1310,60.592044,3,0.176471
268,3,0.529101,2181,66.636114,1596,73.820537,4,0.235294
539,4,0.705467,2301,70.302475,1668,77.150786,4,0.235294
273,5,0.881834,2301,70.302475,1668,77.150786,4,0.235294
32,6,1.058201,2322,70.944088,1676,77.520814,4,0.235294
317,7,1.234568,2384,72.838375,1700,78.630897,4,0.235294
540,8,1.410935,2386,72.899481,1700,78.630897,4,0.235294
460,9,1.587302,2476,75.649251,1756,81.221092,4,0.235294
477,10,1.763668,2543,77.696303,1786,82.608696,4,0.235294
525,11,1.940035,2661,81.301558,1850,85.568918,5,0.294118
325,12,2.116402,2661,81.301558,1850,85.568918,5,0.294118
417,13,2.292769,2661,81.301558,1850,85.568918,5,0.294118
443,14,2.469136,2664,81.393217,1850,85.568918,5,0.294118
463,15,2.645503,2665,81.423770,1850,85.568918,5,0.294118
480,16,2.821869,2665,81.423770,1850,85.568918,5,0.294118
186,17,2.998236,2669,81.545982,1854,85.753932,5,0.294118
147,18,3.174603,2669,81.545982,1854,85.753932,5,0.294118
334,19,3.350970,2745,83.868011,1898,87.789084,5,0.294118
425,20,3.527337,2746,83.898564,1898,87.789084,5,0.294118
133,21,3.703704,2746,83.898564,1898,87.789084,5,0.294118
206,22,3.880071,2746,83.898564,1898,87.789084,5,0.294118
10,23,4.056437,2767,84.540177,1912,88.436633,5,0.294118
240,24,4.232804,2767,84.540177,1912,88.436633,5,0.294118
1,25,4.409171,2770,84.631836,1914,88.529140,7,0.411765
378,26,4.585538,2770,84.631836,1914,88.529140,7,0.411765
