TestcaseNumber,TestcaseCount,TestcaseRatio,StatementCount,StatementRatio,BranchCount,BranchRatio,FaultCount,FaultRatio
287,1,0.176367,1678,51.267950,1361,62.950971,0,0.000000
159,2,0.352734,1951,59.608921,1517,70.166512,1,0.058824
344,3,0.529101,1960,59.883899,1519,70.259019,1,0.058824
263,4,0.705467,2194,67.033303,1654,76.503238,1,0.058824
160,5,0.881834,2278,69.599756,1710,79.093432,1,0.058824
507,6,1.058201,2415,73.785518,1748,80.851064,1,0.058824
232,7,1.234568,2418,73.877177,1750,80.943571,1,0.058824
197,8,1.410935,2419,73.907730,1750,80.943571,1,0.058824
542,9,1.587302,2423,74.029942,1750,80.943571,1,0.058824
149,10,1.763668,2423,74.029942,1750,80.943571,1,0.058824
420,11,1.940035,2559,78.185151,1816,83.996300,4,0.235294
396,12,2.116402,2572,78.582340,1824,84.366327,4,0.235294
117,13,2.292769,2572,78.582340,1824,84.366327,4,0.235294
181,14,2.469136,2573,78.612893,1824,84.366327,4,0.235294
523,15,2.645503,2573,78.612893,1824,84.366327,5,0.294118
171,16,2.821869,2573,78.612893,1824,84.366327,5,0.294118
220,17,2.998236,2573,78.612893,1824,84.366327,5,0.294118
142,18,3.174603,2573,78.612893,1824,84.366327,5,0.294118
176,19,3.350970,2574,78.643446,1824,84.366327,5,0.294118
243,20,3.527337,2574,78.643446,1824,84.366327,5,0.294118
447,21,3.703704,2574,78.643446,1824,84.366327,5,0.294118
173,22,3.880071,2577,78.735105,1824,84.366327,5,0.294118
281,23,4.056437,2577,78.735105,1824,84.366327,5,0.294118
320,24,4.232804,2577,78.735105,1824,84.366327,5,0.294118
332,25,4.409171,2577,78.735105,1824,84.366327,5,0.294118
