TestcaseNumber,TestcaseCount,TestcaseRatio,StatementCount,StatementRatio,BranchCount,BranchRatio,FaultCount,FaultRatio
144,1,0.176367,1033,31.561259,823,38.066605,1,0.058824
554,2,0.352734,1142,34.891537,915,42.321924,4,0.235294
208,3,0.529101,2318,70.821876,1692,78.260870,4,0.235294
53,4,0.705467,2527,77.207455,1804,83.441258,7,0.411765
174,5,0.881834,2530,77.299114,1806,83.533765,7,0.411765
459,6,1.058201,2532,77.360220,1810,83.718779,7,0.411765
279,7,1.234568,2536,77.482432,1810,83.718779,7,0.411765
475,8,1.410935,2585,78.979529,1836,84.921369,7,0.411765
566,9,1.587302,2640,80.659945,1858,85.938945,8,0.470588
18,10,1.763668,2653,81.057134,1868,86.401480,8,0.470588
240,11,1.940035,2690,82.187595,1892,87.511563,8,0.470588
445,12,2.116402,2690,82.187595,1892,87.511563,8,0.470588
87,13,2.292769,2775,84.784601,1948,90.101758,8,0.470588
202,14,2.469136,2775,84.784601,1948,90.101758,8,0.470588
303,15,2.645503,2775,84.784601,1948,90.101758,8,0.470588
165,16,2.821869,2832,86.526123,1980,91.581869,8,0.470588
491,17,2.998236,2836,86.648335,1984,91.766883,8,0.470588
125,18,3.174603,2836,86.648335,1984,91.766883,8,0.470588
271,19,3.350970,2836,86.648335,1984,91.766883,8,0.470588
45,20,3.527337,2837,86.678888,1984,91.766883,8,0.470588
353,21,3.703704,2837,86.678888,1984,91.766883,8,0.470588
48,22,3.880071,2837,86.678888,1984,91.766883,8,0.470588
493,23,4.056437,2837,86.678888,1984,91.766883,8,0.470588
71,24,4.232804,2837,86.678888,1984,91.766883,8,0.470588
207,25,4.409171,2837,86.678888,1984,91.766883,8,0.470588
66,26,4.585538,2837,86.678888,1984,91.766883,8,0.470588
540,27,4.761905,2840,86.770547,1984,91.766883,8,0.470588
377,28,4.938272,2840,86.770547,1984,91.766883,8,0.470588
480,29,5.114638,2840,86.770547,1984,91.766883,8,0.470588
110,30,5.291005,2840,86.770547,1984,91.766883,8,0.470588
522,31,5.467372,2840,86.770547,1984,91.766883,8,0.470588
370,32,5.643739,2840,86.770547,1984,91.766883,8,0.470588
