TestcaseNumber,TestcaseCount,TestcaseRatio,StatementCount,StatementRatio,BranchCount,BranchRatio,FaultCount,FaultRatio
170,1,0.176367,1594,48.701497,1269,58.695652,3,0.176471
315,2,0.352734,1697,51.848457,1327,61.378353,4,0.235294
28,3,0.529101,2110,64.466850,1610,74.468085,4,0.235294
291,4,0.705467,2151,65.719523,1648,76.225717,4,0.235294
426,5,0.881834,2154,65.811182,1648,76.225717,4,0.235294
194,6,1.058201,2280,69.660862,1710,79.093432,4,0.235294
279,7,1.234568,2280,69.660862,1710,79.093432,4,0.235294
268,8,1.410935,2523,77.085243,1794,82.978723,5,0.294118
396,9,1.587302,2525,77.146349,1794,82.978723,5,0.294118
527,10,1.763668,2545,77.757409,1808,83.626272,5,0.294118
377,11,1.940035,2622,80.109991,1838,85.013876,5,0.294118
56,12,2.116402,2623,80.140544,1838,85.013876,5,0.294118
37,13,2.292769,2638,80.598839,1850,85.568918,5,0.294118
69,14,2.469136,2640,80.659945,1854,85.753932,5,0.294118
219,15,2.645503,2640,80.659945,1854,85.753932,5,0.294118
111,16,2.821869,2640,80.659945,1854,85.753932,5,0.294118
344,17,2.998236,2640,80.659945,1854,85.753932,5,0.294118
362,18,3.174603,2640,80.659945,1854,85.753932,5,0.294118
272,19,3.350970,2640,80.659945,1854,85.753932,5,0.294118
430,20,3.527337,2640,80.659945,1854,85.753932,5,0.294118
311,21,3.703704,2640,80.659945,1854,85.753932,5,0.294118
81,22,3.880071,2640,80.659945,1854,85.753932,5,0.294118
132,23,4.056437,2640,80.659945,1854,85.753932,5,0.294118
381,24,4.232804,2640,80.659945,1854,85.753932,5,0.294118
424,25,4.409171,2640,80.659945,1854,85.753932,5,0.294118
