TestcaseNumber,TestcaseCount,TestcaseRatio,StatementCount,StatementRatio,BranchCount,BranchRatio,FaultCount,FaultRatio
431,1,0.176367,1380,42.163153,1129,52.220167,3,0.176471
301,2,0.352734,1395,42.621448,1131,52.312673,3,0.176471
272,3,0.529101,1989,60.769936,1535,70.999075,4,0.235294
259,4,0.705467,2251,68.774824,1683,77.844588,5,0.294118
217,5,0.881834,2378,72.655057,1715,79.324699,5,0.294118
436,6,1.058201,2378,72.655057,1715,79.324699,5,0.294118
461,7,1.234568,2403,73.418882,1727,79.879741,5,0.294118
405,8,1.410935,2435,74.396578,1745,80.712303,5,0.294118
393,9,1.587302,2513,76.779713,1788,82.701203,5,0.294118
440,10,1.763668,2516,76.871372,1788,82.701203,5,0.294118
512,11,1.940035,2516,76.871372,1788,82.701203,5,0.294118
141,12,2.116402,2516,76.871372,1788,82.701203,5,0.294118
150,13,2.292769,2516,76.871372,1788,82.701203,5,0.294118
358,14,2.469136,2601,79.468378,1820,84.181314,5,0.294118
140,15,2.645503,2601,79.468378,1820,84.181314,5,0.294118
82,16,2.821869,2601,79.468378,1820,84.181314,5,0.294118
158,17,2.998236,2601,79.468378,1820,84.181314,5,0.294118
215,18,3.174603,2601,79.468378,1820,84.181314,5,0.294118
452,19,3.350970,2601,79.468378,1820,84.181314,5,0.294118
249,20,3.527337,2601,79.468378,1820,84.181314,5,0.294118
84,21,3.703704,2605,79.590590,1828,84.551341,5,0.294118
79,22,3.880071,2605,79.590590,1828,84.551341,5,0.294118
39,23,4.056437,2609,79.712802,1830,84.643848,5,0.294118
260,24,4.232804,2609,79.712802,1830,84.643848,5,0.294118
451,25,4.409171,2609,79.712802,1830,84.643848,5,0.294118
87,26,4.585538,2609,79.712802,1830,84.643848,5,0.294118
57,27,4.761905,2611,79.773908,1830,84.643848,5,0.294118
441,28,4.938272,2611,79.773908,1830,84.643848,5,0.294118
