TestcaseNumber,TestcaseCount,TestcaseRatio,StatementCount,StatementRatio,BranchCount,BranchRatio,FaultCount,FaultRatio
3,1,0.176367,774,23.648029,682,31.544866,2,0.117647
325,2,0.352734,1855,56.675833,1441,66.651249,2,0.117647
486,3,0.529101,1966,60.067217,1495,69.148936,2,0.117647
127,4,0.705467,2121,64.802933,1579,73.034228,2,0.117647
58,5,0.881834,2398,73.266117,1728,79.925994,5,0.294118
113,6,1.058201,2415,73.785518,1744,80.666050,5,0.294118
564,7,1.234568,2534,77.421326,1796,83.071230,6,0.352941
510,8,1.410935,2534,77.421326,1796,83.071230,6,0.352941
119,9,1.587302,2620,80.048885,1842,85.198890,6,0.352941
31,10,1.763668,2627,80.262756,1844,85.291397,6,0.352941
546,11,1.940035,2672,81.637641,1870,86.493987,6,0.352941
13,12,2.116402,2705,82.645891,1878,86.864015,6,0.352941
205,13,2.292769,2705,82.645891,1878,86.864015,6,0.352941
162,14,2.469136,2761,84.356859,1910,88.344126,6,0.352941
323,15,2.645503,2761,84.356859,1910,88.344126,6,0.352941
412,16,2.821869,2761,84.356859,1910,88.344126,6,0.352941
141,17,2.998236,2761,84.356859,1910,88.344126,6,0.352941
196,18,3.174603,2761,84.356859,1910,88.344126,6,0.352941
202,19,3.350970,2761,84.356859,1910,88.344126,6,0.352941
256,20,3.527337,2761,84.356859,1910,88.344126,6,0.352941
231,21,3.703704,2761,84.356859,1910,88.344126,6,0.352941
517,22,3.880071,2761,84.356859,1910,88.344126,6,0.352941
368,23,4.056437,2845,86.923312,1942,89.824237,6,0.352941
239,24,4.232804,2845,86.923312,1942,89.824237,6,0.352941
498,25,4.409171,2845,86.923312,1942,89.824237,6,0.352941
478,26,4.585538,2845,86.923312,1942,89.824237,6,0.352941
