TestcaseNumber,TestcaseCount,TestcaseRatio,StatementCount,StatementRatio,BranchCount,BranchRatio,FaultCount,FaultRatio
413,1,0.176367,1472,44.974030,1193,55.180389,0,0.000000
370,2,0.352734,1861,56.859151,1490,68.917669,0,0.000000
475,3,0.529101,2058,62.878093,1554,71.877891,0,0.000000
329,4,0.705467,2264,69.172013,1664,76.965772,1,0.058824
400,5,0.881834,2264,69.172013,1664,76.965772,1,0.058824
433,6,1.058201,2402,73.388329,1730,80.018501,4,0.235294
111,7,1.234568,2487,75.985335,1766,81.683626,4,0.235294
133,8,1.410935,2500,76.382524,1790,82.793710,4,0.235294
541,9,1.587302,2503,76.474183,1790,82.793710,5,0.294118
496,10,1.763668,2504,76.504736,1790,82.793710,5,0.294118
2,11,1.940035,2550,77.910174,1794,82.978723,5,0.294118
196,12,2.116402,2550,77.910174,1794,82.978723,5,0.294118
215,13,2.292769,2550,77.910174,1794,82.978723,5,0.294118
484,14,2.469136,2554,78.032386,1802,83.348751,5,0.294118
359,15,2.645503,2554,78.032386,1802,83.348751,5,0.294118
225,16,2.821869,2554,78.032386,1802,83.348751,5,0.294118
200,17,2.998236,2554,78.032386,1802,83.348751,5,0.294118
210,18,3.174603,2554,78.032386,1802,83.348751,5,0.294118
64,19,3.350970,2554,78.032386,1802,83.348751,5,0.294118
46,20,3.527337,2556,78.093492,1802,83.348751,5,0.294118
326,21,3.703704,2556,78.093492,1802,83.348751,5,0.294118
273,22,3.880071,2556,78.093492,1802,83.348751,5,0.294118
425,23,4.056437,2557,78.124045,1802,83.348751,5,0.294118
147,24,4.232804,2624,80.171097,1832,84.736355,5,0.294118
113,25,4.409171,2624,80.171097,1832,84.736355,5,0.294118
