TestcaseNumber,TestcaseCount,TestcaseRatio,StatementCount,StatementRatio,BranchCount,BranchRatio,FaultCount,FaultRatio
555,1,0.176367,1145,34.983196,890,41.165587,4,0.235294
81,2,0.352734,2079,63.519707,1599,73.959297,4,0.235294
472,3,0.529101,2264,69.172013,1725,79.787234,4,0.235294
321,4,0.705467,2264,69.172013,1725,79.787234,4,0.235294
288,5,0.881834,2360,72.105102,1776,82.146161,4,0.235294
407,6,1.058201,2360,72.105102,1776,82.146161,4,0.235294
89,7,1.234568,2363,72.196761,1782,82.423682,4,0.235294
182,8,1.410935,2517,76.901925,1862,86.123959,7,0.411765
446,9,1.587302,2645,80.812710,1894,87.604070,7,0.411765
453,10,1.763668,2645,80.812710,1894,87.604070,7,0.411765
16,11,1.940035,2655,81.118240,1904,88.066605,7,0.411765
234,12,2.116402,2655,81.118240,1904,88.066605,7,0.411765
393,13,2.292769,2655,81.118240,1904,88.066605,7,0.411765
367,14,2.469136,2655,81.118240,1904,88.066605,7,0.411765
514,15,2.645503,2655,81.118240,1904,88.066605,7,0.411765
532,16,2.821869,2663,81.362664,1912,88.436633,7,0.411765
318,17,2.998236,2676,81.759853,1918,88.714154,7,0.411765
550,18,3.174603,2706,82.676444,1942,89.824237,7,0.411765
405,19,3.350970,2720,83.104186,1952,90.286772,7,0.411765
560,20,3.527337,2723,83.195845,1952,90.286772,7,0.411765
69,21,3.703704,2723,83.195845,1952,90.286772,7,0.411765
119,22,3.880071,2723,83.195845,1952,90.286772,7,0.411765
283,23,4.056437,2723,83.195845,1952,90.286772,7,0.411765
80,24,4.232804,2723,83.195845,1952,90.286772,7,0.411765
