TestcaseNumber,TestcaseCount,TestcaseRatio,StatementCount,StatementRatio,BranchCount,BranchRatio,FaultCount,FaultRatio
474,1,0.176367,1033,31.561259,823,38.066605,1,0.058824
546,2,0.352734,2016,61.594867,1559,72.109158,2,0.117647
542,3,0.529101,2024,61.839291,1559,72.109158,2,0.117647
249,4,0.705467,2053,62.725328,1577,72.941721,2,0.117647
397,5,0.881834,2185,66.758326,1651,76.364477,2,0.117647
180,6,1.058201,2392,73.082799,1759,81.359852,5,0.294118
45,7,1.234568,2396,73.205011,1759,81.359852,5,0.294118
100,8,1.410935,2399,73.296670,1761,81.452359,5,0.294118
388,9,1.587302,2655,81.118240,1870,86.493987,5,0.294118
172,10,1.763668,2657,81.179346,1870,86.493987,5,0.294118
298,11,1.940035,2668,81.515429,1876,86.771508,5,0.294118
211,12,2.116402,2681,81.912618,1884,87.141536,5,0.294118
146,13,2.292769,2681,81.912618,1884,87.141536,5,0.294118
409,14,2.469136,2681,81.912618,1884,87.141536,5,0.294118
118,15,2.645503,2682,81.943171,1884,87.141536,5,0.294118
324,16,2.821869,2682,81.943171,1884,87.141536,5,0.294118
129,17,2.998236,2682,81.943171,1884,87.141536,5,0.294118
3,18,3.174603,2685,82.034830,1892,87.511563,5,0.294118
490,19,3.350970,2685,82.034830,1892,87.511563,5,0.294118
391,20,3.527337,2685,82.034830,1892,87.511563,5,0.294118
426,21,3.703704,2688,82.126489,1892,87.511563,5,0.294118
406,22,3.880071,2688,82.126489,1892,87.511563,5,0.294118
476,23,4.056437,2698,82.432020,1892,87.511563,5,0.294118
200,24,4.232804,2698,82.432020,1892,87.511563,5,0.294118
445,25,4.409171,2698,82.432020,1892,87.511563,5,0.294118
204,26,4.585538,2698,82.432020,1892,87.511563,5,0.294118
506,27,4.761905,2698,82.432020,1892,87.511563,5,0.294118
266,28,4.938272,2698,82.432020,1892,87.511563,5,0.294118
28,29,5.114638,2698,82.432020,1892,87.511563,5,0.294118
25,30,5.291005,2698,82.432020,1892,87.511563,5,0.294118
