TestcaseNumber,TestcaseCount,TestcaseRatio,StatementCount,StatementRatio,BranchCount,BranchRatio,FaultCount,FaultRatio
92,1,0.176367,1772,54.139933,1423,65.818686,0,0.000000
153,2,0.352734,1877,57.347999,1480,68.455134,0,0.000000
27,3,0.529101,1933,59.058967,1510,69.842738,0,0.000000
372,4,0.705467,1933,59.058967,1510,69.842738,0,0.000000
342,5,0.881834,1933,59.058967,1510,69.842738,0,0.000000
134,6,1.058201,2180,66.605561,1656,76.595745,1,0.058824
452,7,1.234568,2195,67.063856,1656,76.595745,1,0.058824
84,8,1.410935,2197,67.124962,1656,76.595745,1,0.058824
133,9,1.587302,2197,67.124962,1656,76.595745,1,0.058824
436,10,1.763668,2353,71.891231,1740,80.481036,4,0.235294
78,11,1.940035,2574,78.643446,1814,83.903793,4,0.235294
218,12,2.116402,2574,78.643446,1814,83.903793,4,0.235294
305,13,2.292769,2588,79.071189,1824,84.366327,4,0.235294
257,14,2.469136,2598,79.376719,1824,84.366327,4,0.235294
457,15,2.645503,2598,79.376719,1824,84.366327,4,0.235294
473,16,2.821869,2598,79.376719,1824,84.366327,4,0.235294
296,17,2.998236,2599,79.407272,1824,84.366327,4,0.235294
451,18,3.174603,2600,79.437825,1824,84.366327,4,0.235294
192,19,3.350970,2605,79.590590,1824,84.366327,4,0.235294
379,20,3.527337,2607,79.651696,1828,84.551341,4,0.235294
253,21,3.703704,2607,79.651696,1828,84.551341,4,0.235294
374,22,3.880071,2607,79.651696,1828,84.551341,4,0.235294
553,23,4.056437,2616,79.926673,1830,84.643848,4,0.235294
74,24,4.232804,2616,79.926673,1830,84.643848,4,0.235294
46,25,4.409171,2616,79.926673,1830,84.643848,4,0.235294
505,26,4.585538,2616,79.926673,1830,84.643848,4,0.235294
