TestcaseNumber,TestcaseCount,TestcaseRatio,StatementCount,StatementRatio,BranchCount,BranchRatio,FaultCount,FaultRatio
345,1,0.176367,1744,53.284449,1373,63.506013,0,0.000000
268,2,0.352734,2026,61.900397,1514,70.027752,1,0.058824
461,3,0.529101,2136,65.261228,1588,73.450509,1,0.058824
319,4,0.705467,2345,71.646807,1698,78.538390,2,0.117647
92,5,0.881834,2414,73.754965,1728,79.925994,2,0.117647
383,6,1.058201,2424,74.060495,1734,80.203515,2,0.117647
471,7,1.234568,2424,74.060495,1734,80.203515,2,0.117647
183,8,1.410935,2583,78.918423,1816,83.996300,5,0.294118
90,9,1.587302,2583,78.918423,1816,83.996300,5,0.294118
361,10,1.763668,2583,78.918423,1816,83.996300,5,0.294118
251,11,1.940035,2583,78.918423,1816,83.996300,5,0.294118
482,12,2.116402,2583,78.918423,1816,83.996300,5,0.294118
7,13,2.292769,2588,79.071189,1818,84.088807,5,0.294118
359,14,2.469136,2588,79.071189,1818,84.088807,5,0.294118
99,15,2.645503,2588,79.071189,1818,84.088807,5,0.294118
516,16,2.821869,2588,79.071189,1818,84.088807,5,0.294118
429,17,2.998236,2593,79.223954,1826,84.458834,5,0.294118
59,18,3.174603,2593,79.223954,1826,84.458834,5,0.294118
313,19,3.350970,2595,79.285060,1826,84.458834,5,0.294118
448,20,3.527337,2604,79.560037,1830,84.643848,5,0.294118
175,21,3.703704,2606,79.621143,1830,84.643848,5,0.294118
559,22,3.880071,2670,81.576535,1894,87.604070,5,0.294118
463,23,4.056437,2670,81.576535,1894,87.604070,5,0.294118
283,24,4.232804,2674,81.698747,1894,87.604070,5,0.294118
