TestcaseNumber,TestcaseCount,TestcaseRatio,StatementCount,StatementRatio,BranchCount,BranchRatio,FaultCount,FaultRatio
401,1,0.126103,1763,93.776596,1503,91.814294,5,1.000000
150,2,0.252207,1854,98.617021,1603,97.923030,5,1.000000
2,3,0.378310,1863,99.095745,1615,98.656078,5,1.000000
697,4,0.504414,1874,99.680851,1633,99.755651,5,1.000000
707,5,0.630517,1874,99.680851,1637,100.000000,5,1.000000
