TestcaseNumber,TestcaseCount,TestcaseRatio,StatementCount,StatementRatio,BranchCount,BranchRatio,FaultCount,FaultRatio
656,1,0.126103,1780,94.680851,1533,93.646915,5,1.000000
502,2,0.252207,1864,99.148936,1625,99.266952,5,1.000000
125,3,0.378310,1865,99.202128,1627,99.389126,5,1.000000
2,4,0.504414,1874,99.680851,1637,100.000000,5,1.000000
