TestcaseNumber,TestcaseCount,TestcaseRatio,StatementCount,StatementRatio,BranchCount,BranchRatio,FaultCount,FaultRatio
63,1,0.126103,1547,82.287234,1360,83.078803,0,0.000000
212,2,0.252207,1764,93.829787,1515,92.547343,5,1.000000
149,3,0.378310,1849,98.351064,1607,98.167379,5,1.000000
2,4,0.504414,1858,98.829787,1617,98.778253,5,1.000000
708,5,0.630517,1871,99.521277,1637,100.000000,5,1.000000
