TestcaseNumber,TestcaseCount,TestcaseRatio,StatementCount,StatementRatio,BranchCount,BranchRatio,FaultCount,FaultRatio
520,1,0.126103,1645,87.500000,1464,89.431888,0,0.000000
2,2,0.252207,1654,87.978723,1474,90.042761,0,0.000000
500,3,0.378310,1865,99.202128,1623,99.144777,5,1.000000
326,4,0.504414,1868,99.361702,1629,99.511301,5,1.000000
589,5,0.630517,1871,99.521277,1637,100.000000,5,1.000000
