TestcaseNumber,TestcaseCount,TestcaseRatio,StatementCount,StatementRatio,BranchCount,BranchRatio,FaultCount,FaultRatio
2,1,0.126103,528,28.085106,439,26.817349,0,0.000000
505,2,0.252207,1648,87.659574,1466,89.554062,0,0.000000
533,3,0.378310,1866,99.255319,1623,99.144777,5,1.000000
777,4,0.504414,1873,99.627660,1633,99.755651,5,1.000000
252,5,0.630517,1874,99.680851,1637,100.000000,5,1.000000
