TestcaseNumber,TestcaseCount,TestcaseRatio,StatementCount,StatementRatio,BranchCount,BranchRatio,FaultCount,FaultRatio
469,1,0.126103,1775,94.414894,1519,92.791692,5,1.000000
102,2,0.252207,1857,98.776596,1613,98.533903,5,1.000000
2,3,0.378310,1866,99.255319,1623,99.144777,5,1.000000
302,4,0.504414,1874,99.680851,1633,99.755651,5,1.000000
496,5,0.630517,1874,99.680851,1637,100.000000,5,1.000000
