TestcaseNumber,TestcaseCount,TestcaseRatio,StatementCount,StatementRatio,BranchCount,BranchRatio,FaultCount,FaultRatio
244,1,0.126103,1763,93.776596,1507,92.058644,5,1.000000
475,2,0.252207,1855,98.670213,1619,98.900428,5,1.000000
2,3,0.378310,1864,99.148936,1629,99.511301,5,1.000000
735,4,0.504414,1870,99.468085,1637,100.000000,5,1.000000
