TestcaseNumber,TestcaseCount,TestcaseRatio,StatementCount,StatementRatio,BranchCount,BranchRatio,FaultCount,FaultRatio
678,1,0.126103,1647,87.606383,1466,89.554062,0,0.000000
212,2,0.252207,1858,98.829787,1623,99.144777,5,1.000000
140,3,0.378310,1861,98.989362,1627,99.389126,5,1.000000
2,4,0.504414,1870,99.468085,1637,100.000000,5,1.000000
