TestcaseNumber,TestcaseCount,TestcaseRatio,StatementCount,StatementRatio,BranchCount,BranchRatio,FaultCount,FaultRatio
128,1,0.126103,1626,86.489362,1448,88.454490,0,0.000000
394,2,0.252207,1850,98.404255,1613,98.533903,5,1.000000
686,3,0.378310,1865,99.202128,1627,99.389126,5,1.000000
2,4,0.504414,1874,99.680851,1637,100.000000,5,1.000000
