TestcaseNumber,TestcaseCount,TestcaseRatio,StatementCount,StatementRatio,BranchCount,BranchRatio,FaultCount,FaultRatio
694,1,0.126103,1862,99.042553,1613,98.533903,5,1.000000
34,2,0.252207,1865,99.202128,1619,98.900428,5,1.000000
722,3,0.378310,1865,99.202128,1619,98.900428,5,1.000000
429,4,0.504414,1865,99.202128,1623,99.144777,5,1.000000
479,5,0.630517,1865,99.202128,1627,99.389126,5,1.000000
302,6,0.756620,1865,99.202128,1627,99.389126,5,1.000000
553,7,0.882724,1865,99.202128,1627,99.389126,5,1.000000
