TestcaseNumber,TestcaseCount,TestcaseRatio,StatementCount,StatementRatio,BranchCount,BranchRatio,FaultCount,FaultRatio
192,1,0.126103,1547,82.287234,1360,83.078803,0,0.000000
356,2,0.252207,1549,82.393617,1366,83.445327,0,0.000000
535,3,0.378310,1862,99.042553,1627,99.389126,5,1.000000
216,4,0.504414,1862,99.042553,1627,99.389126,5,1.000000
21,5,0.630517,1862,99.042553,1627,99.389126,5,1.000000
