TestcaseNumber,TestcaseCount,TestcaseRatio,StatementCount,StatementRatio,BranchCount,BranchRatio,FaultCount,FaultRatio
263,1,0.126103,1549,82.393617,1362,83.200977,0,0.000000
420,2,0.252207,1569,83.457447,1382,84.422724,0,0.000000
739,3,0.378310,1569,83.457447,1382,84.422724,0,0.000000
504,4,0.504414,1862,99.042553,1623,99.144777,5,1.000000
583,5,0.630517,1862,99.042553,1623,99.144777,5,1.000000
24,6,0.756620,1865,99.202128,1627,99.389126,5,1.000000
11,7,0.882724,1865,99.202128,1627,99.389126,5,1.000000
708,8,1.008827,1865,99.202128,1627,99.389126,5,1.000000
