TestcaseNumber,TestcaseCount,TestcaseRatio,StatementCount,StatementRatio,BranchCount,BranchRatio,FaultCount,FaultRatio
529,1,0.126103,1850,98.404255,1599,97.678681,5,1.000000
147,2,0.252207,1851,98.457447,1603,97.923030,5,1.000000
656,3,0.378310,1865,99.202128,1625,99.266952,5,1.000000
290,4,0.504414,1865,99.202128,1627,99.389126,5,1.000000
228,5,0.630517,1865,99.202128,1627,99.389126,5,1.000000
648,6,0.756620,1865,99.202128,1627,99.389126,5,1.000000
