TestcaseNumber,TestcaseCount,TestcaseRatio,StatementCount,StatementRatio,BranchCount,BranchRatio,FaultCount,FaultRatio
646,1,0.126103,1568,83.404255,1378,84.178375,0,0.000000
354,2,0.252207,1569,83.457447,1378,84.178375,0,0.000000
650,3,0.378310,1780,94.680851,1531,93.524740,5,1.000000
506,4,0.504414,1861,98.989362,1623,99.144777,5,1.000000
444,5,0.630517,1861,98.989362,1627,99.389126,5,1.000000
207,6,0.756620,1862,99.042553,1627,99.389126,5,1.000000
