TestcaseNumber,TestcaseCount,TestcaseRatio,StatementCount,StatementRatio,BranchCount,BranchRatio,FaultCount,FaultRatio
87,1,0.126103,1765,93.882979,1509,92.180819,5,1.000000
247,2,0.252207,1770,94.148936,1515,92.547343,5,1.000000
382,3,0.378310,1770,94.148936,1521,92.913867,5,1.000000
367,4,0.504414,1770,94.148936,1521,92.913867,5,1.000000
