TestcaseNumber,TestcaseCount,TestcaseRatio,StatementCount,StatementRatio,BranchCount,BranchRatio,FaultCount,FaultRatio
325,1,0.126103,1628,86.595745,1446,88.332315,0,0.000000
699,2,0.252207,1648,87.659574,1474,90.042761,0,0.000000
765,3,0.378310,1650,87.765957,1478,90.287111,0,0.000000
391,4,0.504414,1650,87.765957,1478,90.287111,0,0.000000
620,5,0.630517,1861,98.989362,1627,99.389126,5,1.000000
613,6,0.756620,1861,98.989362,1627,99.389126,5,1.000000
163,7,0.882724,1861,98.989362,1627,99.389126,5,1.000000
116,8,1.008827,1864,99.148936,1627,99.389126,5,1.000000
217,9,1.134931,1864,99.148936,1627,99.389126,5,1.000000
