TestcaseNumber,TestcaseCount,TestcaseRatio,StatementCount,StatementRatio,BranchCount,BranchRatio,FaultCount,FaultRatio
783,1,0.126103,1780,94.680851,1533,93.646915,5,1.000000
749,2,0.252207,1780,94.680851,1533,93.646915,5,1.000000
324,3,0.378310,1862,99.042553,1627,99.389126,5,1.000000
528,4,0.504414,1865,99.202128,1627,99.389126,5,1.000000
140,5,0.630517,1865,99.202128,1627,99.389126,5,1.000000
106,6,0.756620,1865,99.202128,1627,99.389126,5,1.000000
187,7,0.882724,1865,99.202128,1627,99.389126,5,1.000000
460,8,1.008827,1865,99.202128,1627,99.389126,5,1.000000
276,9,1.134931,1865,99.202128,1627,99.389126,5,1.000000
