TestcaseNumber,TestcaseCount,TestcaseRatio,StatementCount,StatementRatio,BranchCount,BranchRatio,FaultCount,FaultRatio
762,1,0.126103,1562,83.085106,1374,83.934026,0,0.000000
412,2,0.252207,1562,83.085106,1378,84.178375,0,0.000000
586,3,0.378310,1770,94.148936,1527,93.280391,5,1.000000
103,4,0.504414,1858,98.829787,1627,99.389126,5,1.000000
446,5,0.630517,1858,98.829787,1627,99.389126,5,1.000000
201,6,0.756620,1858,98.829787,1627,99.389126,5,1.000000
170,7,0.882724,1858,98.829787,1627,99.389126,5,1.000000
138,8,1.008827,1861,98.989362,1627,99.389126,5,1.000000
225,9,1.134931,1861,98.989362,1627,99.389126,5,1.000000
