TestcaseNumber,TestcaseCount,TestcaseRatio,StatementCount,StatementRatio,BranchCount,BranchRatio,FaultCount,FaultRatio
493,1,0.126103,1857,98.776596,1611,98.411729,5,1.000000
347,2,0.252207,1862,99.042553,1627,99.389126,5,1.000000
284,3,0.378310,1862,99.042553,1627,99.389126,5,1.000000
188,4,0.504414,1862,99.042553,1627,99.389126,5,1.000000
482,5,0.630517,1862,99.042553,1627,99.389126,5,1.000000
