TestcaseNumber,TestcaseCount,TestcaseRatio,StatementCount,StatementRatio,BranchCount,BranchRatio,FaultCount,FaultRatio
268,1,0.126103,1763,93.776596,1511,92.302993,5,1.000000
700,2,0.252207,1855,98.670213,1619,98.900428,5,1.000000
724,3,0.378310,1858,98.829787,1619,98.900428,5,1.000000
49,4,0.504414,1858,98.829787,1619,98.900428,5,1.000000
605,5,0.630517,1864,99.148936,1627,99.389126,5,1.000000
619,6,0.756620,1864,99.148936,1627,99.389126,5,1.000000
464,7,0.882724,1865,99.202128,1627,99.389126,5,1.000000
