TestcaseNumber,TestcaseCount,TestcaseRatio,StatementCount,StatementRatio,BranchCount,BranchRatio,FaultCount,FaultRatio
267,1,0.126103,1763,93.776596,1511,92.302993,5,1.000000
788,2,0.252207,1774,94.361702,1525,93.158216,5,1.000000
678,3,0.378310,1861,98.989362,1627,99.389126,5,1.000000
