TestcaseNumber,TestcaseCount,TestcaseRatio,StatementCount,StatementRatio,BranchCount,BranchRatio,FaultCount,FaultRatio
509,1,0.126103,1645,87.500000,1464,89.431888,0,0.000000
489,2,0.252207,1856,98.723404,1613,98.533903,5,1.000000
55,3,0.378310,1860,98.936170,1621,99.022602,5,1.000000
100,4,0.504414,1860,98.936170,1621,99.022602,5,1.000000
