TestcaseNumber,TestcaseCount,TestcaseRatio,StatementCount,StatementRatio,BranchCount,BranchRatio,FaultCount,FaultRatio
90,1,0.126103,1620,86.170213,1436,87.721442,0,0.000000
2,2,0.252207,1629,86.648936,1446,88.332315,0,0.000000
614,3,0.378310,1659,88.244681,1484,90.653635,0,0.000000
294,4,0.504414,1659,88.244681,1484,90.653635,0,0.000000
229,5,0.630517,1659,88.244681,1484,90.653635,0,0.000000
399,6,0.756620,1871,99.521277,1637,100.000000,5,1.000000
450,7,0.882724,1871,99.521277,1637,100.000000,5,1.000000
194,8,1.008827,1871,99.521277,1637,100.000000,5,1.000000
674,9,1.134931,1871,99.521277,1637,100.000000,5,1.000000
