TestcaseNumber,TestcaseCount,TestcaseRatio,StatementCount,StatementRatio,BranchCount,BranchRatio,FaultCount,FaultRatio
600,1,0.126103,1775,94.414894,1523,93.036042,5,1.000000
198,2,0.252207,1776,94.468085,1525,93.158216,5,1.000000
412,3,0.378310,1776,94.468085,1529,93.402566,5,1.000000
347,4,0.504414,1778,94.574468,1535,93.769090,5,1.000000
733,5,0.630517,1778,94.574468,1535,93.769090,5,1.000000
117,6,0.756620,1862,99.042553,1627,99.389126,5,1.000000
