TestcaseNumber,TestcaseCount,TestcaseRatio,StatementCount,StatementRatio,BranchCount,BranchRatio,FaultCount,FaultRatio
116,1,0.126103,1840,97.872340,1589,97.067807,5,1.000000
695,2,0.252207,1863,99.095745,1617,98.778253,5,1.000000
387,3,0.378310,1865,99.202128,1623,99.144777,5,1.000000
765,4,0.504414,1865,99.202128,1627,99.389126,5,1.000000
218,5,0.630517,1865,99.202128,1627,99.389126,5,1.000000
330,6,0.756620,1865,99.202128,1627,99.389126,5,1.000000
