TestcaseNumber,TestcaseCount,TestcaseRatio,StatementCount,StatementRatio,BranchCount,BranchRatio,FaultCount,FaultRatio
451,1,0.126103,1560,82.978723,1368,83.567502,0,0.000000
309,2,0.252207,1865,99.202128,1623,99.144777,5,1.000000
441,3,0.378310,1865,99.202128,1627,99.389126,5,1.000000
369,4,0.504414,1865,99.202128,1627,99.389126,5,1.000000
413,5,0.630517,1865,99.202128,1627,99.389126,5,1.000000
33,6,0.756620,1865,99.202128,1627,99.389126,5,1.000000
91,7,0.882724,1865,99.202128,1627,99.389126,5,1.000000
557,8,1.008827,1865,99.202128,1627,99.389126,5,1.000000
593,9,1.134931,1865,99.202128,1627,99.389126,5,1.000000
