TestcaseNumber,TestcaseCount,TestcaseRatio,StatementCount,StatementRatio,BranchCount,BranchRatio,FaultCount,FaultRatio
580,1,0.126103,1560,82.978723,1368,83.567502,0,0.000000
120,2,0.252207,1860,98.936170,1617,98.778253,5,1.000000
324,3,0.378310,1862,99.042553,1623,99.144777,5,1.000000
236,4,0.504414,1865,99.202128,1627,99.389126,5,1.000000
767,5,0.630517,1865,99.202128,1627,99.389126,5,1.000000
702,6,0.756620,1865,99.202128,1627,99.389126,5,1.000000
645,7,0.882724,1865,99.202128,1627,99.389126,5,1.000000
573,8,1.008827,1865,99.202128,1627,99.389126,5,1.000000
