TestcaseNumber,TestcaseCount,TestcaseRatio,StatementCount,StatementRatio,BranchCount,BranchRatio,FaultCount,FaultRatio
379,1,0.126103,1543,82.074468,1358,82.956628,0,0.000000
768,2,0.252207,1569,83.457447,1386,84.667074,0,0.000000
658,3,0.378310,1780,94.680851,1535,93.769090,5,1.000000
55,4,0.504414,1781,94.734043,1535,93.769090,5,1.000000
168,5,0.630517,1781,94.734043,1535,93.769090,5,1.000000
