TestcaseNumber,TestcaseCount,TestcaseRatio,StatementCount,StatementRatio,BranchCount,BranchRatio,FaultCount,FaultRatio
208,1,0.126103,1765,93.882979,1513,92.425168,5,1.000000
322,2,0.252207,1848,98.297872,1613,98.533903,5,1.000000
65,3,0.378310,1848,98.297872,1613,98.533903,5,1.000000
706,4,0.504414,1859,98.882979,1627,99.389126,5,1.000000
378,5,0.630517,1859,98.882979,1627,99.389126,5,1.000000
595,6,0.756620,1859,98.882979,1627,99.389126,5,1.000000
300,7,0.882724,1865,99.202128,1627,99.389126,5,1.000000
213,8,1.008827,1865,99.202128,1627,99.389126,5,1.000000
434,9,1.134931,1865,99.202128,1627,99.389126,5,1.000000
