TestcaseNumber,TestcaseCount,TestcaseRatio,StatementCount,StatementRatio,BranchCount,BranchRatio,FaultCount,FaultRatio
121,1,0.126103,1620,86.170213,1436,87.721442,0,0.000000
227,2,0.252207,1624,86.382979,1450,88.576665,0,0.000000
469,3,0.378310,1859,98.882979,1627,99.389126,5,1.000000
15,4,0.504414,1859,98.882979,1627,99.389126,5,1.000000
480,5,0.630517,1859,98.882979,1627,99.389126,5,1.000000
