TestcaseNumber,TestcaseCount,TestcaseRatio,StatementCount,StatementRatio,BranchCount,BranchRatio,FaultCount,FaultRatio
325,1,0.126103,1628,86.595745,1446,88.332315,0,0.000000
60,2,0.252207,1633,86.861702,1458,89.065363,0,0.000000
313,3,0.378310,1633,86.861702,1458,89.065363,0,0.000000
555,4,0.504414,1861,98.989362,1627,99.389126,5,1.000000
105,5,0.630517,1864,99.148936,1627,99.389126,5,1.000000
792,6,0.756620,1868,99.361702,1627,99.389126,5,1.000000
633,7,0.882724,1868,99.361702,1627,99.389126,5,1.000000
36,8,1.008827,1868,99.361702,1627,99.389126,5,1.000000
