TestcaseNumber,TestcaseCount,TestcaseRatio,StatementCount,StatementRatio,BranchCount,BranchRatio,FaultCount,FaultRatio
601,1,0.126103,1562,83.085106,1374,83.934026,0,0.000000
107,2,0.252207,1855,98.670213,1619,98.900428,5,1.000000
551,3,0.378310,1861,98.989362,1627,99.389126,5,1.000000
89,4,0.504414,1861,98.989362,1627,99.389126,5,1.000000
72,5,0.630517,1861,98.989362,1627,99.389126,5,1.000000
593,6,0.756620,1861,98.989362,1627,99.389126,5,1.000000
423,7,0.882724,1861,98.989362,1627,99.389126,5,1.000000
520,8,1.008827,1861,98.989362,1627,99.389126,5,1.000000
708,9,1.134931,1861,98.989362,1627,99.389126,5,1.000000
