TestcaseNumber,TestcaseCount,TestcaseRatio,StatementCount,StatementRatio,BranchCount,BranchRatio,FaultCount,FaultRatio
117,1,0.126103,1847,98.244681,1593,97.312156,5,1.000000
322,2,0.252207,1849,98.351064,1601,97.800855,5,1.000000
677,3,0.378310,1860,98.936170,1615,98.656078,5,1.000000
309,4,0.504414,1863,99.095745,1615,98.656078,5,1.000000
91,5,0.630517,1863,99.095745,1623,99.144777,5,1.000000
679,6,0.756620,1863,99.095745,1623,99.144777,5,1.000000
735,7,0.882724,1865,99.202128,1627,99.389126,5,1.000000
709,8,1.008827,1865,99.202128,1627,99.389126,5,1.000000
269,9,1.134931,1865,99.202128,1627,99.389126,5,1.000000
