TestcaseNumber,TestcaseCount,TestcaseRatio,StatementCount,StatementRatio,BranchCount,BranchRatio,FaultCount,FaultRatio
197,1,0.126103,1547,82.287234,1352,82.590104,0,0.000000
450,2,0.252207,1567,83.351064,1372,83.811851,0,0.000000
361,3,0.378310,1780,94.680851,1531,93.524740,5,1.000000
614,4,0.504414,1780,94.680851,1531,93.524740,5,1.000000
184,5,0.630517,1781,94.734043,1535,93.769090,5,1.000000
612,6,0.756620,1781,94.734043,1535,93.769090,5,1.000000
698,7,0.882724,1862,99.042553,1627,99.389126,5,1.000000
632,8,1.008827,1862,99.042553,1627,99.389126,5,1.000000
283,9,1.134931,1862,99.042553,1627,99.389126,5,1.000000
