TestcaseNumber,TestcaseCount,TestcaseRatio,StatementCount,StatementRatio,BranchCount,BranchRatio,FaultCount,FaultRatio
569,1,0.126103,1560,82.978723,1368,83.567502,0,0.000000
627,2,0.252207,1773,94.308511,1527,93.280391,5,1.000000
90,3,0.378310,1855,98.670213,1619,98.900428,5,1.000000
158,4,0.504414,1861,98.989362,1627,99.389126,5,1.000000
103,5,0.630517,1861,98.989362,1627,99.389126,5,1.000000
32,6,0.756620,1861,98.989362,1627,99.389126,5,1.000000
792,7,0.882724,1862,99.042553,1627,99.389126,5,1.000000
677,8,1.008827,1862,99.042553,1627,99.389126,5,1.000000
431,9,1.134931,1862,99.042553,1627,99.389126,5,1.000000
