TestcaseNumber,TestcaseCount,TestcaseRatio,StatementCount,StatementRatio,BranchCount,BranchRatio,FaultCount,FaultRatio
692,1,0.126103,1855,98.670213,1609,98.289554,5,1.000000
447,2,0.252207,1863,99.095745,1627,99.389126,5,1.000000
118,3,0.378310,1865,99.202128,1627,99.389126,5,1.000000
67,4,0.504414,1865,99.202128,1627,99.389126,5,1.000000
432,5,0.630517,1865,99.202128,1627,99.389126,5,1.000000
214,6,0.756620,1865,99.202128,1627,99.389126,5,1.000000
92,7,0.882724,1865,99.202128,1627,99.389126,5,1.000000
