TestcaseNumber,TestcaseCount,TestcaseRatio,StatementCount,StatementRatio,BranchCount,BranchRatio,FaultCount,FaultRatio
633,1,0.126103,1562,83.085106,1374,83.934026,0,0.000000
146,2,0.252207,1855,98.670213,1615,98.656078,5,1.000000
734,3,0.378310,1861,98.989362,1623,99.144777,5,1.000000
458,4,0.504414,1861,98.989362,1623,99.144777,5,1.000000
250,5,0.630517,1861,98.989362,1623,99.144777,5,1.000000
434,6,0.756620,1861,98.989362,1623,99.144777,5,1.000000
215,7,0.882724,1862,99.042553,1627,99.389126,5,1.000000
