TestcaseNumber,TestcaseCount,TestcaseRatio,StatementCount,StatementRatio,BranchCount,BranchRatio,FaultCount,FaultRatio
404,1,0.126103,1763,93.776596,1507,92.058644,5,1.000000
102,2,0.252207,1850,98.404255,1609,98.289554,5,1.000000
90,3,0.378310,1850,98.404255,1613,98.533903,5,1.000000
240,4,0.504414,1851,98.457447,1613,98.533903,5,1.000000
668,5,0.630517,1862,99.042553,1627,99.389126,5,1.000000
200,6,0.756620,1862,99.042553,1627,99.389126,5,1.000000
170,7,0.882724,1862,99.042553,1627,99.389126,5,1.000000
702,8,1.008827,1862,99.042553,1627,99.389126,5,1.000000
553,9,1.134931,1862,99.042553,1627,99.389126,5,1.000000
