TestcaseNumber,TestcaseCount,TestcaseRatio,StatementCount,StatementRatio,BranchCount,BranchRatio,FaultCount,FaultRatio
675,1,0.126103,1641,87.287234,1462,89.309713,0,0.000000
405,2,0.252207,1862,99.042553,1623,99.144777,5,1.000000
530,3,0.378310,1865,99.202128,1623,99.144777,5,1.000000
217,4,0.504414,1865,99.202128,1627,99.389126,5,1.000000
731,5,0.630517,1865,99.202128,1627,99.389126,5,1.000000
746,6,0.756620,1865,99.202128,1627,99.389126,5,1.000000
365,7,0.882724,1865,99.202128,1627,99.389126,5,1.000000
58,8,1.008827,1868,99.361702,1627,99.389126,5,1.000000
11,9,1.134931,1868,99.361702,1627,99.389126,5,1.000000
