TestcaseNumber,TestcaseCount,TestcaseRatio,StatementCount,StatementRatio,BranchCount,BranchRatio,FaultCount,FaultRatio
647,1,0.126103,1568,83.404255,1382,84.422724,0,0.000000
480,2,0.252207,1649,87.712766,1478,90.287111,0,0.000000
535,3,0.378310,1861,98.989362,1627,99.389126,5,1.000000
548,4,0.504414,1861,98.989362,1627,99.389126,5,1.000000
125,5,0.630517,1862,99.042553,1627,99.389126,5,1.000000
553,6,0.756620,1862,99.042553,1627,99.389126,5,1.000000
