TestcaseNumber,TestcaseCount,TestcaseRatio,StatementCount,StatementRatio,BranchCount,BranchRatio,FaultCount,FaultRatio
373,1,0.126103,1770,94.148936,1511,92.302993,5,1.000000
635,2,0.252207,1781,94.734043,1535,93.769090,5,1.000000
417,3,0.378310,1781,94.734043,1535,93.769090,5,1.000000
5,4,0.504414,1784,94.893617,1535,93.769090,5,1.000000
371,5,0.630517,1784,94.893617,1535,93.769090,5,1.000000
243,6,0.756620,1784,94.893617,1535,93.769090,5,1.000000
246,7,0.882724,1784,94.893617,1535,93.769090,5,1.000000
79,8,1.008827,1784,94.893617,1535,93.769090,5,1.000000
475,9,1.134931,1865,99.202128,1627,99.389126,5,1.000000
