TestcaseNumber,TestcaseCount,TestcaseRatio,StatementCount,StatementRatio,BranchCount,BranchRatio,FaultCount,FaultRatio
373,1,0.126103,1770,94.148936,1511,92.302993,5,1.000000
338,2,0.252207,1854,98.617021,1603,97.923030,5,1.000000
644,3,0.378310,1865,99.202128,1623,99.144777,5,1.000000
60,4,0.504414,1868,99.361702,1627,99.389126,5,1.000000
2,5,0.630517,1877,99.840426,1637,100.000000,5,1.000000
19,6,0.756620,1880,100.000000,1637,100.000000,5,1.000000
