TestcaseNumber,TestcaseCount,TestcaseRatio,StatementCount,StatementRatio,BranchCount,BranchRatio,FaultCount,FaultRatio
37,1,0.126103,1547,82.287234,1352,82.590104,0,0.000000
332,2,0.252207,1853,98.563830,1613,98.533903,5,1.000000
558,3,0.378310,1865,99.202128,1627,99.389126,5,1.000000
2,4,0.504414,1874,99.680851,1637,100.000000,5,1.000000
24,5,0.630517,1877,99.840426,1637,100.000000,5,1.000000
19,6,0.756620,1880,100.000000,1637,100.000000,5,1.000000
