TestcaseNumber,TestcaseCount,TestcaseRatio,StatementCount,StatementRatio,BranchCount,BranchRatio,FaultCount,FaultRatio
11,1,0.176367,43,32.824427,45,59.210526,0,0.000000
551,2,0.352734,74,56.488550,68,89.473684,0,0.000000
553,3,0.529101,81,61.832061,70,92.105263,0,0.000000
2,4,0.705467,127,96.946565,74,97.368421,0,0.000000
552,5,0.881834,130,99.236641,76,100.000000,0,0.000000
