TestcaseNumber,TestcaseCount,TestcaseRatio,StatementCount,StatementRatio,BranchCount,BranchRatio,FaultCount,FaultRatio
461,1,0.176367,0,0.000000,0,0.000000,5,0.555556
564,2,0.352734,0,0.000000,0,0.000000,5,0.555556
347,3,0.529101,0,0.000000,0,0.000000,5,0.555556
311,4,0.705467,0,0.000000,0,0.000000,5,0.555556
503,5,0.881834,0,0.000000,0,0.000000,5,0.555556
