TestcaseNumber,TestcaseCount,TestcaseRatio,StatementCount,StatementRatio,BranchCount,BranchRatio,FaultCount,FaultRatio
245,1,0.176367,0,0.000000,0,0.000000,5,0.555556
434,2,0.352734,0,0.000000,0,0.000000,5,0.555556
10,3,0.529101,0,0.000000,0,0.000000,5,0.555556
121,4,0.705467,0,0.000000,0,0.000000,5,0.555556
175,5,0.881834,0,0.000000,0,0.000000,5,0.555556
481,6,1.058201,0,0.000000,0,0.000000,5,0.555556
