TestcaseNumber,TestcaseCount,TestcaseRatio,StatementCount,StatementRatio,BranchCount,BranchRatio,FaultCount,FaultRatio
419,1,0.176367,0,0.000000,0,0.000000,5,0.555556
254,2,0.352734,0,0.000000,0,0.000000,5,0.555556
116,3,0.529101,0,0.000000,0,0.000000,5,0.555556
151,4,0.705467,0,0.000000,0,0.000000,5,0.555556
97,5,0.881834,0,0.000000,0,0.000000,5,0.555556
