TestcaseNumber,TestcaseCount,TestcaseRatio,StatementCount,StatementRatio,BranchCount,BranchRatio,FaultCount,FaultRatio
355,1,0.176367,0,0.000000,0,0.000000,5,0.555556
520,2,0.352734,0,0.000000,0,0.000000,5,0.555556
496,3,0.529101,0,0.000000,0,0.000000,5,0.555556
20,4,0.705467,0,0.000000,0,0.000000,5,0.555556
