TestcaseNumber,TestcaseCount,TestcaseRatio,StatementCount,StatementRatio,BranchCount,BranchRatio,FaultCount,FaultRatio
197,1,0.176367,0,0.000000,0,0.000000,5,0.555556
147,2,0.352734,0,0.000000,0,0.000000,5,0.555556
345,3,0.529101,0,0.000000,0,0.000000,5,0.555556
301,4,0.705467,0,0.000000,0,0.000000,5,0.555556
340,5,0.881834,0,0.000000,0,0.000000,5,0.555556
1,6,1.058201,0,0.000000,0,0.000000,5,0.555556
