TestcaseNumber,TestcaseCount,TestcaseRatio,StatementCount,StatementRatio,BranchCount,BranchRatio,FaultCount,FaultRatio
281,1,0.176367,0,0.000000,0,0.000000,5,0.555556
338,2,0.352734,0,0.000000,0,0.000000,5,0.555556
239,3,0.529101,0,0.000000,0,0.000000,5,0.555556
274,4,0.705467,0,0.000000,0,0.000000,5,0.555556
26,5,0.881834,0,0.000000,0,0.000000,5,0.555556
