TestcaseNumber,TestcaseCount,TestcaseRatio,StatementCount,StatementRatio,BranchCount,BranchRatio,FaultCount,FaultRatio
171,1,0.176367,0,0.000000,0,0.000000,5,0.555556
490,2,0.352734,0,0.000000,0,0.000000,5,0.555556
343,3,0.529101,0,0.000000,0,0.000000,5,0.555556
340,4,0.705467,0,0.000000,0,0.000000,5,0.555556
555,5,0.881834,0,0.000000,0,0.000000,5,0.555556
46,6,1.058201,0,0.000000,0,0.000000,5,0.555556
