TestcaseNumber,TestcaseCount,TestcaseRatio,StatementCount,StatementRatio,BranchCount,BranchRatio,FaultCount,FaultRatio
374,1,0.176367,0,0.000000,0,0.000000,5,0.555556
173,2,0.352734,0,0.000000,0,0.000000,5,0.555556
134,3,0.529101,0,0.000000,0,0.000000,5,0.555556
73,4,0.705467,0,0.000000,0,0.000000,5,0.555556
373,5,0.881834,0,0.000000,0,0.000000,5,0.555556
446,6,1.058201,0,0.000000,0,0.000000,5,0.555556
