TestcaseNumber,TestcaseCount,TestcaseRatio,StatementCount,StatementRatio,BranchCount,BranchRatio,FaultCount,FaultRatio
416,1,0.176367,0,0.000000,0,0.000000,5,0.555556
73,2,0.352734,0,0.000000,0,0.000000,5,0.555556
512,3,0.529101,0,0.000000,0,0.000000,5,0.555556
270,4,0.705467,0,0.000000,0,0.000000,5,0.555556
129,5,0.881834,0,0.000000,0,0.000000,5,0.555556
510,6,1.058201,0,0.000000,0,0.000000,5,0.555556
