TestcaseNumber,TestcaseCount,TestcaseRatio,StatementCount,StatementRatio,BranchCount,BranchRatio,FaultCount,FaultRatio
397,1,0.176367,0,0.000000,0,0.000000,5,0.555556
222,2,0.352734,0,0.000000,0,0.000000,5,0.555556
98,3,0.529101,0,0.000000,0,0.000000,5,0.555556
179,4,0.705467,0,0.000000,0,0.000000,5,0.555556
