TestcaseNumber,TestcaseCount,TestcaseRatio,StatementCount,StatementRatio,BranchCount,BranchRatio,FaultCount,FaultRatio
534,1,0.176367,0,0.000000,0,0.000000,2,0.222222
291,2,0.352734,0,0.000000,0,0.000000,5,0.555556
398,3,0.529101,0,0.000000,0,0.000000,5,0.555556
390,4,0.705467,0,0.000000,0,0.000000,5,0.555556
279,5,0.881834,0,0.000000,0,0.000000,5,0.555556
