TestcaseNumber,TestcaseCount,TestcaseRatio,StatementCount,StatementRatio,BranchCount,BranchRatio,FaultCount,FaultRatio
432,1,0.176367,0,0.000000,0,0.000000,5,0.555556
203,2,0.352734,0,0.000000,0,0.000000,5,0.555556
85,3,0.529101,0,0.000000,0,0.000000,5,0.555556
402,4,0.705467,0,0.000000,0,0.000000,5,0.555556
