TestcaseNumber,TestcaseCount,TestcaseRatio,StatementCount,StatementRatio,BranchCount,BranchRatio,FaultCount,FaultRatio
551,1,0.176367,71,54.198473,68,89.473684,0,0.000000
552,2,0.352734,78,59.541985,70,92.105263,0,0.000000
2,3,0.529101,124,94.656489,74,97.368421,0,0.000000
11,4,0.705467,127,96.946565,74,97.368421,0,0.000000
542,5,0.881834,128,97.709924,74,97.368421,0,0.000000
553,6,1.058201,131,100.000000,76,100.000000,0,0.000000
