TestcaseNumber,TestcaseCount,TestcaseRatio,StatementCount,StatementRatio,BranchCount,BranchRatio,FaultCount,FaultRatio
553,1,0.176367,60,45.801527,57,75.000000,0,0.000000
551,2,0.352734,78,59.541985,70,92.105263,0,0.000000
552,3,0.529101,81,61.832061,72,94.736842,0,0.000000
2,4,0.705467,127,96.946565,76,100.000000,0,0.000000
542,5,0.881834,128,97.709924,76,100.000000,0,0.000000
11,6,1.058201,131,100.000000,76,100.000000,0,0.000000
