TestcaseNumber,TestcaseCount,TestcaseRatio,StatementCount,StatementRatio,BranchCount,BranchRatio,FaultCount,FaultRatio
350,1,0.270270,331,22.686772,257,21.222130,0,0.000000
223,2,0.540541,653,44.756683,579,47.811726,0,0.000000
366,3,0.810811,993,68.060315,875,72.254335,0,0.000000
361,4,1.081081,1120,76.764907,985,81.337737,1,0.166667
352,5,1.351351,1155,79.163811,1003,82.824112,1,0.166667
324,6,1.621622,1221,83.687457,1081,89.265070,1,0.166667
27,7,1.891892,1267,86.840302,1111,91.742362,3,0.500000
278,8,2.162162,1271,87.114462,1119,92.402973,3,0.500000
205,9,2.432432,1276,87.457162,1125,92.898431,3,0.500000
30,10,2.702703,1300,89.102125,1155,95.375723,4,0.666667
10,11,2.972973,1308,89.650446,1157,95.540875,5,0.833333
28,12,3.243243,1314,90.061686,1161,95.871181,5,0.833333
362,13,3.513514,1317,90.267306,1163,96.036334,5,0.833333
168,14,3.783784,1329,91.089788,1167,96.366639,5,0.833333
348,15,4.054054,1354,92.803290,1183,97.687861,5,0.833333
319,16,4.324324,1364,93.488691,1185,97.853014,5,0.833333
297,17,4.594595,1364,93.488691,1189,98.183320,5,0.833333
84,18,4.864865,1373,94.105552,1193,98.513625,6,1.000000
343,19,5.135135,1374,94.174092,1195,98.678778,6,1.000000
32,20,5.405405,1376,94.311172,1197,98.843931,6,1.000000
35,21,5.675676,1380,94.585332,1201,99.174236,6,1.000000
303,22,5.945946,1387,95.065113,1205,99.504542,6,1.000000
185,23,6.216216,1395,95.613434,1207,99.669694,6,1.000000
18,24,6.486486,1395,95.613434,1209,99.834847,6,1.000000
23,25,6.756757,1414,96.915696,1211,100.000000,6,1.000000
