TestcaseNumber,TestcaseCount,TestcaseRatio,StatementCount,StatementRatio,BranchCount,BranchRatio,FaultCount,FaultRatio
361,1,0.270270,736,50.445511,658,54.335260,1,0.166667
147,2,0.540541,759,52.021933,698,57.638315,1,0.166667
155,3,0.810811,903,61.891707,834,68.868704,3,0.500000
366,4,1.081081,1118,76.627827,1027,84.805945,3,0.500000
27,5,1.351351,1159,79.437971,1053,86.952931,4,0.666667
356,6,1.621622,1181,80.945853,1061,87.613543,4,0.666667
161,7,1.891892,1219,83.550377,1079,89.099917,4,0.666667
94,8,2.162162,1256,86.086361,1109,91.577209,5,0.833333
296,9,2.432432,1256,86.086361,1111,91.742362,5,0.833333
223,10,2.702703,1288,88.279644,1129,93.228737,5,0.833333
4,11,2.972973,1299,89.033585,1133,93.559042,6,1.000000
336,12,3.243243,1307,89.581905,1135,93.724195,6,1.000000
214,13,3.513514,1307,89.581905,1141,94.219653,6,1.000000
30,14,3.783784,1325,90.815627,1153,95.210570,6,1.000000
21,15,4.054054,1341,91.912269,1155,95.375723,6,1.000000
201,16,4.324324,1345,92.186429,1159,95.706028,6,1.000000
362,17,4.594595,1348,92.392049,1161,95.871181,6,1.000000
63,18,4.864865,1360,93.214531,1167,96.366639,6,1.000000
228,19,5.135135,1375,94.242632,1177,97.192403,6,1.000000
344,20,5.405405,1379,94.516792,1179,97.357556,6,1.000000
32,21,5.675676,1381,94.653873,1181,97.522709,6,1.000000
288,22,5.945946,1385,94.928033,1187,98.018167,6,1.000000
170,23,6.216216,1390,95.270733,1193,98.513625,6,1.000000
35,24,6.486486,1394,95.544894,1197,98.843931,6,1.000000
297,25,6.756757,1394,95.544894,1199,99.009083,6,1.000000
28,26,7.027027,1400,95.956134,1203,99.339389,6,1.000000
187,27,7.297297,1400,95.956134,1205,99.504542,6,1.000000
324,28,7.567568,1400,95.956134,1207,99.669694,6,1.000000
301,29,7.837838,1404,96.230295,1209,99.834847,6,1.000000
18,30,8.108108,1404,96.230295,1211,100.000000,6,1.000000
