TestcaseNumber,TestcaseCount,TestcaseRatio,StatementCount,StatementRatio,BranchCount,BranchRatio,FaultCount,FaultRatio
201,1,0.270270,633,43.385881,547,45.169282,1,0.166667
4,2,0.540541,653,44.756683,551,45.499587,2,0.333333
116,3,0.810811,847,58.053461,754,62.262593,3,0.500000
45,4,1.081081,875,59.972584,764,63.088357,3,0.500000
28,5,1.351351,909,62.302947,778,64.244426,3,0.500000
366,6,1.621622,1127,77.244688,983,81.172585,3,0.500000
133,7,1.891892,1155,79.163811,997,82.328654,3,0.500000
244,8,2.162162,1163,79.712132,1007,83.154418,3,0.500000
26,9,2.432432,1178,80.740233,1021,84.310487,5,0.833333
361,10,2.702703,1262,86.497601,1111,91.742362,5,0.833333
362,11,2.972973,1265,86.703221,1113,91.907514,5,0.833333
324,12,3.243243,1282,87.868403,1127,93.063584,5,0.833333
351,13,3.513514,1295,88.759424,1139,94.054500,5,0.833333
296,14,3.783784,1295,88.759424,1141,94.219653,5,0.833333
32,15,4.054054,1297,88.896504,1143,94.384806,5,0.833333
313,16,4.324324,1323,90.678547,1159,95.706028,5,0.833333
39,17,4.594595,1332,91.295408,1165,96.201486,5,0.833333
163,18,4.864865,1343,92.049349,1171,96.696945,5,0.833333
30,19,5.135135,1361,93.283071,1189,98.183320,5,0.833333
33,20,5.405405,1364,93.488691,1193,98.513625,5,0.833333
300,21,5.675676,1368,93.762851,1195,98.678778,5,0.833333
149,22,5.945946,1381,94.653873,1197,98.843931,5,0.833333
93,23,6.216216,1392,95.407814,1199,99.009083,6,1.000000
170,24,6.486486,1396,95.681974,1203,99.339389,6,1.000000
328,25,6.756757,1402,96.093215,1205,99.504542,6,1.000000
23,26,7.027027,1421,97.395476,1207,99.669694,6,1.000000
18,27,7.297297,1421,97.395476,1209,99.834847,6,1.000000
297,28,7.567568,1421,97.395476,1211,100.000000,6,1.000000
