TestcaseNumber,TestcaseCount,TestcaseRatio,StatementCount,StatementRatio,BranchCount,BranchRatio,FaultCount,FaultRatio
187,1,0.270270,842,57.710761,748,61.767135,2,0.333333
366,2,0.540541,1073,73.543523,953,78.695293,2,0.333333
18,3,0.810811,1081,74.091844,959,79.190751,2,0.333333
361,4,1.081081,1161,79.575051,1043,86.127168,2,0.333333
30,5,1.351351,1202,82.385195,1077,88.934765,4,0.666667
245,6,1.621622,1228,84.167238,1093,90.255987,4,0.666667
28,7,1.891892,1240,84.989719,1101,90.916598,4,0.666667
350,8,2.162162,1264,86.634681,1123,92.733278,4,0.666667
193,9,2.432432,1273,87.251542,1127,93.063584,5,0.833333
27,10,2.702703,1288,88.279644,1135,93.724195,5,0.833333
160,11,2.972973,1317,90.267306,1155,95.375723,5,0.833333
201,12,3.243243,1321,90.541467,1159,95.706028,5,0.833333
316,13,3.513514,1337,91.638108,1169,96.531792,5,0.833333
32,14,3.783784,1339,91.775188,1171,96.696945,5,0.833333
351,15,4.054054,1352,92.666210,1183,97.687861,5,0.833333
301,16,4.324324,1356,92.940370,1185,97.853014,5,0.833333
349,17,4.594595,1362,93.351611,1191,98.348472,5,0.833333
362,18,4.864865,1365,93.557231,1193,98.513625,5,0.833333
95,19,5.135135,1376,94.311172,1195,98.678778,5,0.833333
297,20,5.405405,1376,94.311172,1199,99.009083,5,0.833333
25,21,5.675676,1390,95.270733,1201,99.174236,5,0.833333
4,22,5.945946,1398,95.819054,1203,99.339389,6,1.000000
324,23,6.216216,1401,96.024674,1205,99.504542,6,1.000000
46,24,6.486486,1405,96.298835,1207,99.669694,6,1.000000
33,25,6.756757,1408,96.504455,1211,100.000000,6,1.000000
