TestcaseNumber,TestcaseCount,TestcaseRatio,StatementCount,StatementRatio,BranchCount,BranchRatio,FaultCount,FaultRatio
99,1,0.270270,637,43.660041,563,46.490504,1,0.166667
366,2,0.540541,978,67.032214,859,70.933113,1,0.166667
361,3,0.810811,1080,74.023304,953,78.695293,1,0.166667
214,4,1.081081,1087,74.503084,965,79.686210,2,0.333333
154,5,1.351351,1159,79.437971,1051,86.787779,3,0.500000
206,6,1.621622,1175,80.534613,1063,87.778695,3,0.500000
221,7,1.891892,1197,82.042495,1075,88.769612,3,0.500000
200,8,2.162162,1221,83.687457,1097,90.586292,3,0.500000
261,9,2.432432,1252,85.812200,1117,92.237820,3,0.500000
185,10,2.702703,1257,86.154901,1119,92.402973,3,0.500000
362,11,2.972973,1260,86.360521,1121,92.568126,3,0.500000
28,12,3.243243,1290,88.416724,1135,93.724195,3,0.500000
26,13,3.513514,1305,89.444825,1149,94.880264,4,0.666667
10,14,3.783784,1316,90.198766,1153,95.210570,5,0.833333
234,15,4.054054,1341,91.912269,1169,96.531792,5,0.833333
29,16,4.324324,1359,93.145990,1181,97.522709,5,0.833333
94,17,4.594595,1365,93.557231,1183,97.687861,6,1.000000
171,18,4.864865,1368,93.762851,1187,98.018167,6,1.000000
324,19,5.135135,1369,93.831391,1189,98.183320,6,1.000000
296,20,5.405405,1369,93.831391,1191,98.348472,6,1.000000
32,21,5.675676,1371,93.968472,1193,98.513625,6,1.000000
23,22,5.945946,1390,95.270733,1195,98.678778,6,1.000000
300,23,6.216216,1394,95.544894,1197,98.843931,6,1.000000
18,24,6.486486,1401,96.024674,1201,99.174236,6,1.000000
159,25,6.756757,1407,96.435915,1203,99.339389,6,1.000000
33,26,7.027027,1410,96.641535,1207,99.669694,6,1.000000
297,27,7.297297,1410,96.641535,1209,99.834847,6,1.000000
346,28,7.567568,1411,96.710075,1211,100.000000,6,1.000000
