TestcaseNumber,TestcaseCount,TestcaseRatio,StatementCount,StatementRatio,BranchCount,BranchRatio,FaultCount,FaultRatio
137,1,0.270270,625,42.837560,529,43.682907,2,0.333333
60,2,0.540541,676,46.333105,580,47.894302,2,0.333333
228,3,0.810811,720,49.348869,616,50.867052,2,0.333333
370,4,1.081081,720,49.348869,616,50.867052,2,0.333333
12,5,1.351351,738,50.582591,616,50.867052,2,0.333333
322,6,1.621622,811,55.586018,672,55.491329,2,0.333333
249,7,1.891892,811,55.586018,672,55.491329,2,0.333333
119,8,2.162162,892,61.137766,768,63.418662,3,0.500000
101,9,2.432432,892,61.137766,768,63.418662,3,0.500000
64,10,2.702703,892,61.137766,768,63.418662,3,0.500000
340,11,2.972973,893,61.206306,768,63.418662,3,0.500000
49,12,3.243243,893,61.206306,768,63.418662,3,0.500000
179,13,3.513514,902,61.823167,774,63.914121,3,0.500000
144,14,3.783784,902,61.823167,774,63.914121,3,0.500000
244,15,4.054054,921,63.125428,784,64.739884,3,0.500000
11,16,4.324324,932,63.879369,788,65.070190,4,0.666667
23,17,4.594595,952,65.250171,790,65.235343,4,0.666667
308,18,4.864865,963,66.004112,796,65.730801,4,0.666667
337,19,5.135135,979,67.100754,800,66.061107,4,0.666667
129,20,5.405405,1003,68.745716,822,67.877787,4,0.666667
156,21,5.675676,1006,68.951337,824,68.042940,5,0.833333
75,22,5.945946,1006,68.951337,824,68.042940,5,0.833333
36,23,6.216216,1009,69.156957,824,68.042940,5,0.833333
155,24,6.486486,1009,69.156957,824,68.042940,5,0.833333
