TestcaseNumber,TestcaseCount,TestcaseRatio,StatementCount,StatementRatio,BranchCount,BranchRatio,FaultCount,FaultRatio
322,1,0.270270,620,42.494859,511,42.196532,1,0.166667
111,2,0.540541,699,47.909527,577,47.646573,1,0.166667
235,3,0.810811,746,51.130912,644,53.179191,1,0.166667
86,4,1.081081,775,53.118574,664,54.830718,1,0.166667
128,5,1.351351,887,60.795065,782,64.574732,2,0.333333
90,6,1.621622,893,61.206306,784,64.739884,2,0.333333
51,7,1.891892,908,62.234407,804,66.391412,3,0.500000
338,8,2.162162,920,63.056888,812,67.052023,3,0.500000
164,9,2.432432,920,63.056888,812,67.052023,3,0.500000
306,10,2.702703,922,63.193968,814,67.217176,3,0.500000
218,11,2.972973,922,63.193968,814,67.217176,3,0.500000
231,12,3.243243,937,64.222070,830,68.538398,3,0.500000
196,13,3.513514,937,64.222070,830,68.538398,3,0.500000
233,14,3.783784,937,64.222070,830,68.538398,3,0.500000
316,15,4.054054,966,66.209733,848,70.024773,3,0.500000
294,16,4.324324,966,66.209733,848,70.024773,3,0.500000
250,17,4.594595,983,67.374914,848,70.024773,3,0.500000
363,18,4.864865,990,67.854695,848,70.024773,3,0.500000
48,19,5.135135,993,68.060315,850,70.189926,4,0.666667
19,20,5.405405,993,68.060315,850,70.189926,4,0.666667
22,21,5.675676,1011,69.294037,852,70.355078,4,0.666667
121,22,5.945946,1011,69.294037,852,70.355078,4,0.666667
364,23,6.216216,1011,69.294037,852,70.355078,4,0.666667
262,24,6.486486,1011,69.294037,852,70.355078,4,0.666667
58,25,6.756757,1011,69.294037,852,70.355078,4,0.666667
