TestcaseNumber,TestcaseCount,TestcaseRatio,StatementCount,StatementRatio,BranchCount,BranchRatio,FaultCount,FaultRatio
211,1,0.270270,580,39.753256,480,39.636664,2,0.333333
174,2,0.540541,711,48.732008,605,49.958712,2,0.333333
313,3,0.810811,839,57.505141,732,60.445912,2,0.333333
106,4,1.081081,864,59.218643,740,61.106524,2,0.333333
256,5,1.351351,897,61.480466,766,63.253509,2,0.333333
168,6,1.621622,927,63.536669,786,64.905037,2,0.333333
368,7,1.891892,934,64.016450,786,64.905037,2,0.333333
370,8,2.162162,934,64.016450,786,64.905037,2,0.333333
36,9,2.432432,954,65.387252,786,64.905037,2,0.333333
353,10,2.702703,954,65.387252,786,64.905037,2,0.333333
248,11,2.972973,954,65.387252,786,64.905037,2,0.333333
9,12,3.243243,955,65.455792,786,64.905037,2,0.333333
152,13,3.513514,960,65.798492,800,66.061107,3,0.500000
229,14,3.783784,971,66.552433,808,66.721718,3,0.500000
228,15,4.054054,971,66.552433,808,66.721718,3,0.500000
28,16,4.324324,1001,68.608636,822,67.877787,3,0.500000
276,17,4.594595,1013,69.431117,830,68.538398,3,0.500000
190,18,4.864865,1013,69.431117,830,68.538398,3,0.500000
292,19,5.135135,1013,69.431117,830,68.538398,3,0.500000
304,20,5.405405,1013,69.431117,830,68.538398,3,0.500000
293,21,5.675676,1013,69.431117,830,68.538398,3,0.500000
99,22,5.945946,1021,69.979438,830,68.538398,3,0.500000
118,23,6.216216,1021,69.979438,830,68.538398,3,0.500000
39,24,6.486486,1024,70.185058,834,68.868704,3,0.500000
364,25,6.756757,1024,70.185058,834,68.868704,3,0.500000
161,26,7.027027,1024,70.185058,834,68.868704,3,0.500000
59,27,7.297297,1048,71.830021,856,70.685384,3,0.500000
230,28,7.567568,1048,71.830021,856,70.685384,3,0.500000
132,29,7.837838,1048,71.830021,856,70.685384,3,0.500000
319,30,8.108108,1048,71.830021,856,70.685384,3,0.500000
35,31,8.378378,1052,72.104181,860,71.015690,3,0.500000
3,32,8.648649,1056,72.378341,860,71.015690,3,0.500000
348,33,8.918919,1056,72.378341,860,71.015690,3,0.500000
60,34,9.189189,1056,72.378341,860,71.015690,3,0.500000
170,35,9.459459,1056,72.378341,860,71.015690,3,0.500000
