TestcaseNumber,TestcaseCount,TestcaseRatio,StatementCount,StatementRatio,BranchCount,BranchRatio,FaultCount,FaultRatio
275,1,0.270270,610,41.809459,565,46.655656,1,0.166667
217,2,0.540541,787,53.941056,676,55.821635,2,0.333333
18,3,0.810811,795,54.489376,682,56.317093,2,0.333333
51,4,1.081081,853,58.464702,768,63.418662,3,0.500000
239,5,1.351351,877,60.109664,790,65.235343,3,0.500000
111,6,1.621622,887,60.795065,796,65.730801,3,0.500000
71,7,1.891892,916,62.782728,804,66.391412,3,0.500000
154,8,2.162162,918,62.919808,806,66.556565,3,0.500000
43,9,2.432432,937,64.222070,812,67.052023,3,0.500000
345,10,2.702703,944,64.701851,818,67.547481,3,0.500000
356,11,2.972973,944,64.701851,818,67.547481,3,0.500000
148,12,3.243243,960,65.798492,828,68.373245,3,0.500000
302,13,3.513514,963,66.004112,828,68.373245,3,0.500000
144,14,3.783784,963,66.004112,828,68.373245,3,0.500000
233,15,4.054054,989,67.786155,844,69.694467,3,0.500000
152,16,4.324324,989,67.786155,844,69.694467,3,0.500000
320,17,4.594595,989,67.786155,844,69.694467,3,0.500000
88,18,4.864865,992,67.991775,844,69.694467,3,0.500000
106,19,5.135135,992,67.991775,844,69.694467,3,0.500000
90,20,5.405405,992,67.991775,844,69.694467,3,0.500000
4,21,5.675676,1012,69.362577,848,70.024773,4,0.666667
325,22,5.945946,1012,69.362577,850,70.189926,4,0.666667
186,23,6.216216,1012,69.362577,850,70.189926,4,0.666667
224,24,6.486486,1014,69.499657,850,70.189926,4,0.666667
178,25,6.756757,1014,69.499657,850,70.189926,4,0.666667
96,26,7.027027,1026,70.322138,856,70.685384,4,0.666667
129,27,7.297297,1026,70.322138,856,70.685384,4,0.666667
337,28,7.567568,1027,70.390679,856,70.685384,4,0.666667
54,29,7.837838,1027,70.390679,856,70.685384,4,0.666667
67,30,8.108108,1027,70.390679,856,70.685384,4,0.666667
7,31,8.378378,1035,70.938999,856,70.685384,4,0.666667
198,32,8.648649,1035,70.938999,856,70.685384,4,0.666667
175,33,8.918919,1035,70.938999,856,70.685384,4,0.666667
305,34,9.189189,1035,70.938999,856,70.685384,4,0.666667
115,35,9.459459,1035,70.938999,856,70.685384,4,0.666667
267,36,9.729730,1035,70.938999,858,70.850537,4,0.666667
81,37,10.000000,1035,70.938999,858,70.850537,4,0.666667
