TestcaseNumber,TestcaseCount,TestcaseRatio,StatementCount,StatementRatio,BranchCount,BranchRatio,FaultCount,FaultRatio
149,1,0.270270,845,57.916381,744,61.436829,2,0.333333
129,2,0.540541,874,59.904044,766,63.253509,3,0.500000
141,3,0.810811,905,62.028787,786,64.905037,3,0.500000
341,4,1.081081,911,62.440027,790,65.235343,3,0.500000
251,5,1.351351,929,63.673749,792,65.400495,3,0.500000
73,6,1.621622,929,63.673749,792,65.400495,3,0.500000
310,7,1.891892,938,64.290610,796,65.730801,4,0.666667
282,8,2.162162,941,64.496230,796,65.730801,4,0.666667
264,9,2.432432,941,64.496230,796,65.730801,4,0.666667
218,10,2.702703,947,64.907471,798,65.895954,4,0.666667
272,11,2.972973,950,65.113091,798,65.895954,4,0.666667
159,12,3.243243,950,65.113091,798,65.895954,4,0.666667
195,13,3.513514,950,65.113091,798,65.895954,4,0.666667
70,14,3.783784,954,65.387252,802,66.226259,4,0.666667
13,15,4.054054,962,65.935572,802,66.226259,4,0.666667
98,16,4.324324,974,66.758053,808,66.721718,4,0.666667
61,17,4.594595,974,66.758053,808,66.721718,4,0.666667
60,18,4.864865,974,66.758053,808,66.721718,4,0.666667
259,19,5.135135,1014,69.499657,836,69.033856,4,0.666667
95,20,5.405405,1022,70.047978,836,69.033856,4,0.666667
46,21,5.675676,1023,70.116518,838,69.199009,4,0.666667
69,22,5.945946,1023,70.116518,838,69.199009,4,0.666667
157,23,6.216216,1023,70.116518,838,69.199009,4,0.666667
9,24,6.486486,1023,70.116518,838,69.199009,4,0.666667
171,25,6.756757,1027,70.390679,844,69.694467,4,0.666667
262,26,7.027027,1027,70.390679,844,69.694467,4,0.666667
350,27,7.297297,1027,70.390679,844,69.694467,4,0.666667
120,28,7.567568,1027,70.390679,844,69.694467,4,0.666667
297,29,7.837838,1027,70.390679,848,70.024773,4,0.666667
