TestcaseNumber,TestcaseCount,TestcaseRatio,StatementCount,StatementRatio,BranchCount,BranchRatio,FaultCount,FaultRatio
11,1,0.270270,82,5.620288,65,5.367465,1,0.166667
261,2,0.540541,422,28.923920,311,25.681255,1,0.166667
15,3,0.810811,705,48.320768,581,47.976879,1,0.166667
126,4,1.081081,823,56.408499,678,55.986788,2,0.333333
64,5,1.351351,835,57.230980,690,56.977704,3,0.500000
260,6,1.621622,836,57.299520,690,56.977704,3,0.500000
226,7,1.891892,872,59.766964,716,59.124690,3,0.500000
365,8,2.162162,879,60.246744,716,59.124690,3,0.500000
4,9,2.432432,879,60.246744,716,59.124690,3,0.500000
16,10,2.702703,879,60.246744,716,59.124690,3,0.500000
199,11,2.972973,884,60.589445,722,59.620149,3,0.500000
114,12,3.243243,963,66.004112,816,67.382329,4,0.666667
124,13,3.513514,963,66.004112,816,67.382329,4,0.666667
318,14,3.783784,971,66.552433,818,67.547481,4,0.666667
140,15,4.054054,976,66.895134,818,67.547481,4,0.666667
355,16,4.324324,976,66.895134,818,67.547481,4,0.666667
308,17,4.594595,976,66.895134,818,67.547481,4,0.666667
188,18,4.864865,976,66.895134,818,67.547481,4,0.666667
186,19,5.135135,1001,68.608636,826,68.208092,4,0.666667
364,20,5.405405,1001,68.608636,826,68.208092,4,0.666667
360,21,5.675676,1054,72.241261,904,74.649050,4,0.666667
143,22,5.945946,1054,72.241261,904,74.649050,4,0.666667
215,23,6.216216,1054,72.241261,910,75.144509,4,0.666667
54,24,6.486486,1054,72.241261,910,75.144509,4,0.666667
85,25,6.756757,1063,72.858122,914,75.474814,5,0.833333
320,26,7.027027,1063,72.858122,914,75.474814,5,0.833333
233,27,7.297297,1065,72.995202,914,75.474814,5,0.833333
