TestcaseNumber,TestcaseCount,TestcaseRatio,StatementCount,StatementRatio,BranchCount,BranchRatio,FaultCount,FaultRatio
127,1,0.270270,727,49.828650,626,51.692816,1,0.166667
255,2,0.540541,760,52.090473,646,53.344344,1,0.166667
239,3,0.810811,784,53.735435,668,55.161024,1,0.166667
233,4,1.081081,788,54.009596,668,55.161024,1,0.166667
167,5,1.351351,886,60.726525,778,64.244426,2,0.333333
189,6,1.621622,889,60.932145,780,64.409579,3,0.500000
301,7,1.891892,894,61.274846,782,64.574732,3,0.500000
245,8,2.162162,920,63.056888,798,65.895954,3,0.500000
95,9,2.432432,934,64.016450,802,66.226259,4,0.666667
208,10,2.702703,945,64.770391,808,66.721718,4,0.666667
86,11,2.972973,951,65.181631,810,66.886870,4,0.666667
358,12,3.243243,951,65.181631,810,66.886870,4,0.666667
89,13,3.513514,951,65.181631,810,66.886870,4,0.666667
98,14,3.783784,976,66.895134,822,67.877787,4,0.666667
88,15,4.054054,976,66.895134,822,67.877787,4,0.666667
240,16,4.324324,976,66.895134,822,67.877787,4,0.666667
273,17,4.594595,976,66.895134,822,67.877787,4,0.666667
151,18,4.864865,982,67.306374,824,68.042940,4,0.666667
62,19,5.135135,982,67.306374,824,68.042940,4,0.666667
345,20,5.405405,988,67.717615,832,68.703551,4,0.666667
165,21,5.675676,988,67.717615,832,68.703551,4,0.666667
314,22,5.945946,989,67.786155,832,68.703551,4,0.666667
351,23,6.216216,1002,68.677176,844,69.694467,4,0.666667
266,24,6.486486,1002,68.677176,844,69.694467,4,0.666667
69,25,6.756757,1002,68.677176,844,69.694467,4,0.666667
153,26,7.027027,1002,68.677176,844,69.694467,4,0.666667
199,27,7.297297,1006,68.951337,848,70.024773,4,0.666667
20,28,7.567568,1029,70.527759,848,70.024773,4,0.666667
230,29,7.837838,1030,70.596299,848,70.024773,4,0.666667
116,30,8.108108,1030,70.596299,848,70.024773,4,0.666667
280,31,8.378378,1030,70.596299,848,70.024773,4,0.666667
103,32,8.648649,1030,70.596299,848,70.024773,4,0.666667
244,33,8.918919,1030,70.596299,848,70.024773,4,0.666667
318,34,9.189189,1034,70.870459,850,70.189926,4,0.666667
