TestcaseNumber,TestcaseCount,TestcaseRatio,StatementCount,StatementRatio,BranchCount,BranchRatio,FaultCount,FaultRatio
63,1,0.270270,624,42.769020,553,45.664740,1,0.166667
346,2,0.540541,678,46.470185,587,48.472337,1,0.166667
333,3,0.810811,904,61.960247,782,64.574732,3,0.500000
248,4,1.081081,921,63.125428,782,64.574732,3,0.500000
272,5,1.351351,940,64.427690,788,65.070190,3,0.500000
162,6,1.621622,972,66.620973,806,66.556565,3,0.500000
14,7,1.891892,980,67.169294,806,66.556565,3,0.500000
235,8,2.162162,981,67.237834,806,66.556565,3,0.500000
178,9,2.432432,987,67.649075,810,66.886870,3,0.500000
76,10,2.702703,996,68.265936,810,66.886870,3,0.500000
148,11,2.972973,1008,69.088417,816,67.382329,3,0.500000
314,12,3.243243,1008,69.088417,816,67.382329,3,0.500000
103,13,3.513514,1008,69.088417,816,67.382329,3,0.500000
286,14,3.783784,1008,69.088417,818,67.547481,3,0.500000
268,15,4.054054,1008,69.088417,818,67.547481,3,0.500000
303,16,4.324324,1012,69.362577,820,67.712634,3,0.500000
345,17,4.594595,1015,69.568197,824,68.042940,3,0.500000
161,18,4.864865,1015,69.568197,824,68.042940,3,0.500000
358,19,5.135135,1015,69.568197,824,68.042940,3,0.500000
17,20,5.405405,1022,70.047978,826,68.208092,3,0.500000
255,21,5.675676,1022,70.047978,826,68.208092,3,0.500000
195,22,5.945946,1025,70.253598,828,68.373245,4,0.666667
343,23,6.216216,1025,70.253598,828,68.373245,4,0.666667
300,24,6.486486,1025,70.253598,828,68.373245,4,0.666667
276,25,6.756757,1039,71.213160,840,69.364162,4,0.666667
77,26,7.027027,1039,71.213160,840,69.364162,4,0.666667
160,27,7.297297,1039,71.213160,840,69.364162,4,0.666667
247,28,7.567568,1039,71.213160,840,69.364162,4,0.666667
81,29,7.837838,1039,71.213160,840,69.364162,4,0.666667
290,30,8.108108,1040,71.281700,842,69.529315,4,0.666667
