TestcaseNumber,TestcaseCount,TestcaseRatio,StatementCount,StatementRatio,BranchCount,BranchRatio,FaultCount,FaultRatio
66,1,0.270270,548,37.559973,459,37.902560,2,0.333333
249,2,0.540541,693,47.498286,579,47.811726,2,0.333333
44,3,0.810811,758,51.953393,613,50.619323,2,0.333333
76,4,1.081081,796,54.557916,650,53.674649,2,0.333333
75,5,1.351351,806,55.243317,656,54.170107,2,0.333333
344,6,1.621622,812,55.654558,662,54.665566,2,0.333333
151,7,1.891892,906,62.097327,768,63.418662,2,0.333333
229,8,2.162162,921,63.125428,780,64.409579,2,0.333333
35,9,2.432432,927,63.536669,784,64.739884,2,0.333333
118,10,2.702703,931,63.810829,786,64.905037,3,0.500000
160,11,2.972973,956,65.524332,802,66.226259,3,0.500000
83,12,3.243243,964,66.072653,802,66.226259,3,0.500000
282,13,3.513514,964,66.072653,802,66.226259,3,0.500000
366,14,3.783784,1172,80.328992,1005,82.989265,3,0.500000
333,15,4.054054,1198,82.111035,1027,84.805945,3,0.500000
123,16,4.324324,1198,82.111035,1027,84.805945,3,0.500000
89,17,4.594595,1199,82.179575,1027,84.805945,3,0.500000
3,18,4.864865,1203,82.453735,1027,84.805945,3,0.500000
209,19,5.135135,1208,82.796436,1033,85.301404,3,0.500000
334,20,5.405405,1225,83.961618,1045,86.292320,3,0.500000
272,21,5.675676,1225,83.961618,1045,86.292320,3,0.500000
301,22,5.945946,1230,84.304318,1047,86.457473,3,0.500000
173,23,6.216216,1234,84.578478,1049,86.622626,3,0.500000
233,24,6.486486,1234,84.578478,1049,86.622626,3,0.500000
38,25,6.756757,1237,84.784099,1049,86.622626,3,0.500000
4,26,7.027027,1248,85.538040,1053,86.952931,4,0.666667
207,27,7.297297,1248,85.538040,1053,86.952931,4,0.666667
322,28,7.567568,1248,85.538040,1053,86.952931,4,0.666667
216,29,7.837838,1248,85.538040,1053,86.952931,4,0.666667
164,30,8.108108,1248,85.538040,1053,86.952931,4,0.666667
177,31,8.378378,1252,85.812200,1055,87.118084,4,0.666667
33,32,8.648649,1252,85.812200,1055,87.118084,4,0.666667
106,33,8.918919,1252,85.812200,1055,87.118084,4,0.666667
198,34,9.189189,1252,85.812200,1055,87.118084,4,0.666667
126,35,9.459459,1252,85.812200,1055,87.118084,4,0.666667
194,36,9.729730,1255,86.017820,1057,87.283237,5,0.833333
200,37,10.000000,1255,86.017820,1057,87.283237,5,0.833333
46,38,10.270270,1255,86.017820,1057,87.283237,5,0.833333
