TestcaseNumber,TestcaseCount,TestcaseRatio,StatementCount,StatementRatio,BranchCount,BranchRatio,FaultCount,FaultRatio
53,1,0.270270,596,40.849897,531,43.848059,0,0.000000
4,2,0.540541,616,42.220699,535,44.178365,1,0.166667
39,3,0.810811,781,53.529815,638,52.683732,2,0.333333
121,4,1.081081,811,55.586018,660,54.500413,2,0.333333
227,5,1.351351,832,57.025360,680,56.151941,2,0.333333
233,6,1.621622,837,57.368060,680,56.151941,2,0.333333
278,7,1.891892,873,59.835504,708,58.464079,2,0.333333
82,8,2.162162,873,59.835504,708,58.464079,2,0.333333
240,9,2.432432,898,61.549006,720,59.454996,2,0.333333
199,10,2.702703,908,62.234407,730,60.280760,3,0.500000
174,11,2.972973,921,63.125428,732,60.445912,3,0.500000
266,12,3.243243,925,63.399589,734,60.611065,3,0.500000
271,13,3.513514,939,64.359150,734,60.611065,3,0.500000
163,14,3.783784,1011,69.294037,816,67.382329,3,0.500000
303,15,4.054054,1015,69.568197,818,67.547481,3,0.500000
235,16,4.324324,1015,69.568197,818,67.547481,3,0.500000
180,17,4.594595,1015,69.568197,818,67.547481,3,0.500000
79,18,4.864865,1015,69.568197,818,67.547481,3,0.500000
158,19,5.135135,1018,69.773818,820,67.712634,4,0.666667
214,20,5.405405,1018,69.773818,826,68.208092,4,0.666667
238,21,5.675676,1018,69.773818,826,68.208092,4,0.666667
324,22,5.945946,1026,70.322138,834,68.868704,4,0.666667
237,23,6.216216,1026,70.322138,834,68.868704,4,0.666667
1,24,6.486486,1026,70.322138,834,68.868704,4,0.666667
138,25,6.756757,1026,70.322138,834,68.868704,4,0.666667
115,26,7.027027,1029,70.527759,846,69.859620,5,0.833333
181,27,7.297297,1029,70.527759,846,69.859620,5,0.833333
217,28,7.567568,1029,70.527759,846,69.859620,5,0.833333
329,29,7.837838,1029,70.527759,846,69.859620,5,0.833333
134,30,8.108108,1030,70.596299,848,70.024773,5,0.833333
318,31,8.378378,1030,70.596299,848,70.024773,5,0.833333
100,32,8.648649,1030,70.596299,848,70.024773,5,0.833333
197,33,8.918919,1030,70.596299,848,70.024773,5,0.833333
211,34,9.189189,1030,70.596299,848,70.024773,5,0.833333
328,35,9.459459,1030,70.596299,848,70.024773,5,0.833333
359,36,9.729730,1030,70.596299,848,70.024773,5,0.833333
124,37,10.000000,1030,70.596299,848,70.024773,5,0.833333
