TestcaseNumber,TestcaseCount,TestcaseRatio,StatementCount,StatementRatio,BranchCount,BranchRatio,FaultCount,FaultRatio
95,1,0.270270,591,40.507197,516,42.609414,1,0.166667
306,2,0.540541,819,56.134339,711,58.711808,2,0.333333
159,3,0.810811,851,58.327622,731,60.363336,2,0.333333
204,4,1.081081,888,60.863605,768,63.418662,2,0.333333
103,5,1.351351,896,61.411926,772,63.748968,3,0.500000
40,6,1.621622,911,62.440027,778,64.244426,3,0.500000
362,7,1.891892,968,66.346813,864,71.345995,3,0.500000
9,8,2.162162,970,66.483893,864,71.345995,3,0.500000
240,9,2.432432,970,66.483893,864,71.345995,3,0.500000
298,10,2.702703,970,66.483893,864,71.345995,3,0.500000
185,11,2.972973,978,67.032214,876,72.336912,4,0.666667
133,12,3.243243,978,67.032214,876,72.336912,4,0.666667
223,13,3.513514,991,67.923235,888,73.327828,4,0.666667
171,14,3.783784,994,68.128855,894,73.823287,4,0.666667
141,15,4.054054,1024,70.185058,914,75.474814,4,0.666667
160,16,4.324324,1049,71.898561,930,76.796036,4,0.666667
150,17,4.594595,1049,71.898561,930,76.796036,4,0.666667
346,18,4.864865,1051,72.035641,932,76.961189,4,0.666667
63,19,5.135135,1051,72.035641,932,76.961189,4,0.666667
228,20,5.405405,1051,72.035641,932,76.961189,4,0.666667
338,21,5.675676,1055,72.309801,932,76.961189,4,0.666667
366,22,5.945946,1227,84.098698,1053,86.952931,4,0.666667
368,23,6.216216,1234,84.578478,1053,86.952931,4,0.666667
165,24,6.486486,1234,84.578478,1053,86.952931,4,0.666667
23,25,6.756757,1253,85.880740,1055,87.118084,4,0.666667
245,26,7.027027,1253,85.880740,1055,87.118084,4,0.666667
227,27,7.297297,1256,86.086361,1055,87.118084,4,0.666667
182,28,7.567568,1256,86.086361,1055,87.118084,4,0.666667
214,29,7.837838,1256,86.086361,1061,87.613543,4,0.666667
233,30,8.108108,1257,86.154901,1061,87.613543,4,0.666667
258,31,8.378378,1258,86.223441,1061,87.613543,4,0.666667
189,32,8.648649,1258,86.223441,1061,87.613543,4,0.666667
178,33,8.918919,1258,86.223441,1061,87.613543,4,0.666667
179,34,9.189189,1258,86.223441,1061,87.613543,4,0.666667
132,35,9.459459,1258,86.223441,1061,87.613543,4,0.666667
