TestcaseNumber,TestcaseCount,TestcaseRatio,StatementCount,StatementRatio,BranchCount,BranchRatio,FaultCount,FaultRatio
31,1,0.270270,309,21.178890,228,18.827415,0,0.000000
107,2,0.540541,501,34.338588,377,31.131296,0,0.000000
94,3,0.810811,661,45.305003,539,44.508671,1,0.166667
102,4,1.081081,703,48.183687,569,46.985962,3,0.500000
221,5,1.351351,775,53.118574,636,52.518580,3,0.500000
138,6,1.621622,780,53.461275,638,52.683732,3,0.500000
245,7,1.891892,784,53.735435,646,53.344344,3,0.500000
207,8,2.162162,804,55.106237,658,54.335260,3,0.500000
264,9,2.432432,805,55.174777,658,54.335260,3,0.500000
4,10,2.702703,816,55.928718,662,54.665566,4,0.666667
209,11,2.972973,819,56.134339,662,54.665566,4,0.666667
214,12,3.243243,819,56.134339,668,55.161024,4,0.666667
355,13,3.513514,827,56.682659,672,55.491329,4,0.666667
175,14,3.783784,905,62.028787,732,60.445912,4,0.666667
163,15,4.054054,1003,68.745716,830,68.538398,4,0.666667
146,16,4.324324,1005,68.882796,830,68.538398,4,0.666667
321,17,4.594595,1005,68.882796,830,68.538398,4,0.666667
98,18,4.864865,1005,68.882796,830,68.538398,4,0.666667
172,19,5.135135,1006,68.951337,830,68.538398,4,0.666667
336,20,5.405405,1007,69.019877,830,68.538398,4,0.666667
281,21,5.675676,1015,69.568197,830,68.538398,4,0.666667
22,22,5.945946,1032,70.733379,832,68.703551,4,0.666667
342,23,6.216216,1037,71.076080,838,69.199009,4,0.666667
26,24,6.486486,1075,73.680603,872,72.006606,5,0.833333
48,25,6.756757,1081,74.091844,874,72.171759,5,0.833333
278,26,7.027027,1083,74.228924,876,72.336912,5,0.833333
147,27,7.297297,1083,74.228924,876,72.336912,5,0.833333
67,28,7.567568,1083,74.228924,876,72.336912,5,0.833333
216,29,7.837838,1083,74.228924,876,72.336912,5,0.833333
53,30,8.108108,1083,74.228924,876,72.336912,5,0.833333
108,31,8.378378,1083,74.228924,876,72.336912,5,0.833333
181,32,8.648649,1083,74.228924,876,72.336912,5,0.833333
63,33,8.918919,1083,74.228924,876,72.336912,5,0.833333
237,34,9.189189,1083,74.228924,876,72.336912,5,0.833333
230,35,9.459459,1083,74.228924,876,72.336912,5,0.833333
152,36,9.729730,1083,74.228924,878,72.502064,6,1.000000
129,37,10.000000,1083,74.228924,878,72.502064,6,1.000000
79,38,10.270270,1083,74.228924,878,72.502064,6,1.000000
141,39,10.540541,1083,74.228924,878,72.502064,6,1.000000
