TestcaseNumber,TestcaseCount,TestcaseRatio,StatementCount,StatementRatio,BranchCount,BranchRatio,FaultCount,FaultRatio
305,1,0.270270,664,45.510624,558,46.077622,1,0.166667
242,2,0.540541,678,46.470185,578,47.729149,2,0.333333
169,3,0.810811,765,52.433173,632,52.188274,2,0.333333
20,4,1.081081,788,54.009596,632,52.188274,2,0.333333
160,5,1.351351,896,61.411926,746,61.601982,2,0.333333
26,6,1.621622,934,64.016450,780,64.409579,3,0.500000
133,7,1.891892,936,64.153530,780,64.409579,3,0.500000
353,8,2.162162,936,64.153530,780,64.409579,3,0.500000
342,9,2.432432,974,66.758053,808,66.721718,3,0.500000
161,10,2.702703,975,66.826594,808,66.721718,3,0.500000
99,11,2.972973,990,67.854695,814,67.217176,3,0.500000
191,12,3.243243,1003,68.745716,824,68.042940,4,0.666667
178,13,3.513514,1005,68.882796,824,68.042940,4,0.666667
369,14,3.783784,1016,69.636737,824,68.042940,4,0.666667
330,15,4.054054,1019,69.842358,824,68.042940,4,0.666667
153,16,4.324324,1019,69.842358,824,68.042940,4,0.666667
315,17,4.594595,1043,71.487320,846,69.859620,4,0.666667
341,18,4.864865,1043,71.487320,846,69.859620,4,0.666667
270,19,5.135135,1043,71.487320,846,69.859620,4,0.666667
279,20,5.405405,1047,71.761480,852,70.355078,4,0.666667
291,21,5.675676,1047,71.761480,852,70.355078,4,0.666667
307,22,5.945946,1047,71.761480,854,70.520231,4,0.666667
184,23,6.216216,1048,71.830021,854,70.520231,4,0.666667
56,24,6.486486,1048,71.830021,854,70.520231,4,0.666667
275,25,6.756757,1053,72.172721,856,70.685384,4,0.666667
100,26,7.027027,1053,72.172721,856,70.685384,4,0.666667
59,27,7.297297,1053,72.172721,856,70.685384,4,0.666667
350,28,7.567568,1053,72.172721,856,70.685384,4,0.666667
104,29,7.837838,1053,72.172721,856,70.685384,4,0.666667
294,30,8.108108,1053,72.172721,856,70.685384,4,0.666667
52,31,8.378378,1053,72.172721,856,70.685384,4,0.666667
11,32,8.648649,1064,72.926662,860,71.015690,5,0.833333
199,33,8.918919,1069,73.269363,866,71.511148,5,0.833333
88,34,9.189189,1069,73.269363,866,71.511148,5,0.833333
109,35,9.459459,1069,73.269363,868,71.676301,5,0.833333
