TestcaseNumber,TestcaseCount,TestcaseRatio,StatementCount,StatementRatio,BranchCount,BranchRatio,FaultCount,FaultRatio
264,1,0.270270,556,38.108293,459,37.902560,2,0.333333
365,2,0.540541,563,38.588074,459,37.902560,2,0.333333
197,3,0.810811,811,55.586018,710,58.629232,2,0.333333
284,4,1.081081,833,57.093900,720,59.454996,2,0.333333
210,5,1.351351,836,57.299520,722,59.620149,2,0.333333
341,6,1.621622,854,58.533242,734,60.611065,2,0.333333
140,7,1.891892,866,59.355723,746,61.601982,2,0.333333
159,8,2.162162,898,61.549006,768,63.418662,3,0.500000
110,9,2.432432,912,62.508568,776,64.079273,3,0.500000
246,10,2.702703,913,62.577108,776,64.079273,3,0.500000
49,11,2.972973,916,62.782728,786,64.905037,4,0.666667
304,12,3.243243,916,62.782728,786,64.905037,4,0.666667
167,13,3.513514,940,64.427690,808,66.721718,4,0.666667
142,14,3.783784,940,64.427690,808,66.721718,4,0.666667
100,15,4.054054,940,64.427690,808,66.721718,4,0.666667
39,16,4.324324,961,65.867032,808,66.721718,4,0.666667
243,17,4.594595,961,65.867032,808,66.721718,4,0.666667
219,18,4.864865,969,66.415353,808,66.721718,4,0.666667
113,19,5.135135,971,66.552433,812,67.052023,4,0.666667
123,20,5.405405,971,66.552433,812,67.052023,4,0.666667
36,21,5.675676,971,66.552433,812,67.052023,4,0.666667
235,22,5.945946,971,66.552433,812,67.052023,4,0.666667
336,23,6.216216,979,67.100754,814,67.217176,4,0.666667
250,24,6.486486,979,67.100754,814,67.217176,4,0.666667
126,25,6.756757,987,67.649075,820,67.712634,4,0.666667
320,26,7.027027,987,67.649075,820,67.712634,4,0.666667
