TestcaseNumber,TestcaseCount,TestcaseRatio,StatementCount,StatementRatio,BranchCount,BranchRatio,FaultCount,FaultRatio
335,1,0.270270,716,49.074709,600,49.545830,1,0.166667
106,2,0.540541,757,51.884853,624,51.527663,1,0.166667
6,3,0.810811,804,55.106237,672,55.491329,1,0.166667
116,4,1.081081,882,60.452365,764,63.088357,2,0.333333
55,5,1.351351,907,62.165867,780,64.409579,2,0.333333
340,6,1.621622,908,62.234407,780,64.409579,2,0.333333
181,7,1.891892,908,62.234407,780,64.409579,2,0.333333
200,8,2.162162,979,67.100754,874,72.171759,3,0.500000
121,9,2.432432,985,67.511995,876,72.336912,3,0.500000
2,10,2.702703,989,67.786155,876,72.336912,3,0.500000
270,11,2.972973,998,68.403016,876,72.336912,3,0.500000
325,12,3.243243,1006,68.951337,884,72.997523,3,0.500000
336,13,3.513514,1017,69.705278,886,73.162675,3,0.500000
219,14,3.783784,1017,69.705278,886,73.162675,3,0.500000
289,15,4.054054,1021,69.979438,892,73.658134,3,0.500000
233,16,4.324324,1026,70.322138,892,73.658134,3,0.500000
328,17,4.594595,1029,70.527759,894,73.823287,4,0.666667
103,18,4.864865,1029,70.527759,894,73.823287,4,0.666667
327,19,5.135135,1029,70.527759,894,73.823287,4,0.666667
56,20,5.405405,1029,70.527759,894,73.823287,4,0.666667
139,21,5.675676,1029,70.527759,894,73.823287,4,0.666667
290,22,5.945946,1029,70.527759,894,73.823287,4,0.666667
252,23,6.216216,1029,70.527759,894,73.823287,4,0.666667
149,24,6.486486,1029,70.527759,896,73.988439,4,0.666667
356,25,6.756757,1029,70.527759,896,73.988439,4,0.666667
13,26,7.027027,1037,71.076080,896,73.988439,4,0.666667
330,27,7.297297,1037,71.076080,896,73.988439,4,0.666667
78,28,7.567568,1037,71.076080,896,73.988439,4,0.666667
179,29,7.837838,1037,71.076080,896,73.988439,4,0.666667
363,30,8.108108,1044,71.555860,896,73.988439,4,0.666667
333,31,8.378378,1045,71.624400,896,73.988439,4,0.666667
224,32,8.648649,1053,72.172721,900,74.318745,4,0.666667
146,33,8.918919,1053,72.172721,900,74.318745,4,0.666667
360,34,9.189189,1065,72.995202,912,75.309661,4,0.666667
343,35,9.459459,1068,73.200822,916,75.639967,4,0.666667
158,36,9.729730,1068,73.200822,916,75.639967,4,0.666667
9,37,10.000000,1068,73.200822,916,75.639967,4,0.666667
185,38,10.270270,1068,73.200822,916,75.639967,4,0.666667
308,39,10.540541,1068,73.200822,916,75.639967,4,0.666667
226,40,10.810811,1068,73.200822,916,75.639967,4,0.666667
234,41,11.081081,1068,73.200822,916,75.639967,4,0.666667
