TestcaseNumber,TestcaseCount,TestcaseRatio,StatementCount,StatementRatio,BranchCount,BranchRatio,FaultCount,FaultRatio
233,1,0.270270,596,40.849897,531,43.848059,0,0.000000
203,2,0.540541,689,47.224126,600,49.545830,1,0.166667
188,3,0.810811,881,60.383825,782,64.574732,3,0.500000
368,4,1.081081,888,60.863605,782,64.574732,3,0.500000
53,5,1.351351,892,61.137766,782,64.574732,3,0.500000
280,6,1.621622,929,63.673749,802,66.226259,3,0.500000
292,7,1.891892,936,64.153530,804,66.391412,3,0.500000
83,8,2.162162,951,65.181631,808,66.721718,3,0.500000
344,9,2.432432,975,66.826594,822,67.877787,3,0.500000
138,10,2.702703,978,67.032214,822,67.877787,3,0.500000
338,11,2.972973,983,67.374914,824,68.042940,3,0.500000
276,12,3.243243,998,68.403016,838,69.199009,3,0.500000
339,13,3.513514,998,68.403016,838,69.199009,3,0.500000
158,14,3.783784,1001,68.608636,840,69.364162,4,0.666667
67,15,4.054054,1001,68.608636,840,69.364162,4,0.666667
167,16,4.324324,1001,68.608636,840,69.364162,4,0.666667
126,17,4.594595,1001,68.608636,840,69.364162,4,0.666667
275,18,4.864865,1001,68.608636,840,69.364162,4,0.666667
210,19,5.135135,1001,68.608636,840,69.364162,4,0.666667
22,20,5.405405,1019,69.842358,842,69.529315,4,0.666667
103,21,5.675676,1019,69.842358,842,69.529315,4,0.666667
135,22,5.945946,1020,69.910898,844,69.694467,4,0.666667
151,23,6.216216,1026,70.322138,846,69.859620,4,0.666667
86,24,6.486486,1026,70.322138,846,69.859620,4,0.666667
229,25,6.756757,1026,70.322138,846,69.859620,4,0.666667
75,26,7.027027,1026,70.322138,846,69.859620,4,0.666667
43,27,7.297297,1026,70.322138,846,69.859620,4,0.666667
215,28,7.567568,1026,70.322138,852,70.355078,4,0.666667
322,29,7.837838,1026,70.322138,852,70.355078,4,0.666667
28,30,8.108108,1056,72.378341,866,71.511148,4,0.666667
224,31,8.378378,1056,72.378341,866,71.511148,4,0.666667
129,32,8.648649,1056,72.378341,866,71.511148,4,0.666667
345,33,8.918919,1058,72.515422,868,71.676301,4,0.666667
265,34,9.189189,1058,72.515422,868,71.676301,4,0.666667
