TestcaseNumber,TestcaseCount,TestcaseRatio,StatementCount,StatementRatio,BranchCount,BranchRatio,FaultCount,FaultRatio
61,1,0.270270,611,41.877999,541,44.673823,1,0.166667
305,2,0.540541,714,48.937629,596,49.215524,1,0.166667
255,3,0.810811,742,50.856751,616,50.867052,1,0.166667
141,4,1.081081,805,55.174777,670,55.326177,1,0.166667
364,5,1.351351,812,55.654558,670,55.326177,1,0.166667
32,6,1.621622,831,56.956820,672,55.491329,1,0.166667
139,7,1.891892,844,57.847841,682,56.317093,2,0.333333
232,8,2.162162,869,59.561343,698,57.638315,2,0.333333
204,9,2.432432,871,59.698424,700,57.803468,2,0.333333
20,10,2.702703,877,60.109664,700,57.803468,2,0.333333
87,11,2.972973,883,60.520905,702,57.968621,2,0.333333
28,12,3.243243,913,62.577108,716,59.124690,2,0.333333
44,13,3.513514,914,62.645648,718,59.289843,2,0.333333
8,14,3.783784,914,62.645648,718,59.289843,2,0.333333
40,15,4.054054,920,63.056888,718,59.289843,2,0.333333
303,16,4.324324,925,63.399589,720,59.454996,2,0.333333
370,17,4.594595,925,63.399589,720,59.454996,2,0.333333
243,18,4.864865,925,63.399589,720,59.454996,2,0.333333
162,19,5.135135,1001,68.608636,804,66.391412,2,0.333333
130,20,5.405405,1028,70.459219,836,69.033856,3,0.500000
296,21,5.675676,1028,70.459219,838,69.199009,3,0.500000
266,22,5.945946,1028,70.459219,840,69.364162,3,0.500000
57,23,6.216216,1028,70.459219,840,69.364162,3,0.500000
229,24,6.486486,1038,71.144620,848,70.024773,3,0.500000
166,25,6.756757,1038,71.144620,848,70.024773,3,0.500000
11,26,7.027027,1049,71.898561,852,70.355078,4,0.666667
2,27,7.297297,1053,72.172721,852,70.355078,4,0.666667
46,28,7.567568,1053,72.172721,852,70.355078,4,0.666667
239,29,7.837838,1053,72.172721,852,70.355078,4,0.666667
323,30,8.108108,1053,72.172721,852,70.355078,4,0.666667
50,31,8.378378,1053,72.172721,852,70.355078,4,0.666667
254,32,8.648649,1053,72.172721,852,70.355078,4,0.666667
92,33,8.918919,1062,72.789582,856,70.685384,5,0.833333
237,34,9.189189,1062,72.789582,856,70.685384,5,0.833333
276,35,9.459459,1067,73.132282,860,71.015690,5,0.833333
163,36,9.729730,1068,73.200822,860,71.015690,5,0.833333
26,37,10.000000,1083,74.228924,874,72.171759,6,1.000000
