TestcaseNumber,TestcaseCount,TestcaseRatio,StatementCount,StatementRatio,BranchCount,BranchRatio,FaultCount,FaultRatio
188,1,0.270270,804,55.106237,728,60.115607,3,0.500000
301,2,0.540541,829,56.819740,740,61.106524,3,0.500000
359,3,0.810811,829,56.819740,740,61.106524,3,0.500000
316,4,1.081081,867,59.424263,762,62.923204,3,0.500000
237,5,1.351351,894,61.274846,784,64.739884,3,0.500000
127,6,1.621622,923,63.262509,804,66.391412,3,0.500000
210,7,1.891892,927,63.536669,806,66.556565,3,0.500000
343,8,2.162162,959,65.729952,824,68.042940,3,0.500000
152,9,2.432432,959,65.729952,824,68.042940,3,0.500000
10,10,2.702703,979,67.100754,828,68.373245,4,0.666667
164,11,2.972973,980,67.169294,828,68.373245,4,0.666667
212,12,3.243243,982,67.306374,836,69.033856,4,0.666667
185,13,3.513514,995,68.197395,840,69.364162,4,0.666667
50,14,3.783784,1001,68.608636,842,69.529315,4,0.666667
69,15,4.054054,1004,68.814256,842,69.529315,4,0.666667
196,16,4.324324,1008,69.088417,842,69.529315,4,0.666667
307,17,4.594595,1008,69.088417,844,69.694467,4,0.666667
338,18,4.864865,1008,69.088417,844,69.694467,4,0.666667
319,19,5.135135,1012,69.362577,846,69.859620,4,0.666667
139,20,5.405405,1012,69.362577,846,69.859620,4,0.666667
331,21,5.675676,1012,69.362577,846,69.859620,4,0.666667
187,22,5.945946,1012,69.362577,846,69.859620,4,0.666667
282,23,6.216216,1012,69.362577,846,69.859620,4,0.666667
351,24,6.486486,1025,70.253598,858,70.850537,4,0.666667
238,25,6.756757,1025,70.253598,858,70.850537,4,0.666667
220,26,7.027027,1025,70.253598,858,70.850537,4,0.666667
97,27,7.297297,1025,70.253598,858,70.850537,4,0.666667
