TestcaseNumber,TestcaseCount,TestcaseRatio,StatementCount,StatementRatio,BranchCount,BranchRatio,FaultCount,FaultRatio
37,1,0.270270,609,41.740918,511,42.196532,1,0.166667
329,2,0.540541,725,49.691570,583,48.142031,2,0.333333
188,3,0.810811,844,57.847841,740,61.106524,4,0.666667
80,4,1.081081,860,58.944483,746,61.601982,4,0.666667
235,5,1.351351,900,61.686086,768,63.418662,4,0.666667
319,6,1.621622,911,62.440027,770,63.583815,4,0.666667
117,7,1.891892,911,62.440027,770,63.583815,4,0.666667
196,8,2.162162,911,62.440027,770,63.583815,4,0.666667
79,9,2.432432,938,64.290610,776,64.079273,4,0.666667
312,10,2.702703,939,64.359150,776,64.079273,4,0.666667
363,11,2.972973,946,64.838931,776,64.079273,4,0.666667
305,12,3.243243,965,66.141193,784,64.739884,4,0.666667
127,13,3.513514,965,66.141193,784,64.739884,4,0.666667
247,14,3.783784,967,66.278273,786,64.905037,4,0.666667
217,15,4.054054,967,66.278273,786,64.905037,4,0.666667
308,16,4.324324,967,66.278273,786,64.905037,4,0.666667
70,17,4.594595,969,66.415353,786,64.905037,4,0.666667
292,18,4.864865,969,66.415353,786,64.905037,4,0.666667
54,19,5.135135,969,66.415353,786,64.905037,4,0.666667
17,20,5.405405,976,66.895134,788,65.070190,4,0.666667
84,21,5.675676,976,66.895134,788,65.070190,4,0.666667
246,22,5.945946,977,66.963674,788,65.070190,4,0.666667
180,23,6.216216,977,66.963674,788,65.070190,4,0.666667
133,24,6.486486,990,67.854695,796,65.730801,4,0.666667
229,25,6.756757,1005,68.882796,810,66.886870,4,0.666667
25,26,7.027027,1019,69.842358,812,67.052023,4,0.666667
182,27,7.297297,1019,69.842358,812,67.052023,4,0.666667
10,28,7.567568,1027,70.390679,814,67.217176,5,0.833333
76,29,7.837838,1027,70.390679,814,67.217176,5,0.833333
68,30,8.108108,1027,70.390679,814,67.217176,5,0.833333
152,31,8.378378,1027,70.390679,814,67.217176,5,0.833333
174,32,8.648649,1028,70.459219,814,67.217176,5,0.833333
185,33,8.918919,1028,70.459219,816,67.382329,5,0.833333
