TestcaseNumber,TestcaseCount,TestcaseRatio,StatementCount,StatementRatio,BranchCount,BranchRatio,FaultCount,FaultRatio
303,1,0.270270,719,49.280329,602,49.710983,1,0.166667
217,2,0.540541,746,51.130912,626,51.692816,1,0.166667
299,3,0.810811,771,52.844414,638,52.683732,1,0.166667
235,4,1.081081,801,54.900617,658,54.335260,1,0.166667
119,5,1.351351,901,61.754626,772,63.748968,2,0.333333
211,6,1.621622,914,62.645648,782,64.574732,3,0.500000
276,7,1.891892,943,64.633310,806,66.556565,3,0.500000
129,8,2.162162,970,66.483893,828,68.373245,3,0.500000
367,9,2.432432,977,66.963674,828,68.373245,3,0.500000
237,10,2.702703,977,66.963674,828,68.373245,3,0.500000
3,11,2.972973,981,67.237834,828,68.373245,3,0.500000
264,12,3.243243,981,67.237834,828,68.373245,3,0.500000
195,13,3.513514,990,67.854695,832,68.703551,4,0.666667
132,14,3.783784,991,67.923235,834,68.868704,4,0.666667
60,15,4.054054,995,68.197395,834,68.868704,4,0.666667
177,16,4.324324,997,68.334476,834,68.868704,4,0.666667
76,17,4.594595,1003,68.745716,834,68.868704,4,0.666667
98,18,4.864865,1003,68.745716,834,68.868704,4,0.666667
279,19,5.135135,1006,68.951337,840,69.364162,4,0.666667
83,20,5.405405,1009,69.156957,840,69.364162,4,0.666667
6,21,5.675676,1009,69.156957,840,69.364162,4,0.666667
103,22,5.945946,1009,69.156957,840,69.364162,4,0.666667
10,23,6.216216,1029,70.527759,844,69.694467,5,0.833333
167,24,6.486486,1029,70.527759,844,69.694467,5,0.833333
159,25,6.756757,1029,70.527759,844,69.694467,5,0.833333
222,26,7.027027,1029,70.527759,844,69.694467,5,0.833333
114,27,7.297297,1029,70.527759,844,69.694467,5,0.833333
369,28,7.567568,1033,70.801919,844,69.694467,5,0.833333
284,29,7.837838,1033,70.801919,844,69.694467,5,0.833333
104,30,8.108108,1033,70.801919,844,69.694467,5,0.833333
102,31,8.378378,1033,70.801919,844,69.694467,5,0.833333
313,32,8.648649,1033,70.801919,844,69.694467,5,0.833333
292,33,8.918919,1033,70.801919,844,69.694467,5,0.833333
122,34,9.189189,1033,70.801919,844,69.694467,5,0.833333
202,35,9.459459,1074,73.612063,910,75.144509,5,0.833333
170,36,9.729730,1077,73.817683,914,75.474814,5,0.833333
49,37,10.000000,1077,73.817683,914,75.474814,5,0.833333
