TestcaseNumber,TestcaseCount,TestcaseRatio,StatementCount,StatementRatio,BranchCount,BranchRatio,FaultCount,FaultRatio
206,1,0.270270,642,44.002742,560,46.242775,1,0.166667
228,2,0.540541,710,48.663468,618,51.032205,1,0.166667
321,3,0.810811,801,54.900617,680,56.151941,1,0.166667
219,4,1.081081,812,55.654558,682,56.317093,1,0.166667
217,5,1.351351,812,55.654558,682,56.317093,1,0.166667
273,6,1.621622,817,55.997258,684,56.482246,1,0.166667
120,7,1.891892,817,55.997258,684,56.482246,1,0.166667
262,8,2.162162,822,56.339959,684,56.482246,1,0.166667
344,9,2.432432,840,57.573681,692,57.142857,1,0.166667
153,10,2.702703,926,63.468129,792,65.400495,3,0.500000
313,11,2.972973,952,65.250171,808,66.721718,3,0.500000
151,12,3.243243,962,65.935572,814,67.217176,3,0.500000
193,13,3.513514,965,66.141193,816,67.382329,4,0.666667
237,14,3.783784,989,67.786155,838,69.199009,4,0.666667
283,15,4.054054,992,67.991775,838,69.199009,4,0.666667
57,16,4.324324,992,67.991775,838,69.199009,4,0.666667
73,17,4.594595,992,67.991775,838,69.199009,4,0.666667
10,18,4.864865,1012,69.362577,842,69.529315,5,0.833333
160,19,5.135135,1012,69.362577,842,69.529315,5,0.833333
346,20,5.405405,1012,69.362577,842,69.529315,5,0.833333
298,21,5.675676,1012,69.362577,842,69.529315,5,0.833333
7,22,5.945946,1020,69.910898,842,69.529315,5,0.833333
61,23,6.216216,1020,69.910898,842,69.529315,5,0.833333
147,24,6.486486,1020,69.910898,842,69.529315,5,0.833333
264,25,6.756757,1020,69.910898,842,69.529315,5,0.833333
342,26,7.027027,1020,69.910898,842,69.529315,5,0.833333
189,27,7.297297,1020,69.910898,842,69.529315,5,0.833333
116,28,7.567568,1020,69.910898,842,69.529315,5,0.833333
323,29,7.837838,1020,69.910898,842,69.529315,5,0.833333
246,30,8.108108,1021,69.979438,842,69.529315,5,0.833333
177,31,8.378378,1021,69.979438,842,69.529315,5,0.833333
183,32,8.648649,1021,69.979438,842,69.529315,5,0.833333
212,33,8.918919,1021,69.979438,848,70.024773,5,0.833333
196,34,9.189189,1024,70.185058,848,70.024773,5,0.833333
351,35,9.459459,1028,70.459219,852,70.355078,5,0.833333
