TestcaseNumber,TestcaseCount,TestcaseRatio,StatementCount,StatementRatio,BranchCount,BranchRatio,FaultCount,FaultRatio
22,1,0.270270,557,38.176833,448,36.994220,0,0.000000
84,2,0.540541,607,41.603838,508,41.948803,1,0.166667
55,3,0.810811,648,44.413982,559,46.160198,1,0.166667
137,4,1.081081,717,49.143249,602,49.710983,3,0.500000
82,5,1.351351,732,50.171350,610,50.371594,3,0.500000
205,6,1.621622,765,52.433173,628,51.857969,3,0.500000
273,7,1.891892,773,52.981494,628,51.857969,3,0.500000
190,8,2.162162,919,62.988348,776,64.079273,4,0.666667
19,9,2.432432,919,62.988348,776,64.079273,4,0.666667
140,10,2.702703,953,65.318711,798,65.895954,4,0.666667
45,11,2.972973,954,65.387252,800,66.061107,4,0.666667
150,12,3.243243,977,66.963674,812,67.052023,4,0.666667
151,13,3.513514,977,66.963674,814,67.217176,4,0.666667
59,14,3.783784,1001,68.608636,836,69.033856,4,0.666667
175,15,4.054054,1005,68.882796,838,69.199009,4,0.666667
307,16,4.324324,1005,68.882796,840,69.364162,4,0.666667
54,17,4.594595,1005,68.882796,840,69.364162,4,0.666667
121,18,4.864865,1005,68.882796,840,69.364162,4,0.666667
97,19,5.135135,1005,68.882796,840,69.364162,4,0.666667
112,20,5.405405,1005,68.882796,840,69.364162,4,0.666667
320,21,5.675676,1006,68.951337,840,69.364162,4,0.666667
154,22,5.945946,1006,68.951337,840,69.364162,4,0.666667
62,23,6.216216,1006,68.951337,840,69.364162,4,0.666667
