TestcaseNumber,TestcaseCount,TestcaseRatio,StatementCount,StatementRatio,BranchCount,BranchRatio,FaultCount,FaultRatio
304,1,0.270270,645,44.208362,550,45.417011,1,0.166667
185,2,0.540541,864,59.218643,750,61.932287,3,0.500000
230,3,0.810811,889,60.932145,772,63.748968,3,0.500000
151,4,1.081081,893,61.206306,772,63.748968,3,0.500000
134,5,1.351351,908,62.234407,780,64.409579,3,0.500000
89,6,1.621622,933,63.947910,796,65.730801,3,0.500000
79,7,1.891892,933,63.947910,796,65.730801,3,0.500000
302,8,2.162162,952,65.250171,804,66.391412,3,0.500000
240,9,2.432432,952,65.250171,804,66.391412,3,0.500000
213,10,2.702703,952,65.250171,810,66.886870,3,0.500000
91,11,2.972973,952,65.250171,810,66.886870,3,0.500000
39,12,3.243243,976,66.895134,816,67.382329,3,0.500000
319,13,3.513514,983,67.374914,818,67.547481,3,0.500000
86,14,3.783784,983,67.374914,818,67.547481,3,0.500000
155,15,4.054054,983,67.374914,820,67.712634,3,0.500000
226,16,4.324324,987,67.649075,820,67.712634,3,0.500000
198,17,4.594595,991,67.923235,820,67.712634,3,0.500000
368,18,4.864865,998,68.403016,820,67.712634,3,0.500000
163,19,5.135135,998,68.403016,820,67.712634,3,0.500000
54,20,5.405405,998,68.403016,820,67.712634,3,0.500000
120,21,5.675676,998,68.403016,820,67.712634,3,0.500000
61,22,5.945946,998,68.403016,820,67.712634,3,0.500000
297,23,6.216216,1022,70.047978,846,69.859620,3,0.500000
21,24,6.486486,1034,70.870459,848,70.024773,3,0.500000
181,25,6.756757,1034,70.870459,848,70.024773,3,0.500000
96,26,7.027027,1034,70.870459,848,70.024773,3,0.500000
186,27,7.297297,1034,70.870459,848,70.024773,3,0.500000
41,28,7.567568,1034,70.870459,848,70.024773,3,0.500000
51,29,7.837838,1049,71.898561,866,71.511148,3,0.500000
107,30,8.108108,1051,72.035641,866,71.511148,3,0.500000
131,31,8.378378,1051,72.035641,866,71.511148,3,0.500000
349,32,8.648649,1054,72.241261,868,71.676301,4,0.666667
90,33,8.918919,1054,72.241261,868,71.676301,4,0.666667
269,34,9.189189,1054,72.241261,868,71.676301,4,0.666667
5,35,9.459459,1054,72.241261,868,71.676301,4,0.666667
55,36,9.729730,1054,72.241261,868,71.676301,4,0.666667
