TestcaseNumber,TestcaseCount,TestcaseRatio,StatementCount,StatementRatio,BranchCount,BranchRatio,FaultCount,FaultRatio
295,1,0.270270,594,40.712817,514,42.444261,1,0.166667
207,2,0.540541,708,48.526388,598,49.380677,1,0.166667
162,3,0.810811,843,57.779301,738,60.941371,1,0.166667
145,4,1.081081,851,58.327622,740,61.106524,1,0.166667
82,5,1.351351,885,60.657985,762,62.923204,1,0.166667
132,6,1.621622,888,60.863605,762,62.923204,1,0.166667
131,7,1.891892,921,63.125428,800,66.061107,2,0.333333
138,8,2.162162,921,63.125428,800,66.061107,3,0.500000
5,9,2.432432,938,64.290610,800,66.061107,3,0.500000
183,10,2.702703,942,64.564770,800,66.061107,3,0.500000
306,11,2.972973,950,65.113091,808,66.721718,3,0.500000
303,12,3.243243,976,66.895134,818,67.547481,3,0.500000
248,13,3.513514,976,66.895134,818,67.547481,3,0.500000
200,14,3.783784,1017,69.705278,886,73.162675,3,0.500000
103,15,4.054054,1017,69.705278,886,73.162675,3,0.500000
54,16,4.324324,1017,69.705278,886,73.162675,3,0.500000
92,17,4.594595,1020,69.910898,888,73.327828,4,0.666667
81,18,4.864865,1028,70.459219,888,73.327828,4,0.666667
80,19,5.135135,1028,70.459219,888,73.327828,4,0.666667
63,20,5.405405,1028,70.459219,888,73.327828,4,0.666667
360,21,5.675676,1040,71.281700,900,74.318745,4,0.666667
49,22,5.945946,1046,71.692940,902,74.483898,4,0.666667
323,23,6.216216,1046,71.692940,902,74.483898,4,0.666667
107,24,6.486486,1048,71.830021,902,74.483898,4,0.666667
202,25,6.756757,1048,71.830021,902,74.483898,4,0.666667
192,26,7.027027,1048,71.830021,902,74.483898,4,0.666667
13,27,7.297297,1056,72.378341,902,74.483898,4,0.666667
