TestcaseNumber,TestcaseCount,TestcaseRatio,StatementCount,StatementRatio,BranchCount,BranchRatio,FaultCount,FaultRatio
287,1,0.270270,302,20.699109,229,18.909992,0,0.000000
339,2,0.540541,763,52.296093,639,52.766309,2,0.333333
95,3,0.810811,804,55.106237,697,57.555739,3,0.500000
85,4,1.081081,833,57.093900,717,59.207267,3,0.500000
278,5,1.351351,868,59.492803,739,61.023947,3,0.500000
340,6,1.621622,882,60.452365,753,62.180017,3,0.500000
279,7,1.891892,882,60.452365,753,62.180017,3,0.500000
116,8,2.162162,896,61.411926,786,64.905037,3,0.500000
250,9,2.432432,913,62.577108,786,64.905037,3,0.500000
369,10,2.702703,924,63.331049,786,64.905037,3,0.500000
125,11,2.972973,963,66.004112,808,66.721718,3,0.500000
328,12,3.243243,963,66.004112,808,66.721718,3,0.500000
128,13,3.513514,966,66.209733,808,66.721718,3,0.500000
268,14,3.783784,966,66.209733,808,66.721718,3,0.500000
71,15,4.054054,966,66.209733,808,66.721718,3,0.500000
19,16,4.324324,966,66.209733,808,66.721718,3,0.500000
65,17,4.594595,974,66.758053,812,67.052023,4,0.666667
305,18,4.864865,974,66.758053,812,67.052023,4,0.666667
37,19,5.135135,977,66.963674,812,67.052023,4,0.666667
280,20,5.405405,1002,68.677176,824,68.042940,4,0.666667
288,21,5.675676,1012,69.362577,824,68.042940,4,0.666667
101,22,5.945946,1012,69.362577,824,68.042940,4,0.666667
316,23,6.216216,1016,69.636737,830,68.538398,4,0.666667
367,24,6.486486,1016,69.636737,830,68.538398,4,0.666667
355,25,6.756757,1020,69.910898,832,68.703551,4,0.666667
21,26,7.027027,1032,70.733379,834,68.868704,4,0.666667
33,27,7.297297,1035,70.938999,838,69.199009,4,0.666667
212,28,7.567568,1035,70.938999,844,69.694467,4,0.666667
143,29,7.837838,1035,70.938999,844,69.694467,4,0.666667
352,30,8.108108,1035,70.938999,844,69.694467,4,0.666667
249,31,8.378378,1035,70.938999,844,69.694467,4,0.666667
234,32,8.648649,1036,71.007539,844,69.694467,4,0.666667
256,33,8.918919,1036,71.007539,844,69.694467,4,0.666667
224,34,9.189189,1040,71.281700,844,69.694467,4,0.666667
27,35,9.459459,1081,74.091844,870,71.841453,5,0.833333
277,36,9.729730,1096,75.119945,882,72.832370,5,0.833333
57,37,10.000000,1096,75.119945,882,72.832370,5,0.833333
223,38,10.270270,1096,75.119945,882,72.832370,5,0.833333
109,39,10.540541,1100,75.394106,888,73.327828,5,0.833333
230,40,10.810811,1100,75.394106,888,73.327828,5,0.833333
227,41,11.081081,1100,75.394106,888,73.327828,5,0.833333
361,42,11.351351,1185,81.220014,982,81.090008,5,0.833333
