TestcaseNumber,TestcaseCount,TestcaseRatio,StatementCount,StatementRatio,BranchCount,BranchRatio,FaultCount,FaultRatio
167,1,0.270270,779,53.392735,695,57.390586,2,0.333333
296,2,0.540541,781,53.529815,697,57.555739,2,0.333333
21,3,0.810811,819,56.134339,709,58.546656,2,0.333333
215,4,1.081081,833,57.093900,746,61.601982,3,0.500000
88,5,1.351351,870,59.629883,768,63.418662,3,0.500000
319,6,1.621622,882,60.452365,772,63.748968,3,0.500000
309,7,1.891892,915,62.714188,800,66.061107,3,0.500000
110,8,2.162162,919,62.988348,804,66.391412,3,0.500000
84,9,2.432432,928,63.605209,808,66.721718,4,0.666667
20,10,2.702703,951,65.181631,808,66.721718,4,0.666667
148,11,2.972973,971,66.552433,814,67.217176,4,0.666667
251,12,3.243243,998,68.403016,834,68.868704,4,0.666667
295,13,3.513514,999,68.471556,834,68.868704,4,0.666667
113,14,3.783784,999,68.471556,834,68.868704,4,0.666667
57,15,4.054054,999,68.471556,834,68.868704,4,0.666667
335,16,4.324324,1023,70.116518,846,69.859620,4,0.666667
81,17,4.594595,1026,70.322138,846,69.859620,4,0.666667
329,18,4.864865,1026,70.322138,846,69.859620,4,0.666667
62,19,5.135135,1026,70.322138,846,69.859620,4,0.666667
214,20,5.405405,1026,70.322138,846,69.859620,4,0.666667
13,21,5.675676,1034,70.870459,846,69.859620,4,0.666667
106,22,5.945946,1037,71.076080,846,69.859620,4,0.666667
247,23,6.216216,1038,71.144620,846,69.859620,4,0.666667
1,24,6.486486,1049,71.898561,850,70.189926,5,0.833333
261,25,6.756757,1049,71.898561,850,70.189926,5,0.833333
121,26,7.027027,1049,71.898561,850,70.189926,5,0.833333
19,27,7.297297,1049,71.898561,850,70.189926,5,0.833333
218,28,7.567568,1049,71.898561,850,70.189926,5,0.833333
112,29,7.837838,1049,71.898561,850,70.189926,5,0.833333
152,30,8.108108,1049,71.898561,850,70.189926,5,0.833333
190,31,8.378378,1049,71.898561,850,70.189926,5,0.833333
75,32,8.648649,1049,71.898561,850,70.189926,5,0.833333
177,33,8.918919,1049,71.898561,850,70.189926,5,0.833333
162,34,9.189189,1049,71.898561,850,70.189926,5,0.833333
50,35,9.459459,1049,71.898561,850,70.189926,5,0.833333
244,36,9.729730,1049,71.898561,850,70.189926,5,0.833333
208,37,10.000000,1050,71.967101,852,70.355078,5,0.833333
