TestcaseNumber,TestcaseCount,TestcaseRatio,StatementCount,StatementRatio,BranchCount,BranchRatio,FaultCount,FaultRatio
133,1,0.270270,725,49.691570,612,50.536746,1,0.166667
100,2,0.540541,737,50.514051,624,51.527663,2,0.333333
222,3,0.810811,789,54.078136,664,54.830718,2,0.333333
121,4,1.081081,797,54.626456,668,55.161024,2,0.333333
348,5,1.351351,849,58.190541,702,57.968621,2,0.333333
203,6,1.621622,878,60.178204,730,60.280760,2,0.333333
343,7,1.891892,886,60.726525,738,60.941371,2,0.333333
145,8,2.162162,886,60.726525,738,60.941371,2,0.333333
216,9,2.432432,892,61.137766,740,61.106524,2,0.333333
299,10,2.702703,894,61.274846,740,61.106524,2,0.333333
232,11,2.972973,894,61.274846,740,61.106524,2,0.333333
108,12,3.243243,894,61.274846,740,61.106524,2,0.333333
295,13,3.513514,894,61.274846,740,61.106524,2,0.333333
345,14,3.783784,897,61.480466,740,61.106524,2,0.333333
136,15,4.054054,897,61.480466,740,61.106524,2,0.333333
270,16,4.324324,897,61.480466,740,61.106524,2,0.333333
154,17,4.594595,972,66.620973,834,68.868704,3,0.500000
309,18,4.864865,983,67.374914,840,69.364162,3,0.500000
110,19,5.135135,983,67.374914,840,69.364162,3,0.500000
54,20,5.405405,987,67.649075,840,69.364162,3,0.500000
51,21,5.675676,1002,68.677176,858,70.850537,3,0.500000
34,22,5.945946,1021,69.979438,858,70.850537,3,0.500000
269,23,6.216216,1021,69.979438,860,71.015690,3,0.500000
201,24,6.486486,1021,69.979438,860,71.015690,3,0.500000
24,25,6.756757,1032,70.733379,860,71.015690,3,0.500000
44,26,7.027027,1032,70.733379,860,71.015690,3,0.500000
49,27,7.297297,1032,70.733379,860,71.015690,3,0.500000
72,28,7.567568,1032,70.733379,860,71.015690,3,0.500000
7,29,7.837838,1032,70.733379,860,71.015690,3,0.500000
62,30,8.108108,1032,70.733379,860,71.015690,3,0.500000
244,31,8.378378,1036,71.007539,862,71.180842,3,0.500000
182,32,8.648649,1036,71.007539,862,71.180842,3,0.500000
1,33,8.918919,1050,71.967101,866,71.511148,4,0.666667
200,34,9.189189,1076,73.749143,914,75.474814,4,0.666667
352,35,9.459459,1076,73.749143,914,75.474814,4,0.666667
38,36,9.729730,1076,73.749143,914,75.474814,4,0.666667
35,37,10.000000,1079,73.954764,918,75.805120,4,0.666667
