TestcaseNumber,TestcaseCount,TestcaseRatio,StatementCount,StatementRatio,BranchCount,BranchRatio,FaultCount,FaultRatio
330,1,0.270270,786,53.872515,692,57.142857,1,0.166667
274,2,0.540541,833,57.093900,736,60.776218,2,0.333333
235,3,0.810811,850,58.259082,750,61.932287,2,0.333333
190,4,1.081081,859,58.875942,764,63.088357,3,0.500000
105,5,1.351351,884,60.589445,772,63.748968,3,0.500000
164,6,1.621622,912,62.508568,796,65.730801,3,0.500000
111,7,1.891892,916,62.782728,802,66.226259,3,0.500000
199,8,2.162162,917,62.851268,804,66.391412,3,0.500000
6,9,2.432432,919,62.988348,806,66.556565,3,0.500000
107,10,2.702703,919,62.988348,806,66.556565,3,0.500000
35,11,2.972973,940,64.427690,810,66.886870,3,0.500000
72,12,3.243243,944,64.701851,810,66.886870,3,0.500000
39,13,3.513514,952,65.250171,816,67.382329,3,0.500000
144,14,3.783784,952,65.250171,816,67.382329,3,0.500000
332,15,4.054054,952,65.250171,816,67.382329,3,0.500000
333,16,4.324324,961,65.867032,816,67.382329,3,0.500000
75,17,4.594595,961,65.867032,816,67.382329,3,0.500000
122,18,4.864865,962,65.935572,816,67.382329,3,0.500000
64,19,5.135135,965,66.141193,816,67.382329,3,0.500000
205,20,5.405405,991,67.923235,830,68.538398,3,0.500000
80,21,5.675676,994,68.128855,830,68.538398,3,0.500000
37,22,5.945946,994,68.128855,830,68.538398,3,0.500000
104,23,6.216216,994,68.128855,830,68.538398,3,0.500000
