TestcaseNumber,TestcaseCount,TestcaseRatio,StatementCount,StatementRatio,BranchCount,BranchRatio,FaultCount,FaultRatio
73,1,0.270270,550,37.697053,501,41.370768,1,0.166667
219,2,0.540541,719,49.280329,620,51.197358,2,0.333333
327,3,0.810811,837,57.368060,740,61.106524,3,0.500000
336,4,1.081081,853,58.464702,746,61.601982,3,0.500000
112,5,1.351351,853,58.464702,746,61.601982,3,0.500000
344,6,1.621622,886,60.726525,760,62.758051,3,0.500000
156,7,1.891892,895,61.343386,764,63.088357,4,0.666667
9,8,2.162162,895,61.343386,764,63.088357,4,0.666667
36,9,2.432432,915,62.714188,766,63.253509,4,0.666667
231,10,2.702703,928,63.605209,778,64.244426,4,0.666667
293,11,2.972973,928,63.605209,778,64.244426,4,0.666667
334,12,3.243243,957,65.592872,796,65.730801,4,0.666667
232,13,3.513514,982,67.306374,812,67.052023,4,0.666667
119,14,3.783784,982,67.306374,812,67.052023,4,0.666667
290,15,4.054054,984,67.443454,816,67.382329,4,0.666667
8,16,4.324324,984,67.443454,816,67.382329,4,0.666667
190,17,4.594595,984,67.443454,816,67.382329,4,0.666667
44,18,4.864865,984,67.443454,816,67.382329,4,0.666667
228,19,5.135135,984,67.443454,816,67.382329,4,0.666667
250,20,5.405405,984,67.443454,816,67.382329,4,0.666667
35,21,5.675676,988,67.717615,820,67.712634,4,0.666667
216,22,5.945946,988,67.717615,820,67.712634,4,0.666667
249,23,6.216216,988,67.717615,820,67.712634,4,0.666667
97,24,6.486486,988,67.717615,820,67.712634,4,0.666667
124,25,6.756757,988,67.717615,820,67.712634,4,0.666667
78,26,7.027027,994,68.128855,820,67.712634,4,0.666667
275,27,7.297297,994,68.128855,820,67.712634,4,0.666667
117,28,7.567568,994,68.128855,820,67.712634,4,0.666667
319,29,7.837838,994,68.128855,820,67.712634,4,0.666667
244,30,8.108108,999,68.471556,822,67.877787,4,0.666667
187,31,8.378378,999,68.471556,824,68.042940,4,0.666667
102,32,8.648649,999,68.471556,824,68.042940,4,0.666667
161,33,8.918919,1000,68.540096,824,68.042940,4,0.666667
3,34,9.189189,1004,68.814256,824,68.042940,4,0.666667
180,35,9.459459,1004,68.814256,824,68.042940,4,0.666667
325,36,9.729730,1004,68.814256,826,68.208092,4,0.666667
