TestcaseNumber,TestcaseCount,TestcaseRatio,StatementCount,StatementRatio,BranchCount,BranchRatio,FaultCount,FaultRatio
23,1,0.270270,560,38.382454,448,36.994220,0,0.000000
297,2,0.540541,809,55.448938,675,55.739059,1,0.166667
142,3,0.810811,865,59.287183,735,60.693642,1,0.166667
329,4,1.081081,897,61.480466,757,62.510322,2,0.333333
60,5,1.351351,929,63.673749,790,65.235343,2,0.333333
47,6,1.621622,939,64.359150,796,65.730801,2,0.333333
284,7,1.891892,945,64.770391,800,66.061107,2,0.333333
171,8,2.162162,954,65.387252,812,67.052023,3,0.500000
361,9,2.432432,1039,71.213160,906,74.814203,3,0.500000
308,10,2.702703,1045,71.624400,918,75.805120,4,0.666667
253,11,2.972973,1051,72.035641,918,75.805120,4,0.666667
215,12,3.243243,1051,72.035641,924,76.300578,4,0.666667
222,13,3.513514,1064,72.926662,936,77.291495,4,0.666667
113,14,3.783784,1064,72.926662,936,77.291495,4,0.666667
350,15,4.054054,1064,72.926662,936,77.291495,4,0.666667
82,16,4.324324,1064,72.926662,936,77.291495,4,0.666667
221,17,4.594595,1067,73.132282,936,77.291495,4,0.666667
97,18,4.864865,1075,73.680603,936,77.291495,4,0.666667
252,19,5.135135,1075,73.680603,936,77.291495,4,0.666667
107,20,5.405405,1075,73.680603,936,77.291495,4,0.666667
10,21,5.675676,1095,75.051405,940,77.621800,5,0.833333
285,22,5.945946,1095,75.051405,940,77.621800,5,0.833333
169,23,6.216216,1096,75.119945,940,77.621800,5,0.833333
144,24,6.486486,1096,75.119945,940,77.621800,5,0.833333
352,25,6.756757,1097,75.188485,940,77.621800,5,0.833333
228,26,7.027027,1097,75.188485,940,77.621800,5,0.833333
263,27,7.297297,1097,75.188485,940,77.621800,5,0.833333
173,28,7.567568,1104,75.668266,942,77.786953,5,0.833333
101,29,7.837838,1104,75.668266,942,77.786953,5,0.833333
366,30,8.108108,1310,89.787526,1135,93.724195,5,0.833333
110,31,8.378378,1314,90.061686,1139,94.054500,5,0.833333
227,32,8.648649,1315,90.130226,1139,94.054500,5,0.833333
99,33,8.918919,1315,90.130226,1139,94.054500,5,0.833333
156,34,9.189189,1315,90.130226,1139,94.054500,5,0.833333
230,35,9.459459,1315,90.130226,1139,94.054500,5,0.833333
122,36,9.729730,1315,90.130226,1139,94.054500,5,0.833333
