TestcaseNumber,TestcaseCount,TestcaseRatio,StatementCount,StatementRatio,BranchCount,BranchRatio,FaultCount,FaultRatio
246,1,0.270270,292,20.013708,235,19.405450,0,0.000000
101,2,0.540541,571,39.136395,502,41.453344,2,0.333333
39,3,0.810811,735,50.376971,603,49.793559,2,0.333333
99,4,1.081081,804,55.106237,660,54.500413,2,0.333333
97,5,1.351351,804,55.106237,660,54.500413,2,0.333333
277,6,1.621622,847,58.053461,688,56.812552,2,0.333333
172,7,1.891892,861,59.013023,690,56.977704,2,0.333333
194,8,2.162162,893,61.206306,712,58.794385,3,0.500000
59,9,2.432432,923,63.262509,734,60.611065,3,0.500000
215,10,2.702703,925,63.399589,742,61.271676,3,0.500000
313,11,2.972973,997,68.334476,824,68.042940,3,0.500000
202,12,3.243243,1039,71.213160,894,73.823287,3,0.500000
196,13,3.513514,1042,71.418780,894,73.823287,3,0.500000
247,14,3.783784,1042,71.418780,894,73.823287,3,0.500000
158,15,4.054054,1042,71.418780,894,73.823287,3,0.500000
318,16,4.324324,1043,71.487320,894,73.823287,3,0.500000
263,17,4.594595,1043,71.487320,894,73.823287,3,0.500000
76,18,4.864865,1051,72.035641,896,73.988439,3,0.500000
198,19,5.135135,1051,72.035641,896,73.988439,3,0.500000
261,20,5.405405,1051,72.035641,896,73.988439,3,0.500000
306,21,5.675676,1059,72.583962,904,74.649050,3,0.500000
366,22,5.945946,1226,84.030158,1041,85.962015,3,0.500000
107,23,6.216216,1228,84.167238,1041,85.962015,3,0.500000
335,24,6.486486,1232,84.441398,1047,86.457473,3,0.500000
185,25,6.756757,1235,84.647019,1059,87.448390,4,0.666667
125,26,7.027027,1235,84.647019,1059,87.448390,4,0.666667
267,27,7.297297,1235,84.647019,1059,87.448390,4,0.666667
146,28,7.567568,1235,84.647019,1059,87.448390,4,0.666667
142,29,7.837838,1235,84.647019,1059,87.448390,4,0.666667
