TestcaseNumber,TestcaseCount,TestcaseRatio,StatementCount,StatementRatio,BranchCount,BranchRatio,FaultCount,FaultRatio
67,1,0.270270,548,37.559973,459,37.902560,2,0.333333
9,2,0.540541,670,45.921864,577,47.646573,2,0.333333
319,3,0.810811,696,47.703907,589,48.637490,2,0.333333
141,4,1.081081,738,50.582591,609,50.289017,2,0.333333
234,5,1.351351,795,54.489376,664,54.830718,2,0.333333
158,6,1.621622,827,56.682659,686,56.647399,3,0.500000
40,7,1.891892,848,58.122001,694,57.308010,3,0.500000
347,8,2.162162,849,58.190541,696,57.473163,3,0.500000
359,9,2.432432,849,58.190541,696,57.473163,3,0.500000
207,10,2.702703,867,59.424263,710,58.629232,3,0.500000
50,11,2.972973,867,59.424263,710,58.629232,3,0.500000
55,12,3.243243,868,59.492803,710,58.629232,3,0.500000
111,13,3.513514,868,59.492803,712,58.794385,3,0.500000
244,14,3.783784,868,59.492803,714,58.959538,3,0.500000
251,15,4.054054,886,60.726525,714,58.959538,3,0.500000
336,16,4.324324,894,61.274846,716,59.124690,3,0.500000
355,17,4.594595,894,61.274846,716,59.124690,3,0.500000
306,18,4.864865,974,66.758053,806,66.556565,3,0.500000
222,19,5.135135,987,67.649075,818,67.547481,3,0.500000
19,20,5.405405,987,67.649075,818,67.547481,3,0.500000
219,21,5.675676,995,68.197395,818,67.547481,3,0.500000
220,22,5.945946,995,68.197395,818,67.547481,3,0.500000
334,23,6.216216,998,68.403016,822,67.877787,3,0.500000
203,24,6.486486,1022,70.047978,844,69.694467,3,0.500000
307,25,6.756757,1022,70.047978,844,69.694467,3,0.500000
124,26,7.027027,1022,70.047978,844,69.694467,3,0.500000
326,27,7.297297,1025,70.253598,856,70.685384,4,0.666667
257,28,7.567568,1025,70.253598,856,70.685384,4,0.666667
139,29,7.837838,1025,70.253598,856,70.685384,4,0.666667
221,30,8.108108,1025,70.253598,856,70.685384,4,0.666667
122,31,8.378378,1025,70.253598,856,70.685384,4,0.666667
339,32,8.648649,1025,70.253598,856,70.685384,4,0.666667
34,33,8.918919,1026,70.322138,856,70.685384,4,0.666667
278,34,9.189189,1026,70.322138,856,70.685384,4,0.666667
90,35,9.459459,1026,70.322138,856,70.685384,4,0.666667
349,36,9.729730,1026,70.322138,856,70.685384,4,0.666667
23,37,10.000000,1045,71.624400,858,70.850537,4,0.666667
279,38,10.270270,1045,71.624400,858,70.850537,4,0.666667
261,39,10.540541,1045,71.624400,858,70.850537,4,0.666667
