TestcaseNumber,TestcaseCount,TestcaseRatio,StatementCount,StatementRatio,BranchCount,BranchRatio,FaultCount,FaultRatio
349,1,0.270270,336,23.029472,261,21.552436,1,0.166667
215,2,0.540541,647,44.345442,572,47.233691,3,0.500000
272,3,0.810811,714,48.937629,614,50.701899,3,0.500000
86,4,1.081081,720,49.348869,616,50.867052,3,0.500000
300,5,1.351351,799,54.763537,676,55.821635,3,0.500000
24,6,1.621622,815,55.860178,676,55.821635,3,0.500000
254,7,1.891892,815,55.860178,676,55.821635,3,0.500000
177,8,2.162162,829,56.819740,678,55.986788,3,0.500000
82,9,2.432432,833,57.093900,682,56.317093,3,0.500000
3,10,2.702703,837,57.368060,682,56.317093,3,0.500000
292,11,2.972973,837,57.368060,682,56.317093,3,0.500000
317,12,3.243243,903,61.891707,730,60.280760,3,0.500000
72,13,3.513514,903,61.891707,730,60.280760,3,0.500000
141,14,3.783784,903,61.891707,730,60.280760,3,0.500000
60,15,4.054054,903,61.891707,730,60.280760,3,0.500000
45,16,4.324324,904,61.960247,732,60.445912,3,0.500000
23,17,4.594595,915,62.714188,734,60.611065,3,0.500000
360,18,4.864865,1017,69.705278,878,72.502064,3,0.500000
231,19,5.135135,1026,70.322138,888,73.327828,3,0.500000
316,20,5.405405,1026,70.322138,888,73.327828,3,0.500000
14,21,5.675676,1034,70.870459,888,73.327828,3,0.500000
358,22,5.945946,1034,70.870459,888,73.327828,3,0.500000
189,23,6.216216,1040,71.281700,898,74.153592,4,0.666667
307,24,6.486486,1040,71.281700,900,74.318745,4,0.666667
95,25,6.756757,1072,73.474983,922,76.135425,4,0.666667
289,26,7.027027,1072,73.474983,922,76.135425,4,0.666667
113,27,7.297297,1072,73.474983,922,76.135425,4,0.666667
109,28,7.567568,1076,73.749143,928,76.630884,4,0.666667
285,29,7.837838,1076,73.749143,928,76.630884,4,0.666667
92,30,8.108108,1076,73.749143,928,76.630884,4,0.666667
116,31,8.378378,1076,73.749143,928,76.630884,4,0.666667
121,32,8.648649,1076,73.749143,928,76.630884,4,0.666667
209,33,8.918919,1080,74.023304,930,76.796036,4,0.666667
304,34,9.189189,1080,74.023304,930,76.796036,4,0.666667
288,35,9.459459,1086,74.434544,930,76.796036,4,0.666667
136,36,9.729730,1086,74.434544,930,76.796036,4,0.666667
