TestcaseNumber,TestcaseCount,TestcaseRatio,StatementCount,StatementRatio,BranchCount,BranchRatio,FaultCount,FaultRatio
65,1,0.270270,548,37.559973,459,37.902560,2,0.333333
225,2,0.540541,655,44.893763,577,47.646573,2,0.333333
177,3,0.810811,759,52.021933,646,53.344344,2,0.333333
266,4,1.081081,781,53.529815,654,54.004955,2,0.333333
51,5,1.351351,879,60.246744,768,63.418662,3,0.500000
262,6,1.621622,909,62.302947,784,64.739884,3,0.500000
54,7,1.891892,927,63.536669,792,65.400495,3,0.500000
62,8,2.162162,927,63.536669,792,65.400495,3,0.500000
20,9,2.432432,950,65.113091,792,65.400495,3,0.500000
88,10,2.702703,962,65.935572,802,66.226259,3,0.500000
61,11,2.972973,962,65.935572,802,66.226259,3,0.500000
215,12,3.243243,962,65.935572,808,66.721718,3,0.500000
2,13,3.513514,966,66.209733,808,66.721718,3,0.500000
85,14,3.783784,969,66.415353,810,66.886870,4,0.666667
127,15,4.054054,978,67.032214,816,67.382329,4,0.666667
341,16,4.324324,978,67.032214,816,67.382329,4,0.666667
150,17,4.594595,990,67.854695,820,67.712634,4,0.666667
25,18,4.864865,1004,68.814256,822,67.877787,4,0.666667
320,19,5.135135,1004,68.814256,822,67.877787,4,0.666667
56,20,5.405405,1028,70.459219,844,69.694467,4,0.666667
170,21,5.675676,1033,70.801919,850,70.189926,4,0.666667
312,22,5.945946,1034,70.870459,850,70.189926,4,0.666667
346,23,6.216216,1035,70.938999,852,70.355078,4,0.666667
98,24,6.486486,1035,70.938999,852,70.355078,4,0.666667
75,25,6.756757,1035,70.938999,852,70.355078,4,0.666667
200,26,7.027027,1062,72.789582,902,74.483898,4,0.666667
332,27,7.297297,1062,72.789582,902,74.483898,4,0.666667
156,28,7.567568,1062,72.789582,902,74.483898,4,0.666667
