TestcaseNumber,TestcaseCount,TestcaseRatio,StatementCount,StatementRatio,BranchCount,BranchRatio,FaultCount,FaultRatio
78,1,0.270270,610,41.809459,547,45.169282,0,0.000000
272,2,0.540541,622,42.631940,547,45.169282,0,0.000000
220,3,0.810811,638,43.728581,559,46.160198,0,0.000000
251,4,1.081081,810,55.517478,664,54.830718,1,0.166667
12,5,1.351351,810,55.517478,664,54.830718,1,0.166667
366,6,1.621622,1047,71.761480,895,73.905863,1,0.166667
28,7,1.891892,1077,73.817683,909,75.061932,1,0.166667
151,8,2.162162,1160,79.506511,1005,82.989265,2,0.333333
231,9,2.432432,1166,79.917752,1007,83.154418,2,0.333333
102,10,2.702703,1169,80.123372,1007,83.154418,2,0.333333
110,11,2.972973,1173,80.397533,1011,83.484723,2,0.333333
41,12,3.243243,1173,80.397533,1011,83.484723,2,0.333333
38,13,3.513514,1180,80.877313,1011,83.484723,2,0.333333
92,14,3.783784,1207,82.727896,1035,85.466557,3,0.500000
363,15,4.054054,1214,83.207676,1035,85.466557,3,0.500000
322,16,4.324324,1214,83.207676,1035,85.466557,3,0.500000
280,17,4.594595,1226,84.030158,1041,85.962015,3,0.500000
274,18,4.864865,1226,84.030158,1041,85.962015,3,0.500000
301,19,5.135135,1231,84.372858,1043,86.127168,3,0.500000
61,20,5.405405,1231,84.372858,1043,86.127168,3,0.500000
98,21,5.675676,1231,84.372858,1043,86.127168,3,0.500000
184,22,5.945946,1231,84.372858,1043,86.127168,3,0.500000
356,23,6.216216,1236,84.715559,1045,86.292320,3,0.500000
178,24,6.486486,1236,84.715559,1045,86.292320,3,0.500000
365,25,6.756757,1236,84.715559,1045,86.292320,3,0.500000
19,26,7.027027,1236,84.715559,1045,86.292320,3,0.500000
235,27,7.297297,1262,86.497601,1061,87.613543,3,0.500000
