TestcaseNumber,TestcaseCount,TestcaseRatio,StatementCount,StatementRatio,BranchCount,BranchRatio,FaultCount,FaultRatio
307,1,0.270270,763,52.296093,649,53.592073,1,0.166667
47,2,0.540541,819,56.134339,691,57.060281,1,0.166667
234,3,0.810811,863,59.150103,754,62.262593,1,0.166667
18,4,1.081081,871,59.698424,760,62.758051,1,0.166667
281,5,1.351351,908,62.234407,776,64.079273,1,0.166667
330,6,1.621622,912,62.508568,776,64.079273,1,0.166667
210,7,1.891892,920,63.056888,782,64.574732,2,0.333333
186,8,2.162162,934,64.016450,794,65.565648,2,0.333333
38,9,2.432432,959,65.729952,794,65.565648,2,0.333333
222,10,2.702703,972,66.620973,806,66.556565,2,0.333333
48,11,2.972973,984,67.443454,810,66.886870,3,0.500000
170,12,3.243243,989,67.786155,814,67.217176,3,0.500000
295,13,3.513514,989,67.786155,814,67.217176,3,0.500000
13,14,3.783784,997,68.334476,814,67.217176,3,0.500000
348,15,4.054054,1006,68.951337,826,68.208092,3,0.500000
230,16,4.324324,1007,69.019877,826,68.208092,3,0.500000
191,17,4.594595,1007,69.019877,828,68.373245,4,0.666667
206,18,4.864865,1011,69.294037,832,68.703551,4,0.666667
331,19,5.135135,1012,69.362577,832,68.703551,4,0.666667
285,20,5.405405,1016,69.636737,834,68.868704,4,0.666667
369,21,5.675676,1027,70.390679,834,68.868704,4,0.666667
190,22,5.945946,1027,70.390679,834,68.868704,4,0.666667
94,23,6.216216,1051,72.035641,856,70.685384,4,0.666667
259,24,6.486486,1052,72.104181,856,70.685384,4,0.666667
296,25,6.756757,1052,72.104181,858,70.850537,4,0.666667
153,26,7.027027,1052,72.104181,858,70.850537,4,0.666667
93,27,7.297297,1052,72.104181,858,70.850537,4,0.666667
122,28,7.567568,1052,72.104181,858,70.850537,4,0.666667
124,29,7.837838,1052,72.104181,858,70.850537,4,0.666667
203,30,8.108108,1052,72.104181,858,70.850537,4,0.666667
213,31,8.378378,1052,72.104181,864,71.345995,4,0.666667
357,32,8.648649,1052,72.104181,864,71.345995,4,0.666667
342,33,8.918919,1052,72.104181,864,71.345995,4,0.666667
354,34,9.189189,1052,72.104181,864,71.345995,4,0.666667
287,35,9.459459,1052,72.104181,864,71.345995,4,0.666667
324,36,9.729730,1052,72.104181,864,71.345995,4,0.666667
127,37,10.000000,1052,72.104181,864,71.345995,4,0.666667
44,38,10.270270,1052,72.104181,864,71.345995,4,0.666667
