TestcaseNumber,TestcaseCount,TestcaseRatio,StatementCount,StatementRatio,BranchCount,BranchRatio,FaultCount,FaultRatio
261,1,0.270270,402,27.553119,307,25.350950,0,0.000000
6,2,0.540541,677,46.401645,579,47.811726,0,0.000000
318,3,0.810811,757,51.884853,629,51.940545,2,0.333333
81,4,1.081081,813,55.723098,688,56.812552,2,0.333333
196,5,1.351351,921,63.125428,786,64.905037,2,0.333333
236,6,1.621622,921,63.125428,786,64.905037,2,0.333333
232,7,1.891892,927,63.536669,786,64.905037,2,0.333333
208,8,2.162162,928,63.605209,788,65.070190,2,0.333333
140,9,2.432432,933,63.947910,790,65.235343,2,0.333333
144,10,2.702703,933,63.947910,790,65.235343,2,0.333333
364,11,2.972973,940,64.427690,790,65.235343,2,0.333333
357,12,3.243243,940,64.427690,790,65.235343,2,0.333333
147,13,3.513514,944,64.701851,794,65.565648,2,0.333333
94,14,3.783784,947,64.907471,796,65.730801,3,0.500000
297,15,4.054054,955,65.455792,806,66.556565,3,0.500000
306,16,4.324324,955,65.455792,808,66.721718,3,0.500000
64,17,4.594595,955,65.455792,808,66.721718,3,0.500000
183,18,4.864865,955,65.455792,808,66.721718,3,0.500000
320,19,5.135135,955,65.455792,808,66.721718,3,0.500000
187,20,5.405405,977,66.963674,826,68.208092,3,0.500000
57,21,5.675676,977,66.963674,826,68.208092,3,0.500000
302,22,5.945946,977,66.963674,826,68.208092,3,0.500000
149,23,6.216216,977,66.963674,826,68.208092,3,0.500000
220,24,6.486486,990,67.854695,838,69.199009,3,0.500000
193,25,6.756757,996,68.265936,840,69.364162,3,0.500000
1,26,7.027027,1019,69.842358,844,69.694467,4,0.666667
31,27,7.297297,1033,70.801919,844,69.694467,4,0.666667
65,28,7.567568,1033,70.801919,844,69.694467,4,0.666667
42,29,7.837838,1033,70.801919,844,69.694467,4,0.666667
23,30,8.108108,1052,72.104181,846,69.859620,4,0.666667
292,31,8.378378,1052,72.104181,846,69.859620,4,0.666667
7,32,8.648649,1052,72.104181,846,69.859620,4,0.666667
162,33,8.918919,1052,72.104181,846,69.859620,4,0.666667
35,34,9.189189,1056,72.378341,850,70.189926,4,0.666667
36,35,9.459459,1056,72.378341,850,70.189926,4,0.666667
161,36,9.729730,1057,72.446881,850,70.189926,4,0.666667
122,37,10.000000,1057,72.446881,850,70.189926,4,0.666667
347,38,10.270270,1058,72.515422,852,70.355078,4,0.666667
28,39,10.540541,1088,74.571624,866,71.511148,4,0.666667
131,40,10.810811,1088,74.571624,866,71.511148,5,0.833333
167,41,11.081081,1088,74.571624,866,71.511148,5,0.833333
