TestcaseNumber,TestcaseCount,TestcaseRatio,StatementCount,StatementRatio,BranchCount,BranchRatio,FaultCount,FaultRatio
353,1,0.270270,576,39.479095,517,42.691990,1,0.166667
273,2,0.540541,656,44.962303,557,45.995045,1,0.166667
361,3,0.810811,869,59.561343,750,61.932287,1,0.166667
119,4,1.081081,930,63.742289,828,68.373245,2,0.333333
110,5,1.351351,957,65.592872,858,70.850537,3,0.500000
82,6,1.621622,960,65.798492,858,70.850537,3,0.500000
13,7,1.891892,968,66.346813,858,70.850537,3,0.500000
92,8,2.162162,998,68.403016,882,72.832370,4,0.666667
133,9,2.432432,1001,68.608636,884,72.997523,4,0.666667
200,10,2.702703,1043,71.487320,952,78.612717,4,0.666667
38,11,2.972973,1063,72.858122,952,78.612717,4,0.666667
8,12,3.243243,1065,72.995202,952,78.612717,4,0.666667
272,13,3.513514,1066,73.063742,952,78.612717,4,0.666667
128,14,3.783784,1066,73.063742,952,78.612717,4,0.666667
113,15,4.054054,1066,73.063742,952,78.612717,4,0.666667
189,16,4.324324,1069,73.269363,952,78.612717,4,0.666667
50,17,4.594595,1075,73.680603,954,78.777870,4,0.666667
168,18,4.864865,1083,74.228924,960,79.273328,4,0.666667
87,19,5.135135,1083,74.228924,960,79.273328,4,0.666667
112,20,5.405405,1083,74.228924,960,79.273328,4,0.666667
230,21,5.675676,1098,75.257025,974,80.429397,4,0.666667
358,22,5.945946,1098,75.257025,974,80.429397,4,0.666667
362,23,6.216216,1113,76.285127,992,81.915772,4,0.666667
79,24,6.486486,1119,76.696367,992,81.915772,4,0.666667
137,25,6.756757,1122,76.901988,992,81.915772,4,0.666667
220,26,7.027027,1126,77.176148,996,82.246078,4,0.666667
157,27,7.297297,1126,77.176148,996,82.246078,4,0.666667
239,28,7.567568,1126,77.176148,996,82.246078,4,0.666667
255,29,7.837838,1126,77.176148,996,82.246078,4,0.666667
70,30,8.108108,1147,78.615490,1004,82.906689,4,0.666667
259,31,8.378378,1174,80.466073,1022,84.393064,4,0.666667
127,32,8.648649,1174,80.466073,1022,84.393064,4,0.666667
61,33,8.918919,1174,80.466073,1022,84.393064,4,0.666667
339,34,9.189189,1174,80.466073,1022,84.393064,4,0.666667
312,35,9.459459,1174,80.466073,1022,84.393064,4,0.666667
17,36,9.729730,1181,80.945853,1024,84.558216,4,0.666667
225,37,10.000000,1181,80.945853,1024,84.558216,4,0.666667
