TestcaseNumber,TestcaseCount,TestcaseRatio,StatementCount,StatementRatio,BranchCount,BranchRatio,FaultCount,FaultRatio
188,1,0.270270,804,55.106237,728,60.115607,3,0.500000
222,2,0.540541,859,58.875942,762,62.923204,3,0.500000
3,3,0.810811,863,59.150103,762,62.923204,3,0.500000
75,4,1.081081,870,59.629883,762,62.923204,3,0.500000
130,5,1.351351,895,61.343386,784,64.739884,3,0.500000
151,6,1.621622,899,61.617546,788,65.070190,3,0.500000
345,7,1.891892,928,63.605209,806,66.556565,3,0.500000
316,8,2.162162,945,64.770391,818,67.547481,3,0.500000
187,9,2.432432,945,64.770391,818,67.547481,3,0.500000
221,10,2.702703,945,64.770391,818,67.547481,3,0.500000
103,11,2.972973,948,64.976011,818,67.547481,3,0.500000
302,12,3.243243,951,65.181631,820,67.712634,3,0.500000
49,13,3.513514,957,65.592872,822,67.877787,3,0.500000
149,14,3.783784,957,65.592872,822,67.877787,3,0.500000
347,15,4.054054,957,65.592872,822,67.877787,3,0.500000
196,16,4.324324,988,67.717615,840,69.364162,3,0.500000
232,17,4.594595,988,67.717615,840,69.364162,3,0.500000
252,18,4.864865,988,67.717615,840,69.364162,3,0.500000
163,19,5.135135,993,68.060315,842,69.529315,3,0.500000
313,20,5.405405,993,68.060315,842,69.529315,3,0.500000
110,21,5.675676,997,68.334476,846,69.859620,3,0.500000
194,22,5.945946,1000,68.540096,848,70.024773,4,0.666667
248,23,6.216216,1017,69.705278,848,70.024773,4,0.666667
225,24,6.486486,1020,69.910898,848,70.024773,4,0.666667
270,25,6.756757,1020,69.910898,848,70.024773,4,0.666667
170,26,7.027027,1021,69.979438,850,70.189926,4,0.666667
34,27,7.297297,1023,70.116518,850,70.189926,4,0.666667
367,28,7.567568,1030,70.596299,850,70.189926,4,0.666667
259,29,7.837838,1030,70.596299,850,70.189926,4,0.666667
19,30,8.108108,1030,70.596299,850,70.189926,4,0.666667
1,31,8.378378,1044,71.555860,854,70.520231,5,0.833333
320,32,8.648649,1046,71.692940,854,70.520231,5,0.833333
162,33,8.918919,1046,71.692940,854,70.520231,5,0.833333
106,34,9.189189,1046,71.692940,854,70.520231,5,0.833333
176,35,9.459459,1046,71.692940,854,70.520231,5,0.833333
12,36,9.729730,1046,71.692940,854,70.520231,5,0.833333
148,37,10.000000,1046,71.692940,854,70.520231,5,0.833333
230,38,10.270270,1046,71.692940,854,70.520231,5,0.833333
