TestcaseNumber,TestcaseCount,TestcaseRatio,StatementCount,StatementRatio,BranchCount,BranchRatio,FaultCount,FaultRatio
339,1,0.270270,739,50.651131,629,51.940545,2,0.333333
66,2,0.540541,773,52.981494,677,55.904211,3,0.500000
240,3,0.810811,820,56.202879,722,59.620149,3,0.500000
61,4,1.081081,830,56.888280,728,60.115607,3,0.500000
65,5,1.351351,830,56.888280,728,60.115607,3,0.500000
43,6,1.621622,865,59.287183,752,62.097440,3,0.500000
183,7,1.891892,865,59.287183,752,62.097440,3,0.500000
49,8,2.162162,874,59.904044,754,62.262593,3,0.500000
127,9,2.432432,907,62.165867,776,64.079273,3,0.500000
165,10,2.702703,931,63.810829,798,65.895954,3,0.500000
345,11,2.972973,959,65.729952,816,67.382329,3,0.500000
184,12,3.243243,969,66.415353,818,67.547481,3,0.500000
70,13,3.513514,970,66.483893,818,67.547481,3,0.500000
46,14,3.783784,970,66.483893,818,67.547481,3,0.500000
63,15,4.054054,970,66.483893,818,67.547481,3,0.500000
210,16,4.324324,971,66.552433,820,67.712634,3,0.500000
13,17,4.594595,979,67.100754,820,67.712634,3,0.500000
198,18,4.864865,984,67.443454,822,67.877787,3,0.500000
334,19,5.135135,989,67.786155,828,68.373245,3,0.500000
59,20,5.405405,989,67.786155,828,68.373245,3,0.500000
288,21,5.675676,991,67.923235,830,68.538398,3,0.500000
246,22,5.945946,992,67.991775,832,68.703551,3,0.500000
263,23,6.216216,992,67.991775,832,68.703551,3,0.500000
299,24,6.486486,992,67.991775,832,68.703551,3,0.500000
187,25,6.756757,992,67.991775,834,68.868704,3,0.500000
261,26,7.027027,992,67.991775,834,68.868704,3,0.500000
293,27,7.297297,992,67.991775,834,68.868704,3,0.500000
322,28,7.567568,992,67.991775,834,68.868704,3,0.500000
217,29,7.837838,1000,68.540096,834,68.868704,3,0.500000
250,30,8.108108,1017,69.705278,834,68.868704,3,0.500000
147,31,8.378378,1017,69.705278,834,68.868704,3,0.500000
290,32,8.648649,1017,69.705278,834,68.868704,3,0.500000
208,33,8.918919,1017,69.705278,834,68.868704,3,0.500000
158,34,9.189189,1020,69.910898,836,69.033856,4,0.666667
301,35,9.459459,1024,70.185058,838,69.199009,4,0.666667
326,36,9.729730,1024,70.185058,840,69.364162,4,0.666667
110,37,10.000000,1028,70.459219,844,69.694467,4,0.666667
193,38,10.270270,1028,70.459219,844,69.694467,4,0.666667
58,39,10.540541,1028,70.459219,844,69.694467,4,0.666667
100,40,10.810811,1028,70.459219,844,69.694467,4,0.666667
262,41,11.081081,1028,70.459219,844,69.694467,4,0.666667
