TestcaseNumber,TestcaseCount,TestcaseRatio,StatementCount,StatementRatio,BranchCount,BranchRatio,FaultCount,FaultRatio
300,1,0.270270,698,47.840987,596,49.215524,1,0.166667
23,2,0.540541,722,49.485949,598,49.380677,1,0.166667
349,3,0.810811,770,52.775874,626,51.692816,2,0.333333
298,4,1.081081,776,53.187114,630,52.023121,2,0.333333
170,5,1.351351,856,58.670322,700,57.803468,2,0.333333
155,6,1.621622,937,64.222070,796,65.730801,4,0.666667
216,7,1.891892,943,64.633310,798,65.895954,4,0.666667
250,8,2.162162,960,65.798492,798,65.895954,4,0.666667
185,9,2.432432,982,67.306374,802,66.226259,4,0.666667
356,10,2.702703,986,67.580535,804,66.391412,4,0.666667
355,11,2.972973,993,68.060315,806,66.556565,4,0.666667
172,12,3.243243,993,68.060315,806,66.556565,4,0.666667
102,13,3.513514,993,68.060315,806,66.556565,4,0.666667
264,14,3.783784,993,68.060315,806,66.556565,4,0.666667
128,15,4.054054,1017,69.705278,828,68.373245,4,0.666667
245,16,4.324324,1017,69.705278,828,68.373245,4,0.666667
307,17,4.594595,1017,69.705278,830,68.538398,4,0.666667
181,18,4.864865,1017,69.705278,830,68.538398,4,0.666667
137,19,5.135135,1018,69.773818,832,68.703551,4,0.666667
14,20,5.405405,1026,70.322138,832,68.703551,4,0.666667
174,21,5.675676,1026,70.322138,832,68.703551,4,0.666667
4,22,5.945946,1037,71.076080,836,69.033856,5,0.833333
260,23,6.216216,1037,71.076080,836,69.033856,5,0.833333
352,24,6.486486,1037,71.076080,836,69.033856,5,0.833333
19,25,6.756757,1037,71.076080,836,69.033856,5,0.833333
