TestcaseNumber,TestcaseCount,TestcaseRatio,StatementCount,StatementRatio,BranchCount,BranchRatio,FaultCount,FaultRatio
29,1,0.270270,363,24.880055,323,26.672172,1,0.166667
168,2,0.540541,772,52.912954,660,54.500413,2,0.333333
20,3,0.810811,797,54.626456,662,54.665566,2,0.333333
81,4,1.081081,845,57.916381,688,56.812552,2,0.333333
231,5,1.351351,870,59.629883,708,58.464079,2,0.333333
305,6,1.621622,895,61.343386,714,58.959538,2,0.333333
323,7,1.891892,939,64.359150,756,62.427746,2,0.333333
93,8,2.162162,966,66.209733,780,64.409579,3,0.500000
222,9,2.432432,976,66.895134,784,64.739884,3,0.500000
69,10,2.702703,978,67.032214,784,64.739884,3,0.500000
251,11,2.972973,982,67.306374,790,65.235343,3,0.500000
111,12,3.243243,986,67.580535,796,65.730801,3,0.500000
253,13,3.513514,986,67.580535,796,65.730801,4,0.666667
74,14,3.783784,986,67.580535,796,65.730801,4,0.666667
286,15,4.054054,989,67.786155,796,65.730801,4,0.666667
343,16,4.324324,990,67.854695,798,65.895954,4,0.666667
50,17,4.594595,990,67.854695,798,65.895954,4,0.666667
154,18,4.864865,1028,70.459219,856,70.685384,4,0.666667
313,19,5.135135,1054,72.241261,872,72.006606,4,0.666667
300,20,5.405405,1058,72.515422,874,72.171759,4,0.666667
176,21,5.675676,1058,72.515422,874,72.171759,4,0.666667
31,22,5.945946,1064,72.926662,874,72.171759,4,0.666667
297,23,6.216216,1072,73.474983,884,72.997523,4,0.666667
295,24,6.486486,1072,73.474983,884,72.997523,4,0.666667
191,25,6.756757,1075,73.680603,884,72.997523,4,0.666667
32,26,7.027027,1077,73.817683,886,73.162675,4,0.666667
352,27,7.297297,1077,73.817683,886,73.162675,4,0.666667
57,28,7.567568,1077,73.817683,886,73.162675,4,0.666667
128,29,7.837838,1077,73.817683,886,73.162675,4,0.666667
10,30,8.108108,1085,74.366004,888,73.327828,5,0.833333
17,31,8.378378,1087,74.503084,888,73.327828,5,0.833333
99,32,8.648649,1087,74.503084,888,73.327828,5,0.833333
272,33,8.918919,1087,74.503084,888,73.327828,5,0.833333
163,34,9.189189,1094,74.982865,890,73.492981,5,0.833333
365,35,9.459459,1101,75.462646,890,73.492981,5,0.833333
