TestcaseNumber,TestcaseCount,TestcaseRatio,StatementCount,StatementRatio,BranchCount,BranchRatio,FaultCount,FaultRatio
192,1,0.270270,649,44.482522,539,44.508671,2,0.333333
88,2,0.540541,715,49.006169,612,50.536746,2,0.333333
49,3,0.810811,797,54.626456,704,58.133774,4,0.666667
346,4,1.081081,822,56.339959,718,59.289843,4,0.666667
347,5,1.351351,825,56.545579,722,59.620149,4,0.666667
99,6,1.621622,862,59.081563,738,60.941371,4,0.666667
18,7,1.891892,874,59.904044,746,61.601982,4,0.666667
316,8,2.162162,882,60.452365,750,61.932287,4,0.666667
309,9,2.432432,944,64.701851,808,66.721718,4,0.666667
170,10,2.702703,946,64.838931,810,66.886870,4,0.666667
20,11,2.972973,971,66.552433,812,67.052023,4,0.666667
243,12,3.243243,971,66.552433,812,67.052023,4,0.666667
74,13,3.513514,971,66.552433,812,67.052023,4,0.666667
365,14,3.783784,978,67.032214,812,67.052023,4,0.666667
224,15,4.054054,987,67.649075,812,67.052023,4,0.666667
34,16,4.324324,989,67.786155,812,67.052023,4,0.666667
134,17,4.594595,990,67.854695,812,67.052023,4,0.666667
281,18,4.864865,990,67.854695,812,67.052023,4,0.666667
66,19,5.135135,990,67.854695,812,67.052023,4,0.666667
310,20,5.405405,990,67.854695,812,67.052023,4,0.666667
83,21,5.675676,990,67.854695,812,67.052023,4,0.666667
330,22,5.945946,991,67.923235,812,67.052023,4,0.666667
43,23,6.216216,997,68.334476,812,67.052023,4,0.666667
343,24,6.486486,997,68.334476,812,67.052023,4,0.666667
213,25,6.756757,997,68.334476,818,67.547481,4,0.666667
334,26,7.027027,997,68.334476,818,67.547481,4,0.666667
