TestcaseNumber,TestcaseCount,TestcaseRatio,StatementCount,StatementRatio,BranchCount,BranchRatio,FaultCount,FaultRatio
149,1,0.270270,845,57.916381,744,61.436829,2,0.333333
165,2,0.540541,873,59.835504,766,63.253509,3,0.500000
274,3,0.810811,884,60.589445,776,64.079273,3,0.500000
113,4,1.081081,885,60.657985,778,64.244426,3,0.500000
348,5,1.351351,931,63.810829,806,66.556565,3,0.500000
332,6,1.621622,942,64.564770,812,67.052023,3,0.500000
55,7,1.891892,947,64.907471,816,67.382329,3,0.500000
340,8,2.162162,947,64.907471,816,67.382329,3,0.500000
151,9,2.432432,947,64.907471,816,67.382329,3,0.500000
218,10,2.702703,947,64.907471,816,67.382329,3,0.500000
177,11,2.972973,952,65.250171,818,67.547481,3,0.500000
279,12,3.243243,961,65.867032,818,67.547481,3,0.500000
83,13,3.513514,964,66.072653,818,67.547481,3,0.500000
96,14,3.783784,976,66.895134,824,68.042940,3,0.500000
258,15,4.054054,990,67.854695,836,69.033856,3,0.500000
3,16,4.324324,994,68.128855,836,69.033856,3,0.500000
85,17,4.594595,998,68.403016,838,69.199009,4,0.666667
315,18,4.864865,998,68.403016,838,69.199009,4,0.666667
338,19,5.135135,998,68.403016,838,69.199009,4,0.666667
354,20,5.405405,1005,68.882796,840,69.364162,4,0.666667
133,21,5.675676,1007,69.019877,842,69.529315,4,0.666667
15,22,5.945946,1027,70.390679,842,69.529315,4,0.666667
34,23,6.216216,1029,70.527759,842,69.529315,4,0.666667
