TestcaseNumber,TestcaseCount,TestcaseRatio,StatementCount,StatementRatio,BranchCount,BranchRatio,FaultCount,FaultRatio
288,1,0.270270,716,49.074709,567,46.820809,1,0.166667
344,2,0.540541,759,52.021933,615,50.784476,1,0.166667
257,3,0.810811,822,56.339959,686,56.647399,2,0.333333
82,4,1.081081,838,57.436600,704,58.133774,2,0.333333
183,5,1.351351,847,58.053461,704,58.133774,2,0.333333
266,6,1.621622,852,58.396162,708,58.464079,2,0.333333
307,7,1.891892,895,61.343386,768,63.418662,2,0.333333
285,8,2.162162,907,62.165867,770,63.583815,2,0.333333
78,9,2.432432,907,62.165867,770,63.583815,2,0.333333
76,10,2.702703,910,62.371487,770,63.583815,2,0.333333
180,11,2.972973,910,62.371487,770,63.583815,2,0.333333
12,12,3.243243,927,63.536669,770,63.583815,2,0.333333
289,13,3.513514,927,63.536669,770,63.583815,2,0.333333
253,14,3.783784,927,63.536669,770,63.583815,2,0.333333
229,15,4.054054,937,64.222070,778,64.244426,2,0.333333
28,16,4.324324,969,66.415353,792,65.400495,2,0.333333
49,17,4.594595,972,66.620973,802,66.226259,3,0.500000
50,18,4.864865,972,66.620973,802,66.226259,3,0.500000
277,19,5.135135,1005,68.882796,822,67.877787,3,0.500000
314,20,5.405405,1030,70.596299,844,69.694467,3,0.500000
112,21,5.675676,1030,70.596299,846,69.859620,3,0.500000
308,22,5.945946,1030,70.596299,846,69.859620,3,0.500000
208,23,6.216216,1034,70.870459,848,70.024773,3,0.500000
22,24,6.486486,1051,72.035641,850,70.189926,3,0.500000
168,25,6.756757,1068,73.200822,862,71.180842,3,0.500000
244,26,7.027027,1068,73.200822,862,71.180842,3,0.500000
252,27,7.297297,1068,73.200822,862,71.180842,3,0.500000
127,28,7.567568,1068,73.200822,862,71.180842,3,0.500000
51,29,7.837838,1083,74.228924,880,72.667217,3,0.500000
40,30,8.108108,1083,74.228924,880,72.667217,3,0.500000
196,31,8.378378,1083,74.228924,880,72.667217,3,0.500000
161,32,8.648649,1083,74.228924,880,72.667217,3,0.500000
235,33,8.918919,1083,74.228924,880,72.667217,3,0.500000
54,34,9.189189,1083,74.228924,880,72.667217,3,0.500000
11,35,9.459459,1094,74.982865,884,72.997523,4,0.666667
43,36,9.729730,1094,74.982865,884,72.997523,4,0.666667
147,37,10.000000,1094,74.982865,884,72.997523,4,0.666667
323,38,10.270270,1094,74.982865,884,72.997523,4,0.666667
151,39,10.540541,1094,74.982865,886,73.162675,4,0.666667
291,40,10.810811,1094,74.982865,886,73.162675,4,0.666667
