TestcaseNumber,TestcaseCount,TestcaseRatio,StatementCount,StatementRatio,BranchCount,BranchRatio,FaultCount,FaultRatio
120,1,0.270270,703,48.183687,589,48.637490,1,0.166667
363,2,0.540541,710,48.663468,589,48.637490,1,0.166667
80,3,0.810811,740,50.719671,626,51.692816,1,0.166667
329,4,1.081081,744,50.993831,628,51.857969,2,0.333333
55,5,1.351351,783,53.666895,650,53.674649,2,0.333333
307,6,1.621622,873,59.835504,754,62.262593,2,0.333333
352,7,1.891892,921,63.125428,778,64.244426,2,0.333333
66,8,2.162162,929,63.673749,782,64.574732,3,0.500000
273,9,2.432432,937,64.222070,782,64.574732,3,0.500000
206,10,2.702703,943,64.633310,790,65.235343,3,0.500000
184,11,2.972973,956,65.524332,800,66.061107,3,0.500000
76,12,3.243243,956,65.524332,800,66.061107,3,0.500000
42,13,3.513514,956,65.524332,800,66.061107,3,0.500000
92,14,3.783784,980,67.169294,822,67.877787,3,0.500000
365,15,4.054054,980,67.169294,822,67.877787,3,0.500000
268,16,4.324324,981,67.237834,824,68.042940,3,0.500000
48,17,4.594595,981,67.237834,824,68.042940,3,0.500000
124,18,4.864865,985,67.511995,824,68.042940,3,0.500000
272,19,5.135135,985,67.511995,824,68.042940,3,0.500000
234,20,5.405405,986,67.580535,824,68.042940,3,0.500000
334,21,5.675676,989,67.786155,828,68.373245,3,0.500000
281,22,5.945946,989,67.786155,828,68.373245,3,0.500000
86,23,6.216216,989,67.786155,828,68.373245,3,0.500000
346,24,6.486486,990,67.854695,830,68.538398,3,0.500000
111,25,6.756757,990,67.854695,832,68.703551,3,0.500000
205,26,7.027027,990,67.854695,832,68.703551,3,0.500000
208,27,7.297297,992,67.991775,832,68.703551,3,0.500000
314,28,7.567568,992,67.991775,832,68.703551,4,0.666667
172,29,7.837838,996,68.265936,834,68.868704,4,0.666667
353,30,8.108108,996,68.265936,834,68.868704,4,0.666667
114,31,8.378378,996,68.265936,836,69.033856,4,0.666667
294,32,8.648649,996,68.265936,836,69.033856,4,0.666667
269,33,8.918919,996,68.265936,836,69.033856,4,0.666667
