TestcaseNumber,TestcaseCount,TestcaseRatio,StatementCount,StatementRatio,BranchCount,BranchRatio,FaultCount,FaultRatio
79,1,0.270270,620,42.494859,547,45.169282,0,0.000000
136,2,0.540541,700,47.978067,594,49.050372,2,0.333333
240,3,0.810811,712,48.800548,600,49.545830,2,0.333333
144,4,1.081081,789,54.078136,656,54.170107,2,0.333333
18,5,1.351351,795,54.489376,662,54.665566,2,0.333333
172,6,1.621622,809,55.448938,668,55.161024,2,0.333333
334,7,1.891892,847,58.053461,696,57.473163,2,0.333333
73,8,2.162162,847,58.053461,696,57.473163,2,0.333333
261,9,2.432432,898,61.549006,738,60.941371,2,0.333333
323,10,2.702703,898,61.549006,738,60.941371,2,0.333333
330,11,2.972973,964,66.072653,812,67.052023,2,0.333333
230,12,3.243243,979,67.100754,822,67.877787,2,0.333333
105,13,3.513514,984,67.443454,824,68.042940,2,0.333333
81,14,3.783784,987,67.649075,824,68.042940,2,0.333333
155,15,4.054054,998,68.403016,842,69.529315,3,0.500000
107,16,4.324324,998,68.403016,842,69.529315,3,0.500000
45,17,4.594595,999,68.471556,844,69.694467,3,0.500000
57,18,4.864865,999,68.471556,844,69.694467,3,0.500000
304,19,5.135135,999,68.471556,844,69.694467,3,0.500000
114,20,5.405405,999,68.471556,844,69.694467,3,0.500000
78,21,5.675676,999,68.471556,844,69.694467,3,0.500000
200,22,5.945946,1040,71.281700,910,75.144509,3,0.500000
179,23,6.216216,1040,71.281700,910,75.144509,3,0.500000
87,24,6.486486,1040,71.281700,910,75.144509,3,0.500000
354,25,6.756757,1040,71.281700,910,75.144509,3,0.500000
72,26,7.027027,1040,71.281700,910,75.144509,3,0.500000
195,27,7.297297,1043,71.487320,912,75.309661,4,0.666667
9,28,7.567568,1043,71.487320,912,75.309661,4,0.666667
96,29,7.837838,1043,71.487320,912,75.309661,4,0.666667
149,30,8.108108,1043,71.487320,914,75.474814,4,0.666667
35,31,8.378378,1064,72.926662,918,75.805120,4,0.666667
329,32,8.648649,1064,72.926662,918,75.805120,4,0.666667
117,33,8.918919,1064,72.926662,918,75.805120,4,0.666667
147,34,9.189189,1064,72.926662,918,75.805120,4,0.666667
218,35,9.459459,1064,72.926662,918,75.805120,4,0.666667
192,36,9.729730,1064,72.926662,918,75.805120,4,0.666667
188,37,10.000000,1064,72.926662,918,75.805120,4,0.666667
350,38,10.270270,1064,72.926662,918,75.805120,4,0.666667
