TestcaseNumber,TestcaseCount,TestcaseRatio,StatementCount,StatementRatio,BranchCount,BranchRatio,FaultCount,FaultRatio
24,1,0.270270,551,37.765593,446,36.829067,0,0.000000
188,2,0.540541,836,57.299520,736,60.776218,3,0.500000
16,3,0.810811,836,57.299520,736,60.776218,3,0.500000
52,4,1.081081,861,59.013023,748,61.767135,3,0.500000
138,5,1.351351,869,59.561343,754,62.262593,3,0.500000
239,6,1.621622,897,61.480466,778,64.244426,3,0.500000
356,7,1.891892,919,62.988348,786,64.905037,3,0.500000
146,8,2.162162,920,63.056888,786,64.905037,3,0.500000
12,9,2.432432,937,64.222070,786,64.905037,3,0.500000
357,10,2.702703,937,64.222070,788,65.070190,3,0.500000
113,11,2.972973,937,64.222070,788,65.070190,3,0.500000
306,12,3.243243,937,64.222070,790,65.235343,3,0.500000
182,13,3.513514,937,64.222070,790,65.235343,3,0.500000
291,14,3.783784,941,64.496230,796,65.730801,3,0.500000
312,15,4.054054,949,65.044551,804,66.391412,3,0.500000
368,16,4.324324,956,65.524332,804,66.391412,3,0.500000
221,17,4.594595,988,67.717615,822,67.877787,3,0.500000
90,18,4.864865,994,68.128855,824,68.042940,3,0.500000
261,19,5.135135,1000,68.540096,830,68.538398,3,0.500000
202,20,5.405405,1041,71.350240,896,73.988439,3,0.500000
256,21,5.675676,1046,71.692940,898,74.153592,3,0.500000
285,22,5.945946,1054,72.241261,898,74.153592,3,0.500000
36,23,6.216216,1057,72.446881,898,74.153592,3,0.500000
39,24,6.486486,1057,72.446881,898,74.153592,3,0.500000
153,25,6.756757,1057,72.446881,898,74.153592,3,0.500000
329,26,7.027027,1061,72.721042,900,74.318745,4,0.666667
271,27,7.297297,1062,72.789582,900,74.318745,4,0.666667
209,28,7.567568,1066,73.063742,904,74.649050,4,0.666667
104,29,7.837838,1066,73.063742,904,74.649050,4,0.666667
270,30,8.108108,1066,73.063742,904,74.649050,4,0.666667
229,31,8.378378,1066,73.063742,904,74.649050,4,0.666667
181,32,8.648649,1066,73.063742,904,74.649050,4,0.666667
309,33,8.918919,1066,73.063742,904,74.649050,4,0.666667
136,34,9.189189,1066,73.063742,904,74.649050,4,0.666667
278,35,9.459459,1066,73.063742,904,74.649050,4,0.666667
184,36,9.729730,1066,73.063742,904,74.649050,4,0.666667
288,37,10.000000,1066,73.063742,904,74.649050,4,0.666667
