TestcaseNumber,TestcaseCount,TestcaseRatio,StatementCount,StatementRatio,BranchCount,BranchRatio,FaultCount,FaultRatio
130,1,0.270270,742,50.856751,667,55.078448,2,0.333333
305,2,0.540541,830,56.888280,740,61.106524,2,0.333333
76,3,0.810811,883,60.520905,768,63.418662,2,0.333333
246,4,1.081081,885,60.657985,770,63.583815,2,0.333333
300,5,1.351351,891,61.069225,774,63.914121,2,0.333333
266,6,1.621622,897,61.480466,774,63.914121,2,0.333333
141,7,1.891892,910,62.371487,788,65.070190,2,0.333333
137,8,2.162162,919,62.988348,794,65.565648,3,0.500000
334,9,2.432432,935,64.084990,806,66.556565,3,0.500000
184,10,2.702703,947,64.907471,812,67.052023,3,0.500000
124,11,2.972973,971,66.552433,828,68.373245,3,0.500000
105,12,3.243243,971,66.552433,828,68.373245,3,0.500000
44,13,3.513514,975,66.826594,830,68.538398,3,0.500000
317,14,3.783784,975,66.826594,830,68.538398,3,0.500000
152,15,4.054054,975,66.826594,832,68.703551,3,0.500000
24,16,4.324324,986,67.580535,832,68.703551,3,0.500000
102,17,4.594595,986,67.580535,832,68.703551,3,0.500000
197,18,4.864865,988,67.717615,832,68.703551,3,0.500000
121,19,5.135135,994,68.128855,834,68.868704,3,0.500000
193,20,5.405405,997,68.334476,836,69.033856,4,0.666667
255,21,5.675676,997,68.334476,836,69.033856,4,0.666667
344,22,5.945946,998,68.403016,836,69.033856,4,0.666667
292,23,6.216216,998,68.403016,836,69.033856,4,0.666667
220,24,6.486486,1011,69.294037,848,70.024773,4,0.666667
156,25,6.756757,1011,69.294037,848,70.024773,4,0.666667
270,26,7.027027,1011,69.294037,848,70.024773,4,0.666667
301,27,7.297297,1011,69.294037,848,70.024773,4,0.666667
161,28,7.567568,1011,69.294037,848,70.024773,4,0.666667
284,29,7.837838,1011,69.294037,848,70.024773,4,0.666667
42,30,8.108108,1011,69.294037,848,70.024773,4,0.666667
40,31,8.378378,1011,69.294037,848,70.024773,4,0.666667
85,32,8.648649,1011,69.294037,848,70.024773,4,0.666667
291,33,8.918919,1011,69.294037,848,70.024773,4,0.666667
5,34,9.189189,1028,70.459219,848,70.024773,4,0.666667
282,35,9.459459,1028,70.459219,848,70.024773,4,0.666667
