TestcaseNumber,TestcaseCount,TestcaseRatio,StatementCount,StatementRatio,BranchCount,BranchRatio,FaultCount,FaultRatio
30,1,0.270270,384,26.319397,337,27.828241,2,0.333333
24,2,0.540541,693,47.498286,594,49.050372,2,0.333333
173,3,0.810811,832,57.025360,698,57.638315,3,0.500000
64,4,1.081081,832,57.025360,698,57.638315,4,0.666667
18,5,1.351351,833,57.093900,702,57.968621,4,0.666667
298,6,1.621622,842,57.710761,704,58.133774,4,0.666667
254,7,1.891892,875,59.972584,728,60.115607,4,0.666667
329,8,2.162162,884,60.589445,732,60.445912,5,0.833333
223,9,2.432432,920,63.056888,754,62.262593,5,0.833333
278,10,2.702703,977,66.963674,798,65.895954,5,0.833333
175,11,2.972973,977,66.963674,798,65.895954,5,0.833333
33,12,3.243243,998,68.403016,802,66.226259,5,0.833333
318,13,3.513514,998,68.403016,802,66.226259,5,0.833333
194,14,3.783784,998,68.403016,802,66.226259,5,0.833333
183,15,4.054054,998,68.403016,802,66.226259,5,0.833333
110,16,4.324324,1002,68.677176,806,66.556565,5,0.833333
168,17,4.594595,1017,69.705278,814,67.217176,5,0.833333
270,18,4.864865,1017,69.705278,814,67.217176,5,0.833333
290,19,5.135135,1017,69.705278,814,67.217176,5,0.833333
261,20,5.405405,1017,69.705278,814,67.217176,5,0.833333
122,21,5.675676,1017,69.705278,814,67.217176,5,0.833333
176,22,5.945946,1021,69.979438,816,67.382329,5,0.833333
292,23,6.216216,1021,69.979438,816,67.382329,5,0.833333
72,24,6.486486,1021,69.979438,816,67.382329,5,0.833333
220,25,6.756757,1021,69.979438,816,67.382329,5,0.833333
9,26,7.027027,1021,69.979438,816,67.382329,5,0.833333
324,27,7.297297,1066,73.063742,880,72.667217,5,0.833333
228,28,7.567568,1066,73.063742,880,72.667217,5,0.833333
301,29,7.837838,1070,73.337903,882,72.832370,5,0.833333
