TestcaseNumber,TestcaseCount,TestcaseRatio,StatementCount,StatementRatio,BranchCount,BranchRatio,FaultCount,FaultRatio
6,1,0.270270,580,39.753256,501,41.370768,0,0.000000
75,2,0.540541,667,45.716244,592,48.885219,1,0.166667
175,3,0.810811,725,49.691570,624,51.527663,2,0.333333
311,4,1.081081,760,52.090473,646,53.344344,3,0.500000
267,5,1.351351,782,53.598355,656,54.170107,3,0.500000
129,6,1.621622,882,60.452365,770,63.583815,4,0.666667
169,7,1.891892,916,62.782728,792,65.400495,4,0.666667
68,8,2.162162,922,63.193968,792,65.400495,4,0.666667
53,9,2.432432,943,64.633310,808,66.721718,4,0.666667
291,10,2.702703,949,65.044551,816,67.382329,4,0.666667
241,11,2.972973,949,65.044551,816,67.382329,4,0.666667
305,12,3.243243,950,65.113091,816,67.382329,4,0.666667
244,13,3.513514,950,65.113091,816,67.382329,4,0.666667
288,14,3.783784,963,66.004112,822,67.877787,4,0.666667
269,15,4.054054,963,66.004112,822,67.877787,4,0.666667
368,16,4.324324,970,66.483893,822,67.877787,4,0.666667
35,17,4.594595,991,67.923235,826,68.208092,4,0.666667
65,18,4.864865,991,67.923235,826,68.208092,4,0.666667
144,19,5.135135,991,67.923235,826,68.208092,4,0.666667
21,20,5.405405,1003,68.745716,828,68.373245,4,0.666667
330,21,5.675676,1014,69.499657,830,68.538398,4,0.666667
256,22,5.945946,1014,69.499657,830,68.538398,4,0.666667
357,23,6.216216,1014,69.499657,830,68.538398,4,0.666667
162,24,6.486486,1014,69.499657,830,68.538398,4,0.666667
336,25,6.756757,1014,69.499657,830,68.538398,4,0.666667
