TestcaseNumber,TestcaseCount,TestcaseRatio,StatementCount,StatementRatio,BranchCount,BranchRatio,FaultCount,FaultRatio
25,1,0.270270,545,37.354352,446,36.829067,0,0.000000
41,2,0.540541,634,43.454421,543,44.838976,0,0.000000
288,3,0.810811,798,54.694997,660,54.500413,1,0.166667
109,4,1.081081,807,55.311857,670,55.326177,2,0.333333
203,5,1.351351,832,57.025360,694,57.308010,2,0.333333
1,6,1.621622,855,58.601782,698,57.638315,3,0.500000
69,7,1.891892,860,58.944483,700,57.803468,3,0.500000
100,8,2.162162,863,59.150103,700,57.803468,3,0.500000
359,9,2.432432,863,59.150103,700,57.803468,3,0.500000
232,10,2.702703,892,61.137766,720,59.454996,3,0.500000
201,11,2.972973,892,61.137766,720,59.454996,3,0.500000
88,12,3.243243,898,61.549006,722,59.620149,3,0.500000
282,13,3.513514,898,61.549006,722,59.620149,3,0.500000
209,14,3.783784,903,61.891707,722,59.620149,3,0.500000
298,15,4.054054,909,62.302947,726,59.950454,3,0.500000
316,16,4.324324,951,65.181631,758,62.592898,3,0.500000
185,17,4.594595,1013,69.431117,832,68.703551,4,0.666667
182,18,4.864865,1014,69.499657,832,68.703551,4,0.666667
155,19,5.135135,1014,69.499657,834,68.868704,4,0.666667
17,20,5.405405,1018,69.773818,834,68.868704,4,0.666667
21,21,5.675676,1021,69.979438,834,68.868704,4,0.666667
370,22,5.945946,1021,69.979438,834,68.868704,4,0.666667
306,23,6.216216,1021,69.979438,836,69.033856,4,0.666667
91,24,6.486486,1026,70.322138,840,69.364162,4,0.666667
239,25,6.756757,1026,70.322138,840,69.364162,4,0.666667
130,26,7.027027,1026,70.322138,840,69.364162,4,0.666667
19,27,7.297297,1026,70.322138,840,69.364162,4,0.666667
2,28,7.567568,1030,70.596299,840,69.364162,4,0.666667
206,29,7.837838,1030,70.596299,840,69.364162,4,0.666667
139,30,8.108108,1030,70.596299,840,69.364162,4,0.666667
