TestcaseNumber,TestcaseCount,TestcaseRatio,StatementCount,StatementRatio,BranchCount,BranchRatio,FaultCount,FaultRatio
192,1,0.270270,649,44.482522,539,44.508671,2,0.333333
16,2,0.540541,649,44.482522,539,44.508671,2,0.333333
269,3,0.810811,663,45.442084,545,45.004129,2,0.333333
206,4,1.081081,725,49.691570,610,50.371594,2,0.333333
358,5,1.351351,725,49.691570,610,50.371594,2,0.333333
45,6,1.621622,752,51.542152,620,51.197358,2,0.333333
259,7,1.891892,800,54.832077,656,54.170107,2,0.333333
196,8,2.162162,926,63.468129,788,65.070190,2,0.333333
119,9,2.432432,929,63.673749,800,66.061107,3,0.500000
294,10,2.702703,929,63.673749,800,66.061107,3,0.500000
364,11,2.972973,936,64.153530,800,66.061107,3,0.500000
238,12,3.243243,964,66.072653,826,68.208092,3,0.500000
166,13,3.513514,973,66.689513,832,68.703551,3,0.500000
91,14,3.783784,981,67.237834,832,68.703551,3,0.500000
34,15,4.054054,1001,68.608636,832,68.703551,3,0.500000
133,16,4.324324,1001,68.608636,832,68.703551,3,0.500000
172,17,4.594595,1012,69.362577,836,69.033856,3,0.500000
260,18,4.864865,1016,69.636737,840,69.364162,3,0.500000
317,19,5.135135,1019,69.842358,844,69.694467,3,0.500000
127,20,5.405405,1027,70.390679,850,70.189926,3,0.500000
197,21,5.675676,1027,70.390679,850,70.189926,3,0.500000
161,22,5.945946,1027,70.390679,850,70.189926,3,0.500000
370,23,6.216216,1027,70.390679,850,70.189926,3,0.500000
96,24,6.486486,1027,70.390679,850,70.189926,3,0.500000
212,25,6.756757,1029,70.527759,858,70.850537,4,0.666667
353,26,7.027027,1029,70.527759,858,70.850537,4,0.666667
293,27,7.297297,1029,70.527759,858,70.850537,4,0.666667
