TestcaseNumber,TestcaseCount,TestcaseRatio,StatementCount,StatementRatio,BranchCount,BranchRatio,FaultCount,FaultRatio
244,1,0.270270,307,21.041809,251,20.726672,0,0.000000
23,2,0.540541,598,40.986977,480,39.636664,0,0.000000
262,3,0.810811,673,46.127485,563,46.490504,1,0.166667
134,4,1.081081,779,53.392735,636,52.518580,1,0.166667
54,5,1.351351,797,54.626456,644,53.179191,1,0.166667
331,6,1.621622,887,60.795065,738,60.941371,1,0.166667
242,7,1.891892,899,61.617546,750,61.932287,2,0.333333
322,8,2.162162,901,61.754626,752,62.097440,2,0.333333
284,9,2.432432,901,61.754626,752,62.097440,2,0.333333
132,10,2.702703,901,61.754626,752,62.097440,2,0.333333
60,11,2.972973,907,62.165867,758,62.592898,2,0.333333
76,12,3.243243,938,64.290610,778,64.244426,2,0.333333
127,13,3.513514,946,64.838931,784,64.739884,2,0.333333
2,14,3.783784,950,65.113091,784,64.739884,2,0.333333
247,15,4.054054,951,65.181631,784,64.739884,2,0.333333
63,16,4.324324,951,65.181631,784,64.739884,2,0.333333
216,17,4.594595,951,65.181631,784,64.739884,2,0.333333
18,18,4.864865,955,65.455792,788,65.070190,2,0.333333
32,19,5.135135,976,66.895134,790,65.235343,2,0.333333
99,20,5.405405,984,67.443454,790,65.235343,2,0.333333
87,21,5.675676,990,67.854695,792,65.400495,2,0.333333
341,22,5.945946,990,67.854695,792,65.400495,2,0.333333
139,23,6.216216,991,67.923235,794,65.565648,2,0.333333
168,24,6.486486,995,68.197395,798,65.895954,2,0.333333
286,25,6.756757,995,68.197395,798,65.895954,2,0.333333
353,26,7.027027,995,68.197395,798,65.895954,2,0.333333
146,27,7.297297,995,68.197395,798,65.895954,2,0.333333
363,28,7.567568,1002,68.677176,798,65.895954,2,0.333333
347,29,7.837838,1006,68.951337,804,66.391412,2,0.333333
253,30,8.108108,1006,68.951337,804,66.391412,2,0.333333
316,31,8.378378,1006,68.951337,804,66.391412,2,0.333333
110,32,8.648649,1010,69.225497,808,66.721718,2,0.333333
340,33,8.918919,1010,69.225497,808,66.721718,2,0.333333
260,34,9.189189,1037,71.076080,832,68.703551,2,0.333333
261,35,9.459459,1037,71.076080,832,68.703551,2,0.333333
335,36,9.729730,1037,71.076080,832,68.703551,2,0.333333
