TestcaseNumber,TestcaseCount,TestcaseRatio,StatementCount,StatementRatio,BranchCount,BranchRatio,FaultCount,FaultRatio
269,1,0.270270,293,20.082248,227,18.744839,0,0.000000
307,2,0.540541,767,52.570254,653,53.922378,1,0.166667
183,3,0.810811,776,53.187114,663,54.748142,1,0.166667
63,4,1.081081,820,56.202879,722,59.620149,1,0.166667
158,5,1.351351,852,58.396162,744,61.436829,2,0.333333
173,6,1.621622,869,59.561343,750,61.932287,2,0.333333
62,7,1.891892,873,59.835504,754,62.262593,2,0.333333
237,8,2.162162,900,61.686086,776,64.079273,2,0.333333
282,9,2.432432,900,61.686086,776,64.079273,3,0.500000
13,10,2.702703,908,62.234407,776,64.079273,3,0.500000
206,11,2.972973,914,62.645648,784,64.739884,3,0.500000
218,12,3.243243,920,63.056888,786,64.905037,3,0.500000
141,13,3.513514,951,65.181631,806,66.556565,3,0.500000
2,14,3.783784,955,65.455792,806,66.556565,3,0.500000
35,15,4.054054,976,66.895134,810,66.886870,3,0.500000
367,16,4.324324,983,67.374914,810,66.886870,3,0.500000
362,17,4.594595,1040,71.281700,896,73.988439,3,0.500000
227,18,4.864865,1047,71.761480,898,74.153592,3,0.500000
209,19,5.135135,1047,71.761480,898,74.153592,3,0.500000
325,20,5.405405,1055,72.309801,898,74.153592,3,0.500000
20,21,5.675676,1061,72.721042,898,74.153592,3,0.500000
238,22,5.945946,1061,72.721042,898,74.153592,3,0.500000
296,23,6.216216,1061,72.721042,900,74.318745,3,0.500000
66,24,6.486486,1061,72.721042,900,74.318745,3,0.500000
193,25,6.756757,1061,72.721042,900,74.318745,3,0.500000
248,26,7.027027,1061,72.721042,900,74.318745,3,0.500000
226,27,7.297297,1062,72.789582,900,74.318745,3,0.500000
