TestcaseNumber,TestcaseCount,TestcaseRatio,StatementCount,StatementRatio,BranchCount,BranchRatio,FaultCount,FaultRatio
120,1,0.270270,703,48.183687,589,48.637490,1,0.166667
86,2,0.540541,703,48.183687,589,48.637490,1,0.166667
370,3,0.810811,703,48.183687,589,48.637490,1,0.166667
77,4,1.081081,764,52.364633,634,52.353427,1,0.166667
153,5,1.351351,867,59.424263,752,62.097440,3,0.500000
292,6,1.621622,868,59.492803,752,62.097440,3,0.500000
322,7,1.891892,872,59.766964,752,62.097440,3,0.500000
178,8,2.162162,881,60.383825,758,62.592898,3,0.500000
119,9,2.432432,881,60.383825,758,62.592898,3,0.500000
164,10,2.702703,905,62.028787,780,64.409579,3,0.500000
82,11,2.972973,911,62.440027,780,64.409579,3,0.500000
317,12,3.243243,927,63.536669,792,65.400495,3,0.500000
265,13,3.513514,930,63.742289,792,65.400495,3,0.500000
344,14,3.783784,954,65.387252,806,66.556565,3,0.500000
365,15,4.054054,961,65.867032,806,66.556565,3,0.500000
220,16,4.324324,974,66.758053,818,67.547481,3,0.500000
274,17,4.594595,974,66.758053,820,67.712634,3,0.500000
290,18,4.864865,978,67.032214,824,68.042940,3,0.500000
174,19,5.135135,982,67.306374,826,68.208092,3,0.500000
324,20,5.405405,982,67.306374,828,68.373245,3,0.500000
37,21,5.675676,1002,68.677176,828,68.373245,3,0.500000
195,22,5.945946,1005,68.882796,830,68.538398,4,0.666667
262,23,6.216216,1005,68.882796,830,68.538398,4,0.666667
69,24,6.486486,1005,68.882796,830,68.538398,4,0.666667
189,25,6.756757,1005,68.882796,830,68.538398,4,0.666667
