TestcaseNumber,TestcaseCount,TestcaseRatio,StatementCount,StatementRatio,BranchCount,BranchRatio,FaultCount,FaultRatio
263,1,0.270270,615,42.152159,537,44.343518,1,0.166667
296,2,0.540541,817,55.997258,724,59.785301,1,0.166667
146,3,0.810811,830,56.888280,742,61.271676,1,0.166667
156,4,1.081081,865,59.287183,764,63.088357,2,0.333333
274,5,1.351351,875,59.972584,774,63.914121,3,0.500000
58,6,1.621622,881,60.383825,774,63.914121,3,0.500000
337,7,1.891892,906,62.097327,778,64.244426,3,0.500000
68,8,2.162162,930,63.742289,786,64.905037,3,0.500000
22,9,2.432432,948,64.976011,788,65.070190,3,0.500000
87,10,2.702703,948,64.976011,788,65.070190,3,0.500000
278,11,2.972973,957,65.592872,794,65.565648,3,0.500000
70,12,3.243243,957,65.592872,794,65.565648,3,0.500000
355,13,3.513514,957,65.592872,794,65.565648,3,0.500000
202,14,3.783784,999,68.471556,864,71.345995,3,0.500000
64,15,4.054054,999,68.471556,864,71.345995,3,0.500000
252,16,4.324324,1007,69.019877,866,71.511148,3,0.500000
164,17,4.594595,1011,69.294037,876,72.336912,4,0.666667
347,18,4.864865,1012,69.362577,878,72.502064,4,0.666667
145,19,5.135135,1012,69.362577,878,72.502064,4,0.666667
173,20,5.405405,1012,69.362577,878,72.502064,4,0.666667
292,21,5.675676,1012,69.362577,878,72.502064,4,0.666667
171,22,5.945946,1016,69.636737,886,73.162675,4,0.666667
343,23,6.216216,1016,69.636737,886,73.162675,4,0.666667
120,24,6.486486,1016,69.636737,886,73.162675,4,0.666667
79,25,6.756757,1016,69.636737,886,73.162675,4,0.666667
57,26,7.027027,1016,69.636737,886,73.162675,4,0.666667
111,27,7.297297,1020,69.910898,890,73.492981,4,0.666667
230,28,7.567568,1029,70.527759,898,74.153592,4,0.666667
20,29,7.837838,1052,72.104181,898,74.153592,4,0.666667
