TestcaseNumber,TestcaseCount,TestcaseRatio,StatementCount,StatementRatio,BranchCount,BranchRatio,FaultCount,FaultRatio
44,1,0.270270,390,26.730637,289,23.864575,0,0.000000
325,2,0.540541,829,56.819740,693,57.225434,1,0.166667
140,3,0.810811,858,58.807402,731,60.363336,1,0.166667
302,4,1.081081,868,59.492803,752,62.097440,1,0.166667
224,5,1.351351,870,59.629883,752,62.097440,1,0.166667
358,6,1.621622,870,59.629883,752,62.097440,1,0.166667
88,7,1.891892,897,61.480466,768,63.418662,1,0.166667
119,8,2.162162,900,61.686086,780,64.409579,2,0.333333
57,9,2.432432,924,63.331049,802,66.226259,2,0.333333
264,10,2.702703,932,63.879369,806,66.556565,3,0.500000
193,11,2.972973,941,64.496230,810,66.886870,4,0.666667
205,12,3.243243,972,66.620973,830,68.538398,4,0.666667
73,13,3.513514,976,66.895134,830,68.538398,4,0.666667
61,14,3.783784,976,66.895134,830,68.538398,4,0.666667
126,15,4.054054,980,67.169294,834,68.868704,4,0.666667
60,16,4.324324,980,67.169294,834,68.868704,4,0.666667
277,17,4.594595,998,68.403016,846,69.859620,4,0.666667
185,18,4.864865,1008,69.088417,848,70.024773,4,0.666667
335,19,5.135135,1011,69.294037,852,70.355078,4,0.666667
213,20,5.405405,1011,69.294037,858,70.850537,4,0.666667
86,21,5.675676,1011,69.294037,858,70.850537,4,0.666667
104,22,5.945946,1011,69.294037,858,70.850537,4,0.666667
242,23,6.216216,1011,69.294037,858,70.850537,4,0.666667
31,24,6.486486,1034,70.870459,858,70.850537,4,0.666667
90,25,6.756757,1034,70.870459,858,70.850537,4,0.666667
133,26,7.027027,1034,70.870459,858,70.850537,4,0.666667
158,27,7.297297,1034,70.870459,858,70.850537,4,0.666667
141,28,7.567568,1034,70.870459,858,70.850537,4,0.666667
29,29,7.837838,1073,73.543523,880,72.667217,4,0.666667
32,30,8.108108,1075,73.680603,882,72.832370,4,0.666667
251,31,8.378378,1075,73.680603,884,72.997523,4,0.666667
226,32,8.648649,1075,73.680603,884,72.997523,4,0.666667
368,33,8.918919,1082,74.160384,884,72.997523,4,0.666667
322,34,9.189189,1082,74.160384,884,72.997523,4,0.666667
139,35,9.459459,1082,74.160384,884,72.997523,4,0.666667
85,36,9.729730,1082,74.160384,884,72.997523,4,0.666667
281,37,10.000000,1082,74.160384,884,72.997523,4,0.666667
282,38,10.270270,1082,74.160384,884,72.997523,4,0.666667
