TestcaseNumber,TestcaseCount,TestcaseRatio,StatementCount,StatementRatio,BranchCount,BranchRatio,FaultCount,FaultRatio
71,1,0.270270,347,23.783413,261,21.552436,0,0.000000
356,2,0.540541,348,23.851953,261,21.552436,0,0.000000
329,3,0.810811,696,47.703907,555,45.829893,2,0.333333
176,4,1.081081,756,51.816313,609,50.289017,2,0.333333
231,5,1.351351,781,53.529815,639,52.766309,2,0.333333
202,6,1.621622,852,58.396162,735,60.693642,3,0.500000
296,7,1.891892,924,63.331049,819,67.630058,3,0.500000
300,8,2.162162,941,64.496230,850,70.189926,3,0.500000
189,9,2.432432,957,65.592872,868,71.676301,4,0.666667
278,10,2.702703,967,66.278273,876,72.336912,4,0.666667
364,11,2.972973,974,66.758053,876,72.336912,4,0.666667
140,12,3.243243,974,66.758053,876,72.336912,4,0.666667
327,13,3.513514,974,66.758053,876,72.336912,4,0.666667
17,14,3.783784,981,67.237834,878,72.502064,4,0.666667
309,15,4.054054,981,67.237834,878,72.502064,4,0.666667
76,16,4.324324,1000,68.540096,884,72.997523,4,0.666667
131,17,4.594595,1000,68.540096,884,72.997523,4,0.666667
246,18,4.864865,1001,68.608636,884,72.997523,4,0.666667
181,19,5.135135,1001,68.608636,884,72.997523,4,0.666667
147,20,5.405405,1001,68.608636,884,72.997523,4,0.666667
284,21,5.675676,1001,68.608636,884,72.997523,4,0.666667
31,22,5.945946,1024,70.185058,884,72.997523,4,0.666667
308,23,6.216216,1024,70.185058,884,72.997523,4,0.666667
24,24,6.486486,1036,71.007539,884,72.997523,4,0.666667
128,25,6.756757,1036,71.007539,884,72.997523,4,0.666667
12,26,7.027027,1036,71.007539,884,72.997523,4,0.666667
35,27,7.297297,1040,71.281700,888,73.327828,4,0.666667
233,28,7.567568,1066,73.063742,904,74.649050,4,0.666667
52,29,7.837838,1066,73.063742,904,74.649050,4,0.666667
316,30,8.108108,1082,74.160384,916,75.639967,4,0.666667
267,31,8.378378,1082,74.160384,916,75.639967,4,0.666667
340,32,8.648649,1082,74.160384,916,75.639967,4,0.666667
369,33,8.918919,1086,74.434544,916,75.639967,4,0.666667
