TestcaseNumber,TestcaseCount,TestcaseRatio,StatementCount,StatementRatio,BranchCount,BranchRatio,FaultCount,FaultRatio
113,1,0.270270,768,52.638794,694,57.308010,2,0.333333
143,2,0.540541,831,56.956820,738,60.941371,2,0.333333
58,3,0.810811,859,58.875942,764,63.088357,2,0.333333
80,4,1.081081,871,59.698424,766,63.253509,2,0.333333
3,5,1.351351,875,59.972584,766,63.253509,2,0.333333
108,6,1.621622,894,61.274846,788,65.070190,3,0.500000
114,7,1.891892,894,61.274846,788,65.070190,3,0.500000
194,8,2.162162,903,61.891707,792,65.400495,4,0.666667
183,9,2.432432,907,62.165867,792,65.400495,4,0.666667
54,10,2.702703,925,63.399589,800,66.061107,4,0.666667
369,11,2.972973,936,64.153530,800,66.061107,4,0.666667
68,12,3.243243,936,64.153530,800,66.061107,4,0.666667
84,13,3.513514,936,64.153530,800,66.061107,4,0.666667
49,14,3.783784,936,64.153530,800,66.061107,4,0.666667
94,15,4.054054,936,64.153530,800,66.061107,4,0.666667
123,16,4.324324,936,64.153530,800,66.061107,4,0.666667
365,17,4.594595,936,64.153530,800,66.061107,4,0.666667
137,18,4.864865,942,64.564770,802,66.226259,4,0.666667
157,19,5.135135,942,64.564770,802,66.226259,4,0.666667
238,20,5.405405,942,64.564770,802,66.226259,4,0.666667
53,21,5.675676,945,64.770391,810,66.886870,4,0.666667
342,22,5.945946,967,66.278273,818,67.547481,4,0.666667
322,23,6.216216,967,66.278273,818,67.547481,4,0.666667
179,24,6.486486,967,66.278273,818,67.547481,4,0.666667
156,25,6.756757,967,66.278273,818,67.547481,4,0.666667
45,26,7.027027,967,66.278273,818,67.547481,4,0.666667
213,27,7.297297,967,66.278273,824,68.042940,4,0.666667
131,28,7.567568,967,66.278273,824,68.042940,4,0.666667
284,29,7.837838,967,66.278273,826,68.208092,4,0.666667
112,30,8.108108,967,66.278273,826,68.208092,4,0.666667
17,31,8.378378,974,66.758053,828,68.373245,4,0.666667
77,32,8.648649,982,67.306374,828,68.373245,4,0.666667
323,33,8.918919,982,67.306374,828,68.373245,4,0.666667
26,34,9.189189,1017,69.705278,852,70.355078,5,0.833333
176,35,9.459459,1017,69.705278,852,70.355078,5,0.833333
