TestcaseNumber,TestcaseCount,TestcaseRatio,StatementCount,StatementRatio,BranchCount,BranchRatio,FaultCount,FaultRatio
200,1,0.270270,667,45.716244,607,50.123865,2,0.333333
19,2,0.540541,708,48.526388,656,54.170107,2,0.333333
47,3,0.810811,754,51.679232,684,56.482246,2,0.333333
72,4,1.081081,764,52.364633,690,56.977704,2,0.333333
5,5,1.351351,848,58.122001,740,61.106524,2,0.333333
291,6,1.621622,861,59.013023,752,62.097440,2,0.333333
70,7,1.891892,866,59.355723,754,62.262593,2,0.333333
336,8,2.162162,881,60.383825,758,62.592898,2,0.333333
71,9,2.432432,881,60.383825,758,62.592898,2,0.333333
350,10,2.702703,881,60.383825,758,62.592898,2,0.333333
183,11,2.972973,885,60.657985,758,62.592898,2,0.333333
102,12,3.243243,885,60.657985,758,62.592898,2,0.333333
82,13,3.513514,885,60.657985,758,62.592898,2,0.333333
302,14,3.783784,885,60.657985,758,62.592898,2,0.333333
233,15,4.054054,911,62.440027,774,63.914121,2,0.333333
138,16,4.324324,911,62.440027,774,63.914121,2,0.333333
118,17,4.594595,986,67.580535,866,71.511148,3,0.500000
187,18,4.864865,1013,69.431117,880,72.667217,3,0.500000
249,19,5.135135,1013,69.431117,880,72.667217,3,0.500000
281,20,5.405405,1033,70.801919,888,73.327828,3,0.500000
316,21,5.675676,1037,71.076080,894,73.823287,3,0.500000
226,22,5.945946,1042,71.418780,898,74.153592,3,0.500000
140,23,6.216216,1044,71.555860,900,74.318745,3,0.500000
121,24,6.486486,1050,71.967101,902,74.483898,3,0.500000
213,25,6.756757,1050,71.967101,908,74.979356,3,0.500000
303,26,7.027027,1055,72.309801,910,75.144509,3,0.500000
173,27,7.297297,1055,72.309801,910,75.144509,3,0.500000
217,28,7.567568,1055,72.309801,910,75.144509,3,0.500000
28,29,7.837838,1085,74.366004,924,76.300578,3,0.500000
259,30,8.108108,1098,75.257025,936,77.291495,3,0.500000
96,31,8.378378,1098,75.257025,936,77.291495,3,0.500000
292,32,8.648649,1098,75.257025,936,77.291495,3,0.500000
331,33,8.918919,1098,75.257025,936,77.291495,3,0.500000
44,34,9.189189,1098,75.257025,936,77.291495,3,0.500000
7,35,9.459459,1098,75.257025,936,77.291495,3,0.500000
165,36,9.729730,1098,75.257025,936,77.291495,3,0.500000
106,37,10.000000,1098,75.257025,936,77.291495,3,0.500000
227,38,10.270270,1098,75.257025,936,77.291495,3,0.500000
287,39,10.540541,1098,75.257025,936,77.291495,3,0.500000
354,40,10.810811,1098,75.257025,936,77.291495,3,0.500000
