TestcaseNumber,TestcaseCount,TestcaseRatio,StatementCount,StatementRatio,BranchCount,BranchRatio,FaultCount,FaultRatio
326,1,0.270270,803,55.037697,720,59.454996,3,0.500000
37,2,0.540541,827,56.682659,726,59.950454,3,0.500000
144,3,0.810811,833,57.093900,738,60.941371,3,0.500000
203,4,1.081081,874,59.904044,768,63.418662,3,0.500000
50,5,1.351351,880,60.315284,770,63.583815,3,0.500000
52,6,1.621622,905,62.028787,778,64.244426,3,0.500000
222,7,1.891892,941,64.496230,800,66.061107,3,0.500000
354,8,2.162162,948,64.976011,802,66.226259,3,0.500000
212,9,2.432432,950,65.113091,810,66.886870,3,0.500000
132,10,2.702703,963,66.004112,818,67.547481,3,0.500000
270,11,2.972973,969,66.415353,820,67.712634,3,0.500000
343,12,3.243243,995,68.197395,838,69.199009,3,0.500000
175,13,3.513514,999,68.471556,840,69.364162,3,0.500000
8,14,3.783784,999,68.471556,840,69.364162,3,0.500000
122,15,4.054054,999,68.471556,840,69.364162,3,0.500000
254,16,4.324324,1003,68.745716,840,69.364162,3,0.500000
138,17,4.594595,1003,68.745716,840,69.364162,3,0.500000
93,18,4.864865,1014,69.499657,842,69.529315,4,0.666667
85,19,5.135135,1014,69.499657,842,69.529315,4,0.666667
114,20,5.405405,1014,69.499657,842,69.529315,4,0.666667
27,21,5.675676,1054,72.241261,866,71.511148,5,0.833333
182,22,5.945946,1054,72.241261,866,71.511148,5,0.833333
308,23,6.216216,1054,72.241261,866,71.511148,5,0.833333
311,24,6.486486,1054,72.241261,866,71.511148,5,0.833333
105,25,6.756757,1058,72.515422,866,71.511148,5,0.833333
301,26,7.027027,1063,72.858122,868,71.676301,5,0.833333
265,27,7.297297,1063,72.858122,868,71.676301,5,0.833333
36,28,7.567568,1063,72.858122,870,71.841453,5,0.833333
88,29,7.837838,1069,73.269363,878,72.502064,5,0.833333
81,30,8.108108,1069,73.269363,878,72.502064,5,0.833333
58,31,8.378378,1069,73.269363,878,72.502064,5,0.833333
338,32,8.648649,1069,73.269363,878,72.502064,5,0.833333
113,33,8.918919,1069,73.269363,878,72.502064,5,0.833333
173,34,9.189189,1069,73.269363,878,72.502064,5,0.833333
323,35,9.459459,1069,73.269363,878,72.502064,5,0.833333
