TestcaseNumber,TestcaseCount,TestcaseRatio,StatementCount,StatementRatio,BranchCount,BranchRatio,FaultCount,FaultRatio
52,1,0.270270,588,40.301576,523,43.187448,0,0.000000
338,2,0.540541,738,50.582591,620,51.197358,1,0.166667
312,3,0.810811,817,55.997258,710,58.629232,1,0.166667
216,4,1.081081,831,56.956820,724,59.785301,1,0.166667
130,5,1.351351,862,59.081563,760,62.758051,2,0.333333
314,6,1.621622,867,59.424263,764,63.088357,3,0.500000
258,7,1.891892,905,62.028787,790,65.235343,3,0.500000
128,8,2.162162,905,62.028787,790,65.235343,3,0.500000
30,9,2.432432,964,66.072653,832,68.703551,4,0.666667
358,10,2.702703,964,66.072653,832,68.703551,4,0.666667
323,11,2.972973,964,66.072653,832,68.703551,4,0.666667
82,12,3.243243,992,67.991775,852,70.355078,4,0.666667
180,13,3.513514,992,67.991775,852,70.355078,4,0.666667
112,14,3.783784,992,67.991775,854,70.520231,4,0.666667
2,15,4.054054,996,68.265936,854,70.520231,4,0.666667
303,16,4.324324,1006,68.951337,858,70.850537,4,0.666667
145,17,4.594595,1006,68.951337,858,70.850537,4,0.666667
300,18,4.864865,1006,68.951337,858,70.850537,4,0.666667
213,19,5.135135,1006,68.951337,858,70.850537,4,0.666667
271,20,5.405405,1033,70.801919,864,71.345995,4,0.666667
100,21,5.675676,1036,71.007539,864,71.345995,4,0.666667
365,22,5.945946,1043,71.487320,864,71.345995,4,0.666667
306,23,6.216216,1045,71.624400,866,71.511148,4,0.666667
126,24,6.486486,1045,71.624400,866,71.511148,4,0.666667
137,25,6.756757,1046,71.692940,868,71.676301,4,0.666667
329,26,7.027027,1055,72.309801,872,72.006606,5,0.833333
284,27,7.297297,1055,72.309801,874,72.171759,5,0.833333
322,28,7.567568,1055,72.309801,874,72.171759,5,0.833333
311,29,7.837838,1055,72.309801,874,72.171759,5,0.833333
302,30,8.108108,1055,72.309801,874,72.171759,5,0.833333
4,31,8.378378,1072,73.474983,876,72.336912,6,1.000000
294,32,8.648649,1072,73.474983,876,72.336912,6,1.000000
167,33,8.918919,1072,73.474983,876,72.336912,6,1.000000
85,34,9.189189,1072,73.474983,876,72.336912,6,1.000000
13,35,9.459459,1080,74.023304,876,72.336912,6,1.000000
279,36,9.729730,1083,74.228924,880,72.667217,6,1.000000
22,37,10.000000,1100,75.394106,882,72.832370,6,1.000000
