TestcaseNumber,TestcaseCount,TestcaseRatio,StatementCount,StatementRatio,BranchCount,BranchRatio,FaultCount,FaultRatio
32,1,0.270270,530,36.326251,467,38.563171,0,0.000000
294,2,0.540541,669,45.853324,566,46.738233,1,0.166667
87,3,0.810811,747,51.199452,624,51.527663,1,0.166667
191,4,1.081081,868,59.492803,758,62.592898,3,0.500000
176,5,1.351351,887,60.795065,764,63.088357,3,0.500000
221,6,1.621622,919,62.988348,782,64.574732,3,0.500000
123,7,1.891892,919,62.988348,782,64.574732,3,0.500000
25,8,2.162162,933,63.947910,784,64.739884,3,0.500000
239,9,2.432432,961,65.867032,810,66.886870,3,0.500000
134,10,2.702703,974,66.758053,818,67.547481,3,0.500000
189,11,2.972973,974,66.758053,818,67.547481,3,0.500000
78,12,3.243243,980,67.169294,820,67.712634,3,0.500000
26,13,3.513514,1015,69.568197,844,69.694467,4,0.666667
279,14,3.783784,1050,71.967101,864,71.345995,4,0.666667
19,15,4.054054,1050,71.967101,864,71.345995,4,0.666667
305,16,4.324324,1051,72.035641,864,71.345995,4,0.666667
69,17,4.594595,1055,72.309801,864,71.345995,4,0.666667
165,18,4.864865,1055,72.309801,864,71.345995,4,0.666667
80,19,5.135135,1058,72.515422,864,71.345995,4,0.666667
362,20,5.405405,1115,76.422207,948,78.282411,4,0.666667
76,21,5.675676,1115,76.422207,948,78.282411,4,0.666667
270,22,5.945946,1115,76.422207,948,78.282411,4,0.666667
30,23,6.216216,1154,79.095271,976,80.594550,4,0.666667
126,24,6.486486,1154,79.095271,976,80.594550,4,0.666667
120,25,6.756757,1154,79.095271,976,80.594550,4,0.666667
48,26,7.027027,1157,79.300891,978,80.759703,5,0.833333
59,27,7.297297,1157,79.300891,978,80.759703,5,0.833333
112,28,7.567568,1157,79.300891,978,80.759703,5,0.833333
208,29,7.837838,1161,79.575051,980,80.924855,5,0.833333
91,30,8.108108,1162,79.643592,980,80.924855,5,0.833333
274,31,8.378378,1162,79.643592,980,80.924855,5,0.833333
342,32,8.648649,1163,79.712132,982,81.090008,5,0.833333
98,33,8.918919,1163,79.712132,982,81.090008,5,0.833333
54,34,9.189189,1163,79.712132,982,81.090008,5,0.833333
122,35,9.459459,1163,79.712132,982,81.090008,5,0.833333
262,36,9.729730,1163,79.712132,982,81.090008,5,0.833333
44,37,10.000000,1163,79.712132,982,81.090008,5,0.833333
202,38,10.270270,1163,79.712132,982,81.090008,5,0.833333
