TestcaseNumber,TestcaseCount,TestcaseRatio,StatementCount,StatementRatio,BranchCount,BranchRatio,FaultCount,FaultRatio
88,1,0.270270,599,41.055517,547,45.169282,0,0.000000
12,2,0.540541,617,42.289239,547,45.169282,0,0.000000
243,3,0.810811,655,44.893763,569,46.985962,2,0.333333
366,4,1.081081,983,67.374914,867,71.593724,2,0.333333
230,5,1.351351,1032,70.733379,907,74.896780,2,0.333333
270,6,1.621622,1053,72.172721,915,75.557391,2,0.333333
94,7,1.891892,1080,74.023304,939,77.539224,3,0.500000
151,8,2.162162,1161,79.575051,1017,83.980182,3,0.500000
116,9,2.432432,1165,79.849212,1017,83.980182,4,0.666667
49,10,2.702703,1165,79.849212,1017,83.980182,4,0.666667
322,11,2.972973,1165,79.849212,1017,83.980182,4,0.666667
260,12,3.243243,1187,81.357094,1029,84.971098,4,0.666667
126,13,3.513514,1187,81.357094,1029,84.971098,4,0.666667
334,14,3.783784,1203,82.453735,1041,85.962015,4,0.666667
13,15,4.054054,1211,83.002056,1041,85.962015,4,0.666667
279,16,4.324324,1219,83.550377,1041,85.962015,4,0.666667
220,17,4.594595,1223,83.824537,1045,86.292320,4,0.666667
274,18,4.864865,1223,83.824537,1045,86.292320,4,0.666667
186,19,5.135135,1224,83.893077,1045,86.292320,4,0.666667
332,20,5.405405,1224,83.893077,1045,86.292320,4,0.666667
142,21,5.675676,1229,84.235778,1047,86.457473,4,0.666667
21,22,5.945946,1241,85.058259,1049,86.622626,4,0.666667
216,23,6.216216,1241,85.058259,1049,86.622626,4,0.666667
22,24,6.486486,1249,85.606580,1049,86.622626,4,0.666667
68,25,6.756757,1249,85.606580,1049,86.622626,4,0.666667
138,26,7.027027,1250,85.675120,1051,86.787779,4,0.666667
290,27,7.297297,1250,85.675120,1051,86.787779,4,0.666667
268,28,7.567568,1250,85.675120,1051,86.787779,4,0.666667
179,29,7.837838,1250,85.675120,1051,86.787779,4,0.666667
177,30,8.108108,1250,85.675120,1051,86.787779,4,0.666667
238,31,8.378378,1250,85.675120,1051,86.787779,4,0.666667
46,32,8.648649,1254,85.949280,1053,86.952931,4,0.666667
41,33,8.918919,1254,85.949280,1053,86.952931,4,0.666667
