TestcaseNumber,TestcaseCount,TestcaseRatio,StatementCount,StatementRatio,BranchCount,BranchRatio,FaultCount,FaultRatio
108,1,0.270270,565,38.725154,484,39.966969,1,0.166667
13,2,0.540541,573,39.273475,484,39.966969,1,0.166667
223,3,0.810811,663,45.442084,583,48.142031,1,0.166667
204,4,1.081081,801,54.900617,676,55.821635,2,0.333333
302,5,1.351351,824,56.477039,684,56.482246,2,0.333333
237,6,1.621622,848,58.122001,706,58.298927,2,0.333333
317,7,1.891892,886,60.726525,734,60.611065,2,0.333333
368,8,2.162162,893,61.206306,734,60.611065,2,0.333333
81,9,2.432432,907,62.165867,736,60.776218,2,0.333333
44,10,2.702703,908,62.234407,738,60.941371,2,0.333333
291,11,2.972973,915,62.714188,744,61.436829,2,0.333333
211,12,3.243243,919,62.988348,746,61.601982,2,0.333333
133,13,3.513514,925,63.399589,746,61.601982,2,0.333333
65,14,3.783784,925,63.399589,746,61.601982,2,0.333333
233,15,4.054054,951,65.181631,762,62.923204,2,0.333333
365,16,4.324324,951,65.181631,762,62.923204,2,0.333333
200,17,4.594595,992,67.991775,830,68.538398,2,0.333333
329,18,4.864865,1001,68.608636,834,68.868704,3,0.500000
261,19,5.135135,1007,69.019877,842,69.529315,3,0.500000
214,20,5.405405,1007,69.019877,848,70.024773,3,0.500000
279,21,5.675676,1007,69.019877,848,70.024773,3,0.500000
346,22,5.945946,1007,69.019877,848,70.024773,3,0.500000
240,23,6.216216,1007,69.019877,848,70.024773,3,0.500000
246,24,6.486486,1008,69.088417,848,70.024773,3,0.500000
193,25,6.756757,1008,69.088417,848,70.024773,3,0.500000
111,26,7.027027,1008,69.088417,850,70.189926,3,0.500000
178,27,7.297297,1010,69.225497,850,70.189926,3,0.500000
206,28,7.567568,1010,69.225497,850,70.189926,3,0.500000
