TestcaseNumber,TestcaseCount,TestcaseRatio,StatementCount,StatementRatio,BranchCount,BranchRatio,FaultCount,FaultRatio
122,1,0.270270,703,48.183687,589,48.637490,1,0.166667
216,2,0.540541,735,50.376971,638,52.683732,1,0.166667
282,3,0.810811,744,50.993831,642,53.014038,2,0.333333
23,4,1.081081,774,53.050034,644,53.179191,2,0.333333
77,5,1.351351,810,55.517478,654,54.004955,2,0.333333
153,6,1.621622,898,61.549006,754,62.262593,3,0.500000
190,7,1.891892,902,61.823167,758,62.592898,3,0.500000
32,8,2.162162,921,63.125428,760,62.758051,3,0.500000
74,9,2.432432,921,63.125428,760,62.758051,3,0.500000
210,10,2.702703,922,63.193968,762,62.923204,3,0.500000
37,11,2.972973,925,63.399589,762,62.923204,3,0.500000
179,12,3.243243,930,63.742289,764,63.088357,3,0.500000
35,13,3.513514,934,64.016450,768,63.418662,3,0.500000
36,14,3.783784,934,64.016450,770,63.583815,3,0.500000
357,15,4.054054,951,65.181631,776,64.079273,3,0.500000
314,16,4.324324,976,66.895134,798,65.895954,3,0.500000
187,17,4.594595,976,66.895134,800,66.061107,3,0.500000
257,18,4.864865,981,67.237834,806,66.556565,3,0.500000
248,19,5.135135,981,67.237834,806,66.556565,3,0.500000
10,20,5.405405,992,67.991775,810,66.886870,4,0.666667
270,21,5.675676,992,67.991775,810,66.886870,4,0.666667
183,22,5.945946,992,67.991775,810,66.886870,4,0.666667
145,23,6.216216,992,67.991775,810,66.886870,4,0.666667
168,24,6.486486,1009,69.156957,822,67.877787,4,0.666667
243,25,6.756757,1009,69.156957,822,67.877787,4,0.666667
235,26,7.027027,1035,70.938999,838,69.199009,4,0.666667
