TestcaseNumber,TestcaseCount,TestcaseRatio,StatementCount,StatementRatio,BranchCount,BranchRatio,FaultCount,FaultRatio
347,1,0.270270,598,40.986977,520,42.939719,0,0.000000
312,2,0.540541,848,58.122001,740,61.106524,1,0.166667
9,3,0.810811,853,58.464702,742,61.271676,1,0.166667
174,4,1.081081,883,60.520905,760,62.758051,1,0.166667
210,5,1.351351,884,60.589445,762,62.923204,2,0.333333
239,6,1.621622,912,62.508568,786,64.905037,2,0.333333
254,7,1.891892,917,62.851268,788,65.070190,2,0.333333
200,8,2.162162,958,65.661412,856,70.685384,2,0.333333
218,9,2.432432,964,66.072653,858,70.850537,2,0.333333
137,10,2.702703,967,66.278273,858,70.850537,2,0.333333
327,11,2.972973,978,67.032214,874,72.171759,3,0.500000
161,12,3.243243,979,67.100754,874,72.171759,3,0.500000
318,13,3.513514,979,67.100754,874,72.171759,3,0.500000
151,14,3.783784,998,68.403016,882,72.832370,3,0.500000
237,15,4.054054,998,68.403016,882,72.832370,3,0.500000
20,16,4.324324,1023,70.116518,884,72.997523,3,0.500000
142,17,4.594595,1030,70.596299,888,73.327828,3,0.500000
282,18,4.864865,1030,70.596299,888,73.327828,3,0.500000
138,19,5.135135,1030,70.596299,888,73.327828,3,0.500000
28,20,5.405405,1060,72.652502,902,74.483898,3,0.500000
124,21,5.675676,1060,72.652502,902,74.483898,3,0.500000
350,22,5.945946,1060,72.652502,902,74.483898,3,0.500000
348,23,6.216216,1060,72.652502,902,74.483898,3,0.500000
248,24,6.486486,1060,72.652502,902,74.483898,3,0.500000
18,25,6.756757,1061,72.721042,906,74.814203,3,0.500000
235,26,7.027027,1061,72.721042,906,74.814203,3,0.500000
61,27,7.297297,1073,73.543523,912,75.309661,3,0.500000
35,28,7.567568,1077,73.817683,916,75.639967,3,0.500000
356,29,7.837838,1077,73.817683,916,75.639967,3,0.500000
217,30,8.108108,1085,74.366004,916,75.639967,3,0.500000
339,31,8.378378,1085,74.366004,916,75.639967,3,0.500000
298,32,8.648649,1085,74.366004,916,75.639967,3,0.500000
155,33,8.918919,1085,74.366004,916,75.639967,3,0.500000
