TestcaseNumber,TestcaseCount,TestcaseRatio,StatementCount,StatementRatio,BranchCount,BranchRatio,FaultCount,FaultRatio
358,1,0.270270,278,19.054147,225,18.579686,0,0.000000
139,2,0.540541,630,43.180260,537,44.343518,2,0.333333
80,3,0.810811,679,46.538725,588,48.554913,2,0.333333
237,4,1.081081,703,48.183687,610,50.371594,2,0.333333
363,5,1.351351,710,48.663468,610,50.371594,2,0.333333
345,6,1.621622,742,50.856751,634,52.353427,2,0.333333
301,7,1.891892,817,55.997258,688,56.812552,2,0.333333
16,8,2.162162,817,55.997258,688,56.812552,2,0.333333
335,9,2.432432,885,60.657985,730,60.280760,2,0.333333
313,10,2.702703,957,65.592872,806,66.556565,2,0.333333
132,11,2.972973,958,65.661412,806,66.556565,2,0.333333
326,12,3.243243,973,66.689513,826,68.208092,3,0.500000
257,13,3.513514,978,67.032214,828,68.373245,3,0.500000
151,14,3.783784,988,67.717615,830,68.538398,3,0.500000
156,15,4.054054,992,67.991775,832,68.703551,4,0.666667
339,16,4.324324,997,68.334476,834,68.868704,4,0.666667
195,17,4.594595,997,68.334476,834,68.868704,4,0.666667
216,18,4.864865,997,68.334476,834,68.868704,4,0.666667
258,19,5.135135,1014,69.499657,846,69.859620,4,0.666667
101,20,5.405405,1014,69.499657,846,69.859620,4,0.666667
264,21,5.675676,1014,69.499657,846,69.859620,4,0.666667
179,22,5.945946,1014,69.499657,846,69.859620,4,0.666667
28,23,6.216216,1044,71.555860,860,71.015690,4,0.666667
302,24,6.486486,1044,71.555860,860,71.015690,4,0.666667
135,25,6.756757,1044,71.555860,860,71.015690,4,0.666667
