TestcaseNumber,TestcaseCount,TestcaseRatio,StatementCount,StatementRatio,BranchCount,BranchRatio,FaultCount,FaultRatio
27,1,0.270270,381,26.113777,288,23.781998,2,0.333333
174,2,0.540541,742,50.856751,601,49.628406,3,0.500000
319,3,0.810811,747,51.199452,603,49.793559,3,0.500000
320,4,1.081081,812,55.654558,649,53.592073,3,0.500000
206,5,1.351351,857,58.738862,710,58.629232,3,0.500000
71,6,1.621622,877,60.109664,716,59.124690,3,0.500000
335,7,1.891892,891,61.069225,722,59.620149,3,0.500000
37,8,2.162162,911,62.440027,722,59.620149,3,0.500000
180,9,2.432432,911,62.440027,722,59.620149,3,0.500000
340,10,2.702703,911,62.440027,722,59.620149,3,0.500000
145,11,2.972973,911,62.440027,722,59.620149,3,0.500000
243,12,3.243243,911,62.440027,722,59.620149,3,0.500000
181,13,3.513514,911,62.440027,722,59.620149,3,0.500000
111,14,3.783784,911,62.440027,724,59.785301,3,0.500000
248,15,4.054054,911,62.440027,724,59.785301,3,0.500000
63,16,4.324324,911,62.440027,724,59.785301,3,0.500000
66,17,4.594595,911,62.440027,724,59.785301,3,0.500000
256,18,4.864865,944,64.701851,750,61.932287,3,0.500000
327,19,5.135135,986,67.580535,816,67.382329,4,0.666667
230,20,5.405405,997,68.334476,826,68.208092,4,0.666667
258,21,5.675676,1024,70.185058,848,70.024773,4,0.666667
19,22,5.945946,1024,70.185058,848,70.024773,4,0.666667
147,23,6.216216,1024,70.185058,848,70.024773,4,0.666667
339,24,6.486486,1024,70.185058,848,70.024773,4,0.666667
22,25,6.756757,1041,71.350240,850,70.189926,4,0.666667
129,26,7.027027,1065,72.995202,872,72.006606,4,0.666667
