TestcaseNumber,TestcaseCount,TestcaseRatio,StatementCount,StatementRatio,BranchCount,BranchRatio,FaultCount,FaultRatio
122,1,0.270270,703,48.183687,589,48.637490,1,0.166667
98,2,0.540541,764,52.364633,654,54.004955,1,0.166667
369,3,0.810811,775,53.118574,654,54.004955,1,0.166667
101,4,1.081081,783,53.666895,658,54.335260,2,0.333333
155,5,1.351351,873,59.835504,760,62.758051,3,0.500000
224,6,1.621622,893,61.206306,766,63.253509,3,0.500000
295,7,1.891892,919,62.988348,782,64.574732,3,0.500000
343,8,2.162162,945,64.770391,794,65.565648,3,0.500000
62,9,2.432432,949,65.044551,794,65.565648,3,0.500000
330,10,2.702703,950,65.113091,794,65.565648,3,0.500000
291,11,2.972973,956,65.524332,798,65.895954,3,0.500000
219,12,3.243243,964,66.072653,798,65.895954,3,0.500000
180,13,3.513514,964,66.072653,798,65.895954,3,0.500000
23,14,3.783784,984,67.443454,800,66.061107,3,0.500000
326,15,4.054054,984,67.443454,800,66.061107,3,0.500000
212,16,4.324324,986,67.580535,808,66.721718,3,0.500000
170,17,4.594595,990,67.854695,816,67.382329,3,0.500000
193,18,4.864865,993,68.060315,818,67.547481,4,0.666667
197,19,5.135135,994,68.128855,818,67.547481,4,0.666667
306,20,5.405405,994,68.128855,820,67.712634,4,0.666667
362,21,5.675676,1050,71.967101,904,74.649050,4,0.666667
294,22,5.945946,1050,71.967101,904,74.649050,4,0.666667
255,23,6.216216,1050,71.967101,904,74.649050,4,0.666667
6,24,6.486486,1050,71.967101,904,74.649050,4,0.666667
113,25,6.756757,1050,71.967101,904,74.649050,4,0.666667
89,26,7.027027,1050,71.967101,904,74.649050,4,0.666667
208,27,7.297297,1051,72.035641,906,74.814203,4,0.666667
246,28,7.567568,1051,72.035641,906,74.814203,4,0.666667
236,29,7.837838,1075,73.680603,928,76.630884,4,0.666667
200,30,8.108108,1075,73.680603,928,76.630884,4,0.666667
