TestcaseNumber,TestcaseCount,TestcaseRatio,StatementCount,StatementRatio,BranchCount,BranchRatio,FaultCount,FaultRatio
188,1,0.270270,804,55.106237,728,60.115607,3,0.500000
176,2,0.540541,832,57.025360,742,61.271676,3,0.500000
15,3,0.810811,853,58.464702,742,61.271676,3,0.500000
353,4,1.081081,878,60.178204,754,62.262593,3,0.500000
340,5,1.351351,883,60.520905,754,62.262593,3,0.500000
100,6,1.621622,886,60.726525,754,62.262593,3,0.500000
230,7,1.891892,911,62.440027,776,64.079273,3,0.500000
123,8,2.162162,911,62.440027,776,64.079273,3,0.500000
156,9,2.432432,914,62.645648,778,64.244426,4,0.666667
179,10,2.702703,918,62.919808,780,64.409579,4,0.666667
142,11,2.972973,939,64.359150,792,65.400495,4,0.666667
369,12,3.243243,950,65.113091,792,65.400495,4,0.666667
86,13,3.513514,950,65.113091,792,65.400495,4,0.666667
273,14,3.783784,964,66.072653,794,65.565648,4,0.666667
270,15,4.054054,973,66.689513,794,65.565648,4,0.666667
350,16,4.324324,997,68.334476,816,67.382329,4,0.666667
187,17,4.594595,997,68.334476,818,67.547481,4,0.666667
305,18,4.864865,997,68.334476,818,67.547481,4,0.666667
56,19,5.135135,997,68.334476,818,67.547481,4,0.666667
331,20,5.405405,1023,70.116518,834,68.868704,4,0.666667
248,21,5.675676,1023,70.116518,834,68.868704,4,0.666667
339,22,5.945946,1023,70.116518,834,68.868704,4,0.666667
284,23,6.216216,1023,70.116518,834,68.868704,4,0.666667
184,24,6.486486,1024,70.185058,834,68.868704,4,0.666667
145,25,6.756757,1024,70.185058,834,68.868704,4,0.666667
207,26,7.027027,1030,70.596299,842,69.529315,4,0.666667
195,27,7.297297,1030,70.596299,842,69.529315,4,0.666667
304,28,7.567568,1030,70.596299,842,69.529315,4,0.666667
217,29,7.837838,1030,70.596299,842,69.529315,4,0.666667
286,30,8.108108,1030,70.596299,842,69.529315,4,0.666667
151,31,8.378378,1030,70.596299,842,69.529315,4,0.666667
31,32,8.648649,1036,71.007539,842,69.529315,4,0.666667
129,33,8.918919,1036,71.007539,842,69.529315,4,0.666667
