TestcaseNumber,TestcaseCount,TestcaseRatio,StatementCount,StatementRatio,BranchCount,BranchRatio,FaultCount,FaultRatio
215,1,0.270270,586,40.164496,507,41.866226,2,0.333333
1,2,0.540541,609,41.740918,511,42.196532,3,0.500000
110,3,0.810811,667,45.716244,582,48.059455,3,0.500000
103,4,1.081081,670,45.921864,582,48.059455,3,0.500000
149,5,1.351351,888,60.863605,768,63.418662,3,0.500000
360,6,1.621622,944,64.701851,848,70.024773,3,0.500000
113,7,1.891892,945,64.770391,848,70.024773,4,0.666667
243,8,2.162162,945,64.770391,848,70.024773,4,0.666667
128,9,2.432432,969,66.415353,870,71.841453,4,0.666667
362,10,2.702703,972,66.620973,876,72.336912,4,0.666667
125,11,2.972973,997,68.334476,892,73.658134,4,0.666667
191,12,3.243243,997,68.334476,892,73.658134,4,0.666667
171,13,3.513514,1013,69.431117,906,74.814203,4,0.666667
154,14,3.783784,1013,69.431117,906,74.814203,4,0.666667
313,15,4.054054,1014,69.499657,906,74.814203,4,0.666667
2,16,4.324324,1018,69.773818,906,74.814203,4,0.666667
12,17,4.594595,1026,70.322138,906,74.814203,4,0.666667
325,18,4.864865,1037,71.076080,910,75.144509,4,0.666667
268,19,5.135135,1038,71.144620,910,75.144509,4,0.666667
279,20,5.405405,1065,72.995202,928,76.630884,4,0.666667
49,21,5.675676,1071,73.406443,930,76.796036,4,0.666667
347,22,5.945946,1072,73.474983,932,76.961189,4,0.666667
108,23,6.216216,1072,73.474983,932,76.961189,4,0.666667
239,24,6.486486,1072,73.474983,932,76.961189,4,0.666667
