TestcaseNumber,TestcaseCount,TestcaseRatio,StatementCount,StatementRatio,BranchCount,BranchRatio,FaultCount,FaultRatio
350,1,0.270270,331,22.686772,257,21.222130,0,0.000000
344,2,0.540541,620,42.494859,528,43.600330,0,0.000000
319,3,0.810811,781,53.529815,637,52.601156,2,0.333333
107,4,1.081081,792,54.283756,651,53.757225,2,0.333333
165,5,1.351351,879,60.246744,745,61.519405,3,0.500000
156,6,1.621622,888,60.863605,749,61.849711,4,0.666667
216,7,1.891892,910,62.371487,784,64.739884,4,0.666667
163,8,2.162162,936,64.153530,800,66.061107,4,0.666667
58,9,2.432432,936,64.153530,800,66.061107,4,0.666667
353,10,2.702703,961,65.867032,812,67.052023,4,0.666667
254,11,2.972973,962,65.935572,812,67.052023,4,0.666667
108,12,3.243243,966,66.209733,816,67.382329,4,0.666667
168,13,3.513514,971,66.552433,824,68.042940,4,0.666667
178,14,3.783784,971,66.552433,824,68.042940,4,0.666667
149,15,4.054054,985,67.511995,832,68.703551,4,0.666667
236,16,4.324324,985,67.511995,832,68.703551,4,0.666667
135,17,4.594595,985,67.511995,832,68.703551,4,0.666667
77,18,4.864865,993,68.060315,832,68.703551,4,0.666667
155,19,5.135135,993,68.060315,834,68.868704,4,0.666667
339,20,5.405405,993,68.060315,834,68.868704,4,0.666667
359,21,5.675676,993,68.060315,834,68.868704,4,0.666667
48,22,5.945946,993,68.060315,834,68.868704,4,0.666667
257,23,6.216216,993,68.060315,834,68.868704,4,0.666667
228,24,6.486486,1002,68.677176,842,69.529315,4,0.666667
329,25,6.756757,1002,68.677176,842,69.529315,4,0.666667
249,26,7.027027,1019,69.842358,842,69.529315,4,0.666667
302,27,7.297297,1019,69.842358,842,69.529315,4,0.666667
52,28,7.567568,1019,69.842358,842,69.529315,4,0.666667
17,29,7.837838,1026,70.322138,844,69.694467,4,0.666667
283,30,8.108108,1026,70.322138,844,69.694467,4,0.666667
264,31,8.378378,1026,70.322138,844,69.694467,4,0.666667
145,32,8.648649,1026,70.322138,844,69.694467,4,0.666667
314,33,8.918919,1026,70.322138,844,69.694467,4,0.666667
92,34,9.189189,1026,70.322138,844,69.694467,4,0.666667
118,35,9.459459,1026,70.322138,844,69.694467,4,0.666667
285,36,9.729730,1026,70.322138,844,69.694467,4,0.666667
105,37,10.000000,1026,70.322138,844,69.694467,4,0.666667
351,38,10.270270,1030,70.596299,848,70.024773,4,0.666667
7,39,10.540541,1030,70.596299,848,70.024773,4,0.666667
30,40,10.810811,1084,74.297464,888,73.327828,5,0.833333
