TestcaseNumber,TestcaseCount,TestcaseRatio,StatementCount,StatementRatio,BranchCount,BranchRatio,FaultCount,FaultRatio
328,1,0.270270,701,48.046607,583,48.142031,2,0.333333
341,2,0.540541,720,49.348869,601,49.628406,2,0.333333
209,3,0.810811,743,50.925291,623,51.445087,2,0.333333
152,4,1.081081,830,56.888280,744,61.436829,3,0.500000
125,5,1.351351,873,59.835504,768,63.418662,3,0.500000
28,6,1.621622,903,61.891707,782,64.574732,3,0.500000
64,7,1.891892,903,61.891707,782,64.574732,4,0.666667
337,8,2.162162,923,63.262509,786,64.905037,4,0.666667
223,9,2.432432,959,65.729952,808,66.721718,4,0.666667
234,10,2.702703,960,65.798492,808,66.721718,4,0.666667
297,11,2.972973,984,67.443454,834,68.868704,4,0.666667
361,12,3.243243,1070,73.337903,928,76.630884,4,0.666667
335,13,3.513514,1086,74.434544,940,77.621800,4,0.666667
273,14,3.783784,1089,74.640164,940,77.621800,4,0.666667
48,15,4.054054,1092,74.845785,940,77.621800,4,0.666667
313,16,4.324324,1092,74.845785,940,77.621800,4,0.666667
61,17,4.594595,1092,74.845785,940,77.621800,4,0.666667
325,18,4.864865,1092,74.845785,942,77.786953,4,0.666667
14,19,5.135135,1100,75.394106,942,77.786953,4,0.666667
269,20,5.405405,1100,75.394106,944,77.952106,4,0.666667
242,21,5.675676,1100,75.394106,944,77.952106,4,0.666667
299,22,5.945946,1100,75.394106,944,77.952106,4,0.666667
136,23,6.216216,1100,75.394106,944,77.952106,4,0.666667
190,24,6.486486,1100,75.394106,944,77.952106,4,0.666667
238,25,6.756757,1100,75.394106,944,77.952106,4,0.666667
300,26,7.027027,1104,75.668266,946,78.117258,4,0.666667
367,27,7.297297,1111,76.148047,946,78.117258,4,0.666667
317,28,7.567568,1111,76.148047,946,78.117258,4,0.666667
50,29,7.837838,1111,76.148047,946,78.117258,4,0.666667
322,30,8.108108,1111,76.148047,946,78.117258,4,0.666667
59,31,8.378378,1111,76.148047,946,78.117258,4,0.666667
82,32,8.648649,1114,76.353667,946,78.117258,4,0.666667
155,33,8.918919,1114,76.353667,946,78.117258,4,0.666667
230,34,9.189189,1120,76.764907,952,78.612717,4,0.666667
251,35,9.459459,1158,79.369431,964,79.603633,4,0.666667
100,36,9.729730,1158,79.369431,964,79.603633,4,0.666667
