TestcaseNumber,TestcaseCount,TestcaseRatio,StatementCount,StatementRatio,BranchCount,BranchRatio,FaultCount,FaultRatio
46,1,0.270270,391,26.799178,293,24.194880,0,0.000000
81,2,0.540541,635,43.522961,553,45.664740,0,0.000000
69,3,0.810811,644,44.139822,555,45.829893,0,0.000000
305,4,1.081081,729,49.965730,598,49.380677,1,0.166667
118,5,1.351351,849,58.190541,732,60.445912,2,0.333333
337,6,1.621622,877,60.109664,754,62.262593,3,0.500000
284,7,1.891892,880,60.315284,756,62.427746,3,0.500000
170,8,2.162162,910,62.371487,774,63.914121,3,0.500000
76,9,2.432432,916,62.782728,774,63.914121,3,0.500000
214,10,2.702703,916,62.782728,780,64.409579,3,0.500000
83,11,2.972973,916,62.782728,780,64.409579,3,0.500000
114,12,3.243243,916,62.782728,780,64.409579,3,0.500000
362,13,3.513514,980,67.169294,870,71.841453,3,0.500000
8,14,3.783784,997,68.334476,870,71.841453,3,0.500000
286,15,4.054054,997,68.334476,870,71.841453,3,0.500000
164,16,4.324324,1021,69.979438,892,73.658134,3,0.500000
112,17,4.594595,1021,69.979438,892,73.658134,3,0.500000
251,18,4.864865,1031,70.664839,904,74.649050,3,0.500000
356,19,5.135135,1031,70.664839,904,74.649050,3,0.500000
195,20,5.405405,1040,71.281700,908,74.979356,4,0.666667
231,21,5.675676,1049,71.898561,916,75.639967,4,0.666667
67,22,5.945946,1049,71.898561,916,75.639967,4,0.666667
85,23,6.216216,1049,71.898561,916,75.639967,4,0.666667
128,24,6.486486,1049,71.898561,916,75.639967,4,0.666667
53,25,6.756757,1070,73.337903,932,76.961189,4,0.666667
