TestcaseNumber,TestcaseCount,TestcaseRatio,StatementCount,StatementRatio,BranchCount,BranchRatio,FaultCount,FaultRatio
216,1,0.270270,706,48.389308,618,51.032205,1,0.166667
268,2,0.540541,712,48.800548,620,51.197358,1,0.166667
308,3,0.810811,830,56.888280,744,61.436829,3,0.500000
41,4,1.081081,856,58.670322,752,62.097440,3,0.500000
20,5,1.351351,881,60.383825,754,62.262593,3,0.500000
200,6,1.621622,953,65.318711,844,69.694467,3,0.500000
362,7,1.891892,969,66.415353,862,71.180842,3,0.500000
135,8,2.162162,986,67.580535,874,72.171759,3,0.500000
29,9,2.432432,1025,70.253598,902,74.483898,3,0.500000
307,10,2.702703,1025,70.253598,904,74.649050,3,0.500000
358,11,2.972973,1025,70.253598,904,74.649050,3,0.500000
107,12,3.243243,1045,71.624400,910,75.144509,3,0.500000
232,13,3.513514,1070,73.337903,926,76.465731,3,0.500000
336,14,3.783784,1077,73.817683,928,76.630884,3,0.500000
65,15,4.054054,1077,73.817683,928,76.630884,3,0.500000
334,16,4.324324,1080,74.023304,932,76.961189,3,0.500000
77,17,4.594595,1088,74.571624,932,76.961189,3,0.500000
290,18,4.864865,1092,74.845785,938,77.456647,3,0.500000
250,19,5.135135,1092,74.845785,938,77.456647,3,0.500000
14,20,5.405405,1100,75.394106,938,77.456647,3,0.500000
168,21,5.675676,1101,75.462646,938,77.456647,3,0.500000
223,22,5.945946,1114,76.353667,950,78.447564,3,0.500000
192,23,6.216216,1123,76.970528,954,78.777870,4,0.666667
314,24,6.486486,1123,76.970528,954,78.777870,4,0.666667
186,25,6.756757,1123,76.970528,954,78.777870,4,0.666667
44,26,7.027027,1127,77.244688,956,78.943022,4,0.666667
139,27,7.297297,1127,77.244688,956,78.943022,4,0.666667
368,28,7.567568,1134,77.724469,956,78.943022,4,0.666667
48,29,7.837838,1134,77.724469,956,78.943022,4,0.666667
162,30,8.108108,1134,77.724469,956,78.943022,4,0.666667
240,31,8.378378,1134,77.724469,956,78.943022,4,0.666667
173,32,8.648649,1134,77.724469,956,78.943022,4,0.666667
76,33,8.918919,1134,77.724469,956,78.943022,4,0.666667
