TestcaseNumber,TestcaseCount,TestcaseRatio,StatementCount,StatementRatio,BranchCount,BranchRatio,FaultCount,FaultRatio
45,1,0.270270,395,27.073338,289,23.864575,0,0.000000
289,2,0.540541,706,48.389308,571,47.151115,1,0.166667
119,3,0.810811,834,57.162440,736,60.776218,2,0.333333
193,4,1.081081,846,57.984921,746,61.601982,3,0.500000
254,5,1.351351,855,58.601782,750,61.932287,3,0.500000
252,6,1.621622,879,60.246744,760,62.758051,4,0.666667
16,7,1.891892,879,60.246744,760,62.758051,4,0.666667
307,8,2.162162,887,60.795065,768,63.418662,4,0.666667
322,9,2.432432,888,60.863605,768,63.418662,4,0.666667
87,10,2.702703,888,60.863605,768,63.418662,4,0.666667
284,11,2.972973,899,61.617546,774,63.914121,4,0.666667
139,12,3.243243,909,62.302947,780,64.409579,4,0.666667
281,13,3.513514,930,63.742289,786,64.905037,4,0.666667
7,14,3.783784,947,64.907471,786,64.905037,4,0.666667
232,15,4.054054,972,66.620973,802,66.226259,4,0.666667
335,16,4.324324,976,66.895134,808,66.721718,4,0.666667
33,17,4.594595,979,67.100754,812,67.052023,4,0.666667
293,18,4.864865,979,67.100754,812,67.052023,4,0.666667
122,19,5.135135,979,67.100754,812,67.052023,4,0.666667
195,20,5.405405,979,67.100754,812,67.052023,4,0.666667
209,21,5.675676,983,67.374914,816,67.382329,4,0.666667
137,22,5.945946,983,67.374914,816,67.382329,4,0.666667
203,23,6.216216,1007,69.019877,838,69.199009,4,0.666667
246,24,6.486486,1008,69.088417,838,69.199009,4,0.666667
2,25,6.756757,1012,69.362577,838,69.199009,4,0.666667
176,26,7.027027,1012,69.362577,838,69.199009,4,0.666667
361,27,7.297297,1097,75.188485,932,76.961189,4,0.666667
329,28,7.567568,1097,75.188485,932,76.961189,4,0.666667
197,29,7.837838,1098,75.257025,932,76.961189,4,0.666667
153,30,8.108108,1098,75.257025,932,76.961189,4,0.666667
319,31,8.378378,1102,75.531186,934,77.126342,4,0.666667
359,32,8.648649,1102,75.531186,934,77.126342,4,0.666667
189,33,8.918919,1102,75.531186,934,77.126342,4,0.666667
233,34,9.189189,1102,75.531186,934,77.126342,4,0.666667
37,35,9.459459,1105,75.736806,934,77.126342,4,0.666667
98,36,9.729730,1105,75.736806,934,77.126342,4,0.666667
337,37,10.000000,1106,75.805346,934,77.126342,4,0.666667
364,38,10.270270,1113,76.285127,934,77.126342,4,0.666667
9,39,10.540541,1113,76.285127,934,77.126342,4,0.666667
