TestcaseNumber,TestcaseCount,TestcaseRatio,StatementCount,StatementRatio,BranchCount,BranchRatio,FaultCount,FaultRatio
110,1,0.270270,566,38.793694,488,40.297275,1,0.166667
185,2,0.540541,868,59.492803,758,62.592898,3,0.500000
357,3,0.810811,890,61.000685,768,63.418662,3,0.500000
367,4,1.081081,897,61.480466,768,63.418662,3,0.500000
359,5,1.351351,897,61.480466,768,63.418662,3,0.500000
230,6,1.621622,918,62.919808,784,64.739884,3,0.500000
355,7,1.891892,925,63.399589,786,64.905037,3,0.500000
122,8,2.162162,927,63.536669,786,64.905037,3,0.500000
317,9,2.432432,947,64.907471,798,65.895954,3,0.500000
54,10,2.702703,965,66.141193,806,66.556565,3,0.500000
2,11,2.972973,969,66.415353,806,66.556565,3,0.500000
115,12,3.243243,969,66.415353,808,66.721718,3,0.500000
289,13,3.513514,971,66.552433,812,67.052023,3,0.500000
173,14,3.783784,973,66.689513,812,67.052023,3,0.500000
222,15,4.054054,977,66.963674,816,67.382329,3,0.500000
29,16,4.324324,1016,69.636737,844,69.694467,3,0.500000
207,17,4.594595,1017,69.705278,846,69.859620,3,0.500000
181,18,4.864865,1017,69.705278,846,69.859620,3,0.500000
212,19,5.135135,1017,69.705278,846,69.859620,3,0.500000
178,20,5.405405,1017,69.705278,846,69.859620,3,0.500000
88,21,5.675676,1026,70.322138,854,70.520231,3,0.500000
49,22,5.945946,1026,70.322138,854,70.520231,3,0.500000
326,23,6.216216,1026,70.322138,854,70.520231,3,0.500000
163,24,6.486486,1028,70.459219,854,70.520231,3,0.500000
114,25,6.756757,1028,70.459219,854,70.520231,3,0.500000
80,26,7.027027,1031,70.664839,854,70.520231,3,0.500000
271,27,7.297297,1031,70.664839,854,70.520231,3,0.500000
40,28,7.567568,1031,70.664839,854,70.520231,3,0.500000
