TestcaseNumber,TestcaseCount,TestcaseRatio,StatementCount,StatementRatio,BranchCount,BranchRatio,FaultCount,FaultRatio
203,1,0.270270,633,43.385881,547,45.169282,1,0.166667
156,2,0.540541,702,48.115147,591,48.802642,2,0.333333
93,3,0.810811,726,49.760110,597,49.298101,2,0.333333
32,4,1.081081,784,53.735435,635,52.436003,2,0.333333
121,5,1.351351,793,54.352296,641,52.931462,2,0.333333
133,6,1.621622,830,56.888280,680,56.151941,2,0.333333
293,7,1.891892,830,56.888280,680,56.151941,2,0.333333
255,8,2.162162,839,57.505141,682,56.317093,2,0.333333
153,9,2.432432,931,63.810829,788,65.070190,4,0.666667
302,10,2.702703,955,65.455792,800,66.061107,4,0.666667
5,11,2.972973,955,65.455792,800,66.061107,4,0.666667
154,12,3.243243,959,65.729952,804,66.391412,4,0.666667
170,13,3.513514,963,66.004112,810,66.886870,4,0.666667
334,14,3.783784,966,66.209733,810,66.886870,4,0.666667
216,15,4.054054,966,66.209733,810,66.886870,4,0.666667
99,16,4.324324,966,66.209733,810,66.886870,4,0.666667
95,17,4.594595,966,66.209733,810,66.886870,4,0.666667
1,18,4.864865,980,67.169294,814,67.217176,5,0.833333
64,19,5.135135,983,67.374914,814,67.217176,5,0.833333
202,20,5.405405,1024,70.185058,880,72.667217,5,0.833333
131,21,5.675676,1024,70.185058,880,72.667217,5,0.833333
270,22,5.945946,1030,70.596299,880,72.667217,5,0.833333
177,23,6.216216,1032,70.733379,880,72.667217,5,0.833333
59,24,6.486486,1032,70.733379,880,72.667217,5,0.833333
38,25,6.756757,1032,70.733379,880,72.667217,5,0.833333
18,26,7.027027,1036,71.007539,884,72.997523,5,0.833333
345,27,7.297297,1045,71.624400,896,73.988439,5,0.833333
