TestcaseNumber,TestcaseCount,TestcaseRatio,StatementCount,StatementRatio,BranchCount,BranchRatio,FaultCount,FaultRatio
29,1,0.270270,363,24.880055,323,26.672172,1,0.166667
254,2,0.540541,690,47.292666,602,49.710983,1,0.166667
368,3,0.810811,697,47.772447,602,49.710983,1,0.166667
266,4,1.081081,719,49.280329,612,50.536746,1,0.166667
17,5,1.351351,731,50.102810,620,51.197358,1,0.166667
110,6,1.621622,746,51.130912,646,53.344344,2,0.333333
237,7,1.891892,782,53.598355,672,55.491329,2,0.333333
200,8,2.162162,862,59.081563,760,62.758051,3,0.500000
225,9,2.432432,869,59.561343,766,63.253509,3,0.500000
228,10,2.702703,884,60.589445,776,64.079273,3,0.500000
281,11,2.972973,921,63.125428,790,65.235343,3,0.500000
347,12,3.243243,925,63.399589,796,65.730801,3,0.500000
353,13,3.513514,925,63.399589,796,65.730801,3,0.500000
43,14,3.783784,931,63.810829,796,65.730801,3,0.500000
138,15,4.054054,934,64.016450,796,65.730801,3,0.500000
105,16,4.324324,934,64.016450,796,65.730801,3,0.500000
96,17,4.594595,937,64.222070,796,65.730801,3,0.500000
362,18,4.864865,1030,70.596299,874,72.171759,3,0.500000
167,19,5.135135,1069,73.269363,932,76.961189,3,0.500000
112,20,5.405405,1069,73.269363,932,76.961189,3,0.500000
70,21,5.675676,1069,73.269363,932,76.961189,3,0.500000
84,22,5.945946,1072,73.474983,934,77.126342,4,0.666667
257,23,6.216216,1072,73.474983,934,77.126342,4,0.666667
