TestcaseNumber,TestcaseCount,TestcaseRatio,StatementCount,StatementRatio,BranchCount,BranchRatio,FaultCount,FaultRatio
133,1,0.270270,725,49.691570,612,50.536746,1,0.166667
271,2,0.540541,781,53.529815,648,53.509496,2,0.333333
359,3,0.810811,781,53.529815,648,53.509496,2,0.333333
183,4,1.081081,787,53.941056,650,53.674649,2,0.333333
95,5,1.351351,818,56.065798,678,55.986788,3,0.500000
311,6,1.621622,824,56.477039,680,56.151941,3,0.500000
230,7,1.891892,841,57.642221,700,57.803468,3,0.500000
300,8,2.162162,852,58.396162,706,58.298927,3,0.500000
334,9,2.432432,889,60.932145,734,60.611065,3,0.500000
84,10,2.702703,889,60.932145,734,60.611065,3,0.500000
174,11,2.972973,900,61.686086,736,60.776218,3,0.500000
291,12,3.243243,919,62.988348,746,61.601982,3,0.500000
94,13,3.513514,919,62.988348,746,61.601982,3,0.500000
321,14,3.783784,923,63.262509,748,61.767135,3,0.500000
200,15,4.054054,965,66.141193,818,67.547481,3,0.500000
162,16,4.324324,1031,70.664839,892,73.658134,3,0.500000
99,17,4.594595,1031,70.664839,892,73.658134,3,0.500000
345,18,4.864865,1037,71.076080,896,73.988439,3,0.500000
338,19,5.135135,1043,71.487320,902,74.483898,3,0.500000
135,20,5.405405,1043,71.487320,902,74.483898,3,0.500000
186,21,5.675676,1048,71.830021,912,75.309661,3,0.500000
36,22,5.945946,1068,73.200822,912,75.309661,3,0.500000
58,23,6.216216,1068,73.200822,912,75.309661,3,0.500000
187,24,6.486486,1068,73.200822,914,75.474814,3,0.500000
163,25,6.756757,1069,73.269363,914,75.474814,3,0.500000
315,26,7.027027,1069,73.269363,914,75.474814,4,0.666667
290,27,7.297297,1069,73.269363,914,75.474814,4,0.666667
78,28,7.567568,1069,73.269363,914,75.474814,4,0.666667
352,29,7.837838,1069,73.269363,914,75.474814,4,0.666667
310,30,8.108108,1069,73.269363,914,75.474814,4,0.666667
128,31,8.378378,1069,73.269363,914,75.474814,4,0.666667
219,32,8.648649,1069,73.269363,914,75.474814,4,0.666667
238,33,8.918919,1069,73.269363,914,75.474814,4,0.666667
342,34,9.189189,1069,73.269363,914,75.474814,4,0.666667
104,35,9.459459,1069,73.269363,914,75.474814,4,0.666667
284,36,9.729730,1069,73.269363,914,75.474814,4,0.666667
5,37,10.000000,1069,73.269363,914,75.474814,4,0.666667
