TestcaseNumber,TestcaseCount,TestcaseRatio,StatementCount,StatementRatio,BranchCount,BranchRatio,FaultCount,FaultRatio
90,1,0.270270,600,41.124058,551,45.499587,0,0.000000
185,2,0.540541,891,61.069225,770,63.583815,3,0.500000
331,3,0.810811,895,61.343386,770,63.583815,3,0.500000
176,4,1.081081,902,61.823167,772,63.748968,3,0.500000
337,5,1.351351,909,62.302947,774,63.914121,3,0.500000
130,6,1.621622,933,63.947910,796,65.730801,3,0.500000
348,7,1.891892,959,65.729952,814,67.217176,3,0.500000
237,8,2.162162,959,65.729952,814,67.217176,3,0.500000
167,9,2.432432,963,66.004112,814,67.217176,3,0.500000
73,10,2.702703,963,66.004112,814,67.217176,3,0.500000
35,11,2.972973,984,67.443454,818,67.547481,3,0.500000
174,12,3.243243,984,67.443454,818,67.547481,3,0.500000
21,13,3.513514,996,68.265936,820,67.712634,3,0.500000
289,14,3.783784,996,68.265936,820,67.712634,3,0.500000
63,15,4.054054,1008,69.088417,826,68.208092,3,0.500000
61,16,4.324324,1008,69.088417,826,68.208092,3,0.500000
334,17,4.594595,1013,69.431117,832,68.703551,3,0.500000
218,18,4.864865,1013,69.431117,832,68.703551,3,0.500000
136,19,5.135135,1014,69.499657,834,68.868704,3,0.500000
40,20,5.405405,1014,69.499657,834,68.868704,3,0.500000
324,21,5.675676,1014,69.499657,836,69.033856,3,0.500000
232,22,5.945946,1014,69.499657,836,69.033856,3,0.500000
52,23,6.216216,1014,69.499657,836,69.033856,3,0.500000
31,24,6.486486,1020,69.910898,836,69.033856,3,0.500000
1,25,6.756757,1034,70.870459,840,69.364162,4,0.666667
350,26,7.027027,1034,70.870459,840,69.364162,4,0.666667
281,27,7.297297,1034,70.870459,842,69.529315,4,0.666667
228,28,7.567568,1050,71.967101,852,70.355078,4,0.666667
18,29,7.837838,1050,71.967101,854,70.520231,4,0.666667
50,30,8.108108,1050,71.967101,854,70.520231,4,0.666667
187,31,8.378378,1050,71.967101,854,70.520231,4,0.666667
139,32,8.648649,1050,71.967101,854,70.520231,4,0.666667
279,33,8.918919,1050,71.967101,854,70.520231,4,0.666667
270,34,9.189189,1050,71.967101,854,70.520231,4,0.666667
369,35,9.459459,1061,72.721042,854,70.520231,4,0.666667
