TestcaseNumber,TestcaseCount,TestcaseRatio,StatementCount,StatementRatio,BranchCount,BranchRatio,FaultCount,FaultRatio
331,1,0.270270,790,54.146676,690,56.977704,1,0.166667
123,2,0.540541,824,56.477039,720,59.454996,1,0.166667
129,3,0.810811,866,59.355723,766,63.253509,2,0.333333
242,4,1.081081,874,59.904044,770,63.583815,3,0.500000
158,5,1.351351,877,60.109664,772,63.748968,4,0.666667
99,6,1.621622,914,62.645648,788,65.070190,4,0.666667
146,7,1.891892,918,62.919808,792,65.400495,4,0.666667
285,8,2.162162,940,64.427690,802,66.226259,4,0.666667
61,9,2.432432,944,64.701851,802,66.226259,4,0.666667
169,10,2.702703,949,65.044551,808,66.721718,4,0.666667
315,11,2.972973,949,65.044551,808,66.721718,4,0.666667
370,12,3.243243,949,65.044551,808,66.721718,4,0.666667
254,13,3.513514,961,65.867032,810,66.886870,4,0.666667
286,14,3.783784,961,65.867032,810,66.886870,4,0.666667
93,15,4.054054,961,65.867032,810,66.886870,4,0.666667
163,16,4.324324,965,66.141193,812,67.052023,4,0.666667
69,17,4.594595,965,66.141193,812,67.052023,4,0.666667
100,18,4.864865,965,66.141193,812,67.052023,4,0.666667
243,19,5.135135,965,66.141193,812,67.052023,4,0.666667
311,20,5.405405,965,66.141193,812,67.052023,4,0.666667
230,21,5.675676,980,67.169294,826,68.208092,4,0.666667
330,22,5.945946,980,67.169294,826,68.208092,4,0.666667
270,23,6.216216,986,67.580535,826,68.208092,4,0.666667
105,24,6.486486,986,67.580535,826,68.208092,4,0.666667
30,25,6.756757,1045,71.624400,868,71.676301,5,0.833333
65,26,7.027027,1045,71.624400,868,71.676301,5,0.833333
194,27,7.297297,1045,71.624400,868,71.676301,5,0.833333
229,28,7.567568,1045,71.624400,868,71.676301,5,0.833333
166,29,7.837838,1045,71.624400,868,71.676301,5,0.833333
