TestcaseNumber,TestcaseCount,TestcaseRatio,StatementCount,StatementRatio,BranchCount,BranchRatio,FaultCount,FaultRatio
289,1,0.270270,685,46.949966,559,46.160198,1,0.166667
86,2,0.540541,738,50.582591,619,51.114781,1,0.166667
83,3,0.810811,768,52.638794,654,54.004955,1,0.166667
51,4,1.081081,856,58.670322,762,62.923204,3,0.500000
6,5,1.351351,860,58.944483,762,62.923204,3,0.500000
55,6,1.621622,891,61.069225,778,64.244426,3,0.500000
326,7,1.891892,910,62.371487,792,65.400495,3,0.500000
26,8,2.162162,945,64.770391,816,67.382329,4,0.666667
217,9,2.432432,945,64.770391,816,67.382329,4,0.666667
237,10,2.702703,972,66.620973,838,69.199009,4,0.666667
195,11,2.972973,975,66.826594,840,69.364162,5,0.833333
355,12,3.243243,982,67.306374,842,69.529315,5,0.833333
84,13,3.513514,982,67.306374,842,69.529315,5,0.833333
175,14,3.783784,982,67.306374,842,69.529315,5,0.833333
40,15,4.054054,1005,68.882796,852,70.355078,5,0.833333
250,16,4.324324,1022,70.047978,852,70.355078,5,0.833333
143,17,4.594595,1032,70.733379,860,71.015690,5,0.833333
24,18,4.864865,1044,71.555860,860,71.015690,5,0.833333
185,19,5.135135,1045,71.624400,862,71.180842,5,0.833333
245,20,5.405405,1045,71.624400,864,71.345995,5,0.833333
80,21,5.675676,1048,71.830021,864,71.345995,5,0.833333
4,22,5.945946,1059,72.583962,868,71.676301,6,1.000000
211,23,6.216216,1064,72.926662,874,72.171759,6,1.000000
156,24,6.486486,1064,72.926662,874,72.171759,6,1.000000
