TestcaseNumber,TestcaseCount,TestcaseRatio,StatementCount,StatementRatio,BranchCount,BranchRatio,FaultCount,FaultRatio
271,1,0.270270,578,39.616175,468,38.645747,1,0.166667
90,2,0.540541,669,45.853324,585,48.307184,1,0.166667
145,3,0.810811,797,54.626456,670,55.326177,2,0.333333
279,4,1.081081,848,58.122001,712,58.794385,2,0.333333
273,5,1.351351,858,58.807402,712,58.794385,2,0.333333
283,6,1.621622,861,59.013023,712,58.794385,2,0.333333
360,7,1.891892,995,68.197395,880,72.667217,2,0.333333
293,8,2.162162,1001,68.608636,882,72.832370,2,0.333333
152,9,2.432432,1004,68.814256,892,73.658134,3,0.500000
332,10,2.702703,1007,69.019877,892,73.658134,3,0.500000
37,11,2.972973,1027,70.390679,892,73.658134,3,0.500000
185,12,3.243243,1033,70.801919,894,73.823287,3,0.500000
175,13,3.513514,1041,71.350240,896,73.988439,3,0.500000
307,14,3.783784,1041,71.350240,898,74.153592,3,0.500000
250,15,4.054054,1041,71.350240,898,74.153592,3,0.500000
201,16,4.324324,1046,71.692940,904,74.649050,3,0.500000
248,17,4.594595,1046,71.692940,904,74.649050,3,0.500000
66,18,4.864865,1046,71.692940,904,74.649050,3,0.500000
118,19,5.135135,1046,71.692940,904,74.649050,3,0.500000
214,20,5.405405,1048,71.830021,912,75.309661,3,0.500000
50,21,5.675676,1048,71.830021,912,75.309661,3,0.500000
6,22,5.945946,1048,71.830021,912,75.309661,3,0.500000
131,23,6.216216,1048,71.830021,912,75.309661,3,0.500000
297,24,6.486486,1048,71.830021,916,75.639967,3,0.500000
242,25,6.756757,1048,71.830021,916,75.639967,3,0.500000
255,26,7.027027,1048,71.830021,916,75.639967,3,0.500000
48,27,7.297297,1051,72.035641,918,75.805120,4,0.666667
268,28,7.567568,1051,72.035641,918,75.805120,4,0.666667
96,29,7.837838,1063,72.858122,924,76.300578,4,0.666667
110,30,8.108108,1063,72.858122,924,76.300578,4,0.666667
241,31,8.378378,1063,72.858122,924,76.300578,4,0.666667
365,32,8.648649,1070,73.337903,924,76.300578,4,0.666667
249,33,8.918919,1070,73.337903,924,76.300578,4,0.666667
349,34,9.189189,1070,73.337903,924,76.300578,4,0.666667
169,35,9.459459,1075,73.680603,930,76.796036,4,0.666667
352,36,9.729730,1075,73.680603,930,76.796036,4,0.666667
40,37,10.000000,1075,73.680603,930,76.796036,4,0.666667
320,38,10.270270,1077,73.817683,930,76.796036,4,0.666667
182,39,10.540541,1077,73.817683,930,76.796036,4,0.666667
93,40,10.810811,1077,73.817683,930,76.796036,4,0.666667
91,41,11.081081,1078,73.886223,930,76.796036,4,0.666667
2,42,11.351351,1082,74.160384,930,76.796036,4,0.666667
