TestcaseNumber,TestcaseCount,TestcaseRatio,StatementCount,StatementRatio,BranchCount,BranchRatio,FaultCount,FaultRatio
10,1,0.270270,82,5.620288,65,5.367465,1,0.166667
292,2,0.540541,718,49.211789,585,48.307184,2,0.333333
75,3,0.810811,752,51.542152,636,52.518580,3,0.500000
85,4,1.081081,755,51.747772,638,52.683732,4,0.666667
230,5,1.351351,776,53.187114,662,54.665566,4,0.666667
86,6,1.621622,776,53.187114,662,54.665566,4,0.666667
165,7,1.891892,885,60.657985,778,64.244426,5,0.833333
275,8,2.162162,885,60.657985,778,64.244426,5,0.833333
271,9,2.432432,919,62.988348,788,65.070190,5,0.833333
205,10,2.702703,943,64.633310,802,66.226259,5,0.833333
330,11,2.972973,976,66.895134,822,67.877787,5,0.833333
38,12,3.243243,987,67.649075,822,67.877787,5,0.833333
154,13,3.513514,987,67.649075,824,68.042940,5,0.833333
255,14,3.783784,990,67.854695,824,68.042940,5,0.833333
276,15,4.054054,1013,69.431117,836,69.033856,5,0.833333
332,16,4.324324,1013,69.431117,836,69.033856,5,0.833333
35,17,4.594595,1017,69.705278,840,69.364162,5,0.833333
268,18,4.864865,1017,69.705278,840,69.364162,5,0.833333
73,19,5.135135,1017,69.705278,840,69.364162,5,0.833333
301,20,5.405405,1022,70.047978,842,69.529315,5,0.833333
256,21,5.675676,1022,70.047978,842,69.529315,5,0.833333
258,22,5.945946,1022,70.047978,842,69.529315,5,0.833333
112,23,6.216216,1022,70.047978,842,69.529315,5,0.833333
238,24,6.486486,1022,70.047978,842,69.529315,5,0.833333
370,25,6.756757,1022,70.047978,842,69.529315,5,0.833333
77,26,7.027027,1022,70.047978,842,69.529315,5,0.833333
190,27,7.297297,1022,70.047978,842,69.529315,5,0.833333
203,28,7.567568,1022,70.047978,842,69.529315,5,0.833333
53,29,7.837838,1023,70.116518,842,69.529315,5,0.833333
192,30,8.108108,1023,70.116518,842,69.529315,5,0.833333
