TestcaseNumber,TestcaseCount,TestcaseRatio,StatementCount,StatementRatio,BranchCount,BranchRatio,FaultCount,FaultRatio
126,1,0.270270,726,49.760110,628,51.857969,1,0.166667
361,2,0.540541,835,57.230980,746,61.601982,1,0.166667
290,3,0.810811,896,61.411926,792,65.400495,1,0.166667
122,4,1.081081,902,61.823167,794,65.565648,1,0.166667
52,5,1.351351,909,62.302947,794,65.565648,1,0.166667
130,6,1.621622,993,68.060315,884,72.997523,2,0.333333
205,7,1.891892,1033,70.801919,910,75.144509,2,0.333333
29,8,2.162162,1071,73.406443,938,77.456647,2,0.333333
111,9,2.432432,1071,73.406443,940,77.621800,2,0.333333
341,10,2.702703,1071,73.406443,940,77.621800,2,0.333333
336,11,2.972973,1084,74.297464,944,77.952106,3,0.500000
117,12,3.243243,1084,74.297464,946,78.117258,3,0.500000
211,13,3.513514,1084,74.297464,946,78.117258,3,0.500000
249,14,3.783784,1101,75.462646,946,78.117258,3,0.500000
337,15,4.054054,1111,76.148047,946,78.117258,3,0.500000
152,16,4.324324,1111,76.148047,946,78.117258,3,0.500000
342,17,4.594595,1122,76.901988,952,78.612717,3,0.500000
195,18,4.864865,1125,77.107608,954,78.777870,4,0.666667
93,19,5.135135,1125,77.107608,954,78.777870,4,0.666667
227,20,5.405405,1128,77.313228,954,78.777870,4,0.666667
5,21,5.675676,1128,77.313228,954,78.777870,4,0.666667
366,22,5.945946,1309,89.718986,1139,94.054500,4,0.666667
244,23,6.216216,1313,89.993146,1143,94.384806,4,0.666667
178,24,6.486486,1313,89.993146,1143,94.384806,4,0.666667
278,25,6.756757,1315,90.130226,1145,94.549959,4,0.666667
79,26,7.027027,1315,90.130226,1145,94.549959,4,0.666667
347,27,7.297297,1315,90.130226,1145,94.549959,4,0.666667
28,28,7.567568,1345,92.186429,1159,95.706028,4,0.666667
219,29,7.837838,1345,92.186429,1159,95.706028,4,0.666667
59,30,8.108108,1345,92.186429,1159,95.706028,4,0.666667
