TestcaseNumber,TestcaseCount,TestcaseRatio,StatementCount,StatementRatio,BranchCount,BranchRatio,FaultCount,FaultRatio
348,1,0.270270,339,23.235093,267,22.047894,0,0.000000
276,2,0.540541,388,26.593557,295,24.360033,0,0.000000
353,3,0.810811,679,46.538725,583,48.142031,1,0.166667
339,4,1.081081,873,59.835504,750,61.932287,2,0.333333
344,5,1.351351,918,62.919808,786,64.905037,2,0.333333
319,6,1.621622,937,64.222070,792,65.400495,3,0.500000
311,7,1.891892,946,64.838931,796,65.730801,4,0.666667
240,8,2.162162,948,64.976011,804,66.391412,4,0.666667
338,9,2.432432,954,65.387252,810,66.886870,4,0.666667
303,10,2.702703,960,65.798492,812,67.052023,4,0.666667
177,11,2.972973,963,66.004112,812,67.052023,4,0.666667
51,12,3.243243,982,67.306374,836,69.033856,4,0.666667
129,13,3.513514,1006,68.951337,858,70.850537,4,0.666667
286,14,3.783784,1006,68.951337,860,71.015690,4,0.666667
305,15,4.054054,1006,68.951337,860,71.015690,4,0.666667
268,16,4.324324,1006,68.951337,860,71.015690,4,0.666667
357,17,4.594595,1006,68.951337,860,71.015690,4,0.666667
306,18,4.864865,1008,69.088417,862,71.180842,4,0.666667
209,19,5.135135,1013,69.431117,868,71.676301,4,0.666667
70,20,5.405405,1013,69.431117,868,71.676301,4,0.666667
103,21,5.675676,1013,69.431117,868,71.676301,4,0.666667
79,22,5.945946,1027,70.390679,868,71.676301,4,0.666667
93,23,6.216216,1027,70.390679,868,71.676301,4,0.666667
223,24,6.486486,1027,70.390679,868,71.676301,4,0.666667
24,25,6.756757,1038,71.144620,868,71.676301,4,0.666667
115,26,7.027027,1038,71.144620,868,71.676301,4,0.666667
360,27,7.297297,1076,73.749143,928,76.630884,4,0.666667
20,28,7.567568,1099,75.325565,928,76.630884,4,0.666667
76,29,7.837838,1099,75.325565,928,76.630884,4,0.666667
1,30,8.108108,1110,76.079507,932,76.961189,5,0.833333
302,31,8.378378,1110,76.079507,932,76.961189,5,0.833333
255,32,8.648649,1110,76.079507,932,76.961189,5,0.833333
130,33,8.918919,1110,76.079507,932,76.961189,5,0.833333
11,34,9.189189,1110,76.079507,932,76.961189,5,0.833333
111,35,9.459459,1110,76.079507,934,77.126342,5,0.833333
229,36,9.729730,1110,76.079507,934,77.126342,5,0.833333
151,37,10.000000,1110,76.079507,934,77.126342,5,0.833333
254,38,10.270270,1110,76.079507,934,77.126342,5,0.833333
7,39,10.540541,1110,76.079507,934,77.126342,5,0.833333
38,40,10.810811,1110,76.079507,934,77.126342,5,0.833333
174,41,11.081081,1110,76.079507,934,77.126342,5,0.833333
