TestcaseNumber,TestcaseCount,TestcaseRatio,StatementCount,StatementRatio,BranchCount,BranchRatio,FaultCount,FaultRatio
251,1,0.270270,644,44.139822,547,45.169282,1,0.166667
26,2,0.540541,771,52.844414,637,52.601156,3,0.500000
189,3,0.810811,891,61.069225,778,64.244426,4,0.666667
277,4,1.081081,955,65.455792,812,67.052023,4,0.666667
361,5,1.351351,1041,71.350240,906,74.814203,4,0.666667
366,6,1.621622,1239,84.921179,1099,90.751445,4,0.666667
23,7,1.891892,1268,86.908842,1101,90.916598,4,0.666667
22,8,2.162162,1274,87.320082,1101,90.916598,4,0.666667
28,9,2.432432,1284,88.005483,1105,91.246903,4,0.666667
35,10,2.702703,1288,88.279644,1109,91.577209,4,0.666667
37,11,2.972973,1291,88.485264,1109,91.577209,4,0.666667
170,12,3.243243,1329,91.089788,1135,93.724195,4,0.666667
90,13,3.513514,1332,91.295408,1135,93.724195,4,0.666667
42,14,3.783784,1338,91.706648,1135,93.724195,4,0.666667
15,15,4.054054,1343,92.049349,1137,93.889348,4,0.666667
362,16,4.324324,1346,92.254969,1139,94.054500,4,0.666667
25,17,4.594595,1351,92.597670,1139,94.054500,4,0.666667
30,18,4.864865,1372,94.037012,1159,95.706028,4,0.666667
4,19,5.135135,1380,94.585332,1161,95.871181,5,0.833333
31,20,5.405405,1386,94.996573,1161,95.871181,5,0.833333
193,21,5.675676,1395,95.613434,1165,96.201486,6,1.000000
128,22,5.945946,1419,97.258396,1187,98.018167,6,1.000000
46,23,6.216216,1423,97.532557,1189,98.183320,6,1.000000
206,24,6.486486,1428,97.875257,1195,98.678778,6,1.000000
363,25,6.756757,1435,98.355038,1195,98.678778,6,1.000000
3,26,7.027027,1439,98.629198,1195,98.678778,6,1.000000
245,27,7.297297,1441,98.766278,1195,98.678778,6,1.000000
27,28,7.567568,1442,98.834818,1195,98.678778,6,1.000000
13,29,7.837838,1443,98.903358,1195,98.678778,6,1.000000
301,30,8.108108,1447,99.177519,1197,98.843931,6,1.000000
318,31,8.378378,1455,99.725840,1199,99.009083,6,1.000000
17,32,8.648649,1457,99.862920,1199,99.009083,6,1.000000
32,33,8.918919,1459,100.000000,1201,99.174236,6,1.000000
