TestcaseNumber,TestcaseCount,TestcaseRatio,StatementCount,StatementRatio,BranchCount,BranchRatio,FaultCount,FaultRatio
147,1,0.270270,632,43.317341,545,45.004129,1,0.166667
19,2,0.540541,702,48.115147,608,50.206441,1,0.166667
154,3,0.810811,807,55.311857,722,59.620149,2,0.333333
38,4,1.081081,827,56.682659,722,59.620149,2,0.333333
351,5,1.351351,865,59.287183,756,62.427746,2,0.333333
25,6,1.621622,879,60.246744,758,62.592898,2,0.333333
366,7,1.891892,1089,74.640164,961,79.355904,2,0.333333
11,8,2.162162,1100,75.394106,965,79.686210,3,0.500000
294,9,2.432432,1125,77.107608,981,81.007432,3,0.500000
27,10,2.702703,1176,80.603153,1015,83.815029,5,0.833333
29,11,2.972973,1194,81.836875,1033,85.301404,5,0.833333
361,12,3.243243,1278,87.594243,1123,92.733278,5,0.833333
97,13,3.513514,1319,90.404387,1147,94.715111,5,0.833333
362,14,3.783784,1322,90.610007,1149,94.880264,5,0.833333
337,15,4.054054,1334,91.432488,1151,95.045417,5,0.833333
31,16,4.324324,1340,91.843729,1151,95.045417,5,0.833333
22,17,4.594595,1352,92.666210,1151,95.045417,5,0.833333
21,18,4.864865,1355,92.871830,1151,95.045417,5,0.833333
23,19,5.135135,1360,93.214531,1151,95.045417,5,0.833333
158,20,5.405405,1369,93.831391,1155,95.375723,6,1.000000
28,21,5.675676,1375,94.242632,1159,95.706028,6,1.000000
369,22,5.945946,1382,94.722413,1159,95.706028,6,1.000000
32,23,6.216216,1384,94.859493,1161,95.871181,6,1.000000
258,24,6.486486,1410,96.641535,1175,97.027250,6,1.000000
3,25,6.756757,1414,96.915696,1175,97.027250,6,1.000000
20,26,7.027027,1419,97.258396,1177,97.192403,6,1.000000
45,27,7.297297,1423,97.532557,1179,97.357556,6,1.000000
244,28,7.567568,1427,97.806717,1185,97.853014,6,1.000000
335,29,7.837838,1431,98.080877,1191,98.348472,6,1.000000
43,30,8.108108,1437,98.492118,1191,98.348472,6,1.000000
17,31,8.378378,1439,98.629198,1191,98.348472,6,1.000000
300,32,8.648649,1443,98.903358,1193,98.513625,6,1.000000
35,33,8.918919,1447,99.177519,1197,98.843931,6,1.000000
251,34,9.189189,1448,99.246059,1197,98.843931,6,1.000000
197,35,9.459459,1452,99.520219,1197,98.843931,6,1.000000
111,36,9.729730,1456,99.794380,1203,99.339389,6,1.000000
277,37,10.000000,1458,99.931460,1203,99.339389,6,1.000000
13,38,10.270270,1459,100.000000,1203,99.339389,6,1.000000
