TestcaseNumber,TestcaseCount,TestcaseRatio,StatementCount,StatementRatio,BranchCount,BranchRatio,FaultCount,FaultRatio
54,1,0.270270,508,35.010338,497,37.566138,0,0.000000
173,2,0.540541,700,48.242591,629,47.543462,0,0.000000
194,3,0.810811,737,50.792557,653,49.357521,0,0.000000
38,4,1.081081,763,52.584425,659,49.811036,0,0.000000
188,5,1.351351,894,61.612681,820,61.980348,0,0.000000
102,6,1.621622,894,61.612681,826,62.433862,0,0.000000
245,7,1.891892,917,63.197795,848,64.096750,0,0.000000
329,8,2.162162,918,63.266713,848,64.096750,0,0.000000
239,9,2.432432,941,64.851826,868,65.608466,0,0.000000
104,10,2.702703,942,64.920744,868,65.608466,0,0.000000
204,11,2.972973,967,66.643694,886,66.969010,0,0.000000
9,12,3.243243,969,66.781530,888,67.120181,0,0.000000
293,13,3.513514,969,66.781530,888,67.120181,0,0.000000
352,14,3.783784,974,67.126120,892,67.422525,0,0.000000
143,15,4.054054,975,67.195038,894,67.573696,0,0.000000
172,16,4.324324,975,67.195038,894,67.573696,0,0.000000
151,17,4.594595,981,67.608546,896,67.724868,0,0.000000
268,18,4.864865,982,67.677464,896,67.724868,0,0.000000
181,19,5.135135,982,67.677464,896,67.724868,0,0.000000
347,20,5.405405,983,67.746382,896,67.724868,0,0.000000
40,21,5.675676,983,67.746382,896,67.724868,0,0.000000
146,22,5.945946,983,67.746382,896,67.724868,0,0.000000
327,23,6.216216,990,68.228808,898,67.876039,0,0.000000
165,24,6.486486,1004,69.193660,916,69.236584,0,0.000000
35,25,6.756757,1009,69.538249,920,69.538927,0,0.000000
