TestcaseNumber,TestcaseCount,TestcaseRatio,StatementCount,StatementRatio,BranchCount,BranchRatio,FaultCount,FaultRatio
237,1,0.270270,279,19.228119,237,17.913832,0,0.000000
133,2,0.540541,681,46.933150,613,46.334089,0,0.000000
86,3,0.810811,706,48.656099,627,47.392290,0,0.000000
141,4,1.081081,730,50.310131,653,49.357521,0,0.000000
287,5,1.351351,746,51.412819,663,50.113379,0,0.000000
93,6,1.621622,754,51.964163,671,50.718065,0,0.000000
49,7,1.891892,866,59.682977,806,60.922147,0,0.000000
352,8,2.162162,867,59.751895,806,60.922147,0,0.000000
298,9,2.432432,867,59.751895,806,60.922147,0,0.000000
194,10,2.702703,869,59.889731,810,61.224490,0,0.000000
13,11,2.972973,877,60.441075,810,61.224490,0,0.000000
275,12,3.243243,894,61.612681,824,62.282691,0,0.000000
182,13,3.513514,898,61.888353,824,62.282691,0,0.000000
105,14,3.783784,903,62.232943,826,62.433862,0,0.000000
364,15,4.054054,908,62.577533,826,62.433862,0,0.000000
218,16,4.324324,916,63.128877,830,62.736206,0,0.000000
24,17,4.594595,932,64.231564,842,63.643235,0,0.000000
11,18,4.864865,950,65.472088,850,64.247921,0,0.000000
169,19,5.135135,957,65.954514,860,65.003779,0,0.000000
289,20,5.405405,965,66.505858,864,65.306122,0,0.000000
327,21,5.675676,986,67.953136,892,67.422525,0,0.000000
232,22,5.945946,1010,69.607167,912,68.934240,0,0.000000
136,23,6.216216,1016,70.020675,922,69.690098,0,0.000000
208,24,6.486486,1017,70.089593,922,69.690098,0,0.000000
199,25,6.756757,1033,71.192281,926,69.992441,0,0.000000
258,26,7.027027,1041,71.743625,930,70.294785,0,0.000000
177,27,7.297297,1042,71.812543,930,70.294785,0,0.000000
255,28,7.567568,1042,71.812543,930,70.294785,0,0.000000
183,29,7.837838,1042,71.812543,930,70.294785,0,0.000000
29,30,8.108108,1194,82.288077,1081,81.708239,0,0.000000
