TestcaseNumber,TestcaseCount,TestcaseRatio,StatementCount,StatementRatio,BranchCount,BranchRatio,FaultCount,FaultRatio
39,1,0.270270,570,39.283253,543,41.043084,0,0.000000
144,2,0.540541,605,41.695382,565,42.705971,0,0.000000
67,3,0.810811,704,48.518263,630,47.619048,0,0.000000
42,4,1.081081,738,50.861475,655,49.508692,0,0.000000
342,5,1.351351,758,52.239835,667,50.415722,0,0.000000
234,6,1.621622,782,53.893866,687,51.927438,0,0.000000
78,7,1.891892,789,54.376292,689,52.078609,0,0.000000
224,8,2.162162,803,55.341144,691,52.229781,0,0.000000
29,9,2.432432,1039,71.605789,957,72.335601,0,0.000000
211,10,2.702703,1059,72.984149,965,72.940287,0,0.000000
117,11,2.972973,1081,74.500345,997,75.359033,0,0.000000
26,12,3.243243,1111,76.567884,1025,77.475435,0,0.000000
220,13,3.513514,1118,77.050310,1029,77.777778,0,0.000000
311,14,3.783784,1132,78.015162,1039,78.533636,0,0.000000
6,15,4.054054,1134,78.152998,1041,78.684807,0,0.000000
57,16,4.324324,1157,79.738112,1061,80.196523,0,0.000000
365,17,4.594595,1162,80.082702,1061,80.196523,0,0.000000
4,18,4.864865,1170,80.634045,1065,80.498866,0,0.000000
364,19,5.135135,1170,80.634045,1065,80.498866,0,0.000000
129,20,5.405405,1187,81.805651,1085,82.010582,0,0.000000
136,21,5.675676,1188,81.874569,1085,82.010582,0,0.000000
189,22,5.945946,1193,82.219159,1087,82.161754,0,0.000000
325,23,6.216216,1195,82.356995,1087,82.161754,0,0.000000
74,24,6.486486,1195,82.356995,1087,82.161754,0,0.000000
143,25,6.756757,1197,82.494831,1089,82.312925,0,0.000000
107,26,7.027027,1197,82.494831,1089,82.312925,0,0.000000
370,27,7.297297,1197,82.494831,1089,82.312925,0,0.000000
198,28,7.567568,1197,82.494831,1089,82.312925,0,0.000000
314,29,7.837838,1198,82.563749,1089,82.312925,0,0.000000
