TestcaseNumber,TestcaseCount,TestcaseRatio,StatementCount,StatementRatio,BranchCount,BranchRatio,FaultCount,FaultRatio
80,1,0.270270,514,35.423846,505,38.170824,0,0.000000
261,2,0.540541,584,40.248105,561,42.403628,0,0.000000
74,3,0.810811,627,43.211578,585,44.217687,0,0.000000
100,4,1.081081,656,45.210200,607,45.880574,0,0.000000
189,5,1.351351,885,60.992419,844,63.794407,0,0.000000
55,6,1.621622,905,62.370779,864,65.306122,0,0.000000
254,7,1.891892,906,62.439697,864,65.306122,0,0.000000
305,8,2.162162,909,62.646451,866,65.457294,0,0.000000
281,9,2.432432,927,63.886975,876,66.213152,0,0.000000
68,10,2.702703,933,64.300482,876,66.213152,0,0.000000
244,11,2.972973,933,64.300482,876,66.213152,0,0.000000
17,12,3.243243,939,64.713990,878,66.364324,0,0.000000
93,13,3.513514,953,65.678842,888,67.120181,0,0.000000
52,14,3.783784,953,65.678842,888,67.120181,0,0.000000
193,15,4.054054,960,66.161268,890,67.271353,0,0.000000
143,16,4.324324,960,66.161268,890,67.271353,0,0.000000
162,17,4.594595,970,66.850448,890,67.271353,0,0.000000
280,18,4.864865,970,66.850448,890,67.271353,0,0.000000
331,19,5.135135,970,66.850448,890,67.271353,0,0.000000
65,20,5.405405,970,66.850448,890,67.271353,0,0.000000
314,21,5.675676,985,67.884218,908,68.631897,0,0.000000
318,22,5.945946,987,68.022054,908,68.631897,0,0.000000
48,23,6.216216,987,68.022054,908,68.631897,0,0.000000
