TestcaseNumber,TestcaseCount,TestcaseRatio,StatementCount,StatementRatio,BranchCount,BranchRatio,FaultCount,FaultRatio
183,1,0.270270,532,36.664369,495,37.414966,0,0.000000
135,2,0.540541,665,45.830462,601,45.427060,0,0.000000
303,3,0.810811,697,48.035837,617,46.636432,0,0.000000
6,4,1.081081,699,48.173673,619,46.787604,0,0.000000
129,5,1.351351,845,58.235700,790,59.712774,0,0.000000
73,6,1.621622,860,59.269469,798,60.317460,0,0.000000
119,7,1.891892,895,61.681599,840,63.492063,0,0.000000
100,8,2.162162,911,62.784287,854,64.550265,0,0.000000
281,9,2.432432,918,63.266713,858,64.852608,0,0.000000
323,10,2.702703,918,63.266713,858,64.852608,0,0.000000
51,11,2.972973,975,67.195038,936,70.748299,0,0.000000
98,12,3.243243,978,67.401792,942,71.201814,0,0.000000
49,13,3.513514,978,67.401792,942,71.201814,0,0.000000
298,14,3.783784,978,67.401792,942,71.201814,0,0.000000
294,15,4.054054,1007,69.400414,966,73.015873,0,0.000000
41,16,4.324324,1014,69.882839,972,73.469388,0,0.000000
276,17,4.594595,1033,71.192281,988,74.678760,0,0.000000
286,18,4.864865,1033,71.192281,988,74.678760,0,0.000000
110,19,5.135135,1039,71.605789,990,74.829932,0,0.000000
215,20,5.405405,1039,71.605789,990,74.829932,0,0.000000
317,21,5.675676,1042,71.812543,994,75.132275,0,0.000000
328,22,5.945946,1050,72.363887,1002,75.736961,0,0.000000
