TestcaseNumber,TestcaseCount,TestcaseRatio,StatementCount,StatementRatio,BranchCount,BranchRatio,FaultCount,FaultRatio
219,1,0.270270,647,44.589938,601,45.427060,0,0.000000
53,2,0.540541,680,46.864232,623,47.089947,0,0.000000
362,3,0.810811,763,52.584425,717,54.195011,0,0.000000
150,4,1.081081,920,63.404549,894,67.573696,0,0.000000
114,5,1.351351,920,63.404549,894,67.573696,0,0.000000
58,6,1.621622,943,64.989662,914,69.085412,0,0.000000
366,7,1.891892,948,65.334252,914,69.085412,0,0.000000
173,8,2.162162,960,66.161268,918,69.387755,0,0.000000
171,9,2.432432,983,67.746382,942,71.201814,0,0.000000
94,10,2.702703,994,68.504480,950,71.806500,0,0.000000
51,11,2.972973,1001,68.986906,954,72.108844,0,0.000000
6,12,3.243243,1004,69.193660,956,72.260015,0,0.000000
145,13,3.513514,1004,69.193660,956,72.260015,0,0.000000
153,14,3.783784,1007,69.400414,956,72.260015,0,0.000000
290,15,4.054054,1024,70.572019,974,73.620559,0,0.000000
324,16,4.324324,1026,70.709855,974,73.620559,0,0.000000
127,17,4.594595,1030,70.985527,974,73.620559,0,0.000000
301,18,4.864865,1033,71.192281,976,73.771731,0,0.000000
166,19,5.135135,1047,72.157133,994,75.132275,0,0.000000
278,20,5.405405,1052,72.501723,1000,75.585790,0,0.000000
96,21,5.675676,1052,72.501723,1000,75.585790,0,0.000000
222,22,5.945946,1059,72.984149,1004,75.888133,0,0.000000
182,23,6.216216,1059,72.984149,1004,75.888133,0,0.000000
17,24,6.486486,1065,73.397657,1006,76.039305,0,0.000000
126,25,6.756757,1065,73.397657,1006,76.039305,0,0.000000
103,26,7.027027,1065,73.397657,1012,76.492819,0,0.000000
