TestcaseNumber,TestcaseCount,TestcaseRatio,StatementCount,StatementRatio,BranchCount,BranchRatio,FaultCount,FaultRatio
259,1,0.270270,312,21.502412,267,20.181406,0,0.000000
1,2,0.540541,333,22.949690,275,20.786092,0,0.000000
51,3,0.810811,752,51.826327,737,55.706727,0,0.000000
216,4,1.081081,936,64.507236,888,67.120181,0,0.000000
307,5,1.351351,963,66.368022,902,68.178382,0,0.000000
43,6,1.621622,973,67.057202,906,68.480726,0,0.000000
308,7,1.891892,983,67.746382,924,69.841270,0,0.000000
328,8,2.162162,991,68.297726,932,70.445956,0,0.000000
209,9,2.432432,1001,68.986906,942,71.201814,0,0.000000
94,10,2.702703,1024,70.572019,962,72.713530,0,0.000000
364,11,2.972973,1029,70.916609,962,72.713530,0,0.000000
24,12,3.243243,1043,71.881461,972,73.469388,0,0.000000
194,13,3.513514,1043,71.881461,972,73.469388,0,0.000000
6,14,3.783784,1044,71.950379,972,73.469388,0,0.000000
246,15,4.054054,1048,72.226051,974,73.620559,0,0.000000
321,16,4.324324,1050,72.363887,976,73.771731,0,0.000000
221,17,4.594595,1052,72.501723,978,73.922902,0,0.000000
91,18,4.864865,1062,73.190903,986,74.527589,0,0.000000
15,19,5.135135,1077,74.224673,988,74.678760,0,0.000000
45,20,5.405405,1078,74.293591,988,74.678760,0,0.000000
161,21,5.675676,1078,74.293591,988,74.678760,0,0.000000
271,22,5.945946,1080,74.431427,988,74.678760,0,0.000000
