TestcaseNumber,TestcaseCount,TestcaseRatio,StatementCount,StatementRatio,BranchCount,BranchRatio,FaultCount,FaultRatio
130,1,0.270270,710,48.931771,727,54.950869,0,0.000000
188,2,0.540541,835,57.546520,816,61.678005,0,0.000000
262,3,0.810811,862,59.407305,828,62.585034,0,0.000000
2,4,1.081081,865,59.614059,828,62.585034,0,0.000000
250,5,1.351351,887,61.130255,834,63.038549,0,0.000000
200,6,1.621622,953,65.678842,922,69.690098,0,0.000000
159,7,1.891892,967,66.643694,932,70.445956,0,0.000000
182,8,2.162162,967,66.643694,932,70.445956,0,0.000000
335,9,2.432432,1001,68.986906,956,72.260015,0,0.000000
50,10,2.702703,1001,68.986906,956,72.260015,0,0.000000
183,11,2.972973,1001,68.986906,956,72.260015,0,0.000000
359,12,3.243243,1007,69.400414,958,72.411187,0,0.000000
368,13,3.513514,1012,69.745003,958,72.411187,0,0.000000
233,14,3.783784,1040,71.674707,978,73.922902,0,0.000000
55,15,4.054054,1040,71.674707,978,73.922902,0,0.000000
14,16,4.324324,1048,72.226051,978,73.922902,0,0.000000
258,17,4.594595,1083,74.638181,1004,75.888133,0,0.000000
161,18,4.864865,1085,74.776017,1004,75.888133,0,0.000000
156,19,5.135135,1085,74.776017,1004,75.888133,0,0.000000
184,20,5.405405,1091,75.189524,1006,76.039305,0,0.000000
106,21,5.675676,1093,75.327360,1008,76.190476,0,0.000000
283,22,5.945946,1097,75.603032,1010,76.341648,0,0.000000
177,23,6.216216,1098,75.671950,1010,76.341648,0,0.000000
145,24,6.486486,1098,75.671950,1010,76.341648,0,0.000000
46,25,6.756757,1099,75.740868,1010,76.341648,0,0.000000
280,26,7.027027,1099,75.740868,1010,76.341648,0,0.000000
149,27,7.297297,1099,75.740868,1010,76.341648,0,0.000000
341,28,7.567568,1099,75.740868,1010,76.341648,0,0.000000
76,29,7.837838,1100,75.809786,1014,76.643991,0,0.000000
292,30,8.108108,1100,75.809786,1014,76.643991,0,0.000000
248,31,8.378378,1100,75.809786,1014,76.643991,0,0.000000
275,32,8.648649,1100,75.809786,1014,76.643991,0,0.000000
128,33,8.918919,1100,75.809786,1014,76.643991,0,0.000000
186,34,9.189189,1100,75.809786,1014,76.643991,0,0.000000
71,35,9.459459,1100,75.809786,1014,76.643991,0,0.000000
93,36,9.729730,1102,75.947622,1014,76.643991,0,0.000000
187,37,10.000000,1102,75.947622,1014,76.643991,0,0.000000
