TestcaseNumber,TestcaseCount,TestcaseRatio,StatementCount,StatementRatio,BranchCount,BranchRatio,FaultCount,FaultRatio
180,1,0.270270,532,36.664369,495,37.414966,0,0.000000
76,2,0.540541,655,45.141282,603,45.578231,0,0.000000
233,3,0.810811,707,48.725017,633,47.845805,0,0.000000
332,4,1.081081,869,59.889731,814,61.526833,0,0.000000
260,5,1.351351,889,61.268091,838,63.340892,0,0.000000
218,6,1.621622,889,61.268091,838,63.340892,0,0.000000
346,7,1.891892,897,61.819435,840,63.492063,0,0.000000
43,8,2.162162,902,62.164025,842,63.643235,0,0.000000
225,9,2.432432,913,62.922123,842,63.643235,0,0.000000
242,10,2.702703,920,63.404549,850,64.247921,0,0.000000
146,11,2.972973,920,63.404549,850,64.247921,0,0.000000
278,12,3.243243,920,63.404549,850,64.247921,0,0.000000
159,13,3.513514,928,63.955892,858,64.852608,0,0.000000
95,14,3.783784,937,64.576154,862,65.154951,0,0.000000
368,15,4.054054,942,64.920744,862,65.154951,0,0.000000
149,16,4.324324,972,66.988284,900,68.027211,0,0.000000
350,17,4.594595,972,66.988284,900,68.027211,0,0.000000
229,18,4.864865,979,67.470710,904,68.329554,0,0.000000
50,19,5.135135,979,67.470710,904,68.329554,0,0.000000
167,20,5.405405,979,67.470710,904,68.329554,0,0.000000
359,21,5.675676,979,67.470710,904,68.329554,0,0.000000
161,22,5.945946,981,67.608546,904,68.329554,0,0.000000
281,23,6.216216,997,68.711234,914,69.085412,0,0.000000
234,24,6.486486,997,68.711234,914,69.085412,0,0.000000
