TestcaseNumber,TestcaseCount,TestcaseRatio,StatementCount,StatementRatio,BranchCount,BranchRatio,FaultCount,FaultRatio
203,1,0.270270,587,40.454859,559,42.252457,0,0.000000
214,2,0.540541,692,47.691247,627,47.392290,0,0.000000
289,3,0.810811,752,51.826327,679,51.322751,0,0.000000
113,4,1.081081,871,60.027567,832,62.887377,0,0.000000
299,5,1.351351,890,61.337009,842,63.643235,0,0.000000
346,6,1.621622,902,62.164025,848,64.096750,0,0.000000
251,7,1.891892,925,63.749139,858,64.852608,0,0.000000
250,8,2.162162,925,63.749139,858,64.852608,0,0.000000
157,9,2.432432,933,64.300482,866,65.457294,0,0.000000
206,10,2.702703,934,64.369400,868,65.608466,0,0.000000
227,11,2.972973,945,65.127498,868,65.608466,0,0.000000
324,12,3.243243,960,66.161268,878,66.364324,0,0.000000
181,13,3.513514,964,66.436940,878,66.364324,0,0.000000
68,14,3.783784,964,66.436940,878,66.364324,0,0.000000
308,15,4.054054,966,66.574776,880,66.515495,0,0.000000
164,16,4.324324,980,67.539628,898,67.876039,0,0.000000
118,17,4.594595,980,67.539628,898,67.876039,0,0.000000
42,18,4.864865,980,67.539628,898,67.876039,0,0.000000
30,19,5.135135,1153,79.462440,1063,80.347695,0,0.000000
349,20,5.405405,1177,81.116471,1083,81.859410,0,0.000000
283,21,5.675676,1188,81.874569,1087,82.161754,0,0.000000
11,22,5.945946,1196,82.425913,1091,82.464097,0,0.000000
307,23,6.216216,1196,82.425913,1091,82.464097,0,0.000000
110,24,6.486486,1196,82.425913,1091,82.464097,0,0.000000
22,25,6.756757,1214,83.666437,1095,82.766440,0,0.000000
368,26,7.027027,1219,84.011027,1095,82.766440,0,0.000000
192,27,7.297297,1219,84.011027,1095,82.766440,0,0.000000
319,28,7.567568,1219,84.011027,1095,82.766440,0,0.000000
10,29,7.837838,1219,84.011027,1095,82.766440,0,0.000000
39,30,8.108108,1222,84.217781,1095,82.766440,0,0.000000
285,31,8.378378,1222,84.217781,1095,82.766440,0,0.000000
211,32,8.648649,1228,84.631289,1097,82.917611,0,0.000000
89,33,8.918919,1235,85.113715,1103,83.371126,0,0.000000
267,34,9.189189,1235,85.113715,1103,83.371126,0,0.000000
82,35,9.459459,1235,85.113715,1103,83.371126,0,0.000000
223,36,9.729730,1242,85.596141,1107,83.673469,0,0.000000
135,37,10.000000,1242,85.596141,1107,83.673469,0,0.000000
105,38,10.270270,1242,85.596141,1107,83.673469,0,0.000000
67,39,10.540541,1242,85.596141,1107,83.673469,0,0.000000
