TestcaseNumber,TestcaseCount,TestcaseRatio,StatementCount,StatementRatio,BranchCount,BranchRatio,FaultCount,FaultRatio
64,1,0.270270,513,35.354928,494,37.339380,0,0.000000
146,2,0.540541,628,43.280496,586,44.293273,0,0.000000
334,3,0.810811,719,49.552033,655,49.508692,0,0.000000
38,4,1.081081,749,51.619573,663,50.113379,0,0.000000
344,5,1.351351,794,54.720882,697,52.683296,0,0.000000
270,6,1.621622,802,55.272226,701,52.985639,0,0.000000
215,7,1.891892,833,57.408684,715,54.043840,0,0.000000
56,8,2.162162,856,58.993797,737,55.706727,0,0.000000
264,9,2.432432,856,58.993797,737,55.706727,0,0.000000
357,10,2.702703,862,59.407305,739,55.857899,0,0.000000
165,11,2.972973,940,64.782908,854,64.550265,0,0.000000
101,12,3.243243,940,64.782908,854,64.550265,0,0.000000
119,13,3.513514,955,65.816678,882,66.666667,0,0.000000
213,14,3.783784,955,65.816678,882,66.666667,0,0.000000
293,15,4.054054,961,66.230186,884,66.817838,0,0.000000
80,16,4.324324,961,66.230186,884,66.817838,0,0.000000
243,17,4.594595,961,66.230186,884,66.817838,0,0.000000
28,18,4.864865,989,68.159890,902,68.178382,0,0.000000
154,19,5.135135,989,68.159890,902,68.178382,0,0.000000
31,20,5.405405,994,68.504480,902,68.178382,0,0.000000
116,21,5.675676,994,68.504480,902,68.178382,0,0.000000
187,22,5.945946,1009,69.538249,912,68.934240,0,0.000000
155,23,6.216216,1009,69.538249,912,68.934240,0,0.000000
236,24,6.486486,1009,69.538249,912,68.934240,0,0.000000
348,25,6.756757,1036,71.399035,936,70.748299,0,0.000000
252,26,7.027027,1036,71.399035,936,70.748299,0,0.000000
288,27,7.297297,1038,71.536871,936,70.748299,0,0.000000
339,28,7.567568,1038,71.536871,940,71.050642,0,0.000000
72,29,7.837838,1038,71.536871,940,71.050642,0,0.000000
43,30,8.108108,1038,71.536871,940,71.050642,0,0.000000
118,31,8.378378,1038,71.536871,940,71.050642,0,0.000000
222,32,8.648649,1045,72.019297,944,71.352986,0,0.000000
284,33,8.918919,1045,72.019297,944,71.352986,0,0.000000
37,34,9.189189,1045,72.019297,944,71.352986,0,0.000000
44,35,9.459459,1045,72.019297,944,71.352986,0,0.000000
333,36,9.729730,1045,72.019297,944,71.352986,0,0.000000
277,37,10.000000,1053,72.570641,944,71.352986,0,0.000000
60,38,10.270270,1053,72.570641,944,71.352986,0,0.000000
128,39,10.540541,1053,72.570641,944,71.352986,0,0.000000
