TestcaseNumber,TestcaseCount,TestcaseRatio,StatementCount,StatementRatio,BranchCount,BranchRatio,FaultCount,FaultRatio
63,1,0.270270,563,38.800827,529,39.984883,0,0.000000
99,2,0.540541,586,40.385941,543,41.043084,0,0.000000
22,3,0.810811,612,42.177808,549,41.496599,0,0.000000
87,4,1.081081,633,43.625086,563,42.554800,0,0.000000
205,5,1.351351,686,47.277739,607,45.880574,0,0.000000
106,6,1.621622,713,49.138525,623,47.089947,0,0.000000
276,7,1.891892,755,52.033081,659,49.811036,0,0.000000
365,8,2.162162,760,52.377671,659,49.811036,0,0.000000
162,9,2.432432,920,63.404549,801,60.544218,0,0.000000
46,10,2.702703,926,63.818057,803,60.695389,0,0.000000
175,11,2.972973,934,64.369400,807,60.997732,0,0.000000
50,12,3.243243,934,64.369400,807,60.997732,0,0.000000
313,13,3.513514,940,64.782908,809,61.148904,0,0.000000
296,14,3.783784,964,66.436940,831,62.811791,0,0.000000
263,15,4.054054,964,66.436940,833,62.962963,0,0.000000
324,16,4.324324,976,67.263956,843,63.718821,0,0.000000
308,17,4.594595,999,68.849070,902,68.178382,0,0.000000
206,18,4.864865,999,68.849070,902,68.178382,0,0.000000
209,19,5.135135,999,68.849070,902,68.178382,0,0.000000
128,20,5.405405,1014,69.882839,920,69.538927,0,0.000000
1,21,5.675676,1035,71.330117,928,70.143613,0,0.000000
83,22,5.945946,1035,71.330117,928,70.143613,0,0.000000
355,23,6.216216,1035,71.330117,928,70.143613,0,0.000000
317,24,6.486486,1038,71.536871,932,70.445956,0,0.000000
105,25,6.756757,1038,71.536871,932,70.445956,0,0.000000
262,26,7.027027,1038,71.536871,932,70.445956,0,0.000000
121,27,7.297297,1038,71.536871,932,70.445956,0,0.000000
79,28,7.567568,1044,71.950379,934,70.597128,0,0.000000
