TestcaseNumber,TestcaseCount,TestcaseRatio,StatementCount,StatementRatio,BranchCount,BranchRatio,FaultCount,FaultRatio
11,1,0.270270,80,5.513439,73,5.517763,0,0.000000
71,2,0.540541,293,20.192970,243,18.367347,0,0.000000
230,3,0.810811,588,40.523777,528,39.909297,0,0.000000
331,4,1.081081,856,58.993797,763,57.671958,0,0.000000
123,5,1.351351,858,59.131633,763,57.671958,0,0.000000
284,6,1.621622,858,59.131633,763,57.671958,0,0.000000
289,7,1.891892,866,59.682977,771,58.276644,0,0.000000
189,8,2.162162,926,63.818057,848,64.096750,0,0.000000
212,9,2.432432,931,64.162646,858,64.852608,0,0.000000
12,10,2.702703,943,64.989662,860,65.003779,0,0.000000
144,11,2.972973,943,64.989662,860,65.003779,0,0.000000
276,12,3.243243,946,65.196416,862,65.154951,0,0.000000
143,13,3.513514,946,65.196416,862,65.154951,0,0.000000
52,14,3.783784,946,65.196416,862,65.154951,0,0.000000
181,15,4.054054,946,65.196416,862,65.154951,0,0.000000
68,16,4.324324,946,65.196416,862,65.154951,0,0.000000
69,17,4.594595,946,65.196416,862,65.154951,0,0.000000
134,18,4.864865,968,66.712612,874,66.061980,0,0.000000
348,19,5.135135,968,66.712612,874,66.061980,0,0.000000
17,20,5.405405,971,66.919366,874,66.061980,0,0.000000
81,21,5.675676,971,66.919366,874,66.061980,0,0.000000
220,22,5.945946,977,67.332874,876,66.213152,0,0.000000
117,23,6.216216,977,67.332874,876,66.213152,0,0.000000
246,24,6.486486,977,67.332874,876,66.213152,0,0.000000
131,25,6.756757,1014,69.882839,914,69.085412,0,0.000000
327,26,7.027027,1014,69.882839,914,69.085412,0,0.000000
352,27,7.297297,1014,69.882839,914,69.085412,0,0.000000
202,28,7.567568,1075,74.086837,996,75.283447,0,0.000000
18,29,7.837838,1079,74.362509,998,75.434618,0,0.000000
