TestcaseNumber,TestcaseCount,TestcaseRatio,StatementCount,StatementRatio,BranchCount,BranchRatio,FaultCount,FaultRatio
41,1,0.270270,528,36.388697,511,38.624339,0,0.000000
128,2,0.540541,808,55.685734,778,58.805745,0,0.000000
337,3,0.810811,835,57.546520,790,59.712774,0,0.000000
358,4,1.081081,835,57.546520,790,59.712774,0,0.000000
368,5,1.351351,840,57.891110,790,59.712774,0,0.000000
244,6,1.621622,863,59.476223,812,61.375661,0,0.000000
14,7,1.891892,871,60.027567,812,61.375661,0,0.000000
223,8,2.162162,892,61.474845,822,62.131519,0,0.000000
16,9,2.432432,892,61.474845,822,62.131519,0,0.000000
317,10,2.702703,915,63.059959,844,63.794407,0,0.000000
159,11,2.972973,929,64.024810,854,64.550265,0,0.000000
60,12,3.243243,929,64.024810,854,64.550265,0,0.000000
17,13,3.513514,935,64.438318,856,64.701436,0,0.000000
107,14,3.783784,936,64.507236,856,64.701436,0,0.000000
344,15,4.054054,945,65.127498,860,65.003779,0,0.000000
70,16,4.324324,945,65.127498,860,65.003779,0,0.000000
151,17,4.594595,973,67.057202,898,67.876039,0,0.000000
187,18,4.864865,973,67.057202,898,67.876039,0,0.000000
48,19,5.135135,973,67.057202,898,67.876039,0,0.000000
141,20,5.405405,974,67.126120,900,68.027211,0,0.000000
183,21,5.675676,974,67.126120,900,68.027211,0,0.000000
234,22,5.945946,998,68.780152,920,69.538927,0,0.000000
8,23,6.216216,1021,70.365265,926,69.992441,0,0.000000
152,24,6.486486,1021,70.365265,926,69.992441,0,0.000000
369,25,6.756757,1021,70.365265,926,69.992441,0,0.000000
45,26,7.027027,1021,70.365265,926,69.992441,0,0.000000
160,27,7.297297,1023,70.503101,926,69.992441,0,0.000000
333,28,7.567568,1023,70.503101,926,69.992441,0,0.000000
127,29,7.837838,1027,70.778773,926,69.992441,0,0.000000
320,30,8.108108,1028,70.847691,926,69.992441,0,0.000000
155,31,8.378378,1028,70.847691,926,69.992441,0,0.000000
124,32,8.648649,1028,70.847691,926,69.992441,0,0.000000
114,33,8.918919,1028,70.847691,926,69.992441,0,0.000000
207,34,9.189189,1035,71.330117,936,70.748299,0,0.000000
253,35,9.459459,1035,71.330117,936,70.748299,0,0.000000
69,36,9.729730,1035,71.330117,936,70.748299,0,0.000000
173,37,10.000000,1035,71.330117,936,70.748299,0,0.000000
129,38,10.270270,1035,71.330117,936,70.748299,0,0.000000
316,39,10.540541,1035,71.330117,936,70.748299,0,0.000000
229,40,10.810811,1035,71.330117,936,70.748299,0,0.000000
74,41,11.081081,1035,71.330117,936,70.748299,0,0.000000
