TestcaseNumber,TestcaseCount,TestcaseRatio,StatementCount,StatementRatio,BranchCount,BranchRatio,FaultCount,FaultRatio
318,1,0.270270,565,38.938663,516,39.002268,0,0.000000
63,2,0.540541,689,47.484493,621,46.938776,0,0.000000
195,3,0.810811,737,50.792557,653,49.357521,0,0.000000
230,4,1.081081,753,51.895245,669,50.566893,0,0.000000
16,5,1.351351,753,51.895245,669,50.566893,0,0.000000
124,6,1.621622,791,54.514128,701,52.985639,0,0.000000
128,7,1.891892,919,63.335631,858,64.852608,0,0.000000
40,8,2.162162,927,63.886975,862,65.154951,0,0.000000
139,9,2.432432,933,64.300482,870,65.759637,0,0.000000
194,10,2.702703,933,64.300482,870,65.759637,0,0.000000
123,11,2.972973,933,64.300482,870,65.759637,0,0.000000
49,12,3.243243,948,65.334252,884,66.817838,0,0.000000
205,13,3.513514,955,65.816678,888,67.120181,0,0.000000
259,14,3.783784,983,67.746382,900,68.027211,0,0.000000
215,15,4.054054,996,68.642316,906,68.480726,0,0.000000
80,16,4.324324,1002,69.055824,906,68.480726,0,0.000000
339,17,4.594595,1003,69.124742,924,69.841270,0,0.000000
188,18,4.864865,1003,69.124742,924,69.841270,0,0.000000
238,19,5.135135,1003,69.124742,924,69.841270,0,0.000000
249,20,5.405405,1025,70.640937,930,70.294785,0,0.000000
55,21,5.675676,1025,70.640937,930,70.294785,0,0.000000
53,22,5.945946,1025,70.640937,930,70.294785,0,0.000000
232,23,6.216216,1025,70.640937,930,70.294785,0,0.000000
21,24,6.486486,1038,71.536871,934,70.597128,0,0.000000
2,25,6.756757,1041,71.743625,934,70.597128,0,0.000000
