TestcaseNumber,TestcaseCount,TestcaseRatio,StatementCount,StatementRatio,BranchCount,BranchRatio,FaultCount,FaultRatio
90,1,0.270270,536,36.940041,531,40.136054,0,0.000000
316,2,0.540541,669,46.106134,615,46.485261,0,0.000000
220,3,0.810811,707,48.725017,637,48.148148,0,0.000000
186,4,1.081081,856,58.993797,822,62.131519,0,0.000000
87,5,1.351351,882,60.785665,834,63.038549,0,0.000000
102,6,1.621622,886,61.061337,842,63.643235,0,0.000000
273,7,1.891892,900,62.026189,844,63.794407,0,0.000000
301,8,2.162162,909,62.646451,848,64.096750,0,0.000000
96,9,2.432432,909,62.646451,848,64.096750,0,0.000000
235,10,2.702703,917,63.197795,848,64.096750,0,0.000000
23,11,2.972973,940,64.782908,862,65.154951,0,0.000000
188,12,3.243243,946,65.196416,864,65.306122,0,0.000000
312,13,3.513514,948,65.334252,864,65.306122,0,0.000000
98,14,3.783784,948,65.334252,864,65.306122,0,0.000000
297,15,4.054054,971,66.919366,888,67.120181,0,0.000000
58,16,4.324324,971,66.919366,888,67.120181,0,0.000000
300,17,4.594595,972,66.988284,888,67.120181,0,0.000000
350,18,4.864865,972,66.988284,888,67.120181,0,0.000000
173,19,5.135135,975,67.195038,890,67.271353,0,0.000000
281,20,5.405405,975,67.195038,892,67.422525,0,0.000000
15,21,5.675676,1002,69.055824,900,68.027211,0,0.000000
347,22,5.945946,1022,70.434183,920,69.538927,0,0.000000
13,23,6.216216,1030,70.985527,920,69.538927,0,0.000000
117,24,6.486486,1030,70.985527,920,69.538927,0,0.000000
264,25,6.756757,1030,70.985527,920,69.538927,0,0.000000
92,26,7.027027,1038,71.536871,928,70.143613,0,0.000000
233,27,7.297297,1038,71.536871,928,70.143613,0,0.000000
296,28,7.567568,1038,71.536871,928,70.143613,0,0.000000
179,29,7.837838,1044,71.950379,928,70.143613,0,0.000000
31,30,8.108108,1049,72.294969,928,70.143613,0,0.000000
112,31,8.378378,1049,72.294969,928,70.143613,0,0.000000
359,32,8.648649,1049,72.294969,928,70.143613,0,0.000000
120,33,8.918919,1049,72.294969,928,70.143613,0,0.000000
291,34,9.189189,1052,72.501723,932,70.445956,0,0.000000
67,35,9.459459,1052,72.501723,932,70.445956,0,0.000000
93,36,9.729730,1054,72.639559,932,70.445956,0,0.000000
228,37,10.000000,1055,72.708477,932,70.445956,0,0.000000
323,38,10.270270,1055,72.708477,932,70.445956,0,0.000000
325,39,10.540541,1055,72.708477,932,70.445956,0,0.000000
114,40,10.810811,1055,72.708477,932,70.445956,0,0.000000
181,41,11.081081,1055,72.708477,932,70.445956,0,0.000000
24,42,11.351351,1058,72.915231,932,70.445956,0,0.000000
