TestcaseNumber,TestcaseCount,TestcaseRatio,StatementCount,StatementRatio,BranchCount,BranchRatio,FaultCount,FaultRatio
89,1,0.270270,556,38.318401,537,40.589569,0,0.000000
184,2,0.540541,851,58.649207,814,61.526833,0,0.000000
236,3,0.810811,874,60.234321,834,63.038549,0,0.000000
25,4,1.081081,891,61.405927,846,63.945578,0,0.000000
213,5,1.351351,898,61.888353,856,64.701436,0,0.000000
360,6,1.621622,951,65.541006,930,70.294785,0,0.000000
289,7,1.891892,974,67.126120,950,71.806500,0,0.000000
145,8,2.162162,974,67.126120,950,71.806500,0,0.000000
283,9,2.432432,981,67.608546,952,71.957672,0,0.000000
364,10,2.702703,986,67.953136,952,71.957672,0,0.000000
59,11,2.972973,991,68.297726,954,72.108844,0,0.000000
117,12,3.243243,994,68.504480,954,72.108844,0,0.000000
100,13,3.513514,994,68.504480,954,72.108844,0,0.000000
349,14,3.783784,1012,69.745003,968,73.167045,0,0.000000
4,15,4.054054,1030,70.985527,976,73.771731,0,0.000000
274,16,4.324324,1036,71.399035,980,74.074074,0,0.000000
354,17,4.594595,1036,71.399035,980,74.074074,0,0.000000
359,18,4.864865,1036,71.399035,980,74.074074,0,0.000000
82,19,5.135135,1036,71.399035,980,74.074074,0,0.000000
118,20,5.405405,1036,71.399035,980,74.074074,0,0.000000
69,21,5.675676,1046,72.088215,980,74.074074,0,0.000000
10,22,5.945946,1046,72.088215,980,74.074074,0,0.000000
204,23,6.216216,1064,73.328739,992,74.981104,0,0.000000
241,24,6.486486,1064,73.328739,992,74.981104,0,0.000000
150,25,6.756757,1064,73.328739,992,74.981104,0,0.000000
62,26,7.027027,1064,73.328739,992,74.981104,0,0.000000
242,27,7.297297,1064,73.328739,992,74.981104,0,0.000000
358,28,7.567568,1064,73.328739,992,74.981104,0,0.000000
16,29,7.837838,1064,73.328739,992,74.981104,0,0.000000
80,30,8.108108,1064,73.328739,992,74.981104,0,0.000000
98,31,8.378378,1064,73.328739,992,74.981104,0,0.000000
193,32,8.648649,1064,73.328739,992,74.981104,0,0.000000
93,33,8.918919,1066,73.466575,992,74.981104,0,0.000000
271,34,9.189189,1068,73.604411,992,74.981104,0,0.000000
8,35,9.459459,1081,74.500345,994,75.132275,0,0.000000
346,36,9.729730,1082,74.569263,994,75.132275,0,0.000000
153,37,10.000000,1082,74.569263,994,75.132275,0,0.000000
111,38,10.270270,1088,74.982771,996,75.283447,0,0.000000
282,39,10.540541,1089,75.051688,996,75.283447,0,0.000000
146,40,10.810811,1089,75.051688,996,75.283447,0,0.000000
