TestcaseNumber,TestcaseCount,TestcaseRatio,StatementCount,StatementRatio,BranchCount,BranchRatio,FaultCount,FaultRatio
40,1,0.270270,512,35.286010,501,37.868481,0,0.000000
39,2,0.540541,684,47.139904,625,47.241119,0,0.000000
222,3,0.810811,705,48.587181,635,47.996977,0,0.000000
205,4,1.081081,771,53.135768,673,50.869237,0,0.000000
229,5,1.351351,793,54.651964,689,52.078609,0,0.000000
369,6,1.621622,798,54.996554,689,52.078609,0,0.000000
64,7,1.891892,802,55.272226,691,52.229781,0,0.000000
318,8,2.162162,814,56.099242,693,52.380952,0,0.000000
110,9,2.432432,814,56.099242,693,52.380952,0,0.000000
357,10,2.702703,822,56.650586,695,52.532124,0,0.000000
117,11,2.972973,928,63.955892,842,63.643235,0,0.000000
77,12,3.243243,939,64.713990,846,63.945578,0,0.000000
11,13,3.513514,947,65.265334,850,64.247921,0,0.000000
303,14,3.783784,955,65.816678,854,64.550265,0,0.000000
26,15,4.054054,1012,69.745003,906,68.480726,0,0.000000
310,16,4.324324,1020,70.296347,914,69.085412,0,0.000000
113,17,4.594595,1020,70.296347,914,69.085412,0,0.000000
251,18,4.864865,1020,70.296347,914,69.085412,0,0.000000
294,19,5.135135,1044,71.950379,934,70.597128,0,0.000000
60,20,5.405405,1047,72.157133,940,71.050642,0,0.000000
109,21,5.675676,1048,72.226051,940,71.050642,0,0.000000
233,22,5.945946,1052,72.501723,940,71.050642,0,0.000000
330,23,6.216216,1057,72.846313,940,71.050642,0,0.000000
336,24,6.486486,1057,72.846313,940,71.050642,0,0.000000
345,25,6.756757,1058,72.915231,940,71.050642,0,0.000000
305,26,7.027027,1058,72.915231,940,71.050642,0,0.000000
334,27,7.297297,1061,73.121985,944,71.352986,0,0.000000
317,28,7.567568,1061,73.121985,944,71.352986,0,0.000000
101,29,7.837838,1061,73.121985,944,71.352986,0,0.000000
10,30,8.108108,1061,73.121985,944,71.352986,0,0.000000
241,31,8.378378,1061,73.121985,944,71.352986,0,0.000000
342,32,8.648649,1061,73.121985,944,71.352986,0,0.000000
68,33,8.918919,1061,73.121985,944,71.352986,0,0.000000
331,34,9.189189,1061,73.121985,944,71.352986,0,0.000000
