TestcaseNumber,TestcaseCount,TestcaseRatio,StatementCount,StatementRatio,BranchCount,BranchRatio,FaultCount,FaultRatio
344,1,0.270270,508,35.010338,498,37.641723,0,0.000000
56,2,0.540541,560,38.594073,546,41.269841,0,0.000000
55,3,0.810811,627,43.211578,589,44.520030,0,0.000000
60,4,1.081081,672,46.312888,619,46.787604,0,0.000000
291,5,1.351351,779,53.687112,701,52.985639,0,0.000000
179,6,1.621622,796,54.858718,705,53.287982,0,0.000000
309,7,1.891892,925,63.749139,868,65.608466,0,0.000000
10,8,2.162162,943,64.989662,876,66.213152,0,0.000000
17,9,2.432432,946,65.196416,876,66.213152,0,0.000000
367,10,2.702703,951,65.541006,876,66.213152,3,1.000000
276,11,2.972973,972,66.988284,884,66.817838,3,1.000000
180,12,3.243243,972,66.988284,884,66.817838,3,1.000000
54,13,3.513514,972,66.988284,884,66.817838,3,1.000000
58,14,3.783784,972,66.988284,884,66.817838,3,1.000000
28,15,4.054054,999,68.849070,902,68.178382,3,1.000000
359,16,4.324324,999,68.849070,902,68.178382,3,1.000000
203,17,4.594595,1006,69.331496,912,68.934240,3,1.000000
213,18,4.864865,1013,69.813921,914,69.085412,3,1.000000
12,19,5.135135,1025,70.640937,916,69.236584,3,1.000000
83,20,5.405405,1025,70.640937,916,69.236584,3,1.000000
82,21,5.675676,1025,70.640937,916,69.236584,3,1.000000
369,22,5.945946,1025,70.640937,916,69.236584,3,1.000000
251,23,6.216216,1025,70.640937,918,69.387755,3,1.000000
