TestcaseNumber,TestcaseCount,TestcaseRatio,StatementCount,StatementRatio,BranchCount,BranchRatio,FaultCount,FaultRatio
77,1,0.270270,548,37.767057,519,39.229025,0,0.000000
19,2,0.540541,559,38.525155,523,39.531368,0,0.000000
324,3,0.810811,797,54.927636,725,54.799698,0,0.000000
29,4,1.081081,970,66.850448,923,69.765684,0,0.000000
14,5,1.351351,978,67.401792,923,69.765684,0,0.000000
257,6,1.621622,1006,69.331496,941,71.126228,0,0.000000
121,7,1.891892,1011,69.676085,943,71.277400,0,0.000000
33,8,2.162162,1038,71.536871,953,72.033258,0,0.000000
258,9,2.432432,1088,74.982771,989,74.754346,0,0.000000
41,10,2.702703,1089,75.051688,993,75.056689,0,0.000000
178,11,2.972973,1091,75.189524,995,75.207861,0,0.000000
179,12,3.243243,1091,75.189524,995,75.207861,0,0.000000
135,13,3.513514,1111,76.567884,1007,76.114890,0,0.000000
27,14,3.783784,1133,78.084080,1025,77.475435,0,0.000000
332,15,4.054054,1173,80.840799,1065,80.498866,0,0.000000
22,16,4.324324,1193,82.219159,1071,80.952381,0,0.000000
327,17,4.594595,1201,82.770503,1089,82.312925,0,0.000000
43,18,4.864865,1201,82.770503,1089,82.312925,0,0.000000
175,19,5.135135,1205,83.046175,1091,82.464097,0,0.000000
71,20,5.405405,1205,83.046175,1091,82.464097,0,0.000000
293,21,5.675676,1205,83.046175,1091,82.464097,0,0.000000
42,22,5.945946,1205,83.046175,1091,82.464097,0,0.000000
24,23,6.216216,1208,83.252929,1095,82.766440,0,0.000000
99,24,6.486486,1211,83.459683,1101,83.219955,0,0.000000
195,25,6.756757,1219,84.011027,1109,83.824641,0,0.000000
