TestcaseNumber,TestcaseCount,TestcaseRatio,StatementCount,StatementRatio,BranchCount,BranchRatio,FaultCount,FaultRatio
303,1,0.270270,643,44.314266,589,44.520030,0,0.000000
341,2,0.540541,677,46.657478,609,46.031746,0,0.000000
344,3,0.810811,707,48.725017,633,47.845805,0,0.000000
290,4,1.081081,714,49.207443,637,48.148148,0,0.000000
52,5,1.351351,733,50.516885,649,49.055178,0,0.000000
164,6,1.621622,882,60.785665,820,61.980348,0,0.000000
241,7,1.891892,903,62.232943,830,62.736206,0,0.000000
169,8,2.162162,911,62.784287,844,63.794407,0,0.000000
275,9,2.432432,917,63.197795,846,63.945578,0,0.000000
66,10,2.702703,930,64.093728,860,65.003779,0,0.000000
304,11,2.972973,930,64.093728,860,65.003779,0,0.000000
62,12,3.243243,930,64.093728,860,65.003779,0,0.000000
328,13,3.513514,938,64.645072,868,65.608466,0,0.000000
151,14,3.783784,971,66.919366,908,68.631897,0,0.000000
292,15,4.054054,971,66.919366,908,68.631897,0,0.000000
329,16,4.324324,971,66.919366,908,68.631897,0,0.000000
121,17,4.594595,971,66.919366,908,68.631897,0,0.000000
278,18,4.864865,979,67.470710,912,68.934240,0,0.000000
2,19,5.135135,982,67.677464,912,68.934240,0,0.000000
184,20,5.405405,982,67.677464,912,68.934240,0,0.000000
333,21,5.675676,982,67.677464,912,68.934240,0,0.000000
200,22,5.945946,1040,71.674707,992,74.981104,0,0.000000
72,23,6.216216,1040,71.674707,992,74.981104,0,0.000000
103,24,6.486486,1047,72.157133,994,75.132275,0,0.000000
204,25,6.756757,1048,72.226051,994,75.132275,0,0.000000
71,26,7.027027,1048,72.226051,994,75.132275,0,0.000000
352,27,7.297297,1048,72.226051,994,75.132275,0,0.000000
