TestcaseNumber,TestcaseCount,TestcaseRatio,StatementCount,StatementRatio,BranchCount,BranchRatio,FaultCount,FaultRatio
195,1,0.270270,614,42.315644,563,42.554800,0,0.000000
332,2,0.540541,798,54.996554,777,58.730159,0,0.000000
210,3,0.810811,811,55.892488,791,59.788360,0,0.000000
56,4,1.081081,819,56.443832,791,59.788360,0,0.000000
133,5,1.351351,879,60.578911,820,61.980348,0,0.000000
125,6,1.621622,915,63.059959,850,64.247921,0,0.000000
251,7,1.891892,958,66.023432,880,66.515495,0,0.000000
39,8,2.162162,962,66.299104,880,66.515495,0,0.000000
17,9,2.432432,968,66.712612,882,66.666667,0,0.000000
306,10,2.702703,987,68.022054,892,67.422525,0,0.000000
281,11,2.972973,994,68.504480,894,67.573696,0,0.000000
297,12,3.243243,994,68.504480,898,67.876039,0,0.000000
33,13,3.513514,1000,68.917988,902,68.178382,0,0.000000
52,14,3.783784,1000,68.917988,902,68.178382,0,0.000000
292,15,4.054054,1000,68.917988,902,68.178382,0,0.000000
213,16,4.324324,1002,69.055824,904,68.329554,0,0.000000
289,17,4.594595,1006,69.331496,908,68.631897,0,0.000000
349,18,4.864865,1010,69.607167,908,68.631897,0,0.000000
59,19,5.135135,1015,69.951757,910,68.783069,0,0.000000
111,20,5.405405,1025,70.640937,918,69.387755,0,0.000000
212,21,5.675676,1025,70.640937,918,69.387755,0,0.000000
193,22,5.945946,1025,70.640937,918,69.387755,0,0.000000
