TestcaseNumber,TestcaseCount,TestcaseRatio,StatementCount,StatementRatio,BranchCount,BranchRatio,FaultCount,FaultRatio
40,1,0.270270,512,35.286010,501,37.868481,0,0.000000
171,2,0.540541,709,48.862853,633,47.845805,0,0.000000
302,3,0.810811,731,50.379049,645,48.752834,0,0.000000
267,4,1.081081,737,50.792557,645,48.752834,0,0.000000
148,5,1.351351,874,60.234321,824,62.282691,0,0.000000
322,6,1.621622,877,60.441075,826,62.433862,0,0.000000
308,7,1.891892,882,60.785665,828,62.585034,0,0.000000
46,8,2.162162,883,60.854583,828,62.585034,0,0.000000
162,9,2.432432,913,62.922123,850,64.247921,0,0.000000
88,10,2.702703,920,63.404549,852,64.399093,0,0.000000
216,11,2.972973,920,63.404549,852,64.399093,0,0.000000
252,12,3.243243,920,63.404549,852,64.399093,0,0.000000
125,13,3.513514,924,63.680221,852,64.399093,0,0.000000
277,14,3.783784,952,65.609924,870,65.759637,0,0.000000
132,15,4.054054,952,65.609924,870,65.759637,0,0.000000
192,16,4.324324,966,66.574776,880,66.515495,0,0.000000
220,17,4.594595,966,66.574776,880,66.515495,0,0.000000
82,18,4.864865,966,66.574776,880,66.515495,0,0.000000
233,19,5.135135,966,66.574776,880,66.515495,0,0.000000
30,20,5.405405,1140,78.566506,1053,79.591837,0,0.000000
29,21,5.675676,1141,78.635424,1053,79.591837,0,0.000000
244,22,5.945946,1142,78.704342,1055,79.743008,0,0.000000
202,23,6.216216,1225,84.424535,1155,87.301587,0,0.000000
356,24,6.486486,1225,84.424535,1155,87.301587,0,0.000000
340,25,6.756757,1225,84.424535,1155,87.301587,0,0.000000
2,26,7.027027,1228,84.631289,1155,87.301587,0,0.000000
312,27,7.297297,1228,84.631289,1155,87.301587,0,0.000000
