TestcaseNumber,TestcaseCount,TestcaseRatio,StatementCount,StatementRatio,BranchCount,BranchRatio,FaultCount,FaultRatio
335,1,0.270270,648,44.658856,591,44.671202,0,0.000000
362,2,0.540541,777,53.549276,735,55.555556,0,0.000000
7,3,0.810811,805,55.478980,745,56.311413,0,0.000000
17,4,1.081081,826,56.926258,757,57.218443,0,0.000000
286,5,1.351351,836,57.615438,763,57.671958,0,0.000000
237,6,1.621622,869,59.889731,785,59.334845,0,0.000000
311,7,1.891892,898,61.888353,807,60.997732,0,0.000000
253,8,2.162162,916,63.128877,815,61.602419,0,0.000000
328,9,2.432432,916,63.128877,815,61.602419,0,0.000000
360,10,2.702703,957,65.954514,869,65.684051,0,0.000000
139,11,2.972973,973,67.057202,881,66.591081,0,0.000000
6,12,3.243243,973,67.057202,881,66.591081,0,0.000000
21,13,3.513514,984,67.815300,883,66.742252,0,0.000000
124,14,3.783784,1004,69.193660,903,68.253968,0,0.000000
111,15,4.054054,1011,69.676085,905,68.405140,0,0.000000
143,16,4.324324,1040,71.674707,931,70.370370,0,0.000000
31,17,4.594595,1045,72.019297,931,70.370370,0,0.000000
173,18,4.864865,1049,72.294969,931,70.370370,0,0.000000
128,19,5.135135,1081,74.500345,990,74.829932,0,0.000000
55,20,5.405405,1085,74.776017,990,74.829932,0,0.000000
38,21,5.675676,1088,74.982771,990,74.829932,0,0.000000
155,22,5.945946,1106,76.223294,1018,76.946334,0,0.000000
194,23,6.216216,1106,76.223294,1018,76.946334,0,0.000000
186,24,6.486486,1106,76.223294,1018,76.946334,0,0.000000
95,25,6.756757,1108,76.361130,1018,76.946334,0,0.000000
308,26,7.027027,1108,76.361130,1018,76.946334,0,0.000000
262,27,7.297297,1108,76.361130,1018,76.946334,0,0.000000
