TestcaseNumber,TestcaseCount,TestcaseRatio,StatementCount,StatementRatio,BranchCount,BranchRatio,FaultCount,FaultRatio
364,1,0.270270,17,1.171606,8,0.604686,0,0.000000
89,2,0.540541,561,38.662991,537,40.589569,0,0.000000
2,3,0.810811,564,38.869745,537,40.589569,0,0.000000
51,4,1.081081,757,52.170917,766,57.898715,0,0.000000
153,5,1.351351,915,63.059959,890,67.271353,0,0.000000
63,6,1.621622,936,64.507236,900,68.027211,0,0.000000
300,7,1.891892,953,65.678842,906,68.480726,0,0.000000
362,8,2.162162,965,66.505858,914,69.085412,0,0.000000
312,9,2.432432,971,66.919366,914,69.085412,0,0.000000
103,10,2.702703,975,67.195038,922,69.690098,0,0.000000
306,11,2.972973,975,67.195038,922,69.690098,0,0.000000
144,12,3.243243,975,67.195038,922,69.690098,0,0.000000
72,13,3.513514,975,67.195038,922,69.690098,0,0.000000
336,14,3.783784,979,67.470710,922,69.690098,0,0.000000
19,15,4.054054,981,67.608546,924,69.841270,0,0.000000
94,16,4.324324,1012,69.745003,952,71.957672,0,0.000000
166,17,4.594595,1026,70.709855,970,73.318216,0,0.000000
352,18,4.864865,1046,72.088215,990,74.829932,0,0.000000
88,19,5.135135,1046,72.088215,990,74.829932,0,0.000000
30,20,5.405405,1219,84.011027,1157,87.452759,0,0.000000
80,21,5.675676,1219,84.011027,1157,87.452759,0,0.000000
340,22,5.945946,1219,84.011027,1157,87.452759,0,0.000000
52,23,6.216216,1219,84.011027,1157,87.452759,0,0.000000
