TestcaseNumber,TestcaseCount,TestcaseRatio,StatementCount,StatementRatio,BranchCount,BranchRatio,FaultCount,FaultRatio
285,1,0.270270,257,17.711923,231,17.460317,0,0.000000
222,2,0.540541,581,40.041351,539,40.740741,0,0.000000
146,3,0.810811,701,48.311509,629,47.543462,0,0.000000
228,4,1.081081,737,50.792557,655,49.508692,0,0.000000
130,5,1.351351,870,59.958649,814,61.526833,0,0.000000
176,6,1.621622,871,60.027567,814,61.526833,0,0.000000
243,7,1.891892,890,61.337009,828,62.585034,0,0.000000
278,8,2.162162,896,61.750517,832,62.887377,0,0.000000
123,9,2.432432,896,61.750517,832,62.887377,0,0.000000
138,10,2.702703,898,61.888353,834,63.038549,0,0.000000
196,11,2.972973,939,64.713990,866,65.457294,0,0.000000
294,12,3.243243,944,65.058580,870,65.759637,0,0.000000
59,13,3.513514,944,65.058580,870,65.759637,0,0.000000
81,14,3.783784,947,65.265334,870,65.759637,0,0.000000
273,15,4.054054,947,65.265334,870,65.759637,0,0.000000
212,16,4.324324,947,65.265334,870,65.759637,0,0.000000
102,17,4.594595,948,65.334252,870,65.759637,0,0.000000
181,18,4.864865,952,65.609924,870,65.759637,0,0.000000
370,19,5.135135,952,65.609924,870,65.759637,0,0.000000
360,20,5.405405,1012,69.745003,950,71.806500,0,0.000000
255,21,5.675676,1012,69.745003,950,71.806500,0,0.000000
291,22,5.945946,1014,69.882839,952,71.957672,0,0.000000
284,23,6.216216,1014,69.882839,952,71.957672,0,0.000000
292,24,6.486486,1014,69.882839,952,71.957672,0,0.000000
324,25,6.756757,1014,69.882839,952,71.957672,0,0.000000
367,26,7.027027,1019,70.227429,952,71.957672,3,1.000000
62,27,7.297297,1038,71.536871,968,73.167045,3,1.000000
232,28,7.567568,1038,71.536871,968,73.167045,3,1.000000
109,29,7.837838,1045,72.019297,970,73.318216,3,1.000000
268,30,8.108108,1045,72.019297,970,73.318216,3,1.000000
216,31,8.378378,1045,72.019297,970,73.318216,3,1.000000
1,32,8.648649,1066,73.466575,978,73.922902,3,1.000000
334,33,8.918919,1070,73.742247,984,74.376417,3,1.000000
187,34,9.189189,1075,74.086837,1002,75.736961,3,1.000000
257,35,9.459459,1075,74.086837,1002,75.736961,3,1.000000
183,36,9.729730,1075,74.086837,1002,75.736961,3,1.000000
213,37,10.000000,1075,74.086837,1002,75.736961,3,1.000000
287,38,10.270270,1077,74.224673,1002,75.736961,3,1.000000
304,39,10.540541,1077,74.224673,1002,75.736961,3,1.000000
339,40,10.810811,1077,74.224673,1006,76.039305,3,1.000000
