TestcaseNumber,TestcaseCount,TestcaseRatio,StatementCount,StatementRatio,BranchCount,BranchRatio,FaultCount,FaultRatio
87,1,0.270270,501,34.527912,473,35.752079,0,0.000000
79,2,0.540541,550,37.904893,519,39.229025,0,0.000000
88,3,0.810811,601,41.419711,563,42.554800,0,0.000000
172,4,1.081081,752,51.826327,663,50.113379,0,0.000000
339,5,1.351351,873,60.165403,818,61.829176,0,0.000000
269,6,1.621622,875,60.303239,822,62.131519,0,0.000000
128,7,1.891892,913,62.922123,860,65.003779,0,0.000000
310,8,2.162162,921,63.473467,868,65.608466,0,0.000000
346,9,2.432432,941,64.851826,888,67.120181,0,0.000000
115,10,2.702703,946,65.196416,888,67.120181,0,0.000000
260,11,2.972973,949,65.403170,892,67.422525,0,0.000000
266,12,3.243243,950,65.472088,892,67.422525,0,0.000000
320,13,3.513514,961,66.230186,902,68.178382,0,0.000000
3,14,3.783784,964,66.436940,902,68.178382,0,0.000000
53,15,4.054054,968,66.712612,902,68.178382,0,0.000000
75,16,4.324324,968,66.712612,902,68.178382,0,0.000000
83,17,4.594595,971,66.919366,902,68.178382,0,0.000000
58,18,4.864865,971,66.919366,902,68.178382,0,0.000000
209,19,5.135135,978,67.401792,912,68.934240,0,0.000000
324,20,5.405405,981,67.608546,912,68.934240,0,0.000000
11,21,5.675676,999,68.849070,920,69.538927,0,0.000000
251,22,5.945946,1011,69.676085,922,69.690098,0,0.000000
224,23,6.216216,1012,69.745003,922,69.690098,0,0.000000
279,24,6.486486,1012,69.745003,922,69.690098,0,0.000000
312,25,6.756757,1016,70.020675,922,69.690098,0,0.000000
145,26,7.027027,1016,70.020675,922,69.690098,0,0.000000
325,27,7.297297,1016,70.020675,922,69.690098,0,0.000000
223,28,7.567568,1023,70.503101,926,69.992441,0,0.000000
121,29,7.837838,1023,70.503101,926,69.992441,0,0.000000
157,30,8.108108,1023,70.503101,926,69.992441,0,0.000000
39,31,8.378378,1026,70.709855,926,69.992441,0,0.000000
291,32,8.648649,1026,70.709855,926,69.992441,0,0.000000
119,33,8.918919,1026,70.709855,926,69.992441,0,0.000000
257,34,9.189189,1026,70.709855,926,69.992441,0,0.000000
363,35,9.459459,1031,71.054445,926,69.992441,0,0.000000
86,36,9.729730,1031,71.054445,926,69.992441,0,0.000000
153,37,10.000000,1031,71.054445,926,69.992441,0,0.000000
81,38,10.270270,1031,71.054445,926,69.992441,0,0.000000
