TestcaseNumber,TestcaseCount,TestcaseRatio,StatementCount,StatementRatio,BranchCount,BranchRatio,FaultCount,FaultRatio
11,1,0.270270,80,5.513439,73,5.517763,0,0.000000
55,2,0.540541,546,37.629221,519,39.229025,0,0.000000
278,3,0.810811,603,41.557547,569,43.008314,0,0.000000
49,4,1.081081,739,50.930393,718,54.270597,0,0.000000
156,5,1.351351,877,60.441075,824,62.282691,0,0.000000
222,6,1.621622,894,61.612681,832,62.887377,0,0.000000
92,7,1.891892,898,61.888353,834,63.038549,0,0.000000
37,8,2.162162,914,62.991041,836,63.189720,0,0.000000
201,9,2.432432,921,63.473467,846,63.945578,0,0.000000
266,10,2.702703,930,64.093728,848,64.096750,0,0.000000
342,11,2.972973,945,65.127498,860,65.003779,0,0.000000
15,12,3.243243,951,65.541006,860,65.003779,0,0.000000
369,13,3.513514,956,65.885596,860,65.003779,0,0.000000
52,14,3.783784,956,65.885596,860,65.003779,0,0.000000
140,15,4.054054,956,65.885596,860,65.003779,0,0.000000
332,16,4.324324,981,67.608546,886,66.969010,0,0.000000
368,17,4.594595,981,67.608546,886,66.969010,0,0.000000
232,18,4.864865,989,68.159890,886,66.969010,0,0.000000
23,19,5.135135,1012,69.745003,900,68.027211,0,0.000000
63,20,5.405405,1034,71.261199,916,69.236584,0,0.000000
90,21,5.675676,1034,71.261199,916,69.236584,0,0.000000
42,22,5.945946,1034,71.261199,916,69.236584,0,0.000000
328,23,6.216216,1034,71.261199,916,69.236584,0,0.000000
220,24,6.486486,1034,71.261199,916,69.236584,0,0.000000
159,25,6.756757,1034,71.261199,916,69.236584,0,0.000000
164,26,7.027027,1034,71.261199,916,69.236584,0,0.000000
366,27,7.297297,1034,71.261199,916,69.236584,0,0.000000
296,28,7.567568,1034,71.261199,918,69.387755,0,0.000000
227,29,7.837838,1039,71.605789,918,69.387755,0,0.000000
157,30,8.108108,1039,71.605789,918,69.387755,0,0.000000
339,31,8.378378,1046,72.088215,934,70.597128,0,0.000000
279,32,8.648649,1046,72.088215,934,70.597128,0,0.000000
236,33,8.918919,1046,72.088215,934,70.597128,0,0.000000
124,34,9.189189,1058,72.915231,944,71.352986,0,0.000000
239,35,9.459459,1060,73.053067,946,71.504157,0,0.000000
141,36,9.729730,1060,73.053067,946,71.504157,0,0.000000
51,37,10.000000,1111,76.567884,1022,77.248677,0,0.000000
241,38,10.270270,1111,76.567884,1022,77.248677,0,0.000000
225,39,10.540541,1111,76.567884,1022,77.248677,0,0.000000
73,40,10.810811,1111,76.567884,1022,77.248677,0,0.000000
200,41,11.081081,1120,77.188146,1028,77.702192,0,0.000000
182,42,11.351351,1120,77.188146,1028,77.702192,0,0.000000
