TestcaseNumber,TestcaseCount,TestcaseRatio,StatementCount,StatementRatio,BranchCount,BranchRatio,FaultCount,FaultRatio
339,1,0.270270,711,49.000689,686,51.851852,0,0.000000
274,2,0.540541,806,55.547898,784,59.259259,0,0.000000
342,3,0.810811,832,57.339766,798,60.317460,0,0.000000
369,4,1.081081,837,57.684356,798,60.317460,0,0.000000
355,5,1.351351,848,58.442453,800,60.468632,0,0.000000
30,6,1.621622,1034,71.261199,983,74.300831,0,0.000000
118,7,1.891892,1054,72.639559,995,75.207861,0,0.000000
283,8,2.162162,1054,72.639559,995,75.207861,0,0.000000
22,9,2.432432,1078,74.293591,1001,75.661376,0,0.000000
257,10,2.702703,1078,74.293591,1001,75.661376,0,0.000000
76,11,2.972973,1082,74.569263,1005,75.963719,0,0.000000
170,12,3.243243,1106,76.223294,1027,77.626606,0,0.000000
332,13,3.513514,1147,79.048932,1067,80.650038,0,0.000000
102,14,3.783784,1147,79.048932,1067,80.650038,0,0.000000
311,15,4.054054,1155,79.600276,1075,81.254724,0,0.000000
175,16,4.324324,1160,79.944866,1077,81.405896,0,0.000000
227,17,4.594595,1162,80.082702,1077,81.405896,0,0.000000
21,18,4.864865,1165,80.289456,1077,81.405896,0,0.000000
20,19,5.135135,1193,82.219159,1083,81.859410,0,0.000000
50,20,5.405405,1193,82.219159,1083,81.859410,0,0.000000
277,21,5.675676,1232,84.906961,1109,83.824641,0,0.000000
184,22,5.945946,1232,84.906961,1109,83.824641,0,0.000000
166,23,6.216216,1232,84.906961,1109,83.824641,0,0.000000
212,24,6.486486,1232,84.906961,1109,83.824641,0,0.000000
233,25,6.756757,1232,84.906961,1109,83.824641,0,0.000000
136,26,7.027027,1233,84.975879,1109,83.824641,0,0.000000
188,27,7.297297,1233,84.975879,1109,83.824641,0,0.000000
310,28,7.567568,1233,84.975879,1109,83.824641,0,0.000000
