TestcaseNumber,TestcaseCount,TestcaseRatio,StatementCount,StatementRatio,BranchCount,BranchRatio,FaultCount,FaultRatio
108,1,0.270270,499,34.390076,469,35.449735,0,0.000000
138,2,0.540541,646,44.521020,601,45.427060,0,0.000000
15,3,0.810811,681,46.933150,619,46.787604,0,0.000000
74,4,1.081081,693,47.760165,621,46.938776,0,0.000000
220,5,1.351351,725,49.965541,641,48.450491,0,0.000000
70,6,1.621622,742,51.137147,651,49.206349,0,0.000000
234,7,1.891892,766,52.791178,671,50.718065,0,0.000000
4,8,2.162162,774,53.342522,675,51.020408,0,0.000000
339,9,2.432432,920,63.404549,844,63.794407,0,0.000000
285,10,2.702703,924,63.680221,846,63.945578,0,0.000000
361,11,2.972973,1032,71.123363,970,73.318216,0,0.000000
293,12,3.243243,1038,71.536871,972,73.469388,0,0.000000
318,13,3.513514,1043,71.881461,972,73.469388,0,0.000000
49,14,3.783784,1043,71.881461,972,73.469388,0,0.000000
364,15,4.054054,1048,72.226051,972,73.469388,0,0.000000
346,16,4.324324,1058,72.915231,982,74.225246,0,0.000000
367,17,4.594595,1058,72.915231,982,74.225246,3,1.000000
291,18,4.864865,1061,73.121985,986,74.527589,3,1.000000
172,19,5.135135,1061,73.121985,986,74.527589,3,1.000000
194,20,5.405405,1069,73.673329,994,75.132275,3,1.000000
240,21,5.675676,1085,74.776017,1004,75.888133,3,1.000000
115,22,5.945946,1085,74.776017,1004,75.888133,3,1.000000
295,23,6.216216,1085,74.776017,1004,75.888133,3,1.000000
351,24,6.486486,1108,76.361130,1024,77.399849,3,1.000000
105,25,6.756757,1108,76.361130,1024,77.399849,3,1.000000
355,26,7.027027,1108,76.361130,1024,77.399849,3,1.000000
5,27,7.297297,1110,76.498966,1024,77.399849,3,1.000000
243,28,7.567568,1110,76.498966,1024,77.399849,3,1.000000
254,29,7.837838,1113,76.705720,1024,77.399849,3,1.000000
