TestcaseNumber,TestcaseCount,TestcaseRatio,StatementCount,StatementRatio,BranchCount,BranchRatio,FaultCount,FaultRatio
250,1,0.270270,530,36.526533,507,38.321995,0,0.000000
155,2,0.540541,833,57.408684,788,59.561602,0,0.000000
73,3,0.810811,841,57.960028,788,59.561602,0,0.000000
200,4,1.081081,937,64.576154,902,68.178382,0,0.000000
33,5,1.351351,943,64.989662,906,68.480726,0,0.000000
367,6,1.621622,948,65.334252,906,68.480726,3,1.000000
276,7,1.891892,1004,69.193660,952,71.957672,3,1.000000
349,8,2.162162,1017,70.089593,962,72.713530,3,1.000000
201,9,2.432432,1023,70.503101,964,72.864701,3,1.000000
215,10,2.702703,1032,71.123363,968,73.167045,3,1.000000
7,11,2.972973,1034,71.261199,970,73.318216,3,1.000000
113,12,3.243243,1042,71.812543,972,73.469388,3,1.000000
119,13,3.513514,1042,71.812543,972,73.469388,3,1.000000
304,14,3.783784,1042,71.812543,972,73.469388,3,1.000000
345,15,4.054054,1043,71.881461,972,73.469388,3,1.000000
118,16,4.324324,1043,71.881461,972,73.469388,3,1.000000
216,17,4.594595,1043,71.881461,972,73.469388,3,1.000000
338,18,4.864865,1043,71.881461,972,73.469388,3,1.000000
159,19,5.135135,1049,72.294969,974,73.620559,3,1.000000
101,20,5.405405,1056,72.777395,976,73.771731,3,1.000000
18,21,5.675676,1057,72.846313,978,73.922902,3,1.000000
286,22,5.945946,1057,72.846313,980,74.074074,3,1.000000
68,23,6.216216,1057,72.846313,980,74.074074,3,1.000000
354,24,6.486486,1057,72.846313,980,74.074074,3,1.000000
210,25,6.756757,1057,72.846313,980,74.074074,3,1.000000
268,26,7.027027,1057,72.846313,980,74.074074,3,1.000000
150,27,7.297297,1057,72.846313,980,74.074074,3,1.000000
227,28,7.567568,1059,72.984149,980,74.074074,3,1.000000
10,29,7.837838,1067,73.535493,984,74.376417,3,1.000000
3,30,8.108108,1070,73.742247,984,74.376417,3,1.000000
336,31,8.378378,1073,73.949001,984,74.376417,3,1.000000
294,32,8.648649,1073,73.949001,984,74.376417,3,1.000000
14,33,8.918919,1081,74.500345,984,74.376417,3,1.000000
163,34,9.189189,1087,74.913853,984,74.376417,3,1.000000
203,35,9.459459,1087,74.913853,984,74.376417,3,1.000000
350,36,9.729730,1087,74.913853,984,74.376417,3,1.000000
84,37,10.000000,1087,74.913853,984,74.376417,3,1.000000
219,38,10.270270,1087,74.913853,984,74.376417,3,1.000000
