TestcaseNumber,TestcaseCount,TestcaseRatio,StatementCount,StatementRatio,BranchCount,BranchRatio,FaultCount,FaultRatio
253,1,0.270270,475,32.736044,444,33.560091,0,0.000000
145,2,0.540541,679,46.795314,614,46.409675,0,0.000000
294,3,0.810811,717,49.414197,645,48.752834,0,0.000000
123,4,1.081081,724,49.896623,647,48.904006,0,0.000000
313,5,1.351351,818,56.374914,737,55.706727,0,0.000000
218,6,1.621622,834,57.477602,747,56.462585,0,0.000000
226,7,1.891892,858,59.131633,759,57.369615,0,0.000000
229,8,2.162162,868,59.820813,765,57.823129,0,0.000000
160,9,2.432432,868,59.820813,765,57.823129,0,0.000000
9,10,2.702703,872,60.096485,767,57.974301,0,0.000000
130,11,2.972973,928,63.955892,846,63.945578,0,0.000000
214,12,3.243243,930,64.093728,854,64.550265,0,0.000000
20,13,3.513514,958,66.023432,860,65.003779,0,0.000000
240,14,3.783784,977,67.332874,870,65.759637,0,0.000000
364,15,4.054054,982,67.677464,870,65.759637,0,0.000000
338,16,4.324324,989,68.159890,876,66.213152,0,0.000000
177,17,4.594595,990,68.228808,876,66.213152,0,0.000000
299,18,4.864865,990,68.228808,876,66.213152,0,0.000000
93,19,5.135135,1007,69.400414,886,66.969010,0,0.000000
217,20,5.405405,1007,69.400414,886,66.969010,0,0.000000
303,21,5.675676,1023,70.503101,898,67.876039,0,0.000000
242,22,5.945946,1027,70.778773,900,68.027211,0,0.000000
276,23,6.216216,1028,70.847691,902,68.178382,0,0.000000
