TestcaseNumber,TestcaseCount,TestcaseRatio,StatementCount,StatementRatio,BranchCount,BranchRatio,FaultCount,FaultRatio
201,1,0.270270,587,40.454859,559,42.252457,0,0.000000
116,2,0.540541,803,55.341144,784,59.259259,0,0.000000
344,3,0.810811,840,57.891110,818,61.829176,0,0.000000
235,4,1.081081,877,60.441075,844,63.794407,0,0.000000
310,5,1.351351,893,61.543763,854,64.550265,0,0.000000
154,6,1.621622,897,61.819435,854,64.550265,0,0.000000
303,7,1.891892,918,63.266713,860,65.003779,0,0.000000
298,8,2.162162,925,63.749139,864,65.306122,0,0.000000
17,9,2.432432,931,64.162646,866,65.457294,0,0.000000
161,10,2.702703,936,64.507236,866,65.457294,0,0.000000
229,11,2.972973,943,64.989662,872,65.910809,0,0.000000
98,12,3.243243,968,66.712612,888,67.120181,0,0.000000
13,13,3.513514,976,67.263956,888,67.120181,0,0.000000
73,14,3.783784,978,67.401792,890,67.271353,0,0.000000
146,15,4.054054,978,67.401792,890,67.271353,0,0.000000
123,16,4.324324,978,67.401792,890,67.271353,0,0.000000
216,17,4.594595,978,67.401792,890,67.271353,0,0.000000
34,18,4.864865,1000,68.917988,896,67.724868,0,0.000000
220,19,5.135135,1006,69.331496,898,67.876039,0,0.000000
174,20,5.405405,1011,69.676085,900,68.027211,0,0.000000
295,21,5.675676,1016,70.020675,904,68.329554,0,0.000000
162,22,5.945946,1016,70.020675,904,68.329554,0,0.000000
205,23,6.216216,1016,70.020675,904,68.329554,0,0.000000
95,24,6.486486,1023,70.503101,906,68.480726,0,0.000000
164,25,6.756757,1037,71.467953,924,69.841270,0,0.000000
142,26,7.027027,1039,71.605789,928,70.143613,0,0.000000
253,27,7.297297,1039,71.605789,928,70.143613,0,0.000000
319,28,7.567568,1039,71.605789,928,70.143613,0,0.000000
349,29,7.837838,1039,71.605789,928,70.143613,0,0.000000
177,30,8.108108,1039,71.605789,928,70.143613,0,0.000000
270,31,8.378378,1039,71.605789,928,70.143613,0,0.000000
182,32,8.648649,1039,71.605789,928,70.143613,0,0.000000
364,33,8.918919,1044,71.950379,928,70.143613,0,0.000000
355,34,9.189189,1044,71.950379,928,70.143613,0,0.000000
12,35,9.459459,1044,71.950379,928,70.143613,0,0.000000
233,36,9.729730,1044,71.950379,928,70.143613,0,0.000000
