TestcaseNumber,TestcaseCount,TestcaseRatio,StatementCount,StatementRatio,BranchCount,BranchRatio,FaultCount,FaultRatio
313,1,0.270270,734,50.585803,685,51.776266,0,0.000000
200,2,0.540541,860,59.269469,815,61.602419,0,0.000000
63,3,0.810811,909,62.646451,847,64.021164,0,0.000000
272,4,1.081081,930,64.093728,861,65.079365,0,0.000000
257,5,1.351351,945,65.127498,873,65.986395,0,0.000000
97,6,1.621622,952,65.609924,875,66.137566,0,0.000000
52,7,1.891892,952,65.609924,875,66.137566,0,0.000000
190,8,2.162162,976,67.263956,934,70.597128,0,0.000000
78,9,2.432432,982,67.677464,936,70.748299,0,0.000000
169,10,2.702703,993,68.435562,944,71.352986,0,0.000000
231,11,2.972973,1000,68.917988,948,71.655329,0,0.000000
355,12,3.243243,1004,69.193660,950,71.806500,0,0.000000
162,13,3.513514,1008,69.469331,952,71.957672,0,0.000000
30,14,3.783784,1193,82.219159,1127,85.185185,0,0.000000
181,15,4.054054,1193,82.219159,1127,85.185185,0,0.000000
136,16,4.324324,1194,82.288077,1127,85.185185,0,0.000000
121,17,4.594595,1194,82.288077,1127,85.185185,0,0.000000
164,18,4.864865,1209,83.321847,1145,86.545729,0,0.000000
263,19,5.135135,1209,83.321847,1145,86.545729,0,0.000000
308,20,5.405405,1211,83.459683,1147,86.696901,0,0.000000
201,21,5.675676,1217,83.873191,1149,86.848073,0,0.000000
234,22,5.945946,1217,83.873191,1149,86.848073,0,0.000000
305,23,6.216216,1230,84.769125,1161,87.755102,0,0.000000
74,24,6.486486,1230,84.769125,1161,87.755102,0,0.000000
44,25,6.756757,1231,84.838043,1161,87.755102,0,0.000000
112,26,7.027027,1231,84.838043,1161,87.755102,0,0.000000
277,27,7.297297,1238,85.320469,1165,88.057445,0,0.000000
55,28,7.567568,1238,85.320469,1165,88.057445,0,0.000000
10,29,7.837838,1256,86.560992,1173,88.662132,0,0.000000
286,30,8.108108,1256,86.560992,1173,88.662132,0,0.000000
