TestcaseNumber,TestcaseCount,TestcaseRatio,StatementCount,StatementRatio,BranchCount,BranchRatio,FaultCount,FaultRatio
256,1,0.270270,552,38.042729,543,41.043084,0,0.000000
154,2,0.540541,788,54.307374,776,58.654573,0,0.000000
109,3,0.810811,843,58.097864,800,60.468632,0,0.000000
283,4,1.081081,850,58.580289,808,61.073318,0,0.000000
6,5,1.351351,856,58.993797,810,61.224490,0,0.000000
80,6,1.621622,859,59.200551,810,61.224490,0,0.000000
104,7,1.891892,878,60.509993,822,62.131519,0,0.000000
290,8,2.162162,885,60.992419,824,62.282691,0,0.000000
84,9,2.432432,893,61.543763,832,62.887377,0,0.000000
34,10,2.702703,915,63.059959,838,63.340892,0,0.000000
112,11,2.972973,923,63.611303,840,63.492063,0,0.000000
46,12,3.243243,924,63.680221,840,63.492063,0,0.000000
96,13,3.513514,940,64.782908,850,64.247921,0,0.000000
227,14,3.783784,942,64.920744,850,64.247921,0,0.000000
174,15,4.054054,942,64.920744,850,64.247921,0,0.000000
130,16,4.324324,979,67.470710,888,67.120181,0,0.000000
361,17,4.594595,1074,74.017919,1000,75.585790,0,0.000000
326,18,4.864865,1074,74.017919,1000,75.585790,0,0.000000
135,19,5.135135,1075,74.086837,1002,75.736961,0,0.000000
56,20,5.405405,1075,74.086837,1002,75.736961,0,0.000000
334,21,5.675676,1078,74.293591,1006,76.039305,0,0.000000
247,22,5.945946,1080,74.431427,1010,76.341648,0,0.000000
138,23,6.216216,1082,74.569263,1012,76.492819,0,0.000000
82,24,6.486486,1082,74.569263,1012,76.492819,0,0.000000
276,25,6.756757,1111,76.567884,1038,78.458050,0,0.000000
176,26,7.027027,1111,76.567884,1038,78.458050,0,0.000000
349,27,7.297297,1115,76.843556,1038,78.458050,0,0.000000
172,28,7.567568,1115,76.843556,1038,78.458050,0,0.000000
219,29,7.837838,1115,76.843556,1038,78.458050,0,0.000000
167,30,8.108108,1115,76.843556,1038,78.458050,0,0.000000
143,31,8.378378,1115,76.843556,1038,78.458050,0,0.000000
121,32,8.648649,1115,76.843556,1038,78.458050,0,0.000000
161,33,8.918919,1121,77.257064,1038,78.458050,0,0.000000
60,34,9.189189,1121,77.257064,1038,78.458050,0,0.000000
144,35,9.459459,1121,77.257064,1038,78.458050,0,0.000000
178,36,9.729730,1121,77.257064,1038,78.458050,0,0.000000
327,37,10.000000,1121,77.257064,1038,78.458050,0,0.000000
197,38,10.270270,1121,77.257064,1038,78.458050,0,0.000000
101,39,10.540541,1121,77.257064,1038,78.458050,0,0.000000
339,40,10.810811,1121,77.257064,1042,78.760393,0,0.000000
191,41,11.081081,1121,77.257064,1042,78.760393,0,0.000000
307,42,11.351351,1121,77.257064,1042,78.760393,0,0.000000
