TestcaseNumber,TestcaseCount,TestcaseRatio,StatementCount,StatementRatio,BranchCount,BranchRatio,FaultCount,FaultRatio
230,1,0.270270,499,34.390076,488,36.885865,0,0.000000
240,2,0.540541,591,40.730531,559,42.252457,0,0.000000
303,3,0.810811,746,51.412819,661,49.962207,0,0.000000
324,4,1.081081,851,58.649207,761,57.520786,0,0.000000
66,5,1.351351,872,60.096485,775,58.578987,0,0.000000
99,6,1.621622,882,60.785665,783,59.183673,0,0.000000
191,7,1.891892,917,63.197795,848,64.096750,0,0.000000
61,8,2.162162,917,63.197795,848,64.096750,0,0.000000
223,9,2.432432,923,63.611303,850,64.247921,0,0.000000
85,10,2.702703,931,64.162646,858,64.852608,0,0.000000
266,11,2.972973,931,64.162646,858,64.852608,0,0.000000
181,12,3.243243,931,64.162646,858,64.852608,0,0.000000
59,13,3.513514,954,65.747760,878,66.364324,0,0.000000
282,14,3.783784,954,65.747760,878,66.364324,0,0.000000
129,15,4.054054,972,66.988284,896,67.724868,0,0.000000
82,16,4.324324,972,66.988284,896,67.724868,0,0.000000
275,17,4.594595,972,66.988284,896,67.724868,0,0.000000
28,18,4.864865,999,68.849070,914,69.085412,0,0.000000
81,19,5.135135,999,68.849070,914,69.085412,0,0.000000
20,20,5.405405,1027,70.778773,920,69.538927,0,0.000000
45,21,5.675676,1028,70.847691,920,69.538927,0,0.000000
209,22,5.945946,1035,71.330117,924,69.841270,0,0.000000
52,23,6.216216,1050,72.363887,936,70.748299,0,0.000000
187,24,6.486486,1050,72.363887,936,70.748299,0,0.000000
48,25,6.756757,1050,72.363887,936,70.748299,0,0.000000
271,26,7.027027,1052,72.501723,936,70.748299,0,0.000000
218,27,7.297297,1052,72.501723,936,70.748299,0,0.000000
43,28,7.567568,1052,72.501723,936,70.748299,0,0.000000
16,29,7.837838,1052,72.501723,936,70.748299,0,0.000000
185,30,8.108108,1052,72.501723,936,70.748299,0,0.000000
57,31,8.378378,1052,72.501723,936,70.748299,0,0.000000
178,32,8.648649,1052,72.501723,936,70.748299,0,0.000000
5,33,8.918919,1054,72.639559,936,70.748299,0,0.000000
220,34,9.189189,1054,72.639559,936,70.748299,0,0.000000
285,35,9.459459,1054,72.639559,936,70.748299,0,0.000000
292,36,9.729730,1054,72.639559,936,70.748299,0,0.000000
234,37,10.000000,1063,73.259821,944,71.352986,0,0.000000
79,38,10.270270,1063,73.259821,944,71.352986,0,0.000000
326,39,10.540541,1065,73.397657,946,71.504157,0,0.000000
169,40,10.810811,1070,73.742247,952,71.957672,0,0.000000
132,41,11.081081,1070,73.742247,952,71.957672,0,0.000000
287,42,11.351351,1070,73.742247,952,71.957672,0,0.000000
139,43,11.621622,1071,73.811165,952,71.957672,0,0.000000
