TestcaseNumber,TestcaseCount,TestcaseRatio,StatementCount,StatementRatio,BranchCount,BranchRatio,FaultCount,FaultRatio
318,1,0.270270,565,38.938663,516,39.002268,0,0.000000
254,2,0.540541,654,45.072364,598,45.200302,0,0.000000
299,3,0.810811,707,48.725017,625,47.241119,0,0.000000
201,4,1.081081,749,51.619573,661,49.962207,0,0.000000
88,5,1.351351,786,54.169538,693,52.380952,0,0.000000
83,6,1.621622,798,54.996554,697,52.683296,0,0.000000
345,7,1.891892,818,56.374914,717,54.195011,0,0.000000
208,8,2.162162,819,56.443832,717,54.195011,0,0.000000
118,9,2.432432,929,64.024810,868,65.608466,0,0.000000
217,10,2.702703,929,64.024810,868,65.608466,0,0.000000
256,11,2.972973,936,64.507236,870,65.759637,0,0.000000
15,12,3.243243,964,66.436940,878,66.364324,0,0.000000
156,13,3.513514,972,66.988284,886,66.969010,0,0.000000
80,14,3.783784,972,66.988284,886,66.969010,0,0.000000
301,15,4.054054,975,67.195038,888,67.120181,0,0.000000
359,16,4.324324,977,67.332874,890,67.271353,0,0.000000
282,17,4.594595,977,67.332874,890,67.271353,0,0.000000
221,18,4.864865,990,68.228808,896,67.724868,0,0.000000
209,19,5.135135,990,68.228808,896,67.724868,0,0.000000
49,20,5.405405,990,68.228808,896,67.724868,0,0.000000
67,21,5.675676,990,68.228808,896,67.724868,0,0.000000
317,22,5.945946,994,68.504480,902,68.178382,0,0.000000
251,23,6.216216,996,68.642316,908,68.631897,0,0.000000
126,24,6.486486,1008,69.469331,918,69.387755,0,0.000000
351,25,6.756757,1008,69.469331,918,69.387755,0,0.000000
297,26,7.027027,1008,69.469331,922,69.690098,0,0.000000
166,27,7.297297,1022,70.434183,940,71.050642,0,0.000000
335,28,7.567568,1022,70.434183,940,71.050642,0,0.000000
170,29,7.837838,1029,70.916609,940,71.050642,0,0.000000
357,30,8.108108,1029,70.916609,940,71.050642,0,0.000000
334,31,8.378378,1029,70.916609,940,71.050642,0,0.000000
55,32,8.648649,1033,71.192281,940,71.050642,0,0.000000
64,33,8.918919,1033,71.192281,940,71.050642,0,0.000000
261,34,9.189189,1033,71.192281,940,71.050642,0,0.000000
189,35,9.459459,1033,71.192281,940,71.050642,0,0.000000
162,36,9.729730,1039,71.605789,940,71.050642,0,0.000000
288,37,10.000000,1039,71.605789,940,71.050642,0,0.000000
