TestcaseNumber,TestcaseCount,TestcaseRatio,StatementCount,StatementRatio,BranchCount,BranchRatio,FaultCount,FaultRatio
270,1,0.270270,482,33.218470,450,34.013605,0,0.000000
176,2,0.540541,676,46.588560,592,44.746788,0,0.000000
262,3,0.810811,717,49.414197,635,47.996977,0,0.000000
49,4,1.081081,841,57.960028,776,58.654573,0,0.000000
53,5,1.351351,865,59.614059,796,60.166289,0,0.000000
131,6,1.621622,916,63.128877,842,63.643235,0,0.000000
148,7,1.891892,931,64.162646,866,65.457294,0,0.000000
141,8,2.162162,952,65.609924,890,67.271353,0,0.000000
220,9,2.432432,959,66.092350,894,67.573696,0,0.000000
107,10,2.702703,959,66.092350,894,67.573696,0,0.000000
88,11,2.972973,966,66.574776,900,68.027211,0,0.000000
136,12,3.243243,972,66.988284,910,68.783069,0,0.000000
179,13,3.513514,972,66.988284,910,68.783069,0,0.000000
341,14,3.783784,972,66.988284,910,68.783069,0,0.000000
284,15,4.054054,972,66.988284,910,68.783069,0,0.000000
308,16,4.324324,977,67.332874,912,68.934240,0,0.000000
3,17,4.594595,980,67.539628,912,68.934240,0,0.000000
198,18,4.864865,986,67.953136,912,68.934240,0,0.000000
147,19,5.135135,986,67.953136,912,68.934240,0,0.000000
29,20,5.405405,1138,78.428670,1063,80.347695,0,0.000000
81,21,5.675676,1145,78.911096,1065,80.498866,0,0.000000
123,22,5.945946,1145,78.911096,1065,80.498866,0,0.000000
108,23,6.216216,1151,79.324604,1067,80.650038,0,0.000000
190,24,6.486486,1151,79.324604,1067,80.650038,0,0.000000
201,25,6.756757,1151,79.324604,1067,80.650038,0,0.000000
227,26,7.027027,1154,79.531358,1067,80.650038,0,0.000000
329,27,7.297297,1162,80.082702,1075,81.254724,0,0.000000
356,28,7.567568,1162,80.082702,1075,81.254724,0,0.000000
38,29,7.837838,1187,81.805651,1081,81.708239,0,0.000000
211,30,8.108108,1193,82.219159,1083,81.859410,0,0.000000
312,31,8.378378,1193,82.219159,1083,81.859410,0,0.000000
92,32,8.648649,1193,82.219159,1083,81.859410,0,0.000000
288,33,8.918919,1193,82.219159,1083,81.859410,0,0.000000
140,34,9.189189,1193,82.219159,1083,81.859410,0,0.000000
177,35,9.459459,1193,82.219159,1083,81.859410,0,0.000000
90,36,9.729730,1193,82.219159,1083,81.859410,0,0.000000
189,37,10.000000,1193,82.219159,1083,81.859410,0,0.000000
119,38,10.270270,1193,82.219159,1083,81.859410,0,0.000000
