TestcaseNumber,TestcaseCount,TestcaseRatio,StatementCount,StatementRatio,BranchCount,BranchRatio,FaultCount,FaultRatio
93,1,0.270270,524,36.113025,489,36.961451,0,0.000000
163,2,0.540541,802,55.272226,729,55.102041,0,0.000000
352,3,0.810811,841,57.960028,759,57.369615,0,0.000000
306,4,1.081081,881,60.716747,785,59.334845,0,0.000000
158,5,1.351351,908,62.577533,801,60.544218,0,0.000000
367,6,1.621622,913,62.922123,801,60.544218,3,1.000000
219,7,1.891892,914,62.991041,801,60.544218,3,1.000000
233,8,2.162162,914,62.991041,801,60.544218,3,1.000000
152,9,2.432432,947,65.265334,866,65.457294,3,1.000000
154,10,2.702703,947,65.265334,866,65.457294,3,1.000000
12,11,2.972973,968,66.712612,872,65.910809,3,1.000000
193,12,3.243243,968,66.712612,872,65.910809,3,1.000000
331,13,3.513514,971,66.919366,872,65.910809,3,1.000000
337,14,3.783784,986,67.953136,880,66.515495,3,1.000000
250,15,4.054054,987,68.022054,880,66.515495,3,1.000000
162,16,4.324324,987,68.022054,880,66.515495,3,1.000000
22,17,4.594595,1007,69.400414,886,66.969010,3,1.000000
113,18,4.864865,1013,69.813921,888,67.120181,3,1.000000
79,19,5.135135,1013,69.813921,888,67.120181,3,1.000000
144,20,5.405405,1013,69.813921,888,67.120181,3,1.000000
107,21,5.675676,1015,69.951757,890,67.271353,3,1.000000
74,22,5.945946,1016,70.020675,890,67.271353,3,1.000000
205,23,6.216216,1024,70.572019,902,68.178382,3,1.000000
178,24,6.486486,1025,70.640937,902,68.178382,3,1.000000
190,25,6.756757,1025,70.640937,902,68.178382,3,1.000000
269,26,7.027027,1025,70.640937,904,68.329554,3,1.000000
160,27,7.297297,1025,70.640937,904,68.329554,3,1.000000
115,28,7.567568,1025,70.640937,904,68.329554,3,1.000000
8,29,7.837838,1025,70.640937,904,68.329554,3,1.000000
188,30,8.108108,1025,70.640937,904,68.329554,3,1.000000
177,31,8.378378,1025,70.640937,904,68.329554,3,1.000000
228,32,8.648649,1032,71.123363,908,68.631897,3,1.000000
256,33,8.918919,1033,71.192281,908,68.631897,3,1.000000
341,34,9.189189,1033,71.192281,908,68.631897,3,1.000000
274,35,9.459459,1033,71.192281,908,68.631897,3,1.000000
