TestcaseNumber,TestcaseCount,TestcaseRatio,StatementCount,StatementRatio,BranchCount,BranchRatio,FaultCount,FaultRatio
52,1,0.270270,502,34.596830,491,37.112623,0,0.000000
286,2,0.540541,515,35.492764,499,37.717309,0,0.000000
66,3,0.810811,563,38.800827,529,39.984883,0,0.000000
259,4,1.081081,636,43.831840,573,43.310658,0,0.000000
157,5,1.351351,773,53.273604,679,51.322751,0,0.000000
54,6,1.621622,773,53.273604,679,51.322751,0,0.000000
252,7,1.891892,801,55.203308,699,52.834467,0,0.000000
337,8,2.162162,809,55.754652,701,52.985639,0,0.000000
72,9,2.432432,809,55.754652,701,52.985639,0,0.000000
348,10,2.702703,810,55.823570,703,53.136810,0,0.000000
67,11,2.972973,810,55.823570,703,53.136810,0,0.000000
244,12,3.243243,812,55.961406,705,53.287982,0,0.000000
208,13,3.513514,817,56.305996,713,53.892668,0,0.000000
80,14,3.783784,820,56.512750,713,53.892668,0,0.000000
25,15,4.054054,836,57.615438,725,54.799698,0,0.000000
307,16,4.324324,930,64.093728,823,62.207105,0,0.000000
106,17,4.594595,930,64.093728,823,62.207105,0,0.000000
120,18,4.864865,931,64.162646,823,62.207105,0,0.000000
365,19,5.135135,936,64.507236,823,62.207105,0,0.000000
355,20,5.405405,936,64.507236,823,62.207105,0,0.000000
349,21,5.675676,936,64.507236,823,62.207105,0,0.000000
265,22,5.945946,936,64.507236,823,62.207105,0,0.000000
21,23,6.216216,939,64.713990,823,62.207105,0,0.000000
347,24,6.486486,940,64.782908,823,62.207105,0,0.000000
142,25,6.756757,940,64.782908,823,62.207105,0,0.000000
