TestcaseNumber,TestcaseCount,TestcaseRatio,StatementCount,StatementRatio,BranchCount,BranchRatio,FaultCount,FaultRatio
291,1,0.270270,583,40.179187,546,41.269841,0,0.000000
339,2,0.540541,782,53.893866,757,57.218443,0,0.000000
119,3,0.810811,822,56.650586,796,60.166289,0,0.000000
222,4,1.081081,846,58.304618,806,60.922147,0,0.000000
11,5,1.351351,864,59.545141,814,61.526833,0,0.000000
364,6,1.621622,869,59.889731,814,61.526833,0,0.000000
176,7,1.891892,872,60.096485,814,61.526833,0,0.000000
60,8,2.162162,898,61.888353,830,62.736206,0,0.000000
148,9,2.432432,923,63.611303,846,63.945578,0,0.000000
260,10,2.702703,948,65.334252,872,65.910809,0,0.000000
150,11,2.972973,948,65.334252,872,65.910809,0,0.000000
17,12,3.243243,951,65.541006,872,65.910809,0,0.000000
30,13,3.513514,1124,77.463818,1045,78.987150,0,0.000000
171,14,3.783784,1128,77.739490,1051,79.440665,0,0.000000
101,15,4.054054,1132,78.015162,1053,79.591837,0,0.000000
305,16,4.324324,1132,78.015162,1053,79.591837,0,0.000000
267,17,4.594595,1132,78.015162,1053,79.591837,0,0.000000
163,18,4.864865,1162,80.082702,1073,81.103553,0,0.000000
153,19,5.135135,1162,80.082702,1073,81.103553,0,0.000000
164,20,5.405405,1180,81.323225,1093,82.615268,0,0.000000
44,21,5.675676,1181,81.392143,1093,82.615268,0,0.000000
35,22,5.945946,1198,82.563749,1099,83.068783,0,0.000000
245,23,6.216216,1198,82.563749,1099,83.068783,0,0.000000
58,24,6.486486,1198,82.563749,1099,83.068783,0,0.000000
98,25,6.756757,1201,82.770503,1099,83.068783,0,0.000000
55,26,7.027027,1201,82.770503,1099,83.068783,0,0.000000
25,27,7.297297,1217,83.873191,1107,83.673469,0,0.000000
67,28,7.567568,1217,83.873191,1107,83.673469,0,0.000000
86,29,7.837838,1223,84.286699,1109,83.824641,0,0.000000
342,30,8.108108,1224,84.355617,1109,83.824641,0,0.000000
353,31,8.378378,1224,84.355617,1109,83.824641,0,0.000000
166,32,8.648649,1224,84.355617,1109,83.824641,0,0.000000
230,33,8.918919,1224,84.355617,1109,83.824641,0,0.000000
248,34,9.189189,1224,84.355617,1109,83.824641,0,0.000000
97,35,9.459459,1224,84.355617,1109,83.824641,0,0.000000
272,36,9.729730,1224,84.355617,1109,83.824641,0,0.000000
367,37,10.000000,1224,84.355617,1109,83.824641,3,1.000000
134,38,10.270270,1224,84.355617,1109,83.824641,3,1.000000
159,39,10.540541,1232,84.906961,1117,84.429327,3,1.000000
265,40,10.810811,1232,84.906961,1117,84.429327,3,1.000000
64,41,11.081081,1232,84.906961,1117,84.429327,3,1.000000
191,42,11.351351,1232,84.906961,1117,84.429327,3,1.000000
