TestcaseNumber,TestcaseCount,TestcaseRatio,StatementCount,StatementRatio,BranchCount,BranchRatio,FaultCount,FaultRatio
87,1,0.270270,501,34.527912,473,35.752079,0,0.000000
166,2,0.540541,810,55.823570,777,58.730159,0,0.000000
330,3,0.810811,868,59.820813,818,61.829176,0,0.000000
256,4,1.081081,877,60.441075,828,62.585034,0,0.000000
3,5,1.351351,880,60.647829,828,62.585034,0,0.000000
333,6,1.621622,886,61.061337,830,62.736206,0,0.000000
5,7,1.891892,911,62.784287,842,63.643235,0,0.000000
77,8,2.162162,936,64.507236,848,64.096750,0,0.000000
252,9,2.432432,936,64.507236,848,64.096750,0,0.000000
301,10,2.702703,941,64.851826,850,64.247921,0,0.000000
145,11,2.972973,941,64.851826,850,64.247921,0,0.000000
127,12,3.243243,957,65.954514,860,65.003779,0,0.000000
288,13,3.513514,970,66.850448,874,66.061980,0,0.000000
315,14,3.783784,970,66.850448,874,66.061980,0,0.000000
185,15,4.054054,975,67.195038,892,67.422525,0,0.000000
266,16,4.324324,983,67.746382,896,67.724868,0,0.000000
86,17,4.594595,983,67.746382,896,67.724868,0,0.000000
39,18,4.864865,986,67.953136,896,67.724868,0,0.000000
300,19,5.135135,986,67.953136,896,67.724868,0,0.000000
125,20,5.405405,986,67.953136,896,67.724868,0,0.000000
340,21,5.675676,986,67.953136,896,67.724868,0,0.000000
