TestcaseNumber,TestcaseCount,TestcaseRatio,StatementCount,StatementRatio,BranchCount,BranchRatio,FaultCount,FaultRatio
189,1,0.270270,813,56.030324,784,59.259259,0,0.000000
204,2,0.540541,842,58.028946,802,60.619803,0,0.000000
205,3,0.810811,854,58.855961,812,61.375661,0,0.000000
62,4,1.081081,864,59.545141,816,61.678005,0,0.000000
329,5,1.351351,879,60.578911,826,62.433862,0,0.000000
209,6,1.621622,879,60.578911,826,62.433862,0,0.000000
41,7,1.891892,886,61.061337,832,62.887377,0,0.000000
157,8,2.162162,886,61.061337,832,62.887377,0,0.000000
56,9,2.432432,909,62.646451,852,64.399093,0,0.000000
35,10,2.702703,936,64.507236,862,65.154951,0,0.000000
323,11,2.972973,936,64.507236,862,65.154951,0,0.000000
243,12,3.243243,940,64.782908,864,65.306122,0,0.000000
332,13,3.513514,959,66.092350,884,66.817838,0,0.000000
117,14,3.783784,959,66.092350,884,66.817838,0,0.000000
259,15,4.054054,1023,70.503101,930,70.294785,0,0.000000
81,16,4.324324,1023,70.503101,930,70.294785,0,0.000000
284,17,4.594595,1025,70.640937,932,70.445956,0,0.000000
304,18,4.864865,1025,70.640937,932,70.445956,0,0.000000
275,19,5.135135,1025,70.640937,932,70.445956,0,0.000000
233,20,5.405405,1025,70.640937,932,70.445956,0,0.000000
232,21,5.675676,1025,70.640937,932,70.445956,0,0.000000
