TestcaseNumber,TestcaseCount,TestcaseRatio,StatementCount,StatementRatio,BranchCount,BranchRatio,FaultCount,FaultRatio
27,1,0.270270,644,44.383184,604,45.653817,0,0.000000
360,2,0.540541,777,53.549276,740,55.933485,0,0.000000
122,3,0.810811,834,57.477602,796,60.166289,0,0.000000
323,4,1.081081,838,57.753274,796,60.166289,0,0.000000
166,5,1.351351,914,62.991041,893,67.498110,0,0.000000
49,6,1.621622,942,64.920744,907,68.556311,0,0.000000
302,7,1.891892,970,66.850448,926,69.992441,0,0.000000
344,8,2.162162,985,67.884218,938,70.899471,0,0.000000
112,9,2.432432,993,68.435562,954,72.108844,0,0.000000
253,10,2.702703,993,68.435562,954,72.108844,0,0.000000
326,11,2.972973,1002,69.055824,958,72.411187,0,0.000000
32,12,3.243243,1027,70.778773,966,73.015873,0,0.000000
149,13,3.513514,1033,71.192281,968,73.167045,0,0.000000
75,14,3.783784,1033,71.192281,968,73.167045,0,0.000000
289,15,4.054054,1034,71.261199,970,73.318216,0,0.000000
144,16,4.324324,1034,71.261199,970,73.318216,0,0.000000
294,17,4.594595,1058,72.915231,990,74.829932,0,0.000000
256,18,4.864865,1058,72.915231,990,74.829932,0,0.000000
271,19,5.135135,1067,73.535493,992,74.981104,0,0.000000
17,20,5.405405,1073,73.949001,994,75.132275,0,0.000000
196,21,5.675676,1073,73.949001,994,75.132275,0,0.000000
153,22,5.945946,1073,73.949001,994,75.132275,0,0.000000
212,23,6.216216,1079,74.362509,1000,75.585790,0,0.000000
186,24,6.486486,1079,74.362509,1000,75.585790,0,0.000000
290,25,6.756757,1079,74.362509,1000,75.585790,0,0.000000
287,26,7.027027,1081,74.500345,1002,75.736961,0,0.000000
95,27,7.297297,1089,75.051688,1010,76.341648,0,0.000000
82,28,7.567568,1089,75.051688,1010,76.341648,0,0.000000
350,29,7.837838,1089,75.051688,1010,76.341648,0,0.000000
263,30,8.108108,1108,76.361130,1020,77.097506,0,0.000000
343,31,8.378378,1109,76.430048,1022,77.248677,0,0.000000
365,32,8.648649,1114,76.774638,1022,77.248677,0,0.000000
83,33,8.918919,1114,76.774638,1022,77.248677,0,0.000000
229,34,9.189189,1121,77.257064,1026,77.551020,0,0.000000
