TestcaseNumber,TestcaseCount,TestcaseRatio,StatementCount,StatementRatio,BranchCount,BranchRatio,FaultCount,FaultRatio
41,1,0.270270,528,36.388697,511,38.624339,0,0.000000
106,2,0.540541,566,39.007581,533,40.287226,0,0.000000
217,3,0.810811,720,49.620951,643,48.601663,0,0.000000
289,4,1.081081,734,50.585803,655,49.508692,0,0.000000
339,5,1.351351,840,57.891110,806,60.922147,0,0.000000
108,6,1.621622,863,59.476223,814,61.526833,0,0.000000
223,7,1.891892,870,59.958649,818,61.829176,0,0.000000
275,8,2.162162,881,60.716747,824,62.282691,0,0.000000
296,9,2.432432,904,62.301861,846,63.945578,0,0.000000
367,10,2.702703,909,62.646451,846,63.945578,3,1.000000
356,11,2.972973,909,62.646451,846,63.945578,3,1.000000
315,12,3.243243,923,63.611303,864,65.306122,3,1.000000
47,13,3.513514,927,63.886975,864,65.306122,3,1.000000
228,14,3.783784,927,63.886975,866,65.457294,3,1.000000
340,15,4.054054,928,63.955892,866,65.457294,3,1.000000
133,16,4.324324,950,65.472088,878,66.364324,3,1.000000
196,17,4.594595,979,67.470710,898,67.876039,3,1.000000
100,18,4.864865,983,67.746382,906,68.480726,3,1.000000
26,19,5.135135,1040,71.674707,958,72.411187,3,1.000000
83,20,5.405405,1040,71.674707,958,72.411187,3,1.000000
122,21,5.675676,1040,71.674707,958,72.411187,3,1.000000
361,22,5.945946,1125,77.532736,1060,80.120937,3,1.000000
225,23,6.216216,1125,77.532736,1060,80.120937,3,1.000000
337,24,6.486486,1125,77.532736,1060,80.120937,3,1.000000
