TestcaseNumber,TestcaseCount,TestcaseRatio,StatementCount,StatementRatio,BranchCount,BranchRatio,FaultCount,FaultRatio
103,1,0.270270,540,37.215713,510,38.548753,0,0.000000
119,2,0.540541,788,54.307374,768,58.049887,0,0.000000
195,3,0.810811,808,55.685734,778,58.805745,0,0.000000
267,4,1.081081,832,57.339766,792,59.863946,0,0.000000
319,5,1.351351,858,59.131633,810,61.224490,0,0.000000
5,6,1.621622,883,60.854583,816,61.678005,0,0.000000
100,7,1.891892,894,61.612681,820,61.980348,0,0.000000
53,8,2.162162,914,62.991041,840,63.492063,0,0.000000
336,9,2.432432,917,63.197795,840,63.492063,0,0.000000
347,10,2.702703,931,64.162646,858,64.852608,0,0.000000
277,11,2.972973,951,65.541006,862,65.154951,0,0.000000
101,12,3.243243,951,65.541006,862,65.154951,0,0.000000
293,13,3.513514,951,65.541006,862,65.154951,0,0.000000
231,14,3.783784,951,65.541006,862,65.154951,0,0.000000
342,15,4.054054,959,66.092350,864,65.306122,0,0.000000
276,16,4.324324,960,66.161268,864,65.306122,0,0.000000
189,17,4.594595,972,66.988284,874,66.061980,0,0.000000
174,18,4.864865,972,66.988284,874,66.061980,0,0.000000
273,19,5.135135,972,66.988284,874,66.061980,0,0.000000
227,20,5.405405,972,66.988284,874,66.061980,0,0.000000
296,21,5.675676,995,68.573398,896,67.724868,0,0.000000
356,22,5.945946,995,68.573398,896,67.724868,0,0.000000
1,23,6.216216,1006,69.331496,900,68.027211,0,0.000000
330,24,6.486486,1008,69.469331,900,68.027211,0,0.000000
44,25,6.756757,1008,69.469331,900,68.027211,0,0.000000
349,26,7.027027,1009,69.538249,902,68.178382,0,0.000000
