TestcaseNumber,TestcaseCount,TestcaseRatio,StatementCount,StatementRatio,BranchCount,BranchRatio,FaultCount,FaultRatio
127,1,0.270270,663,45.692626,617,46.636432,0,0.000000
206,2,0.540541,711,49.000689,649,49.055178,0,0.000000
74,3,0.810811,737,50.792557,665,50.264550,0,0.000000
137,4,1.081081,749,51.619573,667,50.415722,0,0.000000
77,5,1.351351,783,53.962784,687,51.927438,0,0.000000
269,6,1.621622,786,54.169538,691,52.229781,0,0.000000
361,7,1.891892,902,62.164025,831,62.811791,0,0.000000
338,8,2.162162,915,63.059959,833,62.962963,0,0.000000
106,9,2.432432,926,63.818057,843,63.718821,0,0.000000
151,10,2.702703,1017,70.089593,966,73.015873,0,0.000000
293,11,2.972973,1023,70.503101,968,73.167045,0,0.000000
225,12,3.243243,1037,71.467953,978,73.922902,0,0.000000
204,13,3.513514,1041,71.743625,984,74.376417,0,0.000000
6,14,3.783784,1044,71.950379,986,74.527589,0,0.000000
91,15,4.054054,1044,71.950379,986,74.527589,0,0.000000
250,16,4.324324,1066,73.466575,992,74.981104,0,0.000000
219,17,4.594595,1066,73.466575,992,74.981104,0,0.000000
261,18,4.864865,1087,74.913853,1014,76.643991,0,0.000000
211,19,5.135135,1091,75.189524,1016,76.795163,0,0.000000
112,20,5.405405,1091,75.189524,1016,76.795163,0,0.000000
48,21,5.675676,1099,75.740868,1024,77.399849,0,0.000000
369,22,5.945946,1104,76.085458,1024,77.399849,0,0.000000
191,23,6.216216,1104,76.085458,1024,77.399849,0,0.000000
180,24,6.486486,1104,76.085458,1024,77.399849,0,0.000000
222,25,6.756757,1111,76.567884,1028,77.702192,0,0.000000
37,26,7.027027,1114,76.774638,1028,77.702192,0,0.000000
