TestcaseNumber,TestcaseCount,TestcaseRatio,StatementCount,StatementRatio,BranchCount,BranchRatio,FaultCount,FaultRatio
366,1,0.270270,17,1.171606,8,0.604686,0,0.000000
266,2,0.540541,223,15.368711,211,15.948602,0,0.000000
359,3,0.810811,254,17.505169,225,17.006803,0,0.000000
144,4,1.081081,612,42.177808,559,42.252457,0,0.000000
148,5,1.351351,844,58.166782,798,60.317460,0,0.000000
174,6,1.621622,865,59.614059,806,60.922147,0,0.000000
129,7,1.891892,902,62.164025,844,63.794407,0,0.000000
42,8,2.162162,902,62.164025,844,63.794407,0,0.000000
275,9,2.432432,917,63.197795,856,64.701436,0,0.000000
76,10,2.702703,925,63.749139,862,65.154951,0,0.000000
346,11,2.972973,926,63.818057,862,65.154951,0,0.000000
175,12,3.243243,926,63.818057,862,65.154951,0,0.000000
52,13,3.513514,941,64.851826,874,66.061980,0,0.000000
65,14,3.783784,941,64.851826,880,66.515495,0,0.000000
306,15,4.054054,943,64.989662,880,66.515495,0,0.000000
196,16,4.324324,952,65.609924,888,67.120181,0,0.000000
119,17,4.594595,955,65.816678,888,67.120181,0,0.000000
39,18,4.864865,982,67.677464,898,67.876039,0,0.000000
235,19,5.135135,986,67.953136,898,67.876039,0,0.000000
86,20,5.405405,986,67.953136,898,67.876039,0,0.000000
338,21,5.675676,987,68.022054,898,67.876039,0,0.000000
362,22,5.945946,1047,72.157133,980,74.074074,0,0.000000
313,23,6.216216,1047,72.157133,980,74.074074,0,0.000000
155,24,6.486486,1047,72.157133,980,74.074074,0,0.000000
280,25,6.756757,1063,73.259821,990,74.829932,0,0.000000
229,26,7.027027,1070,73.742247,994,75.132275,0,0.000000
220,27,7.297297,1070,73.742247,994,75.132275,0,0.000000
