TestcaseNumber,TestcaseCount,TestcaseRatio,StatementCount,StatementRatio,BranchCount,BranchRatio,FaultCount,FaultRatio
214,1,0.270270,632,43.556168,593,44.822373,0,0.000000
46,2,0.540541,669,46.106134,617,46.636432,0,0.000000
28,3,0.810811,698,48.104755,635,47.996977,0,0.000000
256,4,1.081081,768,52.929014,693,52.380952,0,0.000000
218,5,1.351351,770,53.066850,695,52.532124,0,0.000000
203,6,1.621622,824,56.788422,729,55.102041,0,0.000000
295,7,1.891892,853,58.787043,753,56.916100,0,0.000000
300,8,2.162162,856,58.993797,755,57.067271,0,0.000000
241,9,2.432432,877,60.441075,765,57.823129,0,0.000000
39,10,2.702703,912,62.853205,779,58.881330,0,0.000000
269,11,2.972973,918,63.266713,781,59.032502,0,0.000000
102,12,3.243243,922,63.542385,783,59.183673,0,0.000000
236,13,3.513514,922,63.542385,783,59.183673,0,0.000000
200,14,3.783784,979,67.470710,861,65.079365,0,0.000000
119,15,4.054054,1045,72.019297,978,73.922902,0,0.000000
215,16,4.324324,1052,72.501723,980,74.074074,0,0.000000
329,17,4.594595,1060,73.053067,988,74.678760,0,0.000000
292,18,4.864865,1060,73.053067,988,74.678760,0,0.000000
188,19,5.135135,1072,73.880083,996,75.283447,0,0.000000
96,20,5.405405,1075,74.086837,1002,75.736961,0,0.000000
192,21,5.675676,1075,74.086837,1002,75.736961,0,0.000000
169,22,5.945946,1086,74.844935,1008,76.190476,0,0.000000
142,23,6.216216,1086,74.844935,1008,76.190476,0,0.000000
58,24,6.486486,1086,74.844935,1008,76.190476,0,0.000000
157,25,6.756757,1086,74.844935,1008,76.190476,0,0.000000
265,26,7.027027,1086,74.844935,1008,76.190476,0,0.000000
227,27,7.297297,1088,74.982771,1008,76.190476,0,0.000000
255,28,7.567568,1088,74.982771,1008,76.190476,0,0.000000
238,29,7.837838,1088,74.982771,1008,76.190476,0,0.000000
129,30,8.108108,1103,76.016540,1026,77.551020,0,0.000000
43,31,8.378378,1109,76.430048,1028,77.702192,0,0.000000
351,32,8.648649,1116,76.912474,1032,78.004535,0,0.000000
296,33,8.918919,1116,76.912474,1034,78.155707,0,0.000000
100,34,9.189189,1116,76.912474,1034,78.155707,0,0.000000
345,35,9.459459,1116,76.912474,1034,78.155707,0,0.000000
162,36,9.729730,1118,77.050310,1034,78.155707,0,0.000000
67,37,10.000000,1118,77.050310,1034,78.155707,0,0.000000
98,38,10.270270,1118,77.050310,1034,78.155707,0,0.000000
301,39,10.540541,1120,77.188146,1034,78.155707,0,0.000000
63,40,10.810811,1120,77.188146,1034,78.155707,0,0.000000
77,41,11.081081,1120,77.188146,1034,78.155707,0,0.000000
287,42,11.351351,1120,77.188146,1034,78.155707,0,0.000000
