TestcaseNumber,TestcaseCount,TestcaseRatio,StatementCount,StatementRatio,BranchCount,BranchRatio,FaultCount,FaultRatio
339,1,0.270270,711,49.000689,686,51.851852,0,0.000000
313,2,0.540541,785,54.100620,758,57.294029,0,0.000000
358,3,0.810811,791,54.514128,762,57.596372,0,0.000000
355,4,1.081081,798,54.996554,764,57.747543,0,0.000000
307,5,1.351351,831,57.270848,788,59.561602,0,0.000000
264,6,1.621622,844,58.166782,800,60.468632,0,0.000000
50,7,1.891892,871,60.027567,820,61.980348,0,0.000000
74,8,2.162162,882,60.785665,824,62.282691,0,0.000000
302,9,2.432432,894,61.612681,834,63.038549,0,0.000000
289,10,2.702703,904,62.301861,846,63.945578,0,0.000000
366,11,2.972973,909,62.646451,846,63.945578,0,0.000000
123,12,3.243243,909,62.646451,846,63.945578,0,0.000000
276,13,3.513514,926,63.818057,856,64.701436,0,0.000000
330,14,3.783784,926,63.818057,856,64.701436,0,0.000000
215,15,4.054054,926,63.818057,856,64.701436,0,0.000000
291,16,4.324324,926,63.818057,856,64.701436,0,0.000000
180,17,4.594595,926,63.818057,856,64.701436,0,0.000000
363,18,4.864865,926,63.818057,856,64.701436,0,0.000000
22,19,5.135135,946,65.196416,862,65.154951,0,0.000000
77,20,5.405405,954,65.747760,864,65.306122,0,0.000000
57,21,5.675676,977,67.332874,884,66.817838,0,0.000000
314,22,5.945946,991,68.297726,902,68.178382,0,0.000000
224,23,6.216216,994,68.504480,902,68.178382,0,0.000000
