TestcaseNumber,TestcaseCount,TestcaseRatio,StatementCount,StatementRatio,BranchCount,BranchRatio,FaultCount,FaultRatio
176,1,0.270270,580,39.972433,515,38.926682,0,0.000000
253,2,0.540541,669,46.106134,586,44.293273,0,0.000000
157,3,0.810811,691,47.622329,618,46.712018,0,0.000000
263,4,1.081081,743,51.206065,649,49.055178,0,0.000000
23,5,1.351351,766,52.791178,663,50.113379,0,0.000000
238,6,1.621622,798,54.996554,689,52.078609,0,0.000000
300,7,1.891892,803,55.341144,691,52.229781,0,0.000000
28,8,2.162162,830,57.201930,709,53.590325,0,0.000000
298,9,2.432432,831,57.270848,711,53.741497,0,0.000000
341,10,2.702703,831,57.270848,711,53.741497,0,0.000000
20,11,2.972973,859,59.200551,717,54.195011,0,0.000000
134,12,3.243243,859,59.200551,717,54.195011,0,0.000000
2,13,3.513514,862,59.407305,717,54.195011,0,0.000000
344,14,3.783784,885,60.992419,737,55.706727,0,0.000000
228,15,4.054054,892,61.474845,741,56.009070,0,0.000000
116,16,4.324324,995,68.573398,888,67.120181,0,0.000000
8,17,4.594595,995,68.573398,888,67.120181,0,0.000000
44,18,4.864865,996,68.642316,888,67.120181,0,0.000000
159,19,5.135135,996,68.642316,888,67.120181,0,0.000000
369,20,5.405405,1001,68.986906,888,67.120181,0,0.000000
316,21,5.675676,1007,69.400414,898,67.876039,0,0.000000
152,22,5.945946,1007,69.400414,898,67.876039,0,0.000000
135,23,6.216216,1007,69.400414,898,67.876039,0,0.000000
200,24,6.486486,1072,73.880083,986,74.527589,0,0.000000
343,25,6.756757,1073,73.949001,988,74.678760,0,0.000000
181,26,7.027027,1073,73.949001,988,74.678760,0,0.000000
151,27,7.297297,1090,75.120606,1000,75.585790,0,0.000000
167,28,7.567568,1105,76.154376,1018,76.946334,0,0.000000
201,29,7.837838,1111,76.567884,1020,77.097506,0,0.000000
82,30,8.108108,1111,76.567884,1020,77.097506,0,0.000000
