TestcaseNumber,TestcaseCount,TestcaseRatio,StatementCount,StatementRatio,BranchCount,BranchRatio,FaultCount,FaultRatio
247,1,0.270270,244,16.815989,223,16.855631,0,0.000000
218,2,0.540541,668,46.037216,609,46.031746,0,0.000000
219,3,0.810811,675,46.519642,611,46.182918,0,0.000000
103,4,1.081081,695,47.898001,625,47.241119,0,0.000000
66,5,1.351351,699,48.173673,625,47.241119,0,0.000000
189,6,1.621622,849,58.511371,802,60.619803,0,0.000000
175,7,1.891892,850,58.580289,802,60.619803,0,0.000000
229,8,2.162162,872,60.096485,818,61.829176,0,0.000000
212,9,2.432432,874,60.234321,820,61.980348,0,0.000000
179,10,2.702703,880,60.647829,820,61.980348,0,0.000000
112,11,2.972973,888,61.199173,822,62.131519,0,0.000000
138,12,3.243243,890,61.337009,824,62.282691,0,0.000000
345,13,3.513514,903,62.232943,834,63.038549,0,0.000000
100,14,3.783784,903,62.232943,834,63.038549,0,0.000000
215,15,4.054054,903,62.232943,834,63.038549,0,0.000000
144,16,4.324324,903,62.232943,834,63.038549,0,0.000000
152,17,4.594595,903,62.232943,834,63.038549,0,0.000000
94,18,4.864865,934,64.369400,862,65.154951,0,0.000000
164,19,5.135135,948,65.334252,880,66.515495,0,0.000000
129,20,5.405405,948,65.334252,880,66.515495,0,0.000000
106,21,5.675676,949,65.403170,882,66.666667,0,0.000000
151,22,5.945946,949,65.403170,882,66.666667,0,0.000000
165,23,6.216216,949,65.403170,882,66.666667,0,0.000000
