TestcaseNumber,TestcaseCount,TestcaseRatio,StatementCount,StatementRatio,BranchCount,BranchRatio,FaultCount,FaultRatio
53,1,0.270270,522,35.975190,505,38.170824,0,0.000000
142,2,0.540541,696,47.966919,639,48.299320,0,0.000000
206,3,0.810811,743,51.206065,667,50.415722,0,0.000000
315,4,1.081081,890,61.337009,840,63.492063,0,0.000000
122,5,1.351351,911,62.784287,854,64.550265,0,0.000000
268,6,1.621622,912,62.853205,856,64.701436,0,0.000000
291,7,1.891892,919,63.335631,860,65.003779,0,0.000000
297,8,2.162162,931,64.162646,874,66.061980,0,0.000000
20,9,2.432432,959,66.092350,880,66.515495,0,0.000000
335,10,2.702703,976,67.263956,894,67.573696,0,0.000000
43,11,2.972973,982,67.677464,896,67.724868,0,0.000000
178,12,3.243243,983,67.746382,896,67.724868,0,0.000000
295,13,3.513514,991,68.297726,896,67.724868,0,0.000000
144,14,3.783784,991,68.297726,896,67.724868,0,0.000000
138,15,4.054054,996,68.642316,898,67.876039,0,0.000000
300,16,4.324324,999,68.849070,900,68.027211,0,0.000000
152,17,4.594595,1017,70.089593,928,70.143613,0,0.000000
260,18,4.864865,1017,70.089593,928,70.143613,0,0.000000
120,19,5.135135,1017,70.089593,928,70.143613,0,0.000000
205,20,5.405405,1017,70.089593,928,70.143613,0,0.000000
317,21,5.675676,1017,70.089593,928,70.143613,0,0.000000
366,22,5.945946,1022,70.434183,928,70.143613,0,0.000000
327,23,6.216216,1022,70.434183,928,70.143613,0,0.000000
166,24,6.486486,1022,70.434183,928,70.143613,0,0.000000
7,25,6.756757,1024,70.572019,930,70.294785,0,0.000000
29,26,7.027027,1176,81.047553,1081,81.708239,0,0.000000
80,27,7.297297,1179,81.254307,1081,81.708239,0,0.000000
171,28,7.567568,1179,81.254307,1081,81.708239,0,0.000000
253,29,7.837838,1179,81.254307,1081,81.708239,0,0.000000
356,30,8.108108,1179,81.254307,1081,81.708239,0,0.000000
110,31,8.378378,1179,81.254307,1081,81.708239,0,0.000000
92,32,8.648649,1187,81.805651,1089,82.312925,0,0.000000
346,33,8.918919,1189,81.943487,1089,82.312925,0,0.000000
177,34,9.189189,1189,81.943487,1089,82.312925,0,0.000000
12,35,9.459459,1189,81.943487,1089,82.312925,0,0.000000
106,36,9.729730,1189,81.943487,1089,82.312925,0,0.000000
367,37,10.000000,1189,81.943487,1089,82.312925,3,1.000000
