TestcaseNumber,TestcaseCount,TestcaseRatio,StatementCount,StatementRatio,BranchCount,BranchRatio,FaultCount,FaultRatio
149,1,0.270270,805,55.478980,776,58.654573,0,0.000000
132,2,0.540541,839,57.822192,796,60.166289,0,0.000000
115,3,0.810811,848,58.442453,802,60.619803,0,0.000000
82,4,1.081081,858,59.131633,804,60.770975,0,0.000000
340,5,1.351351,860,59.269469,804,60.770975,0,0.000000
288,6,1.621622,885,60.992419,828,62.585034,0,0.000000
331,7,1.891892,915,63.059959,848,64.096750,0,0.000000
306,8,2.162162,915,63.059959,848,64.096750,0,0.000000
308,9,2.432432,919,63.335631,850,64.247921,0,0.000000
289,10,2.702703,919,63.335631,850,64.247921,0,0.000000
192,11,2.972973,933,64.300482,860,65.003779,0,0.000000
350,12,3.243243,956,65.885596,880,66.515495,0,0.000000
106,13,3.513514,964,66.436940,882,66.666667,0,0.000000
279,14,3.783784,971,66.919366,886,66.969010,0,0.000000
165,15,4.054054,985,67.884218,904,68.329554,0,0.000000
69,16,4.324324,985,67.884218,904,68.329554,0,0.000000
362,17,4.594595,1045,72.019297,986,74.527589,0,0.000000
114,18,4.864865,1045,72.019297,986,74.527589,0,0.000000
357,19,5.135135,1045,72.019297,986,74.527589,0,0.000000
245,20,5.405405,1045,72.019297,986,74.527589,0,0.000000
118,21,5.675676,1045,72.019297,986,74.527589,0,0.000000
256,22,5.945946,1045,72.019297,986,74.527589,0,0.000000
50,23,6.216216,1045,72.019297,986,74.527589,0,0.000000
187,24,6.486486,1045,72.019297,986,74.527589,0,0.000000
