TestcaseNumber,TestcaseCount,TestcaseRatio,StatementCount,StatementRatio,BranchCount,BranchRatio,FaultCount,FaultRatio
323,1,0.270270,521,35.906272,487,36.810280,0,0.000000
313,2,0.540541,741,51.068229,685,51.776266,0,0.000000
30,3,0.810811,946,65.196416,909,68.707483,0,0.000000
196,4,1.081081,971,66.919366,927,70.068027,0,0.000000
138,5,1.351351,996,68.642316,937,70.823885,0,0.000000
275,6,1.621622,1043,71.881461,975,73.696145,0,0.000000
28,7,1.891892,1044,71.950379,975,73.696145,0,0.000000
62,8,2.162162,1065,73.397657,991,74.905518,0,0.000000
293,9,2.432432,1065,73.397657,991,74.905518,0,0.000000
165,10,2.702703,1110,76.498966,1031,77.928949,0,0.000000
78,11,2.972973,1118,77.050310,1035,78.231293,0,0.000000
84,12,3.243243,1126,77.601654,1043,78.835979,0,0.000000
71,13,3.513514,1145,78.911096,1055,79.743008,0,0.000000
342,14,3.783784,1146,78.980014,1055,79.743008,0,0.000000
335,15,4.054054,1157,79.738112,1063,80.347695,0,0.000000
20,16,4.324324,1185,81.667815,1069,80.801209,0,0.000000
101,17,4.594595,1185,81.667815,1069,80.801209,0,0.000000
320,18,4.864865,1186,81.736733,1069,80.801209,0,0.000000
241,19,5.135135,1186,81.736733,1069,80.801209,0,0.000000
158,20,5.405405,1186,81.736733,1069,80.801209,0,0.000000
89,21,5.675676,1186,81.736733,1069,80.801209,0,0.000000
169,22,5.945946,1187,81.805651,1071,80.952381,0,0.000000
244,23,6.216216,1188,81.874569,1073,81.103553,0,0.000000
287,24,6.486486,1190,82.012405,1073,81.103553,0,0.000000
188,25,6.756757,1198,82.563749,1091,82.464097,0,0.000000
170,26,7.027027,1198,82.563749,1091,82.464097,0,0.000000
95,27,7.297297,1198,82.563749,1091,82.464097,0,0.000000
