TestcaseNumber,TestcaseCount,TestcaseRatio,StatementCount,StatementRatio,BranchCount,BranchRatio,FaultCount,FaultRatio
269,1,0.270270,226,15.575465,211,15.948602,0,0.000000
105,2,0.540541,293,20.192970,247,18.669690,0,0.000000
94,3,0.810811,572,39.421089,521,39.380197,0,0.000000
156,4,1.081081,718,49.483115,627,47.392290,0,0.000000
104,5,1.351351,718,49.483115,627,47.392290,0,0.000000
63,6,1.621622,772,53.204686,683,51.625094,0,0.000000
143,7,1.891892,783,53.962784,697,52.683296,0,0.000000
290,8,2.162162,794,54.720882,701,52.985639,0,0.000000
45,9,2.432432,798,54.996554,701,52.985639,0,0.000000
223,10,2.702703,811,55.892488,707,53.439153,0,0.000000
206,11,2.972973,832,57.339766,725,54.799698,0,0.000000
56,12,3.243243,832,57.339766,725,54.799698,0,0.000000
151,13,3.513514,947,65.265334,882,66.666667,0,0.000000
280,14,3.783784,947,65.265334,882,66.666667,0,0.000000
260,15,4.054054,947,65.265334,882,66.666667,0,0.000000
220,16,4.324324,947,65.265334,882,66.666667,0,0.000000
160,17,4.594595,973,67.057202,902,68.178382,0,0.000000
292,18,4.864865,973,67.057202,902,68.178382,0,0.000000
365,19,5.135135,978,67.401792,902,68.178382,0,0.000000
114,20,5.405405,978,67.401792,902,68.178382,0,0.000000
275,21,5.675676,979,67.470710,902,68.178382,0,0.000000
346,22,5.945946,979,67.470710,902,68.178382,0,0.000000
216,23,6.216216,979,67.470710,902,68.178382,0,0.000000
70,24,6.486486,979,67.470710,902,68.178382,0,0.000000
235,25,6.756757,983,67.746382,902,68.178382,0,0.000000
131,26,7.027027,999,68.849070,920,69.538927,0,0.000000
279,27,7.297297,1006,69.331496,922,69.690098,0,0.000000
72,28,7.567568,1006,69.331496,922,69.690098,0,0.000000
310,29,7.837838,1006,69.331496,922,69.690098,0,0.000000
338,30,8.108108,1006,69.331496,922,69.690098,0,0.000000
184,31,8.378378,1006,69.331496,922,69.690098,0,0.000000
168,32,8.648649,1010,69.607167,926,69.992441,0,0.000000
119,33,8.918919,1010,69.607167,926,69.992441,0,0.000000
46,34,9.189189,1010,69.607167,926,69.992441,0,0.000000
182,35,9.459459,1010,69.607167,926,69.992441,0,0.000000
112,36,9.729730,1010,69.607167,926,69.992441,0,0.000000
270,37,10.000000,1010,69.607167,926,69.992441,0,0.000000
245,38,10.270270,1010,69.607167,926,69.992441,0,0.000000
362,39,10.540541,1070,73.742247,1008,76.190476,0,0.000000
102,40,10.810811,1074,74.017919,1010,76.341648,0,0.000000
363,41,11.081081,1074,74.017919,1010,76.341648,0,0.000000
34,42,11.351351,1097,75.603032,1016,76.795163,0,0.000000
