TestcaseNumber,TestcaseCount,TestcaseRatio,StatementCount,StatementRatio,BranchCount,BranchRatio,FaultCount,FaultRatio
237,1,0.270270,279,19.228119,237,17.913832,0,0.000000
124,2,0.540541,692,47.691247,639,48.299320,0,0.000000
211,3,0.810811,745,51.343901,667,50.415722,0,0.000000
208,4,1.081081,769,52.997932,687,51.927438,0,0.000000
6,5,1.351351,774,53.342522,689,52.078609,0,0.000000
111,6,1.621622,776,53.480358,691,52.229781,0,0.000000
294,7,1.891892,780,53.756030,691,52.229781,0,0.000000
316,8,2.162162,838,57.753274,731,55.253212,0,0.000000
223,9,2.432432,868,59.820813,751,56.764928,0,0.000000
144,10,2.702703,868,59.820813,751,56.764928,0,0.000000
77,11,2.972973,868,59.820813,751,56.764928,0,0.000000
242,12,3.243243,872,60.096485,753,56.916100,0,0.000000
153,13,3.513514,950,65.472088,876,66.213152,0,0.000000
214,14,3.783784,952,65.609924,878,66.364324,0,0.000000
167,15,4.054054,967,66.643694,896,67.724868,0,0.000000
315,16,4.324324,967,66.643694,896,67.724868,0,0.000000
319,17,4.594595,967,66.643694,896,67.724868,0,0.000000
132,18,4.864865,967,66.643694,896,67.724868,0,0.000000
110,19,5.135135,967,66.643694,896,67.724868,0,0.000000
147,20,5.405405,967,66.643694,896,67.724868,0,0.000000
317,21,5.675676,967,66.643694,896,67.724868,0,0.000000
71,22,5.945946,984,67.815300,906,68.480726,0,0.000000
191,23,6.216216,984,67.815300,906,68.480726,0,0.000000
27,24,6.486486,1026,70.709855,934,70.597128,0,0.000000
187,25,6.756757,1026,70.709855,934,70.597128,0,0.000000
