TestcaseNumber,TestcaseCount,TestcaseRatio,StatementCount,StatementRatio,BranchCount,BranchRatio,FaultCount,FaultRatio
188,1,0.270270,791,54.514128,776,58.654573,0,0.000000
366,2,0.540541,796,54.858718,776,58.654573,0,0.000000
101,3,0.810811,834,57.477602,796,60.166289,0,0.000000
213,4,1.081081,837,57.684356,798,60.317460,0,0.000000
264,5,1.351351,843,58.097864,798,60.317460,0,0.000000
153,6,1.621622,843,58.097864,798,60.317460,0,0.000000
354,7,1.891892,843,58.097864,798,60.317460,0,0.000000
15,8,2.162162,869,59.889731,804,60.770975,0,0.000000
214,9,2.432432,874,60.234321,806,60.922147,0,0.000000
239,10,2.702703,899,61.957271,828,62.585034,0,0.000000
93,11,2.972973,915,63.059959,836,63.189720,0,0.000000
59,12,3.243243,920,63.404549,836,63.189720,0,0.000000
202,13,3.513514,981,67.608546,918,69.387755,0,0.000000
273,14,3.783784,981,67.608546,918,69.387755,0,0.000000
285,15,4.054054,992,68.366644,930,70.294785,0,0.000000
349,16,4.324324,1027,70.778773,964,72.864701,0,0.000000
6,17,4.594595,1029,70.916609,966,73.015873,0,0.000000
279,18,4.864865,1029,70.916609,966,73.015873,0,0.000000
120,19,5.135135,1035,71.330117,968,73.167045,0,0.000000
51,20,5.405405,1035,71.330117,970,73.318216,0,0.000000
125,21,5.675676,1039,71.605789,970,73.318216,0,0.000000
233,22,5.945946,1039,71.605789,970,73.318216,0,0.000000
113,23,6.216216,1047,72.157133,972,73.469388,0,0.000000
206,24,6.486486,1070,73.742247,986,74.527589,0,0.000000
186,25,6.756757,1070,73.742247,986,74.527589,0,0.000000
295,26,7.027027,1070,73.742247,986,74.527589,0,0.000000
337,27,7.297297,1071,73.811165,986,74.527589,0,0.000000
355,28,7.567568,1071,73.811165,986,74.527589,0,0.000000
11,29,7.837838,1079,74.362509,990,74.829932,0,0.000000
161,30,8.108108,1081,74.500345,990,74.829932,0,0.000000
174,31,8.378378,1083,74.638181,990,74.829932,0,0.000000
255,32,8.648649,1083,74.638181,990,74.829932,0,0.000000
298,33,8.918919,1083,74.638181,990,74.829932,0,0.000000
118,34,9.189189,1083,74.638181,990,74.829932,0,0.000000
314,35,9.459459,1097,75.603032,1008,76.190476,0,0.000000
