TestcaseNumber,TestcaseCount,TestcaseRatio,StatementCount,StatementRatio,BranchCount,BranchRatio,FaultCount,FaultRatio
367,1,0.270270,17,1.171606,8,0.604686,3,1.000000
8,2,0.540541,490,33.769814,473,35.752079,3,1.000000
230,3,0.810811,627,43.211578,588,44.444444,3,1.000000
342,4,1.081081,673,46.381806,612,46.258503,3,1.000000
335,5,1.351351,802,55.272226,699,52.834467,3,1.000000
279,6,1.621622,827,56.995176,723,54.648526,3,1.000000
292,7,1.891892,829,57.133012,725,54.799698,3,1.000000
98,8,2.162162,837,57.684356,729,55.102041,3,1.000000
77,9,2.432432,844,58.166782,729,55.102041,3,1.000000
354,10,2.702703,848,58.442453,731,55.253212,3,1.000000
360,11,2.972973,957,65.954514,871,65.835223,3,1.000000
180,12,3.243243,961,66.230186,871,65.835223,3,1.000000
85,13,3.513514,969,66.781530,879,66.439909,3,1.000000
321,14,3.783784,977,67.332874,885,66.893424,3,1.000000
78,15,4.054054,977,67.332874,885,66.893424,3,1.000000
12,16,4.324324,977,67.332874,885,66.893424,3,1.000000
111,17,4.594595,999,68.849070,895,67.649282,3,1.000000
364,18,4.864865,999,68.849070,895,67.649282,3,1.000000
141,19,5.135135,1000,68.917988,895,67.649282,3,1.000000
177,20,5.405405,1000,68.917988,895,67.649282,3,1.000000
188,21,5.675676,1039,71.605789,964,72.864701,3,1.000000
4,22,5.945946,1047,72.157133,968,73.167045,3,1.000000
317,23,6.216216,1047,72.157133,968,73.167045,3,1.000000
35,24,6.486486,1052,72.501723,972,73.469388,3,1.000000
