TestcaseNumber,TestcaseCount,TestcaseRatio,StatementCount,StatementRatio,BranchCount,BranchRatio,FaultCount,FaultRatio
33,1,0.270270,489,33.700896,477,36.054422,0,0.000000
199,2,0.540541,711,49.000689,637,48.148148,0,0.000000
159,3,0.810811,746,51.412819,661,49.962207,0,0.000000
1,4,1.081081,757,52.170917,665,50.264550,0,0.000000
131,5,1.351351,905,62.370779,838,63.340892,0,0.000000
10,6,1.621622,905,62.370779,838,63.340892,0,0.000000
344,7,1.891892,930,64.093728,860,65.003779,0,0.000000
200,8,2.162162,997,68.711234,942,71.201814,0,0.000000
133,9,2.432432,1034,71.261199,956,72.260015,0,0.000000
36,10,2.702703,1038,71.536871,958,72.411187,0,0.000000
280,11,2.972973,1039,71.605789,958,72.411187,0,0.000000
369,12,3.243243,1044,71.950379,958,72.411187,0,0.000000
81,13,3.513514,1044,71.950379,958,72.411187,0,0.000000
247,14,3.783784,1044,71.950379,958,72.411187,0,0.000000
219,15,4.054054,1044,71.950379,958,72.411187,0,0.000000
116,16,4.324324,1059,72.984149,986,74.527589,0,0.000000
31,17,4.594595,1064,73.328739,986,74.527589,0,0.000000
161,18,4.864865,1077,74.224673,986,74.527589,0,0.000000
66,19,5.135135,1081,74.500345,988,74.678760,0,0.000000
289,20,5.405405,1085,74.776017,992,74.981104,0,0.000000
12,21,5.675676,1085,74.776017,992,74.981104,0,0.000000
253,22,5.945946,1091,75.189524,994,75.132275,0,0.000000
