TestcaseNumber,TestcaseCount,TestcaseRatio,StatementCount,StatementRatio,BranchCount,BranchRatio,FaultCount,FaultRatio
336,1,0.270270,572,39.421089,522,39.455782,0,0.000000
113,2,0.540541,825,56.857340,780,58.956916,0,0.000000
127,3,0.810811,866,59.682977,812,61.375661,0,0.000000
87,4,1.081081,872,60.096485,814,61.526833,0,0.000000
145,5,1.351351,875,60.303239,816,61.678005,0,0.000000
208,6,1.621622,880,60.647829,824,62.282691,0,0.000000
269,7,1.891892,884,60.923501,826,62.433862,0,0.000000
126,8,2.162162,884,60.923501,826,62.433862,0,0.000000
147,9,2.432432,884,60.923501,826,62.433862,0,0.000000
72,10,2.702703,884,60.923501,826,62.433862,0,0.000000
84,11,2.972973,892,61.474845,834,63.038549,0,0.000000
247,12,3.243243,900,62.026189,834,63.038549,0,0.000000
64,13,3.513514,900,62.026189,840,63.492063,0,0.000000
166,14,3.783784,937,64.576154,878,66.364324,0,0.000000
102,15,4.054054,937,64.576154,878,66.364324,0,0.000000
227,16,4.324324,949,65.403170,888,67.120181,0,0.000000
47,17,4.594595,961,66.230186,898,67.876039,0,0.000000
214,18,4.864865,963,66.368022,900,68.027211,0,0.000000
20,19,5.135135,991,68.297726,906,68.480726,0,0.000000
204,20,5.405405,1008,69.469331,918,69.387755,0,0.000000
356,21,5.675676,1008,69.469331,918,69.387755,0,0.000000
266,22,5.945946,1008,69.469331,918,69.387755,0,0.000000
6,23,6.216216,1011,69.676085,920,69.538927,0,0.000000
364,24,6.486486,1016,70.020675,920,69.538927,0,0.000000
97,25,6.756757,1023,70.503101,922,69.690098,0,0.000000
353,26,7.027027,1023,70.503101,922,69.690098,0,0.000000
17,27,7.297297,1029,70.916609,924,69.841270,0,0.000000
287,28,7.567568,1029,70.916609,924,69.841270,0,0.000000
154,29,7.837838,1029,70.916609,924,69.841270,0,0.000000
112,30,8.108108,1029,70.916609,924,69.841270,0,0.000000
136,31,8.378378,1030,70.985527,924,69.841270,0,0.000000
142,32,8.648649,1032,71.123363,928,70.143613,0,0.000000
280,33,8.918919,1032,71.123363,928,70.143613,0,0.000000
61,34,9.189189,1032,71.123363,928,70.143613,0,0.000000
313,35,9.459459,1038,71.536871,928,70.143613,0,0.000000
318,36,9.729730,1038,71.536871,928,70.143613,0,0.000000
68,37,10.000000,1038,71.536871,928,70.143613,0,0.000000
309,38,10.270270,1038,71.536871,928,70.143613,0,0.000000
56,39,10.540541,1038,71.536871,928,70.143613,0,0.000000
350,40,10.810811,1038,71.536871,928,70.143613,0,0.000000
23,41,11.081081,1059,72.984149,940,71.050642,0,0.000000
255,42,11.351351,1059,72.984149,940,71.050642,0,0.000000
119,43,11.621622,1059,72.984149,940,71.050642,0,0.000000
