TestcaseNumber,TestcaseCount,TestcaseRatio,StatementCount,StatementRatio,BranchCount,BranchRatio,FaultCount,FaultRatio
196,1,0.270270,726,50.034459,693,52.380952,0,0.000000
94,2,0.540541,762,52.515507,723,54.648526,0,0.000000
88,3,0.810811,785,54.100620,743,56.160242,0,0.000000
310,4,1.081081,808,55.685734,757,57.218443,0,0.000000
267,5,1.351351,831,57.270848,771,58.276644,0,0.000000
251,6,1.621622,865,59.614059,791,59.788360,0,0.000000
255,7,1.891892,899,61.957271,803,60.695389,0,0.000000
146,8,2.162162,899,61.957271,803,60.695389,0,0.000000
224,9,2.432432,900,62.026189,803,60.695389,0,0.000000
141,10,2.702703,900,62.026189,803,60.695389,0,0.000000
112,11,2.972973,931,64.162646,864,65.306122,0,0.000000
27,12,3.243243,988,68.090972,900,68.027211,0,0.000000
308,13,3.513514,1003,69.124742,912,68.934240,0,0.000000
169,14,3.783784,1026,70.709855,928,70.143613,0,0.000000
250,15,4.054054,1026,70.709855,928,70.143613,0,0.000000
324,16,4.324324,1026,70.709855,928,70.143613,0,0.000000
181,17,4.594595,1026,70.709855,928,70.143613,0,0.000000
269,18,4.864865,1028,70.847691,930,70.294785,0,0.000000
154,19,5.135135,1028,70.847691,930,70.294785,0,0.000000
264,20,5.405405,1032,71.123363,938,70.899471,0,0.000000
336,21,5.675676,1035,71.330117,938,70.899471,0,0.000000
186,22,5.945946,1035,71.330117,938,70.899471,0,0.000000
123,23,6.216216,1035,71.330117,938,70.899471,0,0.000000
238,24,6.486486,1035,71.330117,938,70.899471,0,0.000000
272,25,6.756757,1035,71.330117,938,70.899471,0,0.000000
