TestcaseNumber,TestcaseCount,TestcaseRatio,StatementCount,StatementRatio,BranchCount,BranchRatio,FaultCount,FaultRatio
278,1,0.270270,306,21.088904,267,20.181406,0,0.000000
238,2,0.540541,322,22.191592,277,20.937264,0,0.000000
254,3,0.810811,558,38.456237,527,39.833711,0,0.000000
266,4,1.081081,567,39.076499,529,39.984883,0,0.000000
47,5,1.351351,588,40.523777,539,40.740741,0,0.000000
131,6,1.621622,845,58.235700,803,60.695389,0,0.000000
310,7,1.891892,859,59.200551,813,61.451247,0,0.000000
135,8,2.162162,890,61.337009,832,62.887377,0,0.000000
157,9,2.432432,890,61.337009,832,62.887377,0,0.000000
315,10,2.702703,902,62.164025,838,63.340892,0,0.000000
173,11,2.972973,911,62.784287,842,63.643235,0,0.000000
176,12,3.243243,915,63.059959,842,63.643235,0,0.000000
296,13,3.513514,915,63.059959,844,63.794407,0,0.000000
338,14,3.783784,926,63.818057,854,64.550265,0,0.000000
298,15,4.054054,926,63.818057,854,64.550265,0,0.000000
295,16,4.324324,950,65.472088,874,66.061980,0,0.000000
190,17,4.594595,965,66.505858,902,68.178382,0,0.000000
235,18,4.864865,969,66.781530,902,68.178382,0,0.000000
119,19,5.135135,969,66.781530,902,68.178382,0,0.000000
34,20,5.405405,993,68.435562,908,68.631897,0,0.000000
200,21,5.675676,1055,72.708477,996,75.283447,0,0.000000
160,22,5.945946,1057,72.846313,996,75.283447,0,0.000000
273,23,6.216216,1064,73.328739,998,75.434618,0,0.000000
10,24,6.486486,1072,73.880083,1002,75.736961,0,0.000000
63,25,6.756757,1075,74.086837,1008,76.190476,0,0.000000
