TestcaseNumber,TestcaseCount,TestcaseRatio,StatementCount,StatementRatio,BranchCount,BranchRatio,FaultCount,FaultRatio
237,1,0.270270,279,19.228119,237,17.913832,0,0.000000
247,2,0.540541,297,20.468642,245,18.518519,0,0.000000
4,3,0.810811,315,21.709166,253,19.123205,0,0.000000
329,4,1.081081,697,48.035837,609,46.031746,0,0.000000
367,5,1.351351,702,48.380427,609,46.031746,3,1.000000
36,6,1.621622,739,50.930393,642,48.526077,3,1.000000
279,7,1.891892,771,53.135768,670,50.642479,3,1.000000
258,8,2.162162,806,55.547898,698,52.758881,3,1.000000
71,9,2.432432,813,56.030324,700,52.910053,3,1.000000
333,10,2.702703,941,64.851826,857,64.777022,3,1.000000
266,11,2.972973,941,64.851826,857,64.777022,3,1.000000
278,12,3.243243,944,65.058580,857,64.777022,3,1.000000
231,13,3.513514,945,65.127498,859,64.928193,3,1.000000
197,14,3.783784,977,67.332874,876,66.213152,3,1.000000
40,15,4.054054,987,68.022054,880,66.515495,3,1.000000
297,16,4.324324,999,68.849070,894,67.573696,3,1.000000
53,17,4.594595,999,68.849070,894,67.573696,3,1.000000
271,18,4.864865,1003,69.124742,896,67.724868,3,1.000000
346,19,5.135135,1004,69.193660,896,67.724868,3,1.000000
81,20,5.405405,1007,69.400414,896,67.724868,3,1.000000
133,21,5.675676,1027,70.778773,908,68.631897,3,1.000000
339,22,5.945946,1033,71.192281,930,70.294785,3,1.000000
152,23,6.216216,1033,71.192281,930,70.294785,3,1.000000
119,24,6.486486,1033,71.192281,930,70.294785,3,1.000000
59,25,6.756757,1033,71.192281,930,70.294785,3,1.000000
