TestcaseNumber,TestcaseCount,TestcaseRatio,StatementCount,StatementRatio,BranchCount,BranchRatio,FaultCount,FaultRatio
103,1,0.270270,540,37.215713,510,38.548753,0,0.000000
45,2,0.540541,584,40.248105,534,40.362812,0,0.000000
170,3,0.810811,743,51.206065,649,49.055178,0,0.000000
280,4,1.081081,748,51.550655,651,49.206349,0,0.000000
22,5,1.351351,768,52.929014,657,49.659864,0,0.000000
348,6,1.621622,802,55.272226,691,52.229781,0,0.000000
279,7,1.891892,826,56.926258,711,53.741497,0,0.000000
183,8,2.162162,877,60.441075,757,57.218443,0,0.000000
282,9,2.432432,877,60.441075,757,57.218443,0,0.000000
253,10,2.702703,885,60.992419,761,57.520786,0,0.000000
136,11,2.972973,889,61.268091,763,57.671958,0,0.000000
318,12,3.243243,895,61.681599,763,57.671958,0,0.000000
322,13,3.513514,895,61.681599,763,57.671958,0,0.000000
92,14,3.783784,903,62.232943,771,58.276644,0,0.000000
119,15,4.054054,975,67.195038,894,67.573696,0,0.000000
302,16,4.324324,977,67.332874,896,67.724868,0,0.000000
174,17,4.594595,977,67.332874,896,67.724868,0,0.000000
357,18,4.864865,977,67.332874,896,67.724868,0,0.000000
220,19,5.135135,984,67.815300,900,68.027211,0,0.000000
298,20,5.405405,984,67.815300,900,68.027211,0,0.000000
128,21,5.675676,998,68.780152,918,69.387755,0,0.000000
306,22,5.945946,1012,69.745003,928,70.143613,0,0.000000
88,23,6.216216,1012,69.745003,928,70.143613,0,0.000000
267,24,6.486486,1012,69.745003,928,70.143613,0,0.000000
312,25,6.756757,1012,69.745003,928,70.143613,0,0.000000
