TestcaseNumber,TestcaseCount,TestcaseRatio,StatementCount,StatementRatio,BranchCount,BranchRatio,FaultCount,FaultRatio
322,1,0.270270,521,35.906272,487,36.810280,0,0.000000
282,2,0.540541,621,42.798070,580,43.839758,0,0.000000
331,3,0.810811,773,53.273604,709,53.590325,0,0.000000
335,4,1.081081,821,56.581668,747,56.462585,0,0.000000
302,5,1.351351,841,57.960028,759,57.369615,0,0.000000
157,6,1.621622,877,60.441075,787,59.486017,0,0.000000
160,7,1.891892,879,60.578911,789,59.637188,0,0.000000
90,8,2.162162,884,60.923501,791,59.788360,0,0.000000
35,9,2.432432,911,62.784287,801,60.544218,0,0.000000
370,10,2.702703,911,62.784287,801,60.544218,0,0.000000
265,11,2.972973,911,62.784287,801,60.544218,0,0.000000
94,12,3.243243,934,64.369400,821,62.055933,0,0.000000
108,13,3.513514,944,65.058580,823,62.207105,0,0.000000
209,14,3.783784,945,65.127498,825,62.358277,0,0.000000
170,15,4.054054,952,65.609924,827,62.509448,0,0.000000
109,16,4.324324,953,65.678842,827,62.509448,0,0.000000
55,17,4.594595,953,65.678842,827,62.509448,0,0.000000
306,18,4.864865,965,66.505858,837,63.265306,0,0.000000
177,19,5.135135,966,66.574776,837,63.265306,0,0.000000
332,20,5.405405,999,68.849070,896,67.724868,0,0.000000
65,21,5.675676,999,68.849070,896,67.724868,0,0.000000
61,22,5.945946,999,68.849070,896,67.724868,0,0.000000
50,23,6.216216,999,68.849070,896,67.724868,0,0.000000
9,24,6.486486,1001,68.986906,898,67.876039,0,0.000000
126,25,6.756757,1001,68.986906,898,67.876039,0,0.000000
222,26,7.027027,1016,70.020675,906,68.480726,0,0.000000
