TestcaseNumber,TestcaseCount,TestcaseRatio,StatementCount,StatementRatio,BranchCount,BranchRatio,FaultCount,FaultRatio
27,1,0.270270,644,44.383184,604,45.653817,0,0.000000
77,2,0.540541,803,55.341144,727,54.950869,0,0.000000
83,3,0.810811,811,55.892488,729,55.102041,0,0.000000
76,4,1.081081,815,56.168160,733,55.404384,0,0.000000
352,5,1.351351,871,60.027567,777,58.730159,0,0.000000
74,6,1.621622,875,60.303239,777,58.730159,0,0.000000
217,7,1.891892,895,61.681599,787,59.486017,0,0.000000
350,8,2.162162,918,63.266713,807,60.997732,0,0.000000
84,9,2.432432,932,64.231564,817,61.753590,0,0.000000
104,10,2.702703,940,64.782908,819,61.904762,0,0.000000
200,11,2.972973,1000,68.917988,905,68.405140,0,0.000000
138,12,3.243243,1005,69.262578,907,68.556311,0,0.000000
247,13,3.513514,1009,69.538249,911,68.858655,0,0.000000
140,14,3.783784,1011,69.676085,915,69.160998,0,0.000000
241,15,4.054054,1011,69.676085,915,69.160998,0,0.000000
258,16,4.324324,1040,71.674707,939,70.975057,0,0.000000
31,17,4.594595,1067,73.535493,945,71.428571,0,0.000000
249,18,4.864865,1067,73.535493,945,71.428571,0,0.000000
196,19,5.135135,1071,73.811165,945,71.428571,0,0.000000
47,20,5.405405,1072,73.880083,945,71.428571,0,0.000000
302,21,5.675676,1072,73.880083,945,71.428571,0,0.000000
161,22,5.945946,1076,74.155755,945,71.428571,0,0.000000
21,23,6.216216,1089,75.051688,949,71.730915,0,0.000000
63,24,6.486486,1092,75.258442,955,72.184429,0,0.000000
2,25,6.756757,1095,75.465196,955,72.184429,0,0.000000
