TestcaseNumber,TestcaseCount,TestcaseRatio,StatementCount,StatementRatio,BranchCount,BranchRatio,FaultCount,FaultRatio
360,1,0.270270,660,45.485872,651,49.206349,0,0.000000
218,2,0.540541,770,53.066850,757,57.218443,0,0.000000
176,3,0.810811,789,54.376292,759,57.369615,0,0.000000
225,4,1.081081,844,58.166782,795,60.090703,0,0.000000
362,5,1.351351,854,58.855961,803,60.695389,0,0.000000
274,6,1.621622,873,60.165403,813,61.451247,0,0.000000
141,7,1.891892,886,61.061337,827,62.509448,0,0.000000
281,8,2.162162,914,62.991041,839,63.416478,0,0.000000
112,9,2.432432,953,65.678842,910,68.783069,0,0.000000
10,10,2.702703,971,66.919366,918,69.387755,0,0.000000
11,11,2.972973,971,66.919366,918,69.387755,0,0.000000
323,12,3.243243,975,67.195038,918,69.387755,0,0.000000
253,13,3.513514,977,67.332874,920,69.538927,0,0.000000
43,14,3.783784,982,67.677464,922,69.690098,0,0.000000
111,15,4.054054,992,68.366644,930,70.294785,0,0.000000
209,16,4.324324,993,68.435562,938,70.899471,0,0.000000
137,17,4.594595,998,68.780152,940,71.050642,0,0.000000
191,18,4.864865,1001,68.986906,940,71.050642,0,0.000000
296,19,5.135135,1024,70.572019,962,72.713530,0,0.000000
267,20,5.405405,1024,70.572019,962,72.713530,0,0.000000
352,21,5.675676,1024,70.572019,962,72.713530,0,0.000000
85,22,5.945946,1032,71.123363,970,73.318216,0,0.000000
