TestcaseNumber,TestcaseCount,TestcaseRatio,StatementCount,StatementRatio,BranchCount,BranchRatio,FaultCount,FaultRatio
347,1,0.270270,515,35.492764,514,38.851096,0,0.000000
282,2,0.540541,579,39.903515,558,42.176871,0,0.000000
234,3,0.810811,629,43.349414,595,44.973545,0,0.000000
325,4,1.081081,854,58.855961,781,59.032502,0,0.000000
56,5,1.351351,880,60.647829,801,60.544218,0,0.000000
38,6,1.621622,912,62.853205,809,61.148904,0,0.000000
74,7,1.891892,919,63.335631,811,61.300076,0,0.000000
108,8,2.162162,925,63.749139,813,61.451247,0,0.000000
370,9,2.432432,925,63.749139,813,61.451247,0,0.000000
83,10,2.702703,930,64.093728,815,61.602419,0,0.000000
298,11,2.972973,934,64.369400,819,61.904762,0,0.000000
9,12,3.243243,938,64.645072,821,62.055933,0,0.000000
277,13,3.513514,964,66.436940,829,62.660620,0,0.000000
166,14,3.783784,997,68.711234,888,67.120181,0,0.000000
246,15,4.054054,998,68.780152,890,67.271353,0,0.000000
123,16,4.324324,998,68.780152,890,67.271353,0,0.000000
90,17,4.594595,998,68.780152,890,67.271353,0,0.000000
50,18,4.864865,998,68.780152,890,67.271353,0,0.000000
290,19,5.135135,1001,68.986906,892,67.422525,0,0.000000
148,20,5.405405,1014,69.882839,912,68.934240,0,0.000000
299,21,5.675676,1027,70.778773,920,69.538927,0,0.000000
242,22,5.945946,1027,70.778773,920,69.538927,0,0.000000
190,23,6.216216,1027,70.778773,920,69.538927,0,0.000000
305,24,6.486486,1029,70.916609,922,69.690098,0,0.000000
253,25,6.756757,1029,70.916609,922,69.690098,0,0.000000
337,26,7.027027,1029,70.916609,922,69.690098,0,0.000000
94,27,7.297297,1037,71.467953,930,70.294785,0,0.000000
345,28,7.567568,1037,71.467953,930,70.294785,0,0.000000
183,29,7.837838,1037,71.467953,930,70.294785,0,0.000000
212,30,8.108108,1037,71.467953,930,70.294785,0,0.000000
216,31,8.378378,1037,71.467953,930,70.294785,0,0.000000
88,32,8.648649,1037,71.467953,930,70.294785,0,0.000000
187,33,8.918919,1037,71.467953,930,70.294785,0,0.000000
118,34,9.189189,1037,71.467953,930,70.294785,0,0.000000
129,35,9.459459,1037,71.467953,930,70.294785,0,0.000000
147,36,9.729730,1037,71.467953,930,70.294785,0,0.000000
59,37,10.000000,1037,71.467953,930,70.294785,0,0.000000
110,38,10.270270,1037,71.467953,930,70.294785,0,0.000000
