TestcaseNumber,TestcaseCount,TestcaseRatio,StatementCount,StatementRatio,BranchCount,BranchRatio,FaultCount,FaultRatio
98,1,0.270270,557,38.387319,531,40.136054,0,0.000000
283,2,0.540541,602,41.488629,557,42.101285,0,0.000000
72,3,0.810811,619,42.660234,565,42.705971,0,0.000000
186,4,1.081081,855,58.924879,812,61.375661,0,0.000000
84,5,1.351351,869,59.889731,822,62.131519,0,0.000000
10,6,1.621622,887,61.130255,830,62.736206,0,0.000000
337,7,1.891892,898,61.888353,834,63.038549,0,0.000000
48,8,2.162162,898,61.888353,834,63.038549,0,0.000000
313,9,2.432432,933,64.300482,856,64.701436,0,0.000000
301,10,2.702703,939,64.713990,858,64.852608,0,0.000000
214,11,2.972973,942,64.920744,860,65.003779,0,0.000000
93,12,3.243243,973,67.057202,880,66.515495,0,0.000000
263,13,3.513514,973,67.057202,882,66.666667,0,0.000000
53,14,3.783784,973,67.057202,882,66.666667,0,0.000000
60,15,4.054054,973,67.057202,882,66.666667,0,0.000000
171,16,4.324324,977,67.332874,888,67.120181,0,0.000000
76,17,4.594595,978,67.401792,892,67.422525,0,0.000000
219,18,4.864865,978,67.401792,892,67.422525,0,0.000000
268,19,5.135135,979,67.470710,892,67.422525,0,0.000000
155,20,5.405405,982,67.677464,892,67.422525,0,0.000000
102,21,5.675676,982,67.677464,892,67.422525,0,0.000000
215,22,5.945946,982,67.677464,892,67.422525,0,0.000000
183,23,6.216216,982,67.677464,892,67.422525,0,0.000000
