TestcaseNumber,TestcaseCount,TestcaseRatio,StatementCount,StatementRatio,BranchCount,BranchRatio,FaultCount,FaultRatio
18,1,0.270270,249,17.160579,213,16.099773,0,0.000000
253,2,0.540541,505,34.803584,462,34.920635,0,0.000000
234,3,0.810811,610,42.039972,567,42.857143,0,0.000000
261,4,1.081081,675,46.519642,623,47.089947,0,0.000000
22,5,1.351351,696,47.966919,629,47.543462,0,0.000000
314,6,1.621622,904,62.301861,844,63.794407,0,0.000000
200,7,1.891892,975,67.195038,934,70.597128,0,0.000000
15,8,2.162162,1003,69.124742,942,71.201814,0,0.000000
136,9,2.432432,1004,69.193660,942,71.201814,0,0.000000
89,10,2.702703,1018,70.158511,950,71.806500,0,0.000000
137,11,2.972973,1018,70.158511,950,71.806500,0,0.000000
207,12,3.243243,1040,71.674707,962,72.713530,0,0.000000
240,13,3.513514,1040,71.674707,962,72.713530,0,0.000000
265,14,3.783784,1040,71.674707,962,72.713530,0,0.000000
77,15,4.054054,1040,71.674707,962,72.713530,0,0.000000
342,16,4.324324,1042,71.812543,962,72.713530,0,0.000000
313,17,4.594595,1062,73.190903,974,73.620559,0,0.000000
66,18,4.864865,1062,73.190903,974,73.620559,0,0.000000
90,19,5.135135,1062,73.190903,974,73.620559,0,0.000000
220,20,5.405405,1069,73.673329,978,73.922902,0,0.000000
184,21,5.675676,1086,74.844935,1006,76.039305,0,0.000000
317,22,5.945946,1089,75.051688,1010,76.341648,0,0.000000
306,23,6.216216,1089,75.051688,1010,76.341648,0,0.000000
160,24,6.486486,1089,75.051688,1010,76.341648,0,0.000000
272,25,6.756757,1092,75.258442,1010,76.341648,0,0.000000
243,26,7.027027,1092,75.258442,1010,76.341648,0,0.000000
356,27,7.297297,1099,75.740868,1010,76.341648,0,0.000000
20,28,7.567568,1102,75.947622,1010,76.341648,0,0.000000
303,29,7.837838,1106,76.223294,1010,76.341648,0,0.000000
112,30,8.108108,1106,76.223294,1010,76.341648,0,0.000000
352,31,8.378378,1106,76.223294,1010,76.341648,0,0.000000
36,32,8.648649,1106,76.223294,1010,76.341648,0,0.000000
111,33,8.918919,1107,76.292212,1010,76.341648,0,0.000000
338,34,9.189189,1107,76.292212,1010,76.341648,0,0.000000
144,35,9.459459,1107,76.292212,1010,76.341648,0,0.000000
359,36,9.729730,1107,76.292212,1010,76.341648,0,0.000000
287,37,10.000000,1107,76.292212,1010,76.341648,0,0.000000
247,38,10.270270,1107,76.292212,1010,76.341648,0,0.000000
127,39,10.540541,1107,76.292212,1010,76.341648,0,0.000000
368,40,10.810811,1112,76.636802,1010,76.341648,0,0.000000
188,41,11.081081,1112,76.636802,1010,76.341648,0,0.000000
