TestcaseNumber,TestcaseCount,TestcaseRatio,StatementCount,StatementRatio,BranchCount,BranchRatio,FaultCount,FaultRatio
2,1,0.270270,15,1.033770,8,0.604686,0,0.000000
104,2,0.540541,265,18.263267,235,17.762661,0,0.000000
280,3,0.810811,571,39.352171,531,40.136054,0,0.000000
67,4,1.081081,618,42.591316,555,41.950113,0,0.000000
229,5,1.351351,671,46.243970,597,45.124717,0,0.000000
40,6,1.621622,679,46.795314,601,45.427060,0,0.000000
252,7,1.891892,681,46.933150,603,45.578231,0,0.000000
65,8,2.162162,681,46.933150,603,45.578231,0,0.000000
347,9,2.432432,687,47.346657,611,46.182918,0,0.000000
13,10,2.702703,695,47.898001,611,46.182918,0,0.000000
358,11,2.972973,695,47.898001,611,46.182918,0,0.000000
112,12,3.243243,900,62.026189,836,63.189720,0,0.000000
171,13,3.513514,906,62.439697,844,63.794407,0,0.000000
345,14,3.783784,909,62.646451,844,63.794407,0,0.000000
191,15,4.054054,933,64.300482,856,64.701436,0,0.000000
35,16,4.324324,960,66.161268,866,65.457294,0,0.000000
137,17,4.594595,963,66.368022,868,65.608466,0,0.000000
180,18,4.864865,963,66.368022,868,65.608466,0,0.000000
36,19,5.135135,966,66.574776,868,65.608466,0,0.000000
273,20,5.405405,966,66.574776,868,65.608466,0,0.000000
208,21,5.675676,966,66.574776,868,65.608466,0,0.000000
33,22,5.945946,967,66.643694,868,65.608466,0,0.000000
81,23,6.216216,967,66.643694,868,65.608466,0,0.000000
7,24,6.486486,969,66.781530,870,65.759637,0,0.000000
138,25,6.756757,969,66.781530,870,65.759637,0,0.000000
60,26,7.027027,969,66.781530,870,65.759637,0,0.000000
354,27,7.297297,969,66.781530,870,65.759637,0,0.000000
114,28,7.567568,969,66.781530,870,65.759637,0,0.000000
261,29,7.837838,989,68.159890,890,67.271353,0,0.000000
139,30,8.108108,989,68.159890,890,67.271353,0,0.000000
368,31,8.378378,994,68.504480,890,67.271353,0,0.000000
223,32,8.648649,994,68.504480,890,67.271353,0,0.000000
237,33,8.918919,998,68.780152,892,67.422525,0,0.000000
284,34,9.189189,998,68.780152,892,67.422525,0,0.000000
80,35,9.459459,998,68.780152,892,67.422525,0,0.000000
68,36,9.729730,998,68.780152,892,67.422525,0,0.000000
87,37,10.000000,998,68.780152,892,67.422525,0,0.000000
123,38,10.270270,998,68.780152,892,67.422525,0,0.000000
51,39,10.540541,1049,72.294969,968,73.167045,0,0.000000
298,40,10.810811,1049,72.294969,968,73.167045,0,0.000000
