TestcaseNumber,TestcaseCount,TestcaseRatio,StatementCount,StatementRatio,BranchCount,BranchRatio,FaultCount,FaultRatio
124,1,0.270270,640,44.107512,607,45.880574,0,0.000000
150,2,0.540541,817,56.305996,798,60.317460,0,0.000000
9,3,0.810811,824,56.788422,800,60.468632,0,0.000000
152,4,1.081081,830,57.201930,800,60.468632,0,0.000000
136,5,1.351351,839,57.822192,810,61.224490,0,0.000000
186,6,1.621622,846,58.304618,812,61.375661,0,0.000000
202,7,1.891892,929,64.024810,912,68.934240,0,0.000000
353,8,2.162162,945,65.127498,922,69.690098,0,0.000000
228,9,2.432432,967,66.643694,940,71.050642,0,0.000000
298,10,2.702703,968,66.712612,942,71.201814,0,0.000000
364,11,2.972973,973,67.057202,942,71.201814,0,0.000000
344,12,3.243243,984,67.815300,952,71.957672,0,0.000000
302,13,3.513514,988,68.090972,954,72.108844,0,0.000000
348,14,3.783784,994,68.504480,958,72.411187,0,0.000000
42,15,4.054054,994,68.504480,958,72.411187,0,0.000000
313,16,4.324324,1024,70.572019,968,73.167045,0,0.000000
185,17,4.594595,1033,71.192281,972,73.469388,0,0.000000
254,18,4.864865,1033,71.192281,972,73.469388,0,0.000000
45,19,5.135135,1033,71.192281,972,73.469388,0,0.000000
232,20,5.405405,1033,71.192281,972,73.469388,0,0.000000
41,21,5.675676,1034,71.261199,976,73.771731,0,0.000000
125,22,5.945946,1034,71.261199,976,73.771731,0,0.000000
305,23,6.216216,1034,71.261199,976,73.771731,0,0.000000
170,24,6.486486,1047,72.157133,986,74.527589,0,0.000000
69,25,6.756757,1047,72.157133,986,74.527589,0,0.000000
70,26,7.027027,1047,72.157133,986,74.527589,0,0.000000
368,27,7.297297,1047,72.157133,986,74.527589,0,0.000000
363,28,7.567568,1047,72.157133,986,74.527589,0,0.000000
29,29,7.837838,1200,82.701585,1137,85.941043,0,0.000000
367,30,8.108108,1200,82.701585,1137,85.941043,3,1.000000
65,31,8.378378,1200,82.701585,1137,85.941043,3,1.000000
326,32,8.648649,1200,82.701585,1137,85.941043,3,1.000000
327,33,8.918919,1200,82.701585,1137,85.941043,3,1.000000
343,34,9.189189,1200,82.701585,1137,85.941043,3,1.000000
320,35,9.459459,1200,82.701585,1137,85.941043,3,1.000000
36,36,9.729730,1225,84.424535,1143,86.394558,3,1.000000
340,37,10.000000,1225,84.424535,1143,86.394558,3,1.000000
299,38,10.270270,1225,84.424535,1143,86.394558,3,1.000000
275,39,10.540541,1225,84.424535,1143,86.394558,3,1.000000
171,40,10.810811,1225,84.424535,1143,86.394558,3,1.000000
328,41,11.081081,1233,84.975879,1151,86.999244,3,1.000000
