TestcaseNumber,TestcaseCount,TestcaseRatio,StatementCount,StatementRatio,BranchCount,BranchRatio,FaultCount,FaultRatio
216,1,0.270270,634,43.694004,595,44.973545,0,0.000000
206,2,0.540541,681,46.933150,625,47.241119,0,0.000000
320,3,0.810811,704,48.518263,637,48.148148,0,0.000000
301,4,1.081081,734,50.585803,649,49.055178,0,0.000000
51,5,1.351351,909,62.646451,870,65.759637,0,0.000000
245,6,1.621622,924,63.680221,890,67.271353,0,0.000000
361,7,1.891892,1020,70.296347,1004,75.888133,0,0.000000
130,8,2.162162,1051,72.432805,1034,78.155707,0,0.000000
138,9,2.432432,1056,72.777395,1036,78.306878,0,0.000000
124,10,2.702703,1076,74.155755,1056,79.818594,0,0.000000
56,11,2.972973,1079,74.362509,1056,79.818594,0,0.000000
251,12,3.243243,1107,76.292212,1068,80.725624,0,0.000000
191,13,3.513514,1124,77.463818,1088,82.237339,0,0.000000
163,14,3.783784,1134,78.152998,1088,82.237339,0,0.000000
276,15,4.054054,1143,78.773260,1092,82.539683,0,0.000000
13,16,4.324324,1151,79.324604,1092,82.539683,0,0.000000
255,17,4.594595,1155,79.600276,1092,82.539683,0,0.000000
233,18,4.864865,1155,79.600276,1092,82.539683,0,0.000000
176,19,5.135135,1155,79.600276,1092,82.539683,0,0.000000
331,20,5.405405,1155,79.600276,1092,82.539683,0,0.000000
219,21,5.675676,1155,79.600276,1092,82.539683,0,0.000000
16,22,5.945946,1155,79.600276,1092,82.539683,0,0.000000
280,23,6.216216,1155,79.600276,1092,82.539683,0,0.000000
246,24,6.486486,1155,79.600276,1092,82.539683,0,0.000000
337,25,6.756757,1157,79.738112,1094,82.690854,0,0.000000
142,26,7.027027,1157,79.738112,1094,82.690854,0,0.000000
69,27,7.297297,1157,79.738112,1094,82.690854,0,0.000000
19,28,7.567568,1157,79.738112,1094,82.690854,0,0.000000
294,29,7.837838,1157,79.738112,1094,82.690854,0,0.000000
225,30,8.108108,1159,79.875948,1094,82.690854,0,0.000000
84,31,8.378378,1167,80.427292,1102,83.295540,0,0.000000
172,32,8.648649,1167,80.427292,1102,83.295540,0,0.000000
362,33,8.918919,1177,81.116471,1110,83.900227,0,0.000000
115,34,9.189189,1183,81.529979,1112,84.051398,0,0.000000
348,35,9.459459,1183,81.529979,1112,84.051398,0,0.000000
336,36,9.729730,1183,81.529979,1112,84.051398,0,0.000000
135,37,10.000000,1183,81.529979,1112,84.051398,0,0.000000
144,38,10.270270,1183,81.529979,1112,84.051398,0,0.000000
98,39,10.540541,1186,81.736733,1118,84.504913,0,0.000000
249,40,10.810811,1186,81.736733,1118,84.504913,0,0.000000
2,41,11.081081,1189,81.943487,1118,84.504913,0,0.000000
