TestcaseNumber,TestcaseCount,TestcaseRatio,StatementCount,StatementRatio,BranchCount,BranchRatio,FaultCount,FaultRatio
363,1,0.270270,17,1.171606,8,0.604686,0,0.000000
32,2,0.540541,462,31.840110,449,33.938020,0,0.000000
271,3,0.810811,669,46.106134,594,44.897959,0,0.000000
21,4,1.081081,699,48.173673,602,45.502646,0,0.000000
293,5,1.351351,740,50.999311,626,47.316704,0,0.000000
16,6,1.621622,747,51.481737,632,47.770219,0,0.000000
258,7,1.891892,808,55.685734,682,51.549509,0,0.000000
336,8,2.162162,824,56.788422,684,51.700680,0,0.000000
231,9,2.432432,829,57.133012,688,52.003023,0,0.000000
342,10,2.702703,830,57.201930,688,52.003023,0,0.000000
54,11,2.972973,839,57.822192,697,52.683296,0,0.000000
82,12,3.243243,842,58.028946,697,52.683296,0,0.000000
170,13,3.513514,900,62.026189,745,56.311413,0,0.000000
290,14,3.783784,901,62.095107,747,56.462585,0,0.000000
276,15,4.054054,901,62.095107,747,56.462585,0,0.000000
34,16,4.324324,901,62.095107,747,56.462585,0,0.000000
117,17,4.594595,977,67.332874,870,65.759637,0,0.000000
362,18,4.864865,1048,72.226051,962,72.713530,0,0.000000
220,19,5.135135,1048,72.226051,962,72.713530,0,0.000000
207,20,5.405405,1055,72.708477,972,73.469388,0,0.000000
278,21,5.675676,1074,74.017919,990,74.829932,0,0.000000
