TestcaseNumber,TestcaseCount,TestcaseRatio,StatementCount,StatementRatio,BranchCount,BranchRatio,FaultCount,FaultRatio
142,1,0.270270,609,41.971054,571,43.159486,0,0.000000
302,2,0.540541,653,45.003446,609,46.031746,0,0.000000
152,3,0.810811,783,53.962784,770,58.201058,0,0.000000
258,4,1.081081,812,55.961406,794,60.015117,0,0.000000
211,5,1.351351,873,60.165403,826,62.433862,0,0.000000
326,6,1.621622,911,62.784287,854,64.550265,0,0.000000
342,7,1.891892,920,63.404549,856,64.701436,0,0.000000
176,8,2.162162,921,63.473467,856,64.701436,0,0.000000
21,9,2.432432,932,64.231564,858,64.852608,0,0.000000
282,10,2.702703,936,64.507236,860,65.003779,0,0.000000
147,11,2.972973,942,64.920744,862,65.154951,0,0.000000
59,12,3.243243,965,66.505858,882,66.666667,0,0.000000
215,13,3.513514,965,66.505858,882,66.666667,0,0.000000
318,14,3.783784,966,66.574776,882,66.666667,0,0.000000
66,15,4.054054,966,66.574776,882,66.666667,0,0.000000
87,16,4.324324,972,66.988284,884,66.817838,0,0.000000
160,17,4.594595,978,67.401792,884,66.817838,0,0.000000
35,18,4.864865,1005,69.262578,894,67.573696,0,0.000000
353,19,5.135135,1021,70.365265,904,68.329554,0,0.000000
91,20,5.405405,1028,70.847691,910,68.783069,0,0.000000
107,21,5.675676,1028,70.847691,910,68.783069,0,0.000000
202,22,5.945946,1084,74.707099,988,74.678760,0,0.000000
