TestcaseNumber,TestcaseCount,TestcaseRatio,StatementCount,StatementRatio,BranchCount,BranchRatio,FaultCount,FaultRatio
335,1,0.270270,648,44.658856,591,44.671202,0,0.000000
224,2,0.540541,707,48.725017,631,47.694633,0,0.000000
318,3,0.810811,786,54.169538,685,51.776266,0,0.000000
85,4,1.081081,800,55.134390,695,52.532124,0,0.000000
268,5,1.351351,800,55.134390,697,52.683296,0,0.000000
186,6,1.621622,900,62.026189,836,63.189720,0,0.000000
2,7,1.891892,903,62.232943,836,63.189720,0,0.000000
120,8,2.162162,909,62.646451,844,63.794407,0,0.000000
206,9,2.432432,916,63.128877,848,64.096750,0,0.000000
164,10,2.702703,953,65.678842,886,66.969010,0,0.000000
43,11,2.972973,957,65.954514,886,66.969010,0,0.000000
64,12,3.243243,957,65.954514,886,66.969010,0,0.000000
145,13,3.513514,959,66.092350,888,67.120181,0,0.000000
37,14,3.783784,984,67.815300,894,67.573696,0,0.000000
270,15,4.054054,984,67.815300,894,67.573696,0,0.000000
358,16,4.324324,984,67.815300,894,67.573696,0,0.000000
363,17,4.594595,989,68.159890,894,67.573696,0,0.000000
167,18,4.864865,989,68.159890,894,67.573696,0,0.000000
89,19,5.135135,1013,69.813921,914,69.085412,0,0.000000
105,20,5.405405,1026,70.709855,926,69.992441,0,0.000000
119,21,5.675676,1026,70.709855,926,69.992441,0,0.000000
170,22,5.945946,1026,70.709855,926,69.992441,0,0.000000
148,23,6.216216,1026,70.709855,926,69.992441,0,0.000000
114,24,6.486486,1026,70.709855,926,69.992441,0,0.000000
215,25,6.756757,1026,70.709855,926,69.992441,0,0.000000
192,26,7.027027,1026,70.709855,926,69.992441,0,0.000000
254,27,7.297297,1026,70.709855,926,69.992441,0,0.000000
277,28,7.567568,1042,71.812543,932,70.445956,0,0.000000
110,29,7.837838,1042,71.812543,932,70.445956,0,0.000000
354,30,8.108108,1042,71.812543,932,70.445956,0,0.000000
90,31,8.378378,1042,71.812543,932,70.445956,0,0.000000
298,32,8.648649,1042,71.812543,932,70.445956,0,0.000000
125,33,8.918919,1042,71.812543,932,70.445956,0,0.000000
239,34,9.189189,1042,71.812543,932,70.445956,0,0.000000
