TestcaseNumber,TestcaseCount,TestcaseRatio,StatementCount,StatementRatio,BranchCount,BranchRatio,FaultCount,FaultRatio
316,1,0.270270,624,43.004824,577,43.613001,0,0.000000
236,2,0.540541,657,45.279118,603,45.578231,0,0.000000
286,3,0.810811,668,46.037216,611,46.182918,0,0.000000
124,4,1.081081,760,52.377671,695,52.532124,0,0.000000
40,5,1.351351,783,53.962784,711,53.741497,0,0.000000
11,6,1.621622,801,55.203308,719,54.346183,0,0.000000
198,7,1.891892,873,60.165403,789,59.637188,0,0.000000
293,8,2.162162,880,60.647829,791,59.788360,0,0.000000
279,9,2.432432,928,63.955892,827,62.509448,0,0.000000
105,10,2.702703,937,64.576154,829,62.660620,0,0.000000
275,11,2.972973,954,65.747760,835,63.114135,0,0.000000
267,12,3.243243,954,65.747760,835,63.114135,0,0.000000
338,13,3.513514,954,65.747760,835,63.114135,0,0.000000
303,14,3.783784,964,66.436940,839,63.416478,0,0.000000
158,15,4.054054,972,66.988284,847,64.021164,0,0.000000
363,16,4.324324,977,67.332874,847,64.021164,0,0.000000
81,17,4.594595,980,67.539628,847,64.021164,0,0.000000
221,18,4.864865,987,68.022054,851,64.323507,0,0.000000
174,19,5.135135,988,68.090972,851,64.323507,0,0.000000
79,20,5.405405,988,68.090972,851,64.323507,0,0.000000
94,21,5.675676,988,68.090972,851,64.323507,0,0.000000
260,22,5.945946,988,68.090972,851,64.323507,0,0.000000
99,23,6.216216,988,68.090972,851,64.323507,0,0.000000
85,24,6.486486,988,68.090972,851,64.323507,0,0.000000
271,25,6.756757,990,68.228808,851,64.323507,0,0.000000
70,26,7.027027,990,68.228808,851,64.323507,0,0.000000
277,27,7.297297,996,68.642316,851,64.323507,0,0.000000
141,28,7.567568,996,68.642316,851,64.323507,0,0.000000
257,29,7.837838,996,68.642316,851,64.323507,0,0.000000
180,30,8.108108,996,68.642316,851,64.323507,0,0.000000
