TestcaseNumber,TestcaseCount,TestcaseRatio,StatementCount,StatementRatio,BranchCount,BranchRatio,FaultCount,FaultRatio
147,1,0.270270,571,39.352171,541,40.891912,0,0.000000
351,2,0.540541,612,42.177808,569,43.008314,0,0.000000
80,3,0.810811,696,47.966919,633,47.845805,0,0.000000
29,4,1.081081,939,64.713990,905,68.405140,0,0.000000
34,5,1.351351,963,66.368022,911,68.858655,0,0.000000
360,6,1.621622,1036,71.399035,1001,75.661376,0,0.000000
62,7,1.891892,1080,74.431427,1031,77.928949,0,0.000000
239,8,2.162162,1080,74.431427,1031,77.928949,0,0.000000
53,9,2.432432,1100,75.809786,1051,79.440665,0,0.000000
251,10,2.702703,1121,77.257064,1077,81.405896,0,0.000000
82,11,2.972973,1121,77.257064,1077,81.405896,0,0.000000
305,12,3.243243,1125,77.532736,1079,81.557067,0,0.000000
130,13,3.513514,1142,78.704342,1097,82.917611,0,0.000000
151,14,3.783784,1181,81.392143,1135,85.789872,0,0.000000
59,15,4.054054,1181,81.392143,1135,85.789872,0,0.000000
44,16,4.324324,1182,81.461061,1135,85.789872,0,0.000000
186,17,4.594595,1182,81.461061,1135,85.789872,0,0.000000
121,18,4.864865,1188,81.874569,1137,85.941043,0,0.000000
18,19,5.135135,1193,82.219159,1141,86.243386,0,0.000000
103,20,5.405405,1200,82.701585,1143,86.394558,0,0.000000
154,21,5.675676,1200,82.701585,1143,86.394558,0,0.000000
261,22,5.945946,1200,82.701585,1143,86.394558,0,0.000000
172,23,6.216216,1200,82.701585,1143,86.394558,0,0.000000
325,24,6.486486,1202,82.839421,1143,86.394558,0,0.000000
74,25,6.756757,1202,82.839421,1143,86.394558,0,0.000000
320,26,7.027027,1208,83.252929,1143,86.394558,0,0.000000
203,27,7.297297,1215,83.735355,1147,86.696901,0,0.000000
355,28,7.567568,1215,83.735355,1147,86.696901,0,0.000000
201,29,7.837838,1215,83.735355,1147,86.696901,0,0.000000
303,30,8.108108,1220,84.079945,1149,86.848073,0,0.000000
333,31,8.378378,1220,84.079945,1149,86.848073,0,0.000000
123,32,8.648649,1220,84.079945,1149,86.848073,0,0.000000
206,33,8.918919,1220,84.079945,1149,86.848073,0,0.000000
342,34,9.189189,1220,84.079945,1149,86.848073,0,0.000000
344,35,9.459459,1220,84.079945,1149,86.848073,0,0.000000
179,36,9.729730,1220,84.079945,1149,86.848073,0,0.000000
25,37,10.000000,1236,85.182633,1161,87.755102,0,0.000000
58,38,10.270270,1236,85.182633,1161,87.755102,0,0.000000
