TestcaseNumber,TestcaseCount,TestcaseRatio,StatementCount,StatementRatio,BranchCount,BranchRatio,FaultCount,FaultRatio
175,1,0.270270,591,40.730531,536,40.513983,0,0.000000
52,2,0.540541,703,48.449345,629,47.543462,0,0.000000
358,3,0.810811,703,48.449345,629,47.543462,0,0.000000
262,4,1.081081,723,49.827705,641,48.450491,0,0.000000
69,5,1.351351,742,51.137147,653,49.357521,0,0.000000
349,6,1.621622,770,53.066850,683,51.625094,0,0.000000
256,7,1.891892,829,57.133012,727,54.950869,0,0.000000
215,8,2.162162,847,58.373535,737,55.706727,0,0.000000
287,9,2.432432,849,58.511371,737,55.706727,0,0.000000
231,10,2.702703,856,58.993797,741,56.009070,0,0.000000
44,11,2.972973,862,59.407305,743,56.160242,0,0.000000
234,12,3.243243,862,59.407305,743,56.160242,0,0.000000
109,13,3.513514,872,60.096485,751,56.764928,0,0.000000
273,14,3.783784,872,60.096485,751,56.764928,0,0.000000
354,15,4.054054,872,60.096485,751,56.764928,0,0.000000
39,16,4.324324,899,61.957271,759,57.369615,0,0.000000
76,17,4.594595,909,62.646451,765,57.823129,0,0.000000
339,18,4.864865,976,67.263956,886,66.969010,0,0.000000
331,19,5.135135,982,67.677464,886,66.969010,0,0.000000
129,20,5.405405,1019,70.227429,924,69.841270,0,0.000000
190,21,5.675676,1019,70.227429,924,69.841270,0,0.000000
165,22,5.945946,1019,70.227429,924,69.841270,0,0.000000
65,23,6.216216,1019,70.227429,924,69.841270,0,0.000000
162,24,6.486486,1019,70.227429,924,69.841270,0,0.000000
78,25,6.756757,1019,70.227429,924,69.841270,0,0.000000
240,26,7.027027,1019,70.227429,924,69.841270,0,0.000000
42,27,7.297297,1019,70.227429,924,69.841270,0,0.000000
