TestcaseNumber,TestcaseCount,TestcaseRatio,StatementCount,StatementRatio,BranchCount,BranchRatio,FaultCount,FaultRatio
56,1,0.270270,498,34.321158,479,36.205593,0,0.000000
165,2,0.540541,787,54.238456,759,57.369615,0,0.000000
320,3,0.810811,809,55.754652,771,58.276644,0,0.000000
228,4,1.081081,846,58.304618,801,60.544218,0,0.000000
122,5,1.351351,846,58.304618,801,60.544218,0,0.000000
57,6,1.621622,846,58.304618,801,60.544218,0,0.000000
161,7,1.891892,898,61.888353,838,63.340892,0,0.000000
256,8,2.162162,899,61.957271,838,63.340892,0,0.000000
286,9,2.432432,910,62.715369,844,63.794407,0,0.000000
276,10,2.702703,923,63.611303,856,64.701436,0,0.000000
312,11,2.972973,925,63.749139,858,64.852608,0,0.000000
18,12,3.243243,933,64.300482,862,65.154951,0,0.000000
103,13,3.513514,945,65.127498,872,65.910809,0,0.000000
106,14,3.783784,945,65.127498,872,65.910809,0,0.000000
3,15,4.054054,948,65.334252,872,65.910809,0,0.000000
339,16,4.324324,954,65.747760,894,67.573696,0,0.000000
30,17,4.594595,1128,77.739490,1061,80.196523,0,0.000000
262,18,4.864865,1150,79.255686,1071,80.952381,0,0.000000
185,19,5.135135,1158,79.807030,1075,81.254724,0,0.000000
27,20,5.405405,1160,79.944866,1075,81.254724,0,0.000000
352,21,5.675676,1160,79.944866,1075,81.254724,0,0.000000
207,22,5.945946,1166,80.358374,1077,81.405896,0,0.000000
28,23,6.216216,1167,80.427292,1077,81.405896,0,0.000000
227,24,6.486486,1172,80.771881,1077,81.405896,0,0.000000
258,25,6.756757,1172,80.771881,1077,81.405896,0,0.000000
269,26,7.027027,1172,80.771881,1077,81.405896,0,0.000000
186,27,7.297297,1172,80.771881,1077,81.405896,0,0.000000
142,28,7.567568,1173,80.840799,1079,81.557067,0,0.000000
25,29,7.837838,1189,81.943487,1087,82.161754,0,0.000000
107,30,8.108108,1189,81.943487,1087,82.161754,0,0.000000
347,31,8.378378,1194,82.288077,1093,82.615268,0,0.000000
12,32,8.648649,1215,83.735355,1099,83.068783,0,0.000000
327,33,8.918919,1215,83.735355,1099,83.068783,0,0.000000
42,34,9.189189,1215,83.735355,1099,83.068783,0,0.000000
