TestcaseNumber,TestcaseCount,TestcaseRatio,StatementCount,StatementRatio,BranchCount,BranchRatio,FaultCount,FaultRatio
110,1,0.270270,505,34.803584,475,35.903250,0,0.000000
137,2,0.540541,670,46.175052,611,46.182918,0,0.000000
220,3,0.810811,709,48.862853,635,47.996977,0,0.000000
194,4,1.081081,741,51.068229,657,49.659864,0,0.000000
284,5,1.351351,768,52.929014,673,50.869237,0,0.000000
335,6,1.621622,830,57.201930,721,54.497354,0,0.000000
156,7,1.891892,830,57.201930,721,54.497354,0,0.000000
107,8,2.162162,830,57.201930,721,54.497354,0,0.000000
275,9,2.432432,845,58.235700,737,55.706727,0,0.000000
100,10,2.702703,845,58.235700,737,55.706727,0,0.000000
54,11,2.972973,864,59.545141,749,56.613757,0,0.000000
256,12,3.243243,865,59.614059,749,56.613757,0,0.000000
121,13,3.513514,865,59.614059,749,56.613757,0,0.000000
32,14,3.783784,891,61.405927,757,57.218443,0,0.000000
224,15,4.054054,895,61.681599,757,57.218443,0,0.000000
161,16,4.324324,956,65.885596,823,62.207105,0,0.000000
188,17,4.594595,991,68.297726,892,67.422525,0,0.000000
102,18,4.864865,991,68.297726,892,67.422525,0,0.000000
273,19,5.135135,991,68.297726,892,67.422525,0,0.000000
360,20,5.405405,1044,71.950379,966,73.015873,0,0.000000
299,21,5.675676,1044,71.950379,966,73.015873,0,0.000000
