TestcaseNumber,TestcaseCount,TestcaseRatio,StatementCount,StatementRatio,BranchCount,BranchRatio,FaultCount,FaultRatio
293,1,0.270270,597,41.144039,551,41.647770,0,0.000000
1,2,0.540541,618,42.591316,559,42.252457,0,0.000000
278,3,0.810811,674,46.450724,613,46.334089,0,0.000000
129,4,1.081081,846,58.304618,807,60.997732,0,0.000000
322,5,1.351351,850,58.580289,807,60.997732,0,0.000000
284,6,1.621622,859,59.200551,809,61.148904,0,0.000000
20,7,1.891892,874,60.234321,811,61.300076,0,0.000000
166,8,2.162162,894,61.612681,821,62.055933,0,0.000000
360,9,2.432432,959,66.092350,905,68.405140,0,0.000000
105,10,2.702703,964,66.436940,905,68.405140,0,0.000000
370,11,2.972973,964,66.436940,905,68.405140,0,0.000000
239,12,3.243243,964,66.436940,905,68.405140,0,0.000000
46,13,3.513514,970,66.850448,907,68.556311,0,0.000000
69,14,3.783784,970,66.850448,907,68.556311,0,0.000000
355,15,4.054054,986,67.953136,916,69.236584,0,0.000000
326,16,4.324324,1006,69.331496,946,71.504157,0,0.000000
356,17,4.594595,1006,69.331496,946,71.504157,0,0.000000
175,18,4.864865,1006,69.331496,946,71.504157,0,0.000000
123,19,5.135135,1006,69.331496,946,71.504157,0,0.000000
219,20,5.405405,1013,69.813921,948,71.655329,0,0.000000
250,21,5.675676,1013,69.813921,948,71.655329,0,0.000000
271,22,5.945946,1023,70.503101,950,71.806500,0,0.000000
144,23,6.216216,1023,70.503101,950,71.806500,0,0.000000
315,24,6.486486,1023,70.503101,950,71.806500,0,0.000000
238,25,6.756757,1023,70.503101,950,71.806500,0,0.000000
168,26,7.027027,1047,72.157133,972,73.469388,0,0.000000
