TestcaseNumber,TestcaseCount,TestcaseRatio,StatementCount,StatementRatio,BranchCount,BranchRatio,FaultCount,FaultRatio
134,1,0.270270,638,43.969676,591,44.671202,0,0.000000
20,2,0.540541,668,46.037216,599,45.275888,0,0.000000
70,3,0.810811,690,47.553411,609,46.031746,0,0.000000
364,4,1.081081,695,47.898001,609,46.031746,0,0.000000
1,5,1.351351,703,48.449345,613,46.334089,0,0.000000
84,6,1.621622,732,50.447967,635,47.996977,0,0.000000
226,7,1.891892,764,52.653343,661,49.962207,0,0.000000
123,8,2.162162,765,52.722261,661,49.962207,0,0.000000
148,9,2.432432,909,62.646451,832,62.887377,0,0.000000
279,10,2.702703,966,66.574776,872,65.910809,0,0.000000
251,11,2.972973,966,66.574776,872,65.910809,0,0.000000
103,12,3.243243,974,67.126120,880,66.515495,0,0.000000
207,13,3.513514,981,67.608546,884,66.817838,0,0.000000
65,14,3.783784,981,67.608546,884,66.817838,0,0.000000
17,15,4.054054,984,67.815300,884,66.817838,0,0.000000
245,16,4.324324,984,67.815300,884,66.817838,0,0.000000
176,17,4.594595,987,68.022054,884,66.817838,0,0.000000
121,18,4.864865,987,68.022054,884,66.817838,0,0.000000
61,19,5.135135,990,68.228808,890,67.271353,0,0.000000
98,20,5.405405,993,68.435562,890,67.271353,0,0.000000
343,21,5.675676,994,68.504480,890,67.271353,0,0.000000
355,22,5.945946,994,68.504480,890,67.271353,0,0.000000
309,23,6.216216,994,68.504480,890,67.271353,0,0.000000
156,24,6.486486,994,68.504480,890,67.271353,0,0.000000
