TestcaseNumber,TestcaseCount,TestcaseRatio,StatementCount,StatementRatio,BranchCount,BranchRatio,FaultCount,FaultRatio
124,1,0.270270,640,44.107512,607,45.880574,0,0.000000
119,2,0.540541,797,54.927636,784,59.259259,0,0.000000
32,3,0.810811,826,56.926258,792,59.863946,0,0.000000
10,4,1.081081,834,57.477602,796,60.166289,0,0.000000
236,5,1.351351,860,59.269469,816,61.678005,0,0.000000
12,6,1.621622,860,59.269469,816,61.678005,0,0.000000
108,7,1.891892,898,61.888353,840,63.492063,0,0.000000
333,8,2.162162,916,63.128877,860,65.003779,0,0.000000
27,9,2.432432,963,66.368022,890,67.271353,0,0.000000
338,10,2.702703,979,67.470710,894,67.573696,0,0.000000
73,11,2.972973,983,67.746382,894,67.573696,0,0.000000
23,12,3.243243,1006,69.331496,908,68.631897,0,0.000000
181,13,3.513514,1006,69.331496,908,68.631897,0,0.000000
369,14,3.783784,1011,69.676085,908,68.631897,0,0.000000
253,15,4.054054,1019,70.227429,910,68.783069,0,0.000000
271,16,4.324324,1028,70.847691,912,68.934240,0,0.000000
244,17,4.594595,1043,71.881461,932,70.445956,0,0.000000
82,18,4.864865,1043,71.881461,932,70.445956,0,0.000000
190,19,5.135135,1043,71.881461,932,70.445956,0,0.000000
92,20,5.405405,1051,72.432805,940,71.050642,0,0.000000
37,21,5.675676,1054,72.639559,940,71.050642,0,0.000000
21,22,5.945946,1057,72.846313,940,71.050642,0,0.000000
360,23,6.216216,1110,76.498966,1014,76.643991,0,0.000000
115,24,6.486486,1110,76.498966,1014,76.643991,0,0.000000
39,25,6.756757,1117,76.981392,1020,77.097506,0,0.000000
65,26,7.027027,1124,77.463818,1028,77.702192,0,0.000000
50,27,7.297297,1130,77.877326,1030,77.853364,0,0.000000
223,28,7.567568,1137,78.359752,1034,78.155707,0,0.000000
226,29,7.837838,1138,78.428670,1034,78.155707,0,0.000000
206,30,8.108108,1155,79.600276,1046,79.062736,0,0.000000
81,31,8.378378,1155,79.600276,1046,79.062736,0,0.000000
341,32,8.648649,1155,79.600276,1046,79.062736,0,0.000000
4,33,8.918919,1155,79.600276,1046,79.062736,0,0.000000
195,34,9.189189,1155,79.600276,1046,79.062736,0,0.000000
43,35,9.459459,1155,79.600276,1046,79.062736,0,0.000000
