TestcaseNumber,TestcaseCount,TestcaseRatio,StatementCount,StatementRatio,BranchCount,BranchRatio,FaultCount,FaultRatio
71,1,0.270270,275,18.952447,235,17.762661,0,0.000000
305,2,0.540541,609,41.971054,551,41.647770,0,0.000000
80,3,0.810811,642,44.245348,573,43.310658,0,0.000000
327,4,1.081081,857,59.062715,802,60.619803,0,0.000000
38,5,1.351351,883,60.854583,808,61.073318,0,0.000000
106,6,1.621622,883,60.854583,808,61.073318,0,0.000000
265,7,1.891892,890,61.337009,816,61.678005,0,0.000000
362,8,2.162162,952,65.609924,898,67.876039,0,0.000000
213,9,2.432432,952,65.609924,898,67.876039,0,0.000000
22,10,2.702703,972,66.988284,904,68.329554,0,0.000000
297,11,2.972973,995,68.573398,928,70.143613,0,0.000000
189,12,3.243243,995,68.573398,928,70.143613,0,0.000000
239,13,3.513514,997,68.711234,930,70.294785,0,0.000000
1,14,3.783784,1005,69.262578,934,70.597128,0,0.000000
93,15,4.054054,1015,69.951757,942,71.201814,0,0.000000
258,16,4.324324,1053,72.570641,978,73.922902,0,0.000000
279,17,4.594595,1054,72.639559,982,74.225246,0,0.000000
273,18,4.864865,1054,72.639559,982,74.225246,0,0.000000
101,19,5.135135,1054,72.639559,982,74.225246,0,0.000000
289,20,5.405405,1055,72.708477,982,74.225246,0,0.000000
190,21,5.675676,1055,72.708477,982,74.225246,0,0.000000
266,22,5.945946,1055,72.708477,982,74.225246,0,0.000000
49,23,6.216216,1061,73.121985,984,74.376417,0,0.000000
