TestcaseNumber,TestcaseCount,TestcaseRatio,StatementCount,StatementRatio,BranchCount,BranchRatio,FaultCount,FaultRatio
294,1,0.270270,469,32.322536,444,33.560091,0,0.000000
322,2,0.540541,571,39.352171,559,42.252457,0,0.000000
304,3,0.810811,636,43.831840,593,44.822373,0,0.000000
71,4,1.081081,688,47.415575,621,46.938776,0,0.000000
163,5,1.351351,794,54.720882,717,54.195011,0,0.000000
266,6,1.621622,794,54.720882,719,54.346183,0,0.000000
72,7,1.891892,826,56.926258,741,56.009070,0,0.000000
81,8,2.162162,857,59.062715,759,57.369615,0,0.000000
59,9,2.432432,880,60.647829,779,58.881330,0,0.000000
166,10,2.702703,918,63.266713,840,63.492063,0,0.000000
14,11,2.972973,926,63.818057,840,63.492063,0,0.000000
4,12,3.243243,944,65.058580,848,64.096750,0,0.000000
97,13,3.513514,965,66.505858,864,65.306122,0,0.000000
317,14,3.783784,969,66.781530,870,65.759637,0,0.000000
273,15,4.054054,969,66.781530,876,66.213152,0,0.000000
340,16,4.324324,969,66.781530,876,66.213152,0,0.000000
157,17,4.594595,983,67.746382,886,66.969010,0,0.000000
344,18,4.864865,993,68.435562,896,67.724868,0,0.000000
187,19,5.135135,1013,69.813921,924,69.841270,0,0.000000
5,20,5.405405,1028,70.847691,926,69.992441,0,0.000000
189,21,5.675676,1028,70.847691,926,69.992441,0,0.000000
104,22,5.945946,1028,70.847691,926,69.992441,0,0.000000
10,23,6.216216,1028,70.847691,926,69.992441,0,0.000000
359,24,6.486486,1028,70.847691,926,69.992441,0,0.000000
258,25,6.756757,1037,71.467953,932,70.445956,0,0.000000
129,26,7.027027,1037,71.467953,932,70.445956,0,0.000000
48,27,7.297297,1037,71.467953,932,70.445956,0,0.000000
217,28,7.567568,1037,71.467953,932,70.445956,0,0.000000
242,29,7.837838,1037,71.467953,932,70.445956,0,0.000000
