TestcaseNumber,TestcaseCount,TestcaseRatio,StatementCount,StatementRatio,BranchCount,BranchRatio,FaultCount,FaultRatio
167,1,0.270270,760,52.377671,747,56.462585,0,0.000000
3,2,0.540541,763,52.584425,747,56.462585,0,0.000000
184,3,0.810811,874,60.234321,830,62.736206,0,0.000000
169,4,1.081081,911,62.784287,854,64.550265,0,0.000000
316,5,1.351351,913,62.922123,854,64.550265,0,0.000000
349,6,1.621622,967,66.643694,906,68.480726,0,0.000000
38,7,1.891892,992,68.366644,912,68.934240,0,0.000000
116,8,2.162162,995,68.573398,912,68.934240,0,0.000000
333,9,2.432432,995,68.573398,912,68.934240,0,0.000000
191,10,2.702703,1002,69.055824,914,69.085412,0,0.000000
325,11,2.972973,1004,69.193660,914,69.085412,0,0.000000
113,12,3.243243,1004,69.193660,914,69.085412,0,0.000000
14,13,3.513514,1012,69.745003,914,69.085412,0,0.000000
63,14,3.783784,1012,69.745003,914,69.085412,0,0.000000
73,15,4.054054,1012,69.745003,914,69.085412,0,0.000000
241,16,4.324324,1012,69.745003,914,69.085412,0,0.000000
185,17,4.594595,1012,69.745003,914,69.085412,0,0.000000
305,18,4.864865,1014,69.882839,916,69.236584,0,0.000000
172,19,5.135135,1020,70.296347,918,69.387755,0,0.000000
272,20,5.405405,1020,70.296347,918,69.387755,0,0.000000
10,21,5.675676,1028,70.847691,922,69.690098,0,0.000000
33,22,5.945946,1034,71.261199,926,69.992441,0,0.000000
263,23,6.216216,1034,71.261199,926,69.992441,0,0.000000
142,24,6.486486,1034,71.261199,926,69.992441,0,0.000000
286,25,6.756757,1034,71.261199,926,69.992441,0,0.000000
228,26,7.027027,1047,72.157133,932,70.445956,0,0.000000
120,27,7.297297,1047,72.157133,938,70.899471,0,0.000000
209,28,7.567568,1054,72.639559,942,71.201814,0,0.000000
326,29,7.837838,1056,72.777395,944,71.352986,0,0.000000
323,30,8.108108,1056,72.777395,944,71.352986,0,0.000000
255,31,8.378378,1056,72.777395,944,71.352986,0,0.000000
239,32,8.648649,1056,72.777395,944,71.352986,0,0.000000
222,33,8.918919,1056,72.777395,944,71.352986,0,0.000000
259,34,9.189189,1062,73.190903,944,71.352986,0,0.000000
105,35,9.459459,1062,73.190903,944,71.352986,0,0.000000
331,36,9.729730,1062,73.190903,944,71.352986,0,0.000000
294,37,10.000000,1062,73.190903,944,71.352986,0,0.000000
