TestcaseNumber,TestcaseCount,TestcaseRatio,StatementCount,StatementRatio,BranchCount,BranchRatio,FaultCount,FaultRatio
123,1,0.270270,601,41.419711,549,41.496599,0,0.000000
305,2,0.540541,641,44.176430,593,44.822373,0,0.000000
177,3,0.810811,679,46.795314,613,46.334089,0,0.000000
357,4,1.081081,679,46.795314,615,46.485261,0,0.000000
94,5,1.351351,726,50.034459,651,49.206349,0,0.000000
183,6,1.621622,730,50.310131,651,49.206349,0,0.000000
337,7,1.891892,778,53.618194,677,51.171580,0,0.000000
198,8,2.162162,884,60.923501,785,59.334845,0,0.000000
354,9,2.432432,884,60.923501,785,59.334845,0,0.000000
205,10,2.702703,911,62.784287,807,60.997732,0,0.000000
11,11,2.972973,929,64.024810,815,61.602419,0,0.000000
348,12,3.243243,939,64.713990,829,62.660620,0,0.000000
167,13,3.513514,971,66.919366,888,67.120181,0,0.000000
316,14,3.783784,977,67.332874,898,67.876039,0,0.000000
238,15,4.054054,977,67.332874,898,67.876039,0,0.000000
148,16,4.324324,1002,69.055824,930,70.294785,0,0.000000
296,17,4.594595,1002,69.055824,932,70.445956,0,0.000000
304,18,4.864865,1002,69.055824,932,70.445956,0,0.000000
45,19,5.135135,1006,69.331496,932,70.445956,0,0.000000
134,20,5.405405,1006,69.331496,932,70.445956,0,0.000000
131,21,5.675676,1006,69.331496,932,70.445956,0,0.000000
102,22,5.945946,1006,69.331496,932,70.445956,0,0.000000
118,23,6.216216,1006,69.331496,932,70.445956,0,0.000000
185,24,6.486486,1013,69.813921,934,70.597128,0,0.000000
228,25,6.756757,1021,70.365265,938,70.899471,0,0.000000
274,26,7.027027,1021,70.365265,938,70.899471,0,0.000000
194,27,7.297297,1021,70.365265,938,70.899471,0,0.000000
334,28,7.567568,1021,70.365265,938,70.899471,0,0.000000
39,29,7.837838,1036,71.399035,940,71.050642,0,0.000000
136,30,8.108108,1037,71.467953,940,71.050642,0,0.000000
2,31,8.378378,1040,71.674707,940,71.050642,0,0.000000
203,32,8.648649,1040,71.674707,940,71.050642,0,0.000000
3,33,8.918919,1040,71.674707,940,71.050642,0,0.000000
364,34,9.189189,1045,72.019297,940,71.050642,0,0.000000
249,35,9.459459,1045,72.019297,940,71.050642,0,0.000000
169,36,9.729730,1046,72.088215,940,71.050642,0,0.000000
347,37,10.000000,1047,72.157133,940,71.050642,0,0.000000
