TestcaseNumber,TestcaseCount,TestcaseRatio,StatementCount,StatementRatio,BranchCount,BranchRatio,FaultCount,FaultRatio
352,1,0.270270,529,36.457615,513,38.775510,0,0.000000
351,2,0.540541,560,38.594073,537,40.589569,0,0.000000
126,3,0.810811,716,49.345279,665,50.264550,0,0.000000
275,4,1.081081,829,57.133012,739,55.857899,0,0.000000
258,5,1.351351,846,58.304618,741,56.009070,0,0.000000
56,6,1.621622,849,58.511371,741,56.009070,0,0.000000
238,7,1.891892,849,58.511371,741,56.009070,0,0.000000
161,8,2.162162,907,62.508615,801,60.544218,0,0.000000
243,9,2.432432,911,62.784287,809,61.148904,0,0.000000
278,10,2.702703,919,63.335631,815,61.602419,0,0.000000
280,11,2.972973,919,63.335631,815,61.602419,0,0.000000
365,12,3.243243,924,63.680221,815,61.602419,0,0.000000
141,13,3.513514,927,63.886975,817,61.753590,0,0.000000
215,14,3.783784,936,64.507236,819,61.904762,0,0.000000
5,15,4.054054,961,66.230186,825,62.358277,0,0.000000
146,16,4.324324,961,66.230186,825,62.358277,0,0.000000
360,17,4.594595,1014,69.882839,899,67.951625,0,0.000000
80,18,4.864865,1019,70.227429,901,68.102797,0,0.000000
4,19,5.135135,1027,70.778773,905,68.405140,0,0.000000
336,20,5.405405,1030,70.985527,907,68.556311,0,0.000000
24,21,5.675676,1046,72.088215,919,69.463341,0,0.000000
55,22,5.945946,1046,72.088215,919,69.463341,0,0.000000
177,23,6.216216,1046,72.088215,919,69.463341,0,0.000000
179,24,6.486486,1046,72.088215,919,69.463341,0,0.000000
58,25,6.756757,1046,72.088215,919,69.463341,0,0.000000
274,26,7.027027,1046,72.088215,919,69.463341,0,0.000000
180,27,7.297297,1046,72.088215,919,69.463341,0,0.000000
328,28,7.567568,1054,72.639559,927,70.068027,0,0.000000
