TestcaseNumber,TestcaseCount,TestcaseRatio,StatementCount,StatementRatio,BranchCount,BranchRatio,FaultCount,FaultRatio
208,1,0.270270,554,38.180565,540,40.816327,0,0.000000
160,2,0.540541,758,52.239835,715,54.043840,0,0.000000
342,3,0.810811,804,55.410062,751,56.764928,0,0.000000
311,4,1.081081,819,56.443832,761,57.520786,0,0.000000
279,5,1.351351,871,60.027567,799,60.393046,0,0.000000
203,6,1.621622,894,61.612681,813,61.451247,0,0.000000
327,7,1.891892,933,64.300482,882,66.666667,0,0.000000
168,8,2.162162,967,66.643694,898,67.876039,0,0.000000
110,9,2.432432,972,66.988284,900,68.027211,0,0.000000
63,10,2.702703,972,66.988284,900,68.027211,0,0.000000
238,11,2.972973,972,66.988284,900,68.027211,0,0.000000
172,12,3.243243,979,67.470710,902,68.178382,0,0.000000
272,13,3.513514,980,67.539628,902,68.178382,0,0.000000
358,14,3.783784,980,67.539628,902,68.178382,0,0.000000
270,15,4.054054,980,67.539628,902,68.178382,0,0.000000
98,16,4.324324,980,67.539628,902,68.178382,0,0.000000
15,17,4.594595,1008,69.469331,910,68.783069,0,0.000000
176,18,4.864865,1008,69.469331,910,68.783069,0,0.000000
155,19,5.135135,1008,69.469331,910,68.783069,0,0.000000
183,20,5.405405,1008,69.469331,910,68.783069,0,0.000000
201,21,5.675676,1008,69.469331,910,68.783069,0,0.000000
256,22,5.945946,1008,69.469331,910,68.783069,0,0.000000
213,23,6.216216,1008,69.469331,910,68.783069,0,0.000000
347,24,6.486486,1008,69.469331,910,68.783069,0,0.000000
304,25,6.756757,1008,69.469331,910,68.783069,0,0.000000
267,26,7.027027,1009,69.538249,910,68.783069,0,0.000000
277,27,7.297297,1026,70.709855,916,69.236584,0,0.000000
4,28,7.567568,1034,71.261199,920,69.538927,0,0.000000
258,29,7.837838,1034,71.261199,920,69.538927,0,0.000000
35,30,8.108108,1039,71.605789,924,69.841270,0,0.000000
115,31,8.378378,1039,71.605789,924,69.841270,0,0.000000
266,32,8.648649,1039,71.605789,924,69.841270,0,0.000000
28,33,8.918919,1066,73.466575,942,71.201814,0,0.000000
248,34,9.189189,1066,73.466575,942,71.201814,0,0.000000
352,35,9.459459,1066,73.466575,942,71.201814,0,0.000000
237,36,9.729730,1066,73.466575,942,71.201814,0,0.000000
247,37,10.000000,1066,73.466575,942,71.201814,0,0.000000
57,38,10.270270,1066,73.466575,942,71.201814,0,0.000000
