TestcaseNumber,TestcaseCount,TestcaseRatio,StatementCount,StatementRatio,BranchCount,BranchRatio,FaultCount,FaultRatio
166,1,0.270270,749,51.619573,743,56.160242,0,0.000000
294,2,0.540541,788,54.307374,774,58.503401,0,0.000000
289,3,0.810811,865,59.614059,828,62.585034,0,0.000000
348,4,1.081081,870,59.958649,834,63.038549,0,0.000000
337,5,1.351351,877,60.441075,836,63.189720,0,0.000000
357,6,1.621622,885,60.992419,840,63.492063,0,0.000000
106,7,1.891892,899,61.957271,842,63.643235,0,0.000000
152,8,2.162162,917,63.197795,870,65.759637,0,0.000000
41,9,2.432432,926,63.818057,876,66.213152,0,0.000000
5,10,2.702703,951,65.541006,888,67.120181,0,0.000000
274,11,2.972973,965,66.505858,892,67.422525,0,0.000000
48,12,3.243243,973,67.057202,900,68.027211,0,0.000000
73,13,3.513514,973,67.057202,900,68.027211,0,0.000000
184,14,3.783784,980,67.539628,906,68.480726,0,0.000000
278,15,4.054054,981,67.608546,906,68.480726,0,0.000000
70,16,4.324324,981,67.608546,906,68.480726,0,0.000000
207,17,4.594595,1005,69.262578,922,69.690098,0,0.000000
182,18,4.864865,1005,69.262578,922,69.690098,0,0.000000
53,19,5.135135,1009,69.538249,922,69.690098,0,0.000000
81,20,5.405405,1016,70.020675,924,69.841270,0,0.000000
2,21,5.675676,1019,70.227429,924,69.841270,0,0.000000
110,22,5.945946,1019,70.227429,924,69.841270,0,0.000000
46,23,6.216216,1020,70.296347,924,69.841270,0,0.000000
134,24,6.486486,1020,70.296347,924,69.841270,0,0.000000
59,25,6.756757,1020,70.296347,924,69.841270,0,0.000000
267,26,7.027027,1020,70.296347,924,69.841270,0,0.000000
72,27,7.297297,1020,70.296347,924,69.841270,0,0.000000
104,28,7.567568,1020,70.296347,924,69.841270,0,0.000000
13,29,7.837838,1028,70.847691,924,69.841270,0,0.000000
136,30,8.108108,1029,70.916609,924,69.841270,0,0.000000
269,31,8.378378,1029,70.916609,924,69.841270,0,0.000000
119,32,8.648649,1029,70.916609,924,69.841270,0,0.000000
187,33,8.918919,1029,70.916609,924,69.841270,0,0.000000
222,34,9.189189,1036,71.399035,928,70.143613,0,0.000000
28,35,9.459459,1063,73.259821,946,71.504157,0,0.000000
301,36,9.729730,1068,73.604411,948,71.655329,0,0.000000
201,37,10.000000,1068,73.604411,948,71.655329,0,0.000000
309,38,10.270270,1068,73.604411,948,71.655329,0,0.000000
165,39,10.540541,1068,73.604411,948,71.655329,0,0.000000
310,40,10.810811,1068,73.604411,948,71.655329,0,0.000000
