TestcaseNumber,TestcaseCount,TestcaseRatio,StatementCount,StatementRatio,BranchCount,BranchRatio,FaultCount,FaultRatio
338,1,0.270270,583,40.179187,523,39.531368,0,0.000000
148,2,0.540541,816,56.237078,780,58.956916,0,0.000000
188,3,0.810811,819,56.443832,780,58.956916,0,0.000000
146,4,1.081081,824,56.788422,782,59.108088,0,0.000000
97,5,1.351351,873,60.165403,810,61.224490,0,0.000000
363,6,1.621622,878,60.509993,810,61.224490,0,0.000000
182,7,1.891892,878,60.509993,810,61.224490,0,0.000000
74,8,2.162162,878,60.509993,810,61.224490,0,0.000000
270,9,2.432432,878,60.509993,810,61.224490,0,0.000000
369,10,2.702703,878,60.509993,810,61.224490,0,0.000000
189,11,2.972973,882,60.785665,810,61.224490,0,0.000000
190,12,3.243243,882,60.785665,810,61.224490,0,0.000000
228,13,3.513514,904,62.301861,828,62.585034,0,0.000000
143,14,3.783784,917,63.197795,842,63.643235,0,0.000000
134,15,4.054054,918,63.266713,844,63.794407,0,0.000000
326,16,4.324324,920,63.404549,846,63.945578,0,0.000000
101,17,4.594595,924,63.680221,854,64.550265,0,0.000000
114,18,4.864865,924,63.680221,854,64.550265,0,0.000000
60,19,5.135135,924,63.680221,854,64.550265,0,0.000000
68,20,5.405405,924,63.680221,854,64.550265,0,0.000000
358,21,5.675676,924,63.680221,854,64.550265,0,0.000000
239,22,5.945946,949,65.403170,876,66.213152,0,0.000000
128,23,6.216216,964,66.436940,894,67.573696,0,0.000000
71,24,6.486486,964,66.436940,894,67.573696,0,0.000000
234,25,6.756757,988,68.090972,914,69.085412,0,0.000000
206,26,7.027027,995,68.573398,918,69.387755,0,0.000000
299,27,7.297297,995,68.573398,918,69.387755,0,0.000000
20,28,7.567568,1023,70.503101,924,69.841270,0,0.000000
302,29,7.837838,1023,70.503101,924,69.841270,0,0.000000
156,30,8.108108,1031,71.054445,932,70.445956,0,0.000000
122,31,8.378378,1031,71.054445,932,70.445956,0,0.000000
321,32,8.648649,1032,71.123363,936,70.748299,0,0.000000
43,33,8.918919,1032,71.123363,936,70.748299,0,0.000000
354,34,9.189189,1032,71.123363,936,70.748299,0,0.000000
177,35,9.459459,1032,71.123363,936,70.748299,0,0.000000
289,36,9.729730,1032,71.123363,936,70.748299,0,0.000000
256,37,10.000000,1032,71.123363,936,70.748299,0,0.000000
76,38,10.270270,1033,71.192281,940,71.050642,0,0.000000
120,39,10.540541,1033,71.192281,940,71.050642,0,0.000000
278,40,10.810811,1033,71.192281,940,71.050642,0,0.000000
136,41,11.081081,1034,71.261199,940,71.050642,0,0.000000
246,42,11.351351,1035,71.330117,940,71.050642,0,0.000000
