TestcaseNumber,TestcaseCount,TestcaseRatio,StatementCount,StatementRatio,BranchCount,BranchRatio,FaultCount,FaultRatio
352,1,0.270270,529,36.457615,513,38.775510,0,0.000000
217,2,0.540541,703,48.449345,635,47.996977,0,0.000000
330,3,0.810811,824,56.788422,749,56.613757,0,0.000000
110,4,1.081081,848,58.442453,759,57.369615,0,0.000000
247,5,1.351351,858,59.131633,763,57.671958,0,0.000000
307,6,1.621622,874,60.234321,773,58.427816,0,0.000000
219,7,1.891892,874,60.234321,773,58.427816,0,0.000000
149,8,2.162162,923,63.611303,848,64.096750,0,0.000000
6,9,2.432432,928,63.955892,850,64.247921,0,0.000000
291,10,2.702703,930,64.093728,852,64.399093,0,0.000000
342,11,2.972973,931,64.162646,852,64.399093,0,0.000000
193,12,3.243243,945,65.127498,862,65.154951,0,0.000000
231,13,3.513514,952,65.609924,866,65.457294,0,0.000000
198,14,3.783784,956,65.885596,868,65.608466,0,0.000000
212,15,4.054054,958,66.023432,876,66.213152,0,0.000000
208,16,4.324324,963,66.368022,884,66.817838,0,0.000000
254,17,4.594595,966,66.574776,884,66.817838,0,0.000000
361,18,4.864865,1062,73.190903,998,75.434618,0,0.000000
290,19,5.135135,1062,73.190903,998,75.434618,0,0.000000
339,20,5.405405,1062,73.190903,1002,75.736961,0,0.000000
363,21,5.675676,1067,73.535493,1002,75.736961,0,0.000000
302,22,5.945946,1067,73.535493,1002,75.736961,0,0.000000
260,23,6.216216,1087,74.913853,1022,77.248677,0,0.000000
296,24,6.486486,1091,75.189524,1026,77.551020,0,0.000000
270,25,6.756757,1091,75.189524,1026,77.551020,0,0.000000
46,26,7.027027,1091,75.189524,1026,77.551020,0,0.000000
21,27,7.297297,1102,75.947622,1028,77.702192,0,0.000000
365,28,7.567568,1102,75.947622,1028,77.702192,0,0.000000
282,29,7.837838,1102,75.947622,1028,77.702192,0,0.000000
287,30,8.108108,1102,75.947622,1028,77.702192,0,0.000000
89,31,8.378378,1106,76.223294,1028,77.702192,0,0.000000
100,32,8.648649,1106,76.223294,1028,77.702192,0,0.000000
115,33,8.918919,1106,76.223294,1028,77.702192,0,0.000000
151,34,9.189189,1106,76.223294,1028,77.702192,0,0.000000
164,35,9.459459,1109,76.430048,1034,78.155707,0,0.000000
85,36,9.729730,1109,76.430048,1034,78.155707,0,0.000000
14,37,10.000000,1117,76.981392,1034,78.155707,0,0.000000
324,38,10.270270,1117,76.981392,1034,78.155707,0,0.000000
109,39,10.540541,1117,76.981392,1034,78.155707,0,0.000000
73,40,10.810811,1117,76.981392,1034,78.155707,0,0.000000
242,41,11.081081,1117,76.981392,1034,78.155707,0,0.000000
34,42,11.351351,1139,78.497588,1040,78.609221,0,0.000000
