TestcaseNumber,TestcaseCount,TestcaseRatio,StatementCount,StatementRatio,BranchCount,BranchRatio,FaultCount,FaultRatio
287,1,0.270270,244,16.815989,219,16.553288,0,0.000000
178,2,0.540541,630,43.418332,541,40.891912,0,0.000000
110,3,0.810811,693,47.760165,601,45.427060,0,0.000000
128,4,1.081081,831,57.270848,782,59.108088,0,0.000000
335,5,1.351351,866,59.682977,806,60.922147,0,0.000000
239,6,1.621622,866,59.682977,806,60.922147,0,0.000000
350,7,1.891892,866,59.682977,806,60.922147,0,0.000000
36,8,2.162162,895,61.681599,818,61.829176,0,0.000000
186,9,2.432432,951,65.541006,872,65.910809,0,0.000000
281,10,2.702703,951,65.541006,872,65.910809,0,0.000000
16,11,2.972973,951,65.541006,872,65.910809,0,0.000000
174,12,3.243243,957,65.954514,874,66.061980,0,0.000000
105,13,3.513514,968,66.712612,884,66.817838,0,0.000000
111,14,3.783784,969,66.781530,884,66.817838,0,0.000000
357,15,4.054054,969,66.781530,884,66.817838,0,0.000000
266,16,4.324324,969,66.781530,884,66.817838,0,0.000000
192,17,4.594595,983,67.746382,894,67.573696,0,0.000000
314,18,4.864865,984,67.815300,894,67.573696,0,0.000000
311,19,5.135135,984,67.815300,894,67.573696,0,0.000000
37,20,5.405405,984,67.815300,894,67.573696,0,0.000000
225,21,5.675676,996,68.642316,904,68.329554,0,0.000000
53,22,5.945946,1016,70.020675,924,69.841270,0,0.000000
250,23,6.216216,1016,70.020675,924,69.841270,0,0.000000
124,24,6.486486,1020,70.296347,924,69.841270,0,0.000000
147,25,6.756757,1020,70.296347,924,69.841270,0,0.000000
242,26,7.027027,1020,70.296347,924,69.841270,0,0.000000
166,27,7.297297,1020,70.296347,924,69.841270,0,0.000000
256,28,7.567568,1020,70.296347,924,69.841270,0,0.000000
200,29,7.837838,1081,74.500345,1006,76.039305,0,0.000000
197,30,8.108108,1087,74.913853,1006,76.039305,0,0.000000
138,31,8.378378,1088,74.982771,1006,76.039305,0,0.000000
361,32,8.648649,1171,80.702963,1108,83.749055,0,0.000000
152,33,8.918919,1171,80.702963,1108,83.749055,0,0.000000
13,34,9.189189,1179,81.254307,1108,83.749055,0,0.000000
247,35,9.459459,1179,81.254307,1108,83.749055,0,0.000000
212,36,9.729730,1179,81.254307,1108,83.749055,0,0.000000
188,37,10.000000,1179,81.254307,1108,83.749055,0,0.000000
215,38,10.270270,1179,81.254307,1108,83.749055,0,0.000000
129,39,10.540541,1179,81.254307,1108,83.749055,0,0.000000
