TestcaseNumber,TestcaseCount,TestcaseRatio,StatementCount,StatementRatio,BranchCount,BranchRatio,FaultCount,FaultRatio
356,1,0.270270,208,14.334941,203,15.343915,0,0.000000
339,2,0.540541,722,49.758787,696,52.607710,0,0.000000
112,3,0.810811,800,55.134390,774,58.503401,0,0.000000
40,4,1.081081,804,55.410062,774,58.503401,0,0.000000
177,5,1.351351,804,55.410062,774,58.503401,0,0.000000
135,6,1.621622,833,57.408684,788,59.561602,0,0.000000
44,7,1.891892,837,57.684356,788,59.561602,0,0.000000
262,8,2.162162,838,57.753274,790,59.712774,0,0.000000
17,9,2.432432,861,59.338387,800,60.468632,0,0.000000
310,10,2.702703,875,60.303239,810,61.224490,0,0.000000
161,11,2.972973,908,62.577533,830,62.736206,0,0.000000
154,12,3.243243,908,62.577533,830,62.736206,0,0.000000
205,13,3.513514,919,63.335631,842,63.643235,0,0.000000
321,14,3.783784,919,63.335631,842,63.643235,0,0.000000
16,15,4.054054,919,63.335631,842,63.643235,0,0.000000
209,16,4.324324,919,63.335631,842,63.643235,0,0.000000
224,17,4.594595,938,64.645072,862,65.154951,0,0.000000
207,18,4.864865,938,64.645072,862,65.154951,0,0.000000
25,19,5.135135,954,65.747760,870,65.759637,0,0.000000
323,20,5.405405,954,65.747760,870,65.759637,0,0.000000
130,21,5.675676,992,68.366644,908,68.631897,0,0.000000
8,22,5.945946,1014,69.882839,914,69.085412,0,0.000000
39,23,6.216216,1019,70.227429,918,69.387755,0,0.000000
48,24,6.486486,1019,70.227429,918,69.387755,0,0.000000
286,25,6.756757,1022,70.434183,918,69.387755,0,0.000000
350,26,7.027027,1022,70.434183,918,69.387755,0,0.000000
106,27,7.297297,1022,70.434183,918,69.387755,0,0.000000
297,28,7.567568,1034,71.261199,932,70.445956,0,0.000000
102,29,7.837838,1038,71.536871,934,70.597128,0,0.000000
56,30,8.108108,1038,71.536871,934,70.597128,0,0.000000
202,31,8.378378,1098,75.671950,1014,76.643991,0,0.000000
131,32,8.648649,1100,75.809786,1016,76.795163,0,0.000000
41,33,8.918919,1100,75.809786,1016,76.795163,0,0.000000
179,34,9.189189,1100,75.809786,1016,76.795163,0,0.000000
