TestcaseNumber,TestcaseCount,TestcaseRatio,StatementCount,StatementRatio,BranchCount,BranchRatio,FaultCount,FaultRatio
256,1,0.270270,552,38.042729,543,41.043084,0,0.000000
33,2,0.540541,668,46.037216,621,46.938776,0,0.000000
38,3,0.810811,710,48.931771,645,48.752834,0,0.000000
9,4,1.081081,712,49.069607,647,48.904006,0,0.000000
8,5,1.351351,712,49.069607,647,48.904006,0,0.000000
235,6,1.621622,806,55.547898,699,52.834467,0,0.000000
351,7,1.891892,836,57.615438,723,54.648526,0,0.000000
88,8,2.162162,849,58.511371,731,55.253212,0,0.000000
20,9,2.432432,854,58.855961,733,55.404384,0,0.000000
203,10,2.702703,861,59.338387,743,56.160242,0,0.000000
119,11,2.972973,932,64.231564,862,65.154951,0,0.000000
144,12,3.243243,932,64.231564,862,65.154951,0,0.000000
240,13,3.513514,953,65.678842,872,65.910809,0,0.000000
298,14,3.783784,954,65.747760,874,66.061980,0,0.000000
142,15,4.054054,973,67.057202,888,67.120181,0,0.000000
150,16,4.324324,1000,68.917988,902,68.178382,0,0.000000
86,17,4.594595,1000,68.917988,902,68.178382,0,0.000000
187,18,4.864865,1002,69.055824,904,68.329554,0,0.000000
99,19,5.135135,1009,69.538249,906,68.480726,0,0.000000
17,20,5.405405,1015,69.951757,908,68.631897,0,0.000000
367,21,5.675676,1020,70.296347,908,68.631897,3,1.000000
127,22,5.945946,1020,70.296347,908,68.631897,3,1.000000
293,23,6.216216,1020,70.296347,908,68.631897,3,1.000000
243,24,6.486486,1024,70.572019,910,68.783069,3,1.000000
179,25,6.756757,1024,70.572019,910,68.783069,3,1.000000
236,26,7.027027,1024,70.572019,910,68.783069,3,1.000000
153,27,7.297297,1024,70.572019,910,68.783069,3,1.000000
3,28,7.567568,1027,70.778773,910,68.783069,3,1.000000
