TestcaseNumber,TestcaseCount,TestcaseRatio,StatementCount,StatementRatio,BranchCount,BranchRatio,FaultCount,FaultRatio
348,1,0.270270,243,16.747071,239,18.065004,0,0.000000
67,2,0.540541,584,40.248105,550,41.572184,0,0.000000
125,3,0.810811,724,49.896623,657,49.659864,0,0.000000
162,4,1.081081,819,56.443832,751,56.764928,0,0.000000
341,5,1.351351,837,57.684356,765,57.823129,0,0.000000
283,6,1.621622,848,58.442453,769,58.125472,0,0.000000
255,7,1.891892,868,59.820813,783,59.183673,0,0.000000
32,8,2.162162,894,61.612681,791,59.788360,0,0.000000
43,9,2.432432,902,62.164025,793,59.939531,0,0.000000
17,10,2.702703,908,62.577533,795,60.090703,0,0.000000
151,11,2.972973,933,64.300482,856,64.701436,0,0.000000
108,12,3.243243,942,64.920744,858,64.852608,0,0.000000
98,13,3.513514,964,66.436940,874,66.061980,0,0.000000
261,14,3.783784,983,67.746382,894,67.573696,0,0.000000
312,15,4.054054,983,67.746382,894,67.573696,0,0.000000
247,16,4.324324,991,68.297726,894,67.573696,0,0.000000
367,17,4.594595,996,68.642316,894,67.573696,3,1.000000
89,18,4.864865,996,68.642316,894,67.573696,3,1.000000
27,19,5.135135,1037,71.467953,924,69.841270,3,1.000000
234,20,5.405405,1037,71.467953,924,69.841270,3,1.000000
65,21,5.675676,1037,71.467953,924,69.841270,3,1.000000
336,22,5.945946,1040,71.674707,924,69.841270,3,1.000000
33,23,6.216216,1045,72.019297,928,70.143613,3,1.000000
220,24,6.486486,1052,72.501723,932,70.445956,3,1.000000
214,25,6.756757,1054,72.639559,934,70.597128,3,1.000000
227,26,7.027027,1055,72.708477,934,70.597128,3,1.000000
246,27,7.297297,1056,72.777395,934,70.597128,3,1.000000
64,28,7.567568,1056,72.777395,934,70.597128,3,1.000000
49,29,7.837838,1062,73.190903,936,70.748299,3,1.000000
212,30,8.108108,1062,73.190903,936,70.748299,3,1.000000
52,31,8.378378,1062,73.190903,936,70.748299,3,1.000000
170,32,8.648649,1066,73.466575,942,71.201814,3,1.000000
232,33,8.918919,1066,73.466575,942,71.201814,3,1.000000
291,34,9.189189,1066,73.466575,942,71.201814,3,1.000000
274,35,9.459459,1066,73.466575,942,71.201814,3,1.000000
