TestcaseNumber,TestcaseCount,TestcaseRatio,StatementCount,StatementRatio,BranchCount,BranchRatio,FaultCount,FaultRatio
240,1,0.270270,524,36.113025,505,38.170824,0,0.000000
174,2,0.540541,680,46.864232,615,46.485261,0,0.000000
11,3,0.810811,698,48.104755,623,47.089947,0,0.000000
272,4,1.081081,727,50.103377,639,48.299320,0,0.000000
260,5,1.351351,766,52.791178,683,51.625094,0,0.000000
5,6,1.621622,783,53.962784,691,52.229781,0,0.000000
93,7,1.891892,839,57.822192,715,54.043840,0,0.000000
173,8,2.162162,839,57.822192,715,54.043840,0,0.000000
3,9,2.432432,842,58.028946,715,54.043840,0,0.000000
120,10,2.702703,855,58.924879,719,54.346183,0,0.000000
252,11,2.972973,861,59.338387,721,54.497354,0,0.000000
366,12,3.243243,866,59.682977,721,54.497354,0,0.000000
239,13,3.513514,866,59.682977,721,54.497354,0,0.000000
115,14,3.783784,969,66.781530,868,65.608466,0,0.000000
200,15,4.054054,1030,70.985527,950,71.806500,0,0.000000
289,16,4.324324,1031,71.054445,950,71.806500,0,0.000000
295,17,4.594595,1060,73.053067,974,73.620559,0,0.000000
170,18,4.864865,1068,73.604411,986,74.527589,0,0.000000
231,19,5.135135,1076,74.155755,990,74.829932,0,0.000000
318,20,5.405405,1076,74.155755,990,74.829932,0,0.000000
150,21,5.675676,1083,74.638181,996,75.283447,0,0.000000
62,22,5.945946,1083,74.638181,996,75.283447,0,0.000000
118,23,6.216216,1083,74.638181,996,75.283447,0,0.000000
65,24,6.486486,1083,74.638181,996,75.283447,0,0.000000
67,25,6.756757,1083,74.638181,996,75.283447,0,0.000000
132,26,7.027027,1083,74.638181,996,75.283447,0,0.000000
106,27,7.297297,1085,74.776017,998,75.434618,0,0.000000
59,28,7.567568,1085,74.776017,998,75.434618,0,0.000000
308,29,7.837838,1087,74.913853,1000,75.585790,0,0.000000
