TestcaseNumber,TestcaseCount,TestcaseRatio,StatementCount,StatementRatio,BranchCount,BranchRatio,FaultCount,FaultRatio
100,1,0.270270,520,35.837354,500,37.792895,0,0.000000
342,2,0.540541,584,40.248105,548,41.421013,0,0.000000
149,3,0.810811,855,58.924879,816,61.678005,0,0.000000
361,4,1.081081,953,65.678842,932,70.445956,0,0.000000
30,5,1.351351,1130,77.877326,1099,83.068783,0,0.000000
126,6,1.621622,1155,79.600276,1121,84.731670,0,0.000000
93,7,1.891892,1201,82.770503,1151,86.999244,0,0.000000
31,8,2.162162,1228,84.631289,1157,87.452759,0,0.000000
24,9,2.432432,1244,85.733977,1169,88.359788,0,0.000000
13,10,2.702703,1252,86.285320,1169,88.359788,0,0.000000
1,11,2.972973,1263,87.043418,1173,88.662132,0,0.000000
21,12,3.243243,1274,87.801516,1175,88.813303,0,0.000000
202,13,3.513514,1334,91.936595,1255,94.860166,0,0.000000
3,14,3.783784,1337,92.143349,1255,94.860166,0,0.000000
139,15,4.054054,1338,92.212267,1255,94.860166,0,0.000000
363,16,4.324324,1343,92.556857,1255,94.860166,0,0.000000
362,17,4.594595,1353,93.246037,1263,95.464853,0,0.000000
33,18,4.864865,1358,93.590627,1267,95.767196,0,0.000000
163,19,5.135135,1368,94.279807,1267,95.767196,0,0.000000
71,20,5.405405,1371,94.486561,1269,95.918367,0,0.000000
274,21,5.675676,1377,94.900069,1273,96.220711,0,0.000000
209,22,5.945946,1383,95.313577,1275,96.371882,0,0.000000
317,23,6.216216,1406,96.898691,1297,98.034769,0,0.000000
276,24,6.486486,1416,97.587870,1303,98.488284,0,0.000000
271,25,6.756757,1418,97.725706,1303,98.488284,0,0.000000
119,26,7.027027,1421,97.932460,1303,98.488284,0,0.000000
315,27,7.297297,1425,98.208132,1309,98.941799,0,0.000000
25,28,7.567568,1430,98.552722,1309,98.941799,0,0.000000
277,29,7.837838,1432,98.690558,1309,98.941799,0,0.000000
27,30,8.108108,1434,98.828394,1309,98.941799,0,0.000000
17,31,8.378378,1437,99.035148,1309,98.941799,0,0.000000
32,32,8.648649,1440,99.241902,1311,99.092971,0,0.000000
26,33,8.918919,1441,99.310820,1315,99.395314,0,0.000000
208,34,9.189189,1442,99.379738,1315,99.395314,0,0.000000
29,35,9.459459,1443,99.448656,1315,99.395314,0,0.000000
23,36,9.729730,1445,99.586492,1315,99.395314,0,0.000000
15,37,10.000000,1448,99.793246,1315,99.395314,0,0.000000
5,38,10.270270,1450,99.931082,1315,99.395314,0,0.000000
348,39,10.540541,1451,100.000000,1317,99.546485,0,0.000000
