TestcaseNumber,TestcaseCount,TestcaseRatio,StatementCount,StatementRatio,BranchCount,BranchRatio,FaultCount,FaultRatio
140,1,0.270270,576,39.696761,551,41.647770,0,0.000000
129,2,0.540541,759,52.308753,761,57.520786,0,0.000000
34,3,0.810811,791,54.514128,769,58.125472,0,0.000000
30,4,1.081081,1025,70.640937,975,73.696145,0,0.000000
22,5,1.351351,1049,72.294969,981,74.149660,0,0.000000
88,6,1.621622,1083,74.638181,1013,76.568405,0,0.000000
31,7,1.891892,1088,74.982771,1013,76.568405,0,0.000000
84,8,2.162162,1117,76.981392,1035,78.231293,0,0.000000
41,9,2.432432,1128,77.739490,1043,78.835979,0,0.000000
14,10,2.702703,1136,78.290834,1043,78.835979,0,0.000000
51,11,2.972973,1220,84.079945,1141,86.243386,0,0.000000
361,12,3.243243,1303,89.800138,1243,93.953137,0,0.000000
168,13,3.513514,1327,91.454170,1261,95.313681,0,0.000000
11,14,3.783784,1335,92.005513,1265,95.616024,0,0.000000
25,15,4.054054,1340,92.350103,1269,95.918367,0,0.000000
20,16,4.324324,1346,92.763611,1269,95.918367,0,0.000000
27,17,4.594595,1355,93.383873,1271,96.069539,0,0.000000
5,18,4.864865,1357,93.521709,1271,96.069539,0,0.000000
217,19,5.135135,1364,94.004135,1273,96.220711,0,0.000000
200,20,5.405405,1373,94.624397,1279,96.674225,0,0.000000
207,21,5.675676,1379,95.037905,1281,96.825397,0,0.000000
2,22,5.945946,1382,95.244659,1281,96.825397,0,0.000000
26,23,6.216216,1383,95.313577,1285,97.127740,0,0.000000
17,24,6.486486,1386,95.520331,1285,97.127740,0,0.000000
32,25,6.756757,1389,95.727085,1287,97.278912,0,0.000000
362,26,7.027027,1399,96.416265,1295,97.883598,0,0.000000
331,27,7.297297,1407,96.967609,1295,97.883598,0,0.000000
230,28,7.567568,1415,97.518952,1299,98.185941,0,0.000000
23,29,7.837838,1423,98.070296,1299,98.185941,0,0.000000
33,30,8.108108,1428,98.414886,1303,98.488284,0,0.000000
364,31,8.378378,1433,98.759476,1303,98.488284,0,0.000000
271,32,8.648649,1435,98.897312,1303,98.488284,0,0.000000
29,33,8.918919,1436,98.966230,1303,98.488284,0,0.000000
44,34,9.189189,1440,99.241902,1303,98.488284,0,0.000000
277,35,9.459459,1444,99.517574,1303,98.488284,0,0.000000
137,36,9.729730,1449,99.862164,1305,98.639456,0,0.000000
109,37,10.000000,1450,99.931082,1305,98.639456,0,0.000000
336,38,10.270270,1451,100.000000,1305,98.639456,0,0.000000
