TestcaseNumber,TestcaseCount,TestcaseRatio,StatementCount,StatementRatio,BranchCount,BranchRatio,FaultCount,FaultRatio
125,1,0.176367,539,66.216216,481,81.525424,9,0.473684
560,2,0.352734,620,76.167076,551,93.389831,11,0.578947
52,3,0.529101,629,77.272727,557,94.406780,14,0.736842
19,4,0.705467,641,78.746929,567,96.101695,19,1.000000
539,5,0.881834,660,81.081081,586,99.322034,19,1.000000
562,6,1.058201,666,81.818182,588,99.661017,19,1.000000
419,7,1.234568,669,82.186732,590,100.000000,19,1.000000
