TestcaseNumber,TestcaseCount,TestcaseRatio,StatementCount,StatementRatio,BranchCount,BranchRatio,FaultCount,FaultRatio
405,1,0.176367,531,65.233415,475,80.508475,7,0.368421
559,2,0.352734,599,73.587224,537,91.016949,8,0.421053
560,3,0.529101,614,75.429975,545,92.372881,9,0.473684
14,4,0.705467,619,76.044226,553,93.728814,11,0.578947
554,5,0.881834,645,79.238329,580,98.305085,11,0.578947
13,6,1.058201,664,81.572482,582,98.644068,11,0.578947
229,7,1.234568,675,82.923833,588,99.661017,13,0.684211
562,8,1.410935,681,83.660934,590,100.000000,13,0.684211
