TestcaseNumber,TestcaseCount,TestcaseRatio,StatementCount,StatementRatio,BranchCount,BranchRatio,FaultCount,FaultRatio
206,1,0.176367,541,66.461916,481,81.525424,9,0.473684
173,2,0.352734,546,67.076167,487,82.542373,13,0.684211
79,3,0.529101,549,67.444717,487,82.542373,13,0.684211
249,4,0.705467,549,67.444717,487,82.542373,13,0.684211
470,5,0.881834,555,68.181818,489,82.881356,14,0.736842
331,6,1.058201,555,68.181818,489,82.881356,14,0.736842
317,7,1.234568,555,68.181818,489,82.881356,14,0.736842
460,8,1.410935,555,68.181818,489,82.881356,14,0.736842
210,9,1.587302,555,68.181818,489,82.881356,14,0.736842
