TestcaseNumber,TestcaseCount,TestcaseRatio,StatementCount,StatementRatio,BranchCount,BranchRatio,FaultCount,FaultRatio
379,1,0.176367,536,65.847666,481,81.525424,9,0.473684
238,2,0.352734,547,67.199017,483,81.864407,10,0.526316
565,3,0.529101,547,67.199017,483,81.864407,11,0.578947
67,4,0.705467,550,67.567568,483,81.864407,11,0.578947
503,5,0.881834,550,67.567568,483,81.864407,12,0.631579
6,6,1.058201,617,75.798526,543,92.033898,12,0.631579
224,7,1.234568,617,75.798526,543,92.033898,12,0.631579
553,8,1.410935,630,77.395577,545,92.372881,12,0.631579
479,9,1.587302,630,77.395577,545,92.372881,12,0.631579
394,10,1.763668,630,77.395577,545,92.372881,12,0.631579
173,11,1.940035,635,78.009828,551,93.389831,14,0.736842
471,12,2.116402,635,78.009828,551,93.389831,14,0.736842
265,13,2.292769,635,78.009828,551,93.389831,14,0.736842
178,14,2.469136,636,78.132678,551,93.389831,15,0.789474
14,15,2.645503,639,78.501229,553,93.728814,16,0.842105
510,16,2.821869,639,78.501229,553,93.728814,16,0.842105
438,17,2.998236,639,78.501229,553,93.728814,16,0.842105
401,18,3.174603,639,78.501229,553,93.728814,16,0.842105
120,19,3.350970,639,78.501229,553,93.728814,16,0.842105
422,20,3.527337,639,78.501229,553,93.728814,16,0.842105
374,21,3.703704,639,78.501229,553,93.728814,16,0.842105
506,22,3.880071,639,78.501229,553,93.728814,16,0.842105
65,23,4.056437,639,78.501229,553,93.728814,16,0.842105
360,24,4.232804,639,78.501229,553,93.728814,16,0.842105
223,25,4.409171,639,78.501229,553,93.728814,16,0.842105
375,26,4.585538,639,78.501229,553,93.728814,16,0.842105
190,27,4.761905,642,78.869779,553,93.728814,16,0.842105
