TestcaseNumber,TestcaseCount,TestcaseRatio,StatementCount,StatementRatio,BranchCount,BranchRatio,FaultCount,FaultRatio
485,1,0.176367,538,66.093366,481,81.525424,10,0.526316
268,2,0.352734,541,66.461916,481,81.525424,10,0.526316
44,3,0.529101,551,67.690418,483,81.864407,11,0.578947
112,4,0.705467,551,67.690418,483,81.864407,11,0.578947
275,5,0.881834,554,68.058968,483,81.864407,11,0.578947
393,6,1.058201,554,68.058968,483,81.864407,12,0.631579
6,7,1.234568,621,76.289926,543,92.033898,12,0.631579
221,8,1.410935,621,76.289926,543,92.033898,12,0.631579
251,9,1.587302,621,76.289926,543,92.033898,12,0.631579
412,10,1.763668,623,76.535627,551,93.389831,14,0.736842
413,11,1.940035,623,76.535627,551,93.389831,14,0.736842
8,12,2.116402,627,77.027027,551,93.389831,14,0.736842
400,13,2.292769,627,77.027027,551,93.389831,14,0.736842
57,14,2.469136,631,77.518428,551,93.389831,16,0.842105
105,15,2.645503,631,77.518428,551,93.389831,16,0.842105
489,16,2.821869,631,77.518428,551,93.389831,16,0.842105
145,17,2.998236,631,77.518428,551,93.389831,16,0.842105
439,18,3.174603,631,77.518428,551,93.389831,16,0.842105
333,19,3.350970,631,77.518428,551,93.389831,16,0.842105
502,20,3.527337,631,77.518428,551,93.389831,16,0.842105
479,21,3.703704,631,77.518428,551,93.389831,16,0.842105
120,22,3.880071,631,77.518428,551,93.389831,16,0.842105
