TestcaseNumber,TestcaseCount,TestcaseRatio,StatementCount,StatementRatio,BranchCount,BranchRatio,FaultCount,FaultRatio
459,1,0.176367,538,66.093366,481,81.525424,9,0.473684
471,2,0.352734,544,66.830467,483,81.864407,11,0.578947
341,3,0.529101,547,67.199017,483,81.864407,11,0.578947
106,4,0.705467,550,67.567568,483,81.864407,11,0.578947
313,5,0.881834,556,68.304668,489,82.881356,15,0.789474
20,6,1.058201,559,68.673219,489,82.881356,15,0.789474
558,7,1.234568,635,78.009828,549,93.050847,15,0.789474
177,8,1.410935,635,78.009828,549,93.050847,15,0.789474
293,9,1.587302,639,78.501229,549,93.050847,15,0.789474
16,10,1.763668,678,83.292383,549,93.050847,15,0.789474
333,11,1.940035,678,83.292383,549,93.050847,15,0.789474
11,12,2.116402,681,83.660934,549,93.050847,15,0.789474
555,13,2.292769,742,91.154791,576,97.627119,15,0.789474
141,14,2.469136,742,91.154791,576,97.627119,15,0.789474
469,15,2.645503,742,91.154791,576,97.627119,15,0.789474
175,16,2.821869,742,91.154791,576,97.627119,15,0.789474
142,17,2.998236,742,91.154791,576,97.627119,15,0.789474
493,18,3.174603,742,91.154791,576,97.627119,15,0.789474
219,19,3.350970,742,91.154791,576,97.627119,15,0.789474
524,20,3.527337,742,91.154791,576,97.627119,15,0.789474
94,21,3.703704,742,91.154791,576,97.627119,15,0.789474
468,22,3.880071,742,91.154791,576,97.627119,15,0.789474
59,23,4.056437,742,91.154791,576,97.627119,15,0.789474
245,24,4.232804,742,91.154791,576,97.627119,15,0.789474
236,25,4.409171,742,91.154791,576,97.627119,15,0.789474
455,26,4.585538,742,91.154791,576,97.627119,15,0.789474
