TestcaseNumber,TestcaseCount,TestcaseRatio,StatementCount,StatementRatio,BranchCount,BranchRatio,FaultCount,FaultRatio
242,1,0.176367,533,65.479115,475,80.508475,9,0.473684
485,2,0.352734,541,66.461916,481,81.525424,11,0.578947
219,3,0.529101,547,67.199017,483,81.864407,11,0.578947
274,4,0.705467,547,67.199017,483,81.864407,11,0.578947
134,5,0.881834,550,67.567568,483,81.864407,11,0.578947
244,6,1.058201,550,67.567568,483,81.864407,11,0.578947
285,7,1.234568,554,68.058968,483,81.864407,11,0.578947
319,8,1.410935,554,68.058968,483,81.864407,11,0.578947
206,9,1.587302,554,68.058968,483,81.864407,11,0.578947
92,10,1.763668,554,68.058968,483,81.864407,11,0.578947
474,11,1.940035,554,68.058968,483,81.864407,11,0.578947
300,12,2.116402,560,68.796069,489,82.881356,14,0.736842
47,13,2.292769,560,68.796069,489,82.881356,14,0.736842
463,14,2.469136,560,68.796069,489,82.881356,15,0.789474
101,15,2.645503,560,68.796069,489,82.881356,15,0.789474
442,16,2.821869,563,69.164619,489,82.881356,15,0.789474
158,17,2.998236,563,69.164619,489,82.881356,15,0.789474
45,18,3.174603,563,69.164619,489,82.881356,15,0.789474
527,19,3.350970,563,69.164619,489,82.881356,15,0.789474
46,20,3.527337,563,69.164619,489,82.881356,15,0.789474
191,21,3.703704,563,69.164619,489,82.881356,15,0.789474
84,22,3.880071,563,69.164619,489,82.881356,15,0.789474
53,23,4.056437,563,69.164619,489,82.881356,15,0.789474
267,24,4.232804,563,69.164619,489,82.881356,15,0.789474
