TestcaseNumber,TestcaseCount,TestcaseRatio,StatementCount,StatementRatio,BranchCount,BranchRatio,FaultCount,FaultRatio
126,1,0.176367,539,66.216216,481,81.525424,9,0.473684
136,2,0.352734,539,66.216216,481,81.525424,9,0.473684
559,3,0.529101,604,74.201474,541,91.694915,10,0.526316
289,4,0.705467,616,75.675676,543,92.033898,11,0.578947
197,5,0.881834,616,75.675676,543,92.033898,11,0.578947
358,6,1.058201,616,75.675676,543,92.033898,11,0.578947
386,7,1.234568,616,75.675676,543,92.033898,11,0.578947
229,8,1.410935,616,75.675676,543,92.033898,11,0.578947
326,9,1.587302,616,75.675676,543,92.033898,11,0.578947
384,10,1.763668,616,75.675676,543,92.033898,11,0.578947
204,11,1.940035,616,75.675676,543,92.033898,11,0.578947
556,12,2.116402,683,83.906634,570,96.610169,11,0.578947
164,13,2.292769,685,84.152334,578,97.966102,13,0.684211
420,14,2.469136,689,84.643735,578,97.966102,15,0.789474
225,15,2.645503,689,84.643735,578,97.966102,15,0.789474
475,16,2.821869,689,84.643735,578,97.966102,15,0.789474
23,17,2.998236,689,84.643735,578,97.966102,15,0.789474
541,18,3.174603,691,84.889435,578,97.966102,15,0.789474
383,19,3.350970,691,84.889435,578,97.966102,16,0.842105
243,20,3.527337,691,84.889435,578,97.966102,16,0.842105
528,21,3.703704,691,84.889435,578,97.966102,16,0.842105
256,22,3.880071,691,84.889435,578,97.966102,16,0.842105
511,23,4.056437,691,84.889435,578,97.966102,16,0.842105
330,24,4.232804,691,84.889435,578,97.966102,16,0.842105
536,25,4.409171,698,85.749386,578,97.966102,16,0.842105
447,26,4.585538,698,85.749386,578,97.966102,16,0.842105
512,27,4.761905,698,85.749386,578,97.966102,16,0.842105
520,28,4.938272,698,85.749386,578,97.966102,16,0.842105
470,29,5.114638,698,85.749386,578,97.966102,16,0.842105
379,30,5.291005,698,85.749386,578,97.966102,16,0.842105
333,31,5.467372,698,85.749386,578,97.966102,16,0.842105
