TestcaseNumber,TestcaseCount,TestcaseRatio,StatementCount,StatementRatio,BranchCount,BranchRatio,FaultCount,FaultRatio
211,1,0.176367,533,65.479115,475,80.508475,8,0.421053
418,2,0.352734,541,66.461916,485,82.203390,11,0.578947
113,3,0.529101,547,67.199017,485,82.203390,12,0.631579
452,4,0.705467,547,67.199017,485,82.203390,12,0.631579
131,5,0.881834,547,67.199017,485,82.203390,12,0.631579
287,6,1.058201,551,67.690418,485,82.203390,12,0.631579
229,7,1.234568,559,68.673219,491,83.220339,14,0.736842
87,8,1.410935,559,68.673219,491,83.220339,14,0.736842
23,9,1.587302,559,68.673219,491,83.220339,14,0.736842
30,10,1.763668,559,68.673219,491,83.220339,14,0.736842
549,11,1.940035,577,70.884521,508,86.101695,14,0.736842
395,12,2.116402,577,70.884521,508,86.101695,14,0.736842
503,13,2.292769,577,70.884521,508,86.101695,14,0.736842
267,14,2.469136,577,70.884521,508,86.101695,14,0.736842
276,15,2.645503,577,70.884521,508,86.101695,14,0.736842
471,16,2.821869,577,70.884521,508,86.101695,14,0.736842
279,17,2.998236,577,70.884521,508,86.101695,14,0.736842
275,18,3.174603,577,70.884521,508,86.101695,14,0.736842
445,19,3.350970,577,70.884521,508,86.101695,14,0.736842
154,20,3.527337,577,70.884521,508,86.101695,14,0.736842
135,21,3.703704,577,70.884521,508,86.101695,14,0.736842
206,22,3.880071,577,70.884521,508,86.101695,14,0.736842
487,23,4.056437,577,70.884521,508,86.101695,14,0.736842
272,24,4.232804,577,70.884521,508,86.101695,14,0.736842
187,25,4.409171,581,71.375921,508,86.101695,16,0.842105
93,26,4.585538,581,71.375921,508,86.101695,16,0.842105
228,27,4.761905,581,71.375921,508,86.101695,16,0.842105
522,28,4.938272,581,71.375921,508,86.101695,16,0.842105
160,29,5.114638,581,71.375921,508,86.101695,16,0.842105
474,30,5.291005,581,71.375921,508,86.101695,16,0.842105
526,31,5.467372,581,71.375921,508,86.101695,16,0.842105
