TestcaseNumber,TestcaseCount,TestcaseRatio,StatementCount,StatementRatio,BranchCount,BranchRatio,FaultCount,FaultRatio
222,1,0.176367,531,65.233415,475,80.508475,8,0.421053
466,2,0.352734,539,66.216216,481,81.525424,10,0.526316
226,3,0.529101,539,66.216216,481,81.525424,10,0.526316
244,4,0.705467,547,67.199017,483,81.864407,11,0.578947
213,5,0.881834,547,67.199017,483,81.864407,12,0.631579
503,6,1.058201,547,67.199017,483,81.864407,12,0.631579
297,7,1.234568,555,68.181818,489,82.881356,14,0.736842
70,8,1.410935,555,68.181818,489,82.881356,14,0.736842
469,9,1.587302,555,68.181818,489,82.881356,14,0.736842
523,10,1.763668,555,68.181818,489,82.881356,14,0.736842
459,11,1.940035,555,68.181818,489,82.881356,14,0.736842
307,12,2.116402,555,68.181818,489,82.881356,14,0.736842
501,13,2.292769,555,68.181818,489,82.881356,14,0.736842
437,14,2.469136,556,68.304668,489,82.881356,15,0.789474
215,15,2.645503,556,68.304668,489,82.881356,15,0.789474
392,16,2.821869,556,68.304668,489,82.881356,15,0.789474
490,17,2.998236,556,68.304668,489,82.881356,15,0.789474
211,18,3.174603,556,68.304668,489,82.881356,15,0.789474
165,19,3.350970,559,68.673219,491,83.220339,16,0.842105
516,20,3.527337,559,68.673219,491,83.220339,16,0.842105
87,21,3.703704,559,68.673219,491,83.220339,16,0.842105
506,22,3.880071,559,68.673219,491,83.220339,16,0.842105
488,23,4.056437,559,68.673219,491,83.220339,16,0.842105
