TestcaseNumber,TestcaseCount,TestcaseRatio,StatementCount,StatementRatio,BranchCount,BranchRatio,FaultCount,FaultRatio
16,1,0.176367,78,9.582310,44,7.457627,0,0.000000
564,2,0.352734,568,69.778870,479,81.186441,9,0.473684
444,3,0.529101,586,71.990172,500,84.745763,12,0.631579
452,4,0.705467,595,73.095823,500,84.745763,12,0.631579
348,5,0.881834,606,74.447174,506,85.762712,14,0.736842
161,6,1.058201,613,75.307125,508,86.101695,15,0.789474
297,7,1.234568,617,75.798526,508,86.101695,15,0.789474
468,8,1.410935,617,75.798526,508,86.101695,15,0.789474
226,9,1.587302,617,75.798526,508,86.101695,15,0.789474
203,10,1.763668,617,75.798526,508,86.101695,16,0.842105
29,11,1.940035,617,75.798526,508,86.101695,16,0.842105
185,12,2.116402,617,75.798526,508,86.101695,16,0.842105
415,13,2.292769,620,76.167076,508,86.101695,16,0.842105
394,14,2.469136,620,76.167076,508,86.101695,16,0.842105
65,15,2.645503,620,76.167076,508,86.101695,16,0.842105
69,16,2.821869,620,76.167076,508,86.101695,16,0.842105
163,17,2.998236,620,76.167076,508,86.101695,16,0.842105
312,18,3.174603,620,76.167076,508,86.101695,16,0.842105
46,19,3.350970,620,76.167076,508,86.101695,16,0.842105
352,20,3.527337,620,76.167076,508,86.101695,16,0.842105
74,21,3.703704,620,76.167076,508,86.101695,16,0.842105
209,22,3.880071,620,76.167076,508,86.101695,16,0.842105
173,23,4.056437,620,76.167076,508,86.101695,16,0.842105
279,24,4.232804,620,76.167076,508,86.101695,16,0.842105
139,25,4.409171,620,76.167076,508,86.101695,16,0.842105
32,26,4.585538,620,76.167076,508,86.101695,16,0.842105
557,27,4.761905,689,84.643735,568,96.271186,16,0.842105
