TestcaseNumber,TestcaseCount,TestcaseRatio,StatementCount,StatementRatio,BranchCount,BranchRatio,FaultCount,FaultRatio
120,1,0.176367,533,65.479115,475,80.508475,7,0.368421
532,2,0.352734,541,66.461916,483,81.864407,9,0.473684
515,3,0.529101,549,67.444717,489,82.881356,11,0.578947
478,4,0.705467,555,68.181818,491,83.220339,11,0.578947
265,5,0.881834,555,68.181818,491,83.220339,11,0.578947
430,6,1.058201,560,68.796069,497,84.237288,13,0.684211
421,7,1.234568,560,68.796069,497,84.237288,13,0.684211
440,8,1.410935,564,69.287469,497,84.237288,14,0.736842
18,9,1.587302,567,69.656020,497,84.237288,14,0.736842
476,10,1.763668,567,69.656020,497,84.237288,14,0.736842
334,11,1.940035,567,69.656020,497,84.237288,14,0.736842
484,12,2.116402,567,69.656020,497,84.237288,14,0.736842
79,13,2.292769,567,69.656020,497,84.237288,14,0.736842
393,14,2.469136,567,69.656020,497,84.237288,15,0.789474
23,15,2.645503,567,69.656020,497,84.237288,15,0.789474
242,16,2.821869,570,70.024570,497,84.237288,15,0.789474
520,17,2.998236,570,70.024570,497,84.237288,15,0.789474
165,18,3.174603,573,70.393120,499,84.576271,16,0.842105
260,19,3.350970,573,70.393120,499,84.576271,16,0.842105
505,20,3.527337,573,70.393120,499,84.576271,16,0.842105
303,21,3.703704,573,70.393120,499,84.576271,16,0.842105
276,22,3.880071,577,70.884521,499,84.576271,16,0.842105
407,23,4.056437,577,70.884521,499,84.576271,16,0.842105
185,24,4.232804,577,70.884521,499,84.576271,16,0.842105
377,25,4.409171,577,70.884521,499,84.576271,16,0.842105
463,26,4.585538,577,70.884521,499,84.576271,16,0.842105
472,27,4.761905,577,70.884521,499,84.576271,16,0.842105
499,28,4.938272,577,70.884521,499,84.576271,16,0.842105
65,29,5.114638,577,70.884521,499,84.576271,16,0.842105
502,30,5.291005,577,70.884521,499,84.576271,16,0.842105
77,31,5.467372,577,70.884521,499,84.576271,16,0.842105
264,32,5.643739,577,70.884521,499,84.576271,16,0.842105
164,33,5.820106,577,70.884521,499,84.576271,16,0.842105
