TestcaseNumber,TestcaseCount,TestcaseRatio,StatementCount,StatementRatio,BranchCount,BranchRatio,FaultCount,FaultRatio
536,1,0.176367,74,9.090909,85,14.406780,0,0.000000
421,2,0.352734,546,67.076167,481,81.525424,8,0.421053
163,3,0.529101,556,68.304668,485,82.203390,11,0.578947
296,4,0.705467,559,68.673219,485,82.203390,11,0.578947
25,5,0.881834,560,68.796069,485,82.203390,12,0.631579
157,6,1.058201,560,68.796069,485,82.203390,12,0.631579
360,7,1.234568,563,69.164619,485,82.203390,13,0.684211
37,8,1.410935,563,69.164619,485,82.203390,14,0.736842
