TestcaseNumber,TestcaseCount,TestcaseRatio,StatementCount,StatementRatio,BranchCount,BranchRatio,FaultCount,FaultRatio
168,1,0.176367,528,64.864865,475,80.508475,9,0.473684
337,2,0.352734,547,67.199017,489,82.881356,13,0.684211
68,3,0.529101,555,68.181818,491,83.220339,14,0.736842
22,4,0.705467,555,68.181818,491,83.220339,14,0.736842
558,5,0.881834,631,77.518428,551,93.389831,14,0.736842
241,6,1.058201,631,77.518428,551,93.389831,14,0.736842
414,7,1.234568,635,78.009828,551,93.389831,14,0.736842
167,8,1.410935,635,78.009828,551,93.389831,14,0.736842
274,9,1.587302,635,78.009828,551,93.389831,14,0.736842
427,10,1.763668,639,78.501229,551,93.389831,16,0.842105
457,11,1.940035,639,78.501229,551,93.389831,16,0.842105
95,12,2.116402,639,78.501229,551,93.389831,16,0.842105
116,13,2.292769,639,78.501229,551,93.389831,16,0.842105
512,14,2.469136,639,78.501229,551,93.389831,16,0.842105
259,15,2.645503,639,78.501229,551,93.389831,16,0.842105
190,16,2.821869,639,78.501229,551,93.389831,16,0.842105
217,17,2.998236,639,78.501229,551,93.389831,16,0.842105
304,18,3.174603,639,78.501229,551,93.389831,16,0.842105
45,19,3.350970,639,78.501229,551,93.389831,16,0.842105
30,20,3.527337,639,78.501229,551,93.389831,16,0.842105
37,21,3.703704,639,78.501229,551,93.389831,16,0.842105
78,22,3.880071,639,78.501229,551,93.389831,16,0.842105
