TestcaseNumber,TestcaseCount,TestcaseRatio,StatementCount,StatementRatio,BranchCount,BranchRatio,FaultCount,FaultRatio
208,1,0.176367,541,66.461916,481,81.525424,9,0.473684
550,2,0.352734,567,69.656020,506,85.762712,9,0.473684
54,3,0.529101,574,70.515971,506,85.762712,13,0.684211
486,4,0.705467,577,70.884521,506,85.762712,14,0.736842
15,5,0.881834,577,70.884521,506,85.762712,14,0.736842
220,6,1.058201,577,70.884521,506,85.762712,14,0.736842
231,7,1.234568,577,70.884521,506,85.762712,14,0.736842
423,8,1.410935,577,70.884521,506,85.762712,15,0.789474
