TestcaseNumber,TestcaseCount,TestcaseRatio,StatementCount,StatementRatio,BranchCount,BranchRatio,FaultCount,FaultRatio
258,1,0.176367,536,65.847666,481,81.525424,9,0.473684
99,2,0.352734,542,66.584767,481,81.525424,9,0.473684
461,3,0.529101,550,67.567568,483,81.864407,11,0.578947
107,4,0.705467,550,67.567568,483,81.864407,11,0.578947
289,5,0.881834,554,68.058968,483,81.864407,11,0.578947
49,6,1.058201,559,68.673219,489,82.881356,13,0.684211
435,7,1.234568,560,68.796069,489,82.881356,14,0.736842
440,8,1.410935,563,69.164619,489,82.881356,14,0.736842
147,9,1.587302,563,69.164619,489,82.881356,14,0.736842
374,10,1.763668,563,69.164619,489,82.881356,14,0.736842
