TestcaseNumber,TestcaseCount,TestcaseRatio,StatementCount,StatementRatio,BranchCount,BranchRatio,FaultCount,FaultRatio
57,1,0.176367,537,65.970516,481,81.525424,8,0.421053
302,2,0.352734,544,66.830467,483,81.864407,9,0.473684
307,3,0.529101,544,66.830467,483,81.864407,9,0.473684
72,4,0.705467,548,67.321867,483,81.864407,11,0.578947
206,5,0.881834,556,68.304668,489,82.881356,14,0.736842
400,6,1.058201,560,68.796069,489,82.881356,14,0.736842
486,7,1.234568,560,68.796069,489,82.881356,14,0.736842
163,8,1.410935,560,68.796069,491,83.220339,16,0.842105
277,9,1.587302,560,68.796069,491,83.220339,16,0.842105
488,10,1.763668,560,68.796069,491,83.220339,16,0.842105
238,11,1.940035,560,68.796069,491,83.220339,16,0.842105
545,12,2.116402,578,71.007371,508,86.101695,16,0.842105
440,13,2.292769,581,71.375921,508,86.101695,16,0.842105
345,14,2.469136,581,71.375921,508,86.101695,16,0.842105
6,15,2.645503,648,79.606880,568,96.271186,16,0.842105
396,16,2.821869,648,79.606880,568,96.271186,16,0.842105
417,17,2.998236,651,79.975430,568,96.271186,16,0.842105
447,18,3.174603,651,79.975430,568,96.271186,16,0.842105
180,19,3.350970,651,79.975430,568,96.271186,16,0.842105
465,20,3.527337,651,79.975430,568,96.271186,16,0.842105
43,21,3.703704,651,79.975430,568,96.271186,16,0.842105
388,22,3.880071,651,79.975430,568,96.271186,16,0.842105
239,23,4.056437,651,79.975430,568,96.271186,16,0.842105
198,24,4.232804,651,79.975430,568,96.271186,16,0.842105
273,25,4.409171,651,79.975430,568,96.271186,16,0.842105
294,26,4.585538,651,79.975430,568,96.271186,16,0.842105
391,27,4.761905,651,79.975430,568,96.271186,16,0.842105
