TestcaseNumber,TestcaseCount,TestcaseRatio,StatementCount,StatementRatio,BranchCount,BranchRatio,FaultCount,FaultRatio
415,1,0.176367,525,64.496314,475,80.508475,8,0.421053
108,2,0.352734,552,67.813268,491,83.220339,13,0.684211
125,3,0.529101,552,67.813268,491,83.220339,13,0.684211
352,4,0.705467,555,68.181818,491,83.220339,13,0.684211
457,5,0.881834,555,68.181818,491,83.220339,13,0.684211
223,6,1.058201,555,68.181818,491,83.220339,14,0.736842
