TestcaseNumber,TestcaseCount,TestcaseRatio,StatementCount,StatementRatio,BranchCount,BranchRatio,FaultCount,FaultRatio
561,1,0.176367,585,71.867322,524,88.813559,9,0.473684
111,2,0.352734,607,74.570025,537,91.016949,9,0.473684
271,3,0.529101,607,74.570025,537,91.016949,9,0.473684
62,4,0.705467,616,75.675676,545,92.372881,12,0.631579
546,5,0.881834,638,78.378378,562,95.254237,12,0.631579
53,6,1.058201,641,78.746929,562,95.254237,13,0.684211
56,7,1.234568,641,78.746929,562,95.254237,13,0.684211
356,8,1.410935,649,79.729730,568,96.271186,15,0.789474
311,9,1.587302,649,79.729730,568,96.271186,15,0.789474
4,10,1.763668,653,80.221130,568,96.271186,15,0.789474
486,11,1.940035,653,80.221130,568,96.271186,15,0.789474
82,12,2.116402,653,80.221130,568,96.271186,15,0.789474
268,13,2.292769,653,80.221130,568,96.271186,15,0.789474
534,14,2.469136,661,81.203931,568,96.271186,15,0.789474
9,15,2.645503,664,81.572482,568,96.271186,15,0.789474
166,16,2.821869,667,81.941032,570,96.610169,16,0.842105
23,17,2.998236,667,81.941032,570,96.610169,16,0.842105
191,18,3.174603,670,82.309582,570,96.610169,16,0.842105
224,19,3.350970,670,82.309582,570,96.610169,16,0.842105
467,20,3.527337,670,82.309582,570,96.610169,16,0.842105
399,21,3.703704,670,82.309582,570,96.610169,16,0.842105
363,22,3.880071,670,82.309582,570,96.610169,16,0.842105
449,23,4.056437,670,82.309582,570,96.610169,16,0.842105
432,24,4.232804,670,82.309582,570,96.610169,16,0.842105
143,25,4.409171,670,82.309582,570,96.610169,16,0.842105
527,26,4.585538,670,82.309582,570,96.610169,16,0.842105
