TestcaseNumber,TestcaseCount,TestcaseRatio,StatementCount,StatementRatio,BranchCount,BranchRatio,FaultCount,FaultRatio
213,1,0.176367,533,65.479115,475,80.508475,9,0.473684
292,2,0.352734,543,66.707617,477,80.847458,9,0.473684
471,3,0.529101,546,67.076167,477,80.847458,10,0.526316
280,4,0.705467,546,67.076167,477,80.847458,10,0.526316
302,5,0.881834,552,67.813268,483,81.864407,13,0.684211
375,6,1.058201,560,68.796069,489,82.881356,15,0.789474
336,7,1.234568,560,68.796069,489,82.881356,15,0.789474
447,8,1.410935,560,68.796069,489,82.881356,15,0.789474
