TestcaseNumber,TestcaseCount,TestcaseRatio,StatementCount,StatementRatio,BranchCount,BranchRatio,FaultCount,FaultRatio
406,1,0.176367,531,65.233415,475,80.508475,7,0.368421
25,2,0.352734,540,66.339066,475,80.508475,7,0.368421
60,3,0.529101,549,67.444717,483,81.864407,10,0.526316
82,4,0.705467,549,67.444717,483,81.864407,10,0.526316
172,5,0.881834,549,67.444717,483,81.864407,10,0.526316
479,6,1.058201,557,68.427518,489,82.881356,13,0.684211
11,7,1.234568,560,68.796069,489,82.881356,13,0.684211
73,8,1.410935,563,69.164619,489,82.881356,15,0.789474
185,9,1.587302,563,69.164619,489,82.881356,15,0.789474
495,10,1.763668,563,69.164619,489,82.881356,15,0.789474
437,11,1.940035,563,69.164619,489,82.881356,15,0.789474
535,12,2.116402,570,70.024570,489,82.881356,15,0.789474
117,13,2.292769,570,70.024570,489,82.881356,15,0.789474
557,14,2.469136,638,78.378378,549,93.050847,15,0.789474
234,15,2.645503,638,78.378378,549,93.050847,15,0.789474
26,16,2.821869,638,78.378378,549,93.050847,15,0.789474
12,17,2.998236,642,78.869779,549,93.050847,15,0.789474
129,18,3.174603,642,78.869779,549,93.050847,15,0.789474
549,19,3.350970,657,80.712531,568,96.271186,15,0.789474
451,20,3.527337,657,80.712531,568,96.271186,15,0.789474
226,21,3.703704,657,80.712531,568,96.271186,15,0.789474
121,22,3.880071,657,80.712531,568,96.271186,15,0.789474
32,23,4.056437,657,80.712531,568,96.271186,15,0.789474
101,24,4.232804,657,80.712531,568,96.271186,15,0.789474
114,25,4.409171,657,80.712531,568,96.271186,15,0.789474
