TestcaseNumber,TestcaseCount,TestcaseRatio,StatementCount,StatementRatio,BranchCount,BranchRatio,FaultCount,FaultRatio
510,1,0.176367,525,64.496314,475,80.508475,8,0.421053
315,2,0.352734,547,67.199017,483,81.864407,11,0.578947
167,3,0.529101,555,68.181818,491,83.220339,13,0.684211
138,4,0.705467,555,68.181818,491,83.220339,13,0.684211
447,5,0.881834,555,68.181818,491,83.220339,13,0.684211
11,6,1.058201,558,68.550369,491,83.220339,13,0.684211
243,7,1.234568,558,68.550369,491,83.220339,14,0.736842
323,8,1.410935,558,68.550369,491,83.220339,14,0.736842
519,9,1.587302,558,68.550369,491,83.220339,14,0.736842
