TestcaseNumber,TestcaseCount,TestcaseRatio,StatementCount,StatementRatio,BranchCount,BranchRatio,FaultCount,FaultRatio
490,1,0.176367,530,65.110565,475,80.508475,9,0.473684
450,2,0.352734,533,65.479115,475,80.508475,9,0.473684
108,3,0.529101,547,67.199017,481,81.525424,11,0.578947
512,4,0.705467,550,67.567568,483,81.864407,11,0.578947
260,5,0.881834,550,67.567568,483,81.864407,11,0.578947
164,6,1.058201,556,68.304668,491,83.220339,13,0.684211
184,7,1.234568,560,68.796069,491,83.220339,15,0.789474
11,8,1.410935,563,69.164619,491,83.220339,15,0.789474
366,9,1.587302,563,69.164619,491,83.220339,15,0.789474
179,10,1.763668,563,69.164619,491,83.220339,15,0.789474
1,11,1.940035,572,70.270270,501,84.915254,15,0.789474
90,12,2.116402,572,70.270270,501,84.915254,15,0.789474
290,13,2.292769,572,70.270270,501,84.915254,15,0.789474
126,14,2.469136,572,70.270270,501,84.915254,15,0.789474
281,15,2.645503,572,70.270270,501,84.915254,15,0.789474
80,16,2.821869,572,70.270270,501,84.915254,15,0.789474
496,17,2.998236,572,70.270270,501,84.915254,15,0.789474
391,18,3.174603,572,70.270270,501,84.915254,15,0.789474
334,19,3.350970,572,70.270270,501,84.915254,15,0.789474
541,20,3.527337,574,70.515971,501,84.915254,15,0.789474
32,21,3.703704,574,70.515971,501,84.915254,16,0.842105
58,22,3.880071,574,70.515971,501,84.915254,16,0.842105
358,23,4.056437,574,70.515971,501,84.915254,16,0.842105
451,24,4.232804,574,70.515971,501,84.915254,16,0.842105
407,25,4.409171,574,70.515971,501,84.915254,16,0.842105
347,26,4.585538,574,70.515971,501,84.915254,16,0.842105
159,27,4.761905,574,70.515971,501,84.915254,16,0.842105
462,28,4.938272,574,70.515971,501,84.915254,16,0.842105
154,29,5.114638,574,70.515971,501,84.915254,16,0.842105
