TestcaseNumber,TestcaseCount,TestcaseRatio,StatementCount,StatementRatio,BranchCount,BranchRatio,FaultCount,FaultRatio
547,1,0.176367,532,65.356265,479,81.186441,2,0.105263
451,2,0.352734,551,67.690418,492,83.389831,9,0.473684
16,3,0.529101,590,72.481572,492,83.389831,9,0.473684
562,4,0.705467,596,73.218673,494,83.728814,9,0.473684
333,5,0.881834,599,73.587224,494,83.728814,10,0.526316
290,6,1.058201,606,74.447174,496,84.067797,10,0.526316
170,7,1.234568,614,75.429975,502,85.084746,12,0.631579
514,8,1.410935,614,75.429975,502,85.084746,12,0.631579
171,9,1.587302,614,75.429975,502,85.084746,12,0.631579
