TestcaseNumber,TestcaseCount,TestcaseRatio,StatementCount,StatementRatio,BranchCount,BranchRatio,FaultCount,FaultRatio
210,1,0.176367,533,65.479115,475,80.508475,8,0.421053
187,2,0.352734,542,66.584767,483,81.864407,11,0.578947
341,3,0.529101,548,67.321867,483,81.864407,12,0.631579
358,4,0.705467,556,68.304668,489,82.881356,14,0.736842
381,5,0.881834,556,68.304668,489,82.881356,14,0.736842
489,6,1.058201,556,68.304668,489,82.881356,14,0.736842
272,7,1.234568,556,68.304668,489,82.881356,14,0.736842
278,8,1.410935,560,68.796069,489,82.881356,15,0.789474
186,9,1.587302,560,68.796069,489,82.881356,15,0.789474
288,10,1.763668,560,68.796069,489,82.881356,15,0.789474
121,11,1.940035,560,68.796069,489,82.881356,15,0.789474
177,12,2.116402,560,68.796069,489,82.881356,15,0.789474
195,13,2.292769,560,68.796069,489,82.881356,15,0.789474
485,14,2.469136,560,68.796069,489,82.881356,15,0.789474
255,15,2.645503,560,68.796069,489,82.881356,15,0.789474
229,16,2.821869,560,68.796069,489,82.881356,15,0.789474
395,17,2.998236,560,68.796069,489,82.881356,15,0.789474
78,18,3.174603,560,68.796069,489,82.881356,15,0.789474
366,19,3.350970,560,68.796069,489,82.881356,15,0.789474
333,20,3.527337,560,68.796069,489,82.881356,15,0.789474
47,21,3.703704,560,68.796069,489,82.881356,15,0.789474
357,22,3.880071,560,68.796069,489,82.881356,15,0.789474
503,23,4.056437,560,68.796069,489,82.881356,15,0.789474
567,24,4.232804,560,68.796069,489,82.881356,15,0.789474
