TestcaseNumber,TestcaseCount,TestcaseRatio,StatementCount,StatementRatio,BranchCount,BranchRatio,FaultCount,FaultRatio
71,1,0.176367,539,66.216216,475,80.508475,8,0.421053
252,2,0.352734,539,66.216216,475,80.508475,9,0.473684
259,3,0.529101,550,67.567568,483,81.864407,11,0.578947
29,4,0.705467,554,68.058968,483,81.864407,11,0.578947
538,5,0.881834,565,69.410319,487,82.542373,11,0.578947
432,6,1.058201,570,70.024570,493,83.559322,13,0.684211
28,7,1.234568,570,70.024570,493,83.559322,14,0.736842
557,8,1.410935,642,78.869779,553,93.728814,14,0.736842
347,9,1.587302,642,78.869779,553,93.728814,14,0.736842
495,10,1.763668,642,78.869779,553,93.728814,14,0.736842
547,11,1.940035,657,80.712531,570,96.610169,14,0.736842
482,12,2.116402,657,80.712531,570,96.610169,14,0.736842
136,13,2.292769,657,80.712531,570,96.610169,14,0.736842
294,14,2.469136,657,80.712531,570,96.610169,14,0.736842
35,15,2.645503,657,80.712531,570,96.610169,14,0.736842
78,16,2.821869,657,80.712531,570,96.610169,14,0.736842
226,17,2.998236,657,80.712531,570,96.610169,14,0.736842
170,18,3.174603,657,80.712531,570,96.610169,14,0.736842
324,19,3.350970,657,80.712531,570,96.610169,14,0.736842
332,20,3.527337,657,80.712531,570,96.610169,14,0.736842
129,21,3.703704,657,80.712531,570,96.610169,14,0.736842
302,22,3.880071,658,80.835381,570,96.610169,15,0.789474
518,23,4.056437,658,80.835381,570,96.610169,15,0.789474
