TestcaseNumber,TestcaseCount,TestcaseRatio,StatementCount,StatementRatio,BranchCount,BranchRatio,FaultCount,FaultRatio
190,1,0.176367,528,64.864865,481,81.525424,10,0.526316
356,2,0.352734,552,67.813268,489,82.881356,14,0.736842
329,3,0.529101,555,68.181818,489,82.881356,14,0.736842
100,4,0.705467,555,68.181818,489,82.881356,14,0.736842
109,5,0.881834,555,68.181818,489,82.881356,14,0.736842
375,6,1.058201,555,68.181818,489,82.881356,14,0.736842
201,7,1.234568,555,68.181818,489,82.881356,14,0.736842
368,8,1.410935,555,68.181818,489,82.881356,14,0.736842
319,9,1.587302,555,68.181818,489,82.881356,14,0.736842
46,10,1.763668,559,68.673219,489,82.881356,14,0.736842
333,11,1.940035,559,68.673219,489,82.881356,15,0.789474
61,12,2.116402,559,68.673219,489,82.881356,15,0.789474
