TestcaseNumber,TestcaseCount,TestcaseRatio,StatementCount,StatementRatio,BranchCount,BranchRatio,FaultCount,FaultRatio
9,1,0.176367,514,63.144963,460,77.966102,9,0.473684
334,2,0.352734,536,65.847666,475,80.508475,9,0.473684
255,3,0.529101,553,67.936118,483,81.864407,11,0.578947
459,4,0.705467,553,67.936118,483,81.864407,11,0.578947
236,5,0.881834,553,67.936118,483,81.864407,11,0.578947
492,6,1.058201,553,67.936118,483,81.864407,11,0.578947
544,7,1.234568,571,70.147420,500,84.745763,11,0.578947
214,8,1.410935,571,70.147420,500,84.745763,11,0.578947
111,9,1.587302,571,70.147420,500,84.745763,11,0.578947
196,10,1.763668,571,70.147420,500,84.745763,11,0.578947
92,11,1.940035,571,70.147420,500,84.745763,11,0.578947
28,12,2.116402,575,70.638821,500,84.745763,12,0.631579
15,13,2.292769,580,71.253071,506,85.762712,15,0.789474
210,14,2.469136,580,71.253071,506,85.762712,15,0.789474
160,15,2.645503,580,71.253071,508,86.101695,16,0.842105
172,16,2.821869,584,71.744472,508,86.101695,16,0.842105
51,17,2.998236,584,71.744472,508,86.101695,16,0.842105
225,18,3.174603,584,71.744472,508,86.101695,16,0.842105
2,19,3.350970,621,76.289926,508,86.101695,16,0.842105
526,20,3.527337,621,76.289926,508,86.101695,16,0.842105
319,21,3.703704,621,76.289926,508,86.101695,16,0.842105
270,22,3.880071,621,76.289926,508,86.101695,16,0.842105
251,23,4.056437,621,76.289926,508,86.101695,16,0.842105
423,24,4.232804,621,76.289926,508,86.101695,16,0.842105
386,25,4.409171,621,76.289926,508,86.101695,16,0.842105
12,26,4.585538,625,76.781327,508,86.101695,16,0.842105
143,27,4.761905,625,76.781327,508,86.101695,16,0.842105
190,28,4.938272,625,76.781327,508,86.101695,16,0.842105
