TestcaseNumber,TestcaseCount,TestcaseRatio,StatementCount,StatementRatio,BranchCount,BranchRatio,FaultCount,FaultRatio
372,1,0.176367,530,65.110565,475,80.508475,7,0.368421
398,2,0.352734,537,65.970516,475,80.508475,8,0.421053
57,3,0.529101,545,66.953317,481,81.525424,10,0.526316
17,4,0.705467,555,68.181818,485,82.203390,13,0.684211
225,5,0.881834,563,69.164619,491,83.220339,15,0.789474
413,6,1.058201,563,69.164619,491,83.220339,15,0.789474
374,7,1.234568,563,69.164619,491,83.220339,15,0.789474
545,8,1.410935,578,71.007371,508,86.101695,16,0.842105
