TestcaseNumber,TestcaseCount,TestcaseRatio,StatementCount,StatementRatio,BranchCount,BranchRatio,FaultCount,FaultRatio
81,1,0.176367,536,65.847666,475,80.508475,7,0.368421
249,2,0.352734,544,66.830467,481,81.525424,10,0.526316
340,3,0.529101,550,67.567568,483,81.864407,11,0.578947
558,4,0.705467,627,77.027027,547,92.711864,11,0.578947
452,5,0.881834,627,77.027027,547,92.711864,11,0.578947
488,6,1.058201,627,77.027027,547,92.711864,11,0.578947
148,7,1.234568,631,77.518428,547,92.711864,12,0.631579
