TestcaseNumber,TestcaseCount,TestcaseRatio,StatementCount,StatementRatio,BranchCount,BranchRatio,FaultCount,FaultRatio
154,1,0.176367,532,65.356265,475,80.508475,6,0.315789
78,2,0.352734,551,67.690418,483,81.864407,10,0.526316
181,3,0.529101,556,68.304668,489,82.881356,12,0.631579
499,4,0.705467,556,68.304668,489,82.881356,12,0.631579
9,5,0.881834,559,68.673219,489,82.881356,13,0.684211
373,6,1.058201,559,68.673219,489,82.881356,14,0.736842
537,7,1.234568,570,70.024570,491,83.220339,14,0.736842
168,8,1.410935,570,70.024570,491,83.220339,16,0.842105
65,9,1.587302,573,70.393120,491,83.220339,16,0.842105
425,10,1.763668,573,70.393120,491,83.220339,16,0.842105
274,11,1.940035,573,70.393120,491,83.220339,16,0.842105
316,12,2.116402,573,70.393120,491,83.220339,16,0.842105
198,13,2.292769,573,70.393120,491,83.220339,16,0.842105
239,14,2.469136,573,70.393120,491,83.220339,16,0.842105
127,15,2.645503,573,70.393120,491,83.220339,16,0.842105
231,16,2.821869,573,70.393120,491,83.220339,16,0.842105
237,17,2.998236,573,70.393120,491,83.220339,16,0.842105
123,18,3.174603,573,70.393120,491,83.220339,16,0.842105
351,19,3.350970,573,70.393120,491,83.220339,16,0.842105
218,20,3.527337,573,70.393120,491,83.220339,16,0.842105
337,21,3.703704,573,70.393120,491,83.220339,16,0.842105
333,22,3.880071,573,70.393120,491,83.220339,16,0.842105
72,23,4.056437,573,70.393120,491,83.220339,16,0.842105
420,24,4.232804,573,70.393120,491,83.220339,16,0.842105
257,25,4.409171,573,70.393120,491,83.220339,16,0.842105
477,26,4.585538,573,70.393120,491,83.220339,16,0.842105
522,27,4.761905,573,70.393120,491,83.220339,16,0.842105
217,28,4.938272,573,70.393120,491,83.220339,16,0.842105
99,29,5.114638,573,70.393120,491,83.220339,16,0.842105
