TestcaseNumber,TestcaseCount,TestcaseRatio,StatementCount,StatementRatio,BranchCount,BranchRatio,FaultCount,FaultRatio
288,1,0.176367,534,65.601966,475,80.508475,8,0.421053
201,2,0.352734,543,66.707617,475,80.508475,10,0.526316
339,3,0.529101,554,68.058968,483,81.864407,12,0.631579
481,4,0.705467,554,68.058968,483,81.864407,12,0.631579
443,5,0.881834,559,68.673219,489,82.881356,15,0.789474
284,6,1.058201,559,68.673219,489,82.881356,15,0.789474
250,7,1.234568,559,68.673219,489,82.881356,15,0.789474
428,8,1.410935,563,69.164619,489,82.881356,15,0.789474
286,9,1.587302,563,69.164619,489,82.881356,15,0.789474
421,10,1.763668,563,69.164619,489,82.881356,15,0.789474
324,11,1.940035,563,69.164619,489,82.881356,15,0.789474
