TestcaseNumber,TestcaseCount,TestcaseRatio,StatementCount,StatementRatio,BranchCount,BranchRatio,FaultCount,FaultRatio
93,1,0.176367,534,65.601966,475,80.508475,8,0.421053
6,2,0.352734,606,74.447174,537,91.016949,10,0.526316
102,3,0.529101,606,74.447174,537,91.016949,10,0.526316
505,4,0.705467,614,75.429975,543,92.033898,12,0.631579
5,5,0.881834,617,75.798526,543,92.033898,12,0.631579
71,6,1.058201,620,76.167076,543,92.033898,12,0.631579
167,7,1.234568,625,76.781327,551,93.389831,14,0.736842
20,8,1.410935,628,77.149877,551,93.389831,14,0.736842
399,9,1.587302,632,77.641278,551,93.389831,14,0.736842
391,10,1.763668,632,77.641278,551,93.389831,14,0.736842
