TestcaseNumber,TestcaseCount,TestcaseRatio,StatementCount,StatementRatio,BranchCount,BranchRatio,FaultCount,FaultRatio
21,1,0.176367,510,62.653563,432,73.220339,9,0.473684
74,2,0.352734,539,66.216216,475,80.508475,9,0.473684
432,3,0.529101,544,66.830467,481,81.525424,11,0.578947
154,4,0.705467,551,67.690418,483,81.864407,11,0.578947
278,5,0.881834,551,67.690418,483,81.864407,12,0.631579
549,6,1.058201,573,70.393120,502,85.084746,12,0.631579
50,7,1.234568,573,70.393120,502,85.084746,13,0.684211
82,8,1.410935,573,70.393120,502,85.084746,13,0.684211
520,9,1.587302,573,70.393120,502,85.084746,13,0.684211
191,10,1.763668,576,70.761671,502,85.084746,13,0.684211
418,11,1.940035,576,70.761671,502,85.084746,14,0.736842
364,12,2.116402,576,70.761671,502,85.084746,14,0.736842
147,13,2.292769,576,70.761671,502,85.084746,14,0.736842
386,14,2.469136,584,71.744472,508,86.101695,16,0.842105
250,15,2.645503,584,71.744472,508,86.101695,16,0.842105
511,16,2.821869,584,71.744472,508,86.101695,16,0.842105
311,17,2.998236,584,71.744472,508,86.101695,16,0.842105
373,18,3.174603,584,71.744472,508,86.101695,16,0.842105
297,19,3.350970,584,71.744472,508,86.101695,16,0.842105
219,20,3.527337,584,71.744472,508,86.101695,16,0.842105
138,21,3.703704,584,71.744472,508,86.101695,16,0.842105
531,22,3.880071,584,71.744472,508,86.101695,16,0.842105
114,23,4.056437,584,71.744472,508,86.101695,16,0.842105
259,24,4.232804,584,71.744472,508,86.101695,16,0.842105
473,25,4.409171,584,71.744472,508,86.101695,16,0.842105
