TestcaseNumber,TestcaseCount,TestcaseRatio,StatementCount,StatementRatio,BranchCount,BranchRatio,FaultCount,FaultRatio
475,1,0.176367,533,65.479115,481,81.525424,8,0.421053
244,2,0.352734,547,67.199017,483,81.864407,11,0.578947
76,3,0.529101,550,67.567568,483,81.864407,11,0.578947
429,4,0.705467,556,68.304668,489,82.881356,14,0.736842
437,5,0.881834,556,68.304668,489,82.881356,14,0.736842
281,6,1.058201,560,68.796069,489,82.881356,14,0.736842
332,7,1.234568,560,68.796069,489,82.881356,14,0.736842
525,8,1.410935,560,68.796069,489,82.881356,14,0.736842
253,9,1.587302,560,68.796069,489,82.881356,15,0.789474
20,10,1.763668,563,69.164619,489,82.881356,15,0.789474
390,11,1.940035,563,69.164619,489,82.881356,15,0.789474
448,12,2.116402,563,69.164619,489,82.881356,15,0.789474
418,13,2.292769,566,69.533170,491,83.220339,16,0.842105
565,14,2.469136,566,69.533170,491,83.220339,16,0.842105
84,15,2.645503,566,69.533170,491,83.220339,16,0.842105
540,16,2.821869,568,69.778870,491,83.220339,16,0.842105
474,17,2.998236,568,69.778870,491,83.220339,16,0.842105
100,18,3.174603,568,69.778870,491,83.220339,16,0.842105
481,19,3.350970,568,69.778870,491,83.220339,16,0.842105
170,20,3.527337,568,69.778870,491,83.220339,16,0.842105
221,21,3.703704,568,69.778870,491,83.220339,16,0.842105
254,22,3.880071,568,69.778870,491,83.220339,16,0.842105
272,23,4.056437,568,69.778870,491,83.220339,16,0.842105
293,24,4.232804,568,69.778870,491,83.220339,16,0.842105
51,25,4.409171,568,69.778870,491,83.220339,16,0.842105
239,26,4.585538,568,69.778870,491,83.220339,16,0.842105
49,27,4.761905,568,69.778870,491,83.220339,16,0.842105
219,28,4.938272,568,69.778870,491,83.220339,16,0.842105
395,29,5.114638,568,69.778870,491,83.220339,16,0.842105
455,30,5.291005,568,69.778870,491,83.220339,16,0.842105
485,31,5.467372,568,69.778870,491,83.220339,16,0.842105
