TestcaseNumber,TestcaseCount,TestcaseRatio,StatementCount,StatementRatio,BranchCount,BranchRatio,FaultCount,FaultRatio
389,1,0.176367,533,65.479115,481,81.525424,8,0.421053
323,2,0.352734,547,67.199017,483,81.864407,12,0.631579
454,3,0.529101,547,67.199017,483,81.864407,12,0.631579
501,4,0.705467,547,67.199017,483,81.864407,12,0.631579
240,5,0.881834,550,67.567568,483,81.864407,12,0.631579
243,6,1.058201,550,67.567568,483,81.864407,12,0.631579
513,7,1.234568,550,67.567568,483,81.864407,12,0.631579
351,8,1.410935,550,67.567568,483,81.864407,12,0.631579
