TestcaseNumber,TestcaseCount,TestcaseRatio,StatementCount,StatementRatio,BranchCount,BranchRatio,FaultCount,FaultRatio
390,1,0.176367,525,64.496314,475,80.508475,6,0.315789
28,2,0.352734,543,66.707617,477,80.847458,8,0.421053
61,3,0.529101,549,67.444717,483,81.864407,11,0.578947
510,4,0.705467,552,67.813268,483,81.864407,13,0.684211
498,5,0.881834,560,68.796069,489,82.881356,15,0.789474
71,6,1.058201,560,68.796069,489,82.881356,15,0.789474
332,7,1.234568,560,68.796069,489,82.881356,15,0.789474
169,8,1.410935,563,69.164619,491,83.220339,16,0.842105
475,9,1.587302,563,69.164619,491,83.220339,16,0.842105
191,10,1.763668,566,69.533170,491,83.220339,16,0.842105
118,11,1.940035,566,69.533170,491,83.220339,16,0.842105
146,12,2.116402,566,69.533170,491,83.220339,16,0.842105
92,13,2.292769,566,69.533170,491,83.220339,16,0.842105
560,14,2.469136,642,78.869779,559,94.745763,16,0.842105
23,15,2.645503,642,78.869779,559,94.745763,16,0.842105
53,16,2.821869,642,78.869779,559,94.745763,16,0.842105
101,17,2.998236,642,78.869779,559,94.745763,16,0.842105
206,18,3.174603,642,78.869779,559,94.745763,16,0.842105
161,19,3.350970,642,78.869779,559,94.745763,16,0.842105
240,20,3.527337,642,78.869779,559,94.745763,16,0.842105
3,21,3.703704,645,79.238329,559,94.745763,16,0.842105
207,22,3.880071,645,79.238329,559,94.745763,16,0.842105
299,23,4.056437,645,79.238329,559,94.745763,16,0.842105
543,24,4.232804,645,79.238329,559,94.745763,16,0.842105
333,25,4.409171,645,79.238329,559,94.745763,16,0.842105
144,26,4.585538,645,79.238329,559,94.745763,16,0.842105
143,27,4.761905,645,79.238329,559,94.745763,16,0.842105
50,28,4.938272,645,79.238329,559,94.745763,16,0.842105
208,29,5.114638,645,79.238329,559,94.745763,16,0.842105
