TestcaseNumber,TestcaseCount,TestcaseRatio,StatementCount,StatementRatio,BranchCount,BranchRatio,FaultCount,FaultRatio
527,1,0.176367,510,62.653563,432,73.220339,8,0.421053
190,2,0.352734,535,65.724816,483,81.864407,12,0.631579
338,3,0.529101,552,67.813268,489,82.881356,14,0.736842
382,4,0.705467,552,67.813268,489,82.881356,14,0.736842
319,5,0.881834,555,68.181818,489,82.881356,14,0.736842
542,6,1.058201,563,69.164619,489,82.881356,14,0.736842
436,7,1.234568,567,69.656020,489,82.881356,14,0.736842
425,8,1.410935,567,69.656020,489,82.881356,14,0.736842
223,9,1.587302,567,69.656020,489,82.881356,15,0.789474
486,10,1.763668,567,69.656020,489,82.881356,15,0.789474
332,11,1.940035,567,69.656020,489,82.881356,15,0.789474
116,12,2.116402,567,69.656020,489,82.881356,15,0.789474
17,13,2.292769,573,70.393120,491,83.220339,16,0.842105
313,14,2.469136,573,70.393120,491,83.220339,16,0.842105
452,15,2.645503,573,70.393120,491,83.220339,16,0.842105
503,16,2.821869,573,70.393120,491,83.220339,16,0.842105
207,17,2.998236,573,70.393120,491,83.220339,16,0.842105
169,18,3.174603,573,70.393120,491,83.220339,16,0.842105
483,19,3.350970,573,70.393120,491,83.220339,16,0.842105
285,20,3.527337,573,70.393120,491,83.220339,16,0.842105
282,21,3.703704,573,70.393120,491,83.220339,16,0.842105
163,22,3.880071,573,70.393120,491,83.220339,16,0.842105
188,23,4.056437,573,70.393120,491,83.220339,16,0.842105
331,24,4.232804,573,70.393120,491,83.220339,16,0.842105
58,25,4.409171,573,70.393120,491,83.220339,16,0.842105
46,26,4.585538,573,70.393120,491,83.220339,16,0.842105
