TestcaseNumber,TestcaseCount,TestcaseRatio,StatementCount,StatementRatio,BranchCount,BranchRatio,FaultCount,FaultRatio
32,1,0.176367,535,65.724816,475,80.508475,7,0.368421
488,2,0.352734,554,68.058968,483,81.864407,12,0.631579
316,3,0.529101,554,68.058968,483,81.864407,12,0.631579
330,4,0.705467,554,68.058968,483,81.864407,12,0.631579
279,5,0.881834,554,68.058968,483,81.864407,12,0.631579
178,6,1.058201,560,68.796069,489,82.881356,15,0.789474
67,7,1.234568,560,68.796069,489,82.881356,15,0.789474
533,8,1.410935,575,70.638821,506,85.762712,15,0.789474
113,9,1.587302,575,70.638821,506,85.762712,15,0.789474
176,10,1.763668,575,70.638821,506,85.762712,15,0.789474
75,11,1.940035,575,70.638821,506,85.762712,15,0.789474
138,12,2.116402,575,70.638821,506,85.762712,15,0.789474
298,13,2.292769,575,70.638821,506,85.762712,15,0.789474
383,14,2.469136,575,70.638821,506,85.762712,15,0.789474
38,15,2.645503,575,70.638821,506,85.762712,15,0.789474
100,16,2.821869,575,70.638821,506,85.762712,15,0.789474
273,17,2.998236,575,70.638821,506,85.762712,15,0.789474
163,18,3.174603,575,70.638821,508,86.101695,16,0.842105
389,19,3.350970,575,70.638821,508,86.101695,16,0.842105
152,20,3.527337,575,70.638821,508,86.101695,16,0.842105
173,21,3.703704,575,70.638821,508,86.101695,16,0.842105
419,22,3.880071,578,71.007371,508,86.101695,16,0.842105
195,23,4.056437,578,71.007371,508,86.101695,16,0.842105
538,24,4.232804,589,72.358722,512,86.779661,16,0.842105
425,25,4.409171,589,72.358722,512,86.779661,16,0.842105
531,26,4.585538,589,72.358722,512,86.779661,16,0.842105
445,27,4.761905,589,72.358722,512,86.779661,16,0.842105
134,28,4.938272,589,72.358722,512,86.779661,16,0.842105
