TestcaseNumber,TestcaseCount,TestcaseRatio,StatementCount,StatementRatio,BranchCount,BranchRatio,FaultCount,FaultRatio
339,1,0.176367,539,66.216216,481,81.525424,9,0.473684
243,2,0.352734,550,67.567568,483,81.864407,12,0.631579
277,3,0.529101,554,68.058968,483,81.864407,12,0.631579
110,4,0.705467,554,68.058968,483,81.864407,12,0.631579
551,5,0.881834,569,69.901720,483,81.864407,12,0.631579
236,6,1.058201,569,69.901720,483,81.864407,12,0.631579
380,7,1.234568,569,69.901720,483,81.864407,12,0.631579
349,8,1.410935,569,69.901720,483,81.864407,12,0.631579
65,9,1.587302,569,69.901720,483,81.864407,12,0.631579
404,10,1.763668,569,69.901720,483,81.864407,12,0.631579
509,11,1.940035,569,69.901720,483,81.864407,12,0.631579
320,12,2.116402,569,69.901720,483,81.864407,12,0.631579
8,13,2.292769,573,70.393120,483,81.864407,12,0.631579
406,14,2.469136,573,70.393120,483,81.864407,12,0.631579
261,15,2.645503,573,70.393120,483,81.864407,12,0.631579
68,16,2.821869,573,70.393120,483,81.864407,12,0.631579
479,17,2.998236,573,70.393120,483,81.864407,12,0.631579
415,18,3.174603,578,71.007371,491,83.220339,14,0.736842
417,19,3.350970,578,71.007371,491,83.220339,14,0.736842
244,20,3.527337,578,71.007371,491,83.220339,14,0.736842
541,21,3.703704,580,71.253071,491,83.220339,14,0.736842
186,22,3.880071,584,71.744472,491,83.220339,16,0.842105
352,23,4.056437,584,71.744472,491,83.220339,16,0.842105
181,24,4.232804,584,71.744472,491,83.220339,16,0.842105
329,25,4.409171,584,71.744472,491,83.220339,16,0.842105
366,26,4.585538,584,71.744472,491,83.220339,16,0.842105
449,27,4.761905,584,71.744472,491,83.220339,16,0.842105
278,28,4.938272,584,71.744472,491,83.220339,16,0.842105
184,29,5.114638,584,71.744472,491,83.220339,16,0.842105
111,30,5.291005,584,71.744472,491,83.220339,16,0.842105
375,31,5.467372,584,71.744472,491,83.220339,16,0.842105
