TestcaseNumber,TestcaseCount,TestcaseRatio,StatementCount,StatementRatio,BranchCount,BranchRatio,FaultCount,FaultRatio
186,1,0.176367,519,63.759214,468,79.322034,9,0.473684
527,2,0.352734,526,64.619165,470,79.661017,12,0.631579
45,3,0.529101,545,66.953317,483,81.864407,12,0.631579
47,4,0.705467,545,66.953317,483,81.864407,12,0.631579
465,5,0.881834,556,68.304668,489,82.881356,14,0.736842
545,6,1.058201,574,70.515971,506,85.762712,14,0.736842
101,7,1.234568,574,70.515971,506,85.762712,14,0.736842
42,8,1.410935,578,71.007371,506,85.762712,14,0.736842
320,9,1.587302,578,71.007371,506,85.762712,14,0.736842
448,10,1.763668,578,71.007371,506,85.762712,14,0.736842
20,11,1.940035,578,71.007371,506,85.762712,14,0.736842
352,12,2.116402,578,71.007371,506,85.762712,14,0.736842
32,13,2.292769,578,71.007371,506,85.762712,15,0.789474
362,14,2.469136,578,71.007371,506,85.762712,15,0.789474
206,15,2.645503,578,71.007371,506,85.762712,15,0.789474
506,16,2.821869,578,71.007371,506,85.762712,15,0.789474
483,17,2.998236,578,71.007371,506,85.762712,15,0.789474
422,18,3.174603,578,71.007371,506,85.762712,15,0.789474
200,19,3.350970,578,71.007371,506,85.762712,15,0.789474
529,20,3.527337,582,71.498771,506,85.762712,15,0.789474
147,21,3.703704,582,71.498771,506,85.762712,15,0.789474
259,22,3.880071,582,71.498771,506,85.762712,15,0.789474
563,23,4.056437,585,71.867322,508,86.101695,16,0.842105
24,24,4.232804,585,71.867322,508,86.101695,16,0.842105
49,25,4.409171,585,71.867322,508,86.101695,16,0.842105
