TestcaseNumber,TestcaseCount,TestcaseRatio,StatementCount,StatementRatio,BranchCount,BranchRatio,FaultCount,FaultRatio
115,1,0.176367,541,66.461916,481,81.525424,9,0.473684
301,2,0.352734,553,67.936118,489,82.881356,13,0.684211
538,3,0.529101,564,69.287469,493,83.559322,13,0.684211
548,4,0.705467,582,71.498771,510,86.440678,14,0.736842
184,5,0.881834,582,71.498771,510,86.440678,14,0.736842
203,6,1.058201,585,71.867322,510,86.440678,15,0.789474
279,7,1.234568,589,72.358722,510,86.440678,15,0.789474
