TestcaseNumber,TestcaseCount,TestcaseRatio,StatementCount,StatementRatio,BranchCount,BranchRatio,FaultCount,FaultRatio
496,1,0.176367,535,65.724816,481,81.525424,9,0.473684
377,2,0.352734,544,66.830467,483,81.864407,10,0.526316
30,3,0.529101,554,68.058968,483,81.864407,11,0.578947
464,4,0.705467,554,68.058968,483,81.864407,11,0.578947
235,5,0.881834,554,68.058968,483,81.864407,11,0.578947
391,6,1.058201,554,68.058968,483,81.864407,11,0.578947
331,7,1.234568,554,68.058968,483,81.864407,11,0.578947
438,8,1.410935,560,68.796069,489,82.881356,15,0.789474
104,9,1.587302,560,68.796069,489,82.881356,15,0.789474
350,10,1.763668,560,68.796069,489,82.881356,15,0.789474
206,11,1.940035,560,68.796069,489,82.881356,15,0.789474
533,12,2.116402,575,70.638821,506,85.762712,15,0.789474
566,13,2.292769,575,70.638821,506,85.762712,15,0.789474
20,14,2.469136,578,71.007371,506,85.762712,15,0.789474
368,15,2.645503,578,71.007371,506,85.762712,15,0.789474
436,16,2.821869,578,71.007371,506,85.762712,15,0.789474
354,17,2.998236,578,71.007371,506,85.762712,15,0.789474
11,18,3.174603,581,71.375921,506,85.762712,15,0.789474
485,19,3.350970,581,71.375921,506,85.762712,15,0.789474
124,20,3.527337,581,71.375921,506,85.762712,15,0.789474
414,21,3.703704,581,71.375921,508,86.101695,16,0.842105
383,22,3.880071,581,71.375921,508,86.101695,16,0.842105
459,23,4.056437,581,71.375921,508,86.101695,16,0.842105
435,24,4.232804,581,71.375921,508,86.101695,16,0.842105
499,25,4.409171,581,71.375921,508,86.101695,16,0.842105
38,26,4.585538,581,71.375921,508,86.101695,16,0.842105
398,27,4.761905,581,71.375921,508,86.101695,16,0.842105
305,28,4.938272,581,71.375921,508,86.101695,16,0.842105
