TestcaseNumber,TestcaseCount,TestcaseRatio,StatementCount,StatementRatio,BranchCount,BranchRatio,FaultCount,FaultRatio
149,1,0.176367,537,65.970516,475,80.508475,7,0.368421
12,2,0.352734,541,66.461916,475,80.508475,9,0.473684
62,3,0.529101,553,67.936118,483,81.864407,12,0.631579
150,4,0.705467,553,67.936118,483,81.864407,12,0.631579
28,5,0.881834,553,67.936118,483,81.864407,13,0.684211
266,6,1.058201,561,68.918919,489,82.881356,15,0.789474
