TestcaseNumber,TestcaseCount,TestcaseRatio,StatementCount,StatementRatio,BranchCount,BranchRatio,FaultCount,FaultRatio
310,1,0.176367,529,64.987715,481,81.525424,9,0.473684
55,2,0.352734,541,66.461916,483,81.864407,9,0.473684
126,3,0.529101,553,67.936118,489,82.881356,14,0.736842
440,4,0.705467,556,68.304668,489,82.881356,14,0.736842
189,5,0.881834,556,68.304668,489,82.881356,14,0.736842
375,6,1.058201,556,68.304668,489,82.881356,14,0.736842
560,7,1.234568,632,77.641278,557,94.406780,14,0.736842
302,8,1.410935,635,78.009828,557,94.406780,14,0.736842
439,9,1.587302,635,78.009828,557,94.406780,14,0.736842
403,10,1.763668,639,78.501229,557,94.406780,15,0.789474
167,11,1.940035,642,78.869779,559,94.745763,16,0.842105
236,12,2.116402,642,78.869779,559,94.745763,16,0.842105
536,13,2.292769,650,79.852580,559,94.745763,16,0.842105
183,14,2.469136,650,79.852580,559,94.745763,16,0.842105
447,15,2.645503,650,79.852580,559,94.745763,16,0.842105
151,16,2.821869,650,79.852580,559,94.745763,16,0.842105
130,17,2.998236,650,79.852580,559,94.745763,16,0.842105
186,18,3.174603,650,79.852580,559,94.745763,16,0.842105
336,19,3.350970,650,79.852580,559,94.745763,16,0.842105
370,20,3.527337,650,79.852580,559,94.745763,16,0.842105
473,21,3.703704,650,79.852580,559,94.745763,16,0.842105
567,22,3.880071,650,79.852580,559,94.745763,16,0.842105
46,23,4.056437,650,79.852580,559,94.745763,16,0.842105
