TestcaseNumber,TestcaseCount,TestcaseRatio,StatementCount,StatementRatio,BranchCount,BranchRatio,FaultCount,FaultRatio
127,1,0.176367,539,66.216216,481,81.525424,9,0.473684
379,2,0.352734,539,66.216216,481,81.525424,9,0.473684
536,3,0.529101,551,67.690418,487,82.542373,9,0.473684
323,4,0.705467,562,69.041769,489,82.881356,12,0.631579
499,5,0.881834,562,69.041769,489,82.881356,12,0.631579
425,6,1.058201,567,69.656020,489,82.881356,15,0.789474
413,7,1.234568,571,70.147420,491,83.220339,16,0.842105
317,8,1.410935,571,70.147420,491,83.220339,16,0.842105
158,9,1.587302,571,70.147420,491,83.220339,16,0.842105
176,10,1.763668,571,70.147420,491,83.220339,16,0.842105
565,11,1.940035,571,70.147420,491,83.220339,16,0.842105
