TestcaseNumber,TestcaseCount,TestcaseRatio,StatementCount,StatementRatio,BranchCount,BranchRatio,FaultCount,FaultRatio
456,1,0.176367,538,66.093366,481,81.525424,9,0.473684
487,2,0.352734,541,66.461916,481,81.525424,10,0.526316
209,3,0.529101,544,66.830467,481,81.525424,10,0.526316
174,4,0.705467,549,67.444717,487,82.542373,13,0.684211
378,5,0.881834,555,68.181818,489,82.881356,13,0.684211
232,6,1.058201,555,68.181818,489,82.881356,13,0.684211
105,7,1.234568,555,68.181818,489,82.881356,13,0.684211
539,8,1.410935,574,70.515971,508,86.101695,13,0.684211
7,9,1.587302,577,70.884521,508,86.101695,13,0.684211
371,10,1.763668,577,70.884521,508,86.101695,13,0.684211
