TestcaseNumber,TestcaseCount,TestcaseRatio,StatementCount,StatementRatio,BranchCount,BranchRatio,FaultCount,FaultRatio
511,1,0.176367,525,64.496314,475,80.508475,8,0.421053
20,2,0.352734,528,64.864865,475,80.508475,8,0.421053
152,3,0.529101,538,66.093366,475,80.508475,8,0.421053
148,4,0.705467,546,67.076167,477,80.847458,10,0.526316
143,5,0.881834,549,67.444717,477,80.847458,10,0.526316
547,6,1.058201,564,69.287469,494,83.728814,10,0.526316
115,7,1.234568,572,70.270270,500,84.745763,12,0.631579
210,8,1.410935,572,70.270270,500,84.745763,12,0.631579
165,9,1.587302,577,70.884521,508,86.101695,14,0.736842
117,10,1.763668,577,70.884521,508,86.101695,14,0.736842
95,11,1.940035,577,70.884521,508,86.101695,14,0.736842
465,12,2.116402,577,70.884521,508,86.101695,14,0.736842
