TestcaseNumber,TestcaseCount,TestcaseRatio,StatementCount,StatementRatio,BranchCount,BranchRatio,FaultCount,FaultRatio
397,1,0.176367,534,65.601966,475,80.508475,7,0.368421
91,2,0.352734,546,67.076167,477,80.847458,8,0.421053
445,3,0.529101,554,68.058968,483,81.864407,11,0.578947
110,4,0.705467,554,68.058968,483,81.864407,11,0.578947
559,5,0.881834,616,75.675676,543,92.033898,11,0.578947
175,6,1.058201,622,76.412776,549,93.050847,14,0.736842
315,7,1.234568,622,76.412776,549,93.050847,14,0.736842
174,8,1.410935,622,76.412776,549,93.050847,14,0.736842
356,9,1.587302,622,76.412776,549,93.050847,14,0.736842
105,10,1.763668,622,76.412776,549,93.050847,14,0.736842
347,11,1.940035,622,76.412776,549,93.050847,14,0.736842
