TestcaseNumber,TestcaseCount,TestcaseRatio,StatementCount,StatementRatio,BranchCount,BranchRatio,FaultCount,FaultRatio
527,1,0.176367,510,62.653563,432,73.220339,8,0.421053
354,2,0.352734,533,65.479115,477,80.847458,9,0.473684
327,3,0.529101,544,66.830467,483,81.864407,11,0.578947
231,4,0.705467,547,67.199017,483,81.864407,11,0.578947
134,5,0.881834,550,67.567568,483,81.864407,11,0.578947
40,6,1.058201,554,68.058968,483,81.864407,11,0.578947
125,7,1.234568,554,68.058968,483,81.864407,11,0.578947
37,8,1.410935,554,68.058968,483,81.864407,11,0.578947
264,9,1.587302,554,68.058968,483,81.864407,11,0.578947
165,10,1.763668,559,68.673219,491,83.220339,13,0.684211
45,11,1.940035,563,69.164619,491,83.220339,15,0.789474
535,12,2.116402,567,69.656020,491,83.220339,15,0.789474
434,13,2.292769,567,69.656020,491,83.220339,15,0.789474
490,14,2.469136,567,69.656020,491,83.220339,15,0.789474
371,15,2.645503,567,69.656020,491,83.220339,15,0.789474
461,16,2.821869,567,69.656020,491,83.220339,15,0.789474
207,17,2.998236,567,69.656020,491,83.220339,15,0.789474
312,18,3.174603,567,69.656020,491,83.220339,15,0.789474
233,19,3.350970,567,69.656020,491,83.220339,16,0.842105
356,20,3.527337,567,69.656020,491,83.220339,16,0.842105
400,21,3.703704,567,69.656020,491,83.220339,16,0.842105
2,22,3.880071,604,74.201474,491,83.220339,16,0.842105
388,23,4.056437,604,74.201474,491,83.220339,16,0.842105
383,24,4.232804,604,74.201474,491,83.220339,16,0.842105
63,25,4.409171,604,74.201474,491,83.220339,16,0.842105
