TestcaseNumber,TestcaseCount,TestcaseRatio,StatementCount,StatementRatio,BranchCount,BranchRatio,FaultCount,FaultRatio
567,1,0.176367,0,0.000000,0,0.000000,0,0.000000
154,2,0.352734,532,65.356265,475,80.508475,6,0.315789
525,3,0.529101,537,65.970516,477,80.847458,9,0.473684
477,4,0.705467,545,66.953317,483,81.864407,11,0.578947
235,5,0.881834,551,67.690418,483,81.864407,11,0.578947
14,6,1.058201,556,68.304668,491,83.220339,13,0.684211
157,7,1.234568,556,68.304668,491,83.220339,13,0.684211
92,8,1.410935,559,68.673219,491,83.220339,13,0.684211
529,9,1.587302,578,71.007371,508,86.101695,13,0.684211
392,10,1.763668,578,71.007371,508,86.101695,13,0.684211
196,11,1.940035,578,71.007371,508,86.101695,13,0.684211
325,12,2.116402,578,71.007371,508,86.101695,13,0.684211
115,13,2.292769,578,71.007371,508,86.101695,13,0.684211
370,14,2.469136,578,71.007371,508,86.101695,13,0.684211
185,15,2.645503,582,71.498771,508,86.101695,15,0.789474
510,16,2.821869,582,71.498771,508,86.101695,15,0.789474
29,17,2.998236,582,71.498771,508,86.101695,15,0.789474
476,18,3.174603,582,71.498771,508,86.101695,15,0.789474
52,19,3.350970,582,71.498771,508,86.101695,15,0.789474
543,20,3.527337,582,71.498771,508,86.101695,15,0.789474
475,21,3.703704,582,71.498771,508,86.101695,15,0.789474
88,22,3.880071,582,71.498771,508,86.101695,15,0.789474
