TestcaseNumber,TestcaseCount,TestcaseRatio,StatementCount,StatementRatio,BranchCount,BranchRatio,FaultCount,FaultRatio
248,1,0.176367,538,66.093366,481,81.525424,9,0.473684
80,2,0.352734,544,66.830467,481,81.525424,10,0.526316
191,3,0.529101,552,67.813268,489,82.881356,13,0.684211
385,4,0.705467,552,67.813268,489,82.881356,13,0.684211
488,5,0.881834,555,68.181818,489,82.881356,14,0.736842
348,6,1.058201,555,68.181818,489,82.881356,14,0.736842
147,7,1.234568,559,68.673219,489,82.881356,14,0.736842
148,8,1.410935,559,68.673219,489,82.881356,15,0.789474
458,9,1.587302,559,68.673219,489,82.881356,15,0.789474
478,10,1.763668,559,68.673219,489,82.881356,15,0.789474
361,11,1.940035,559,68.673219,489,82.881356,15,0.789474
229,12,2.116402,559,68.673219,489,82.881356,15,0.789474
560,13,2.292769,635,78.009828,557,94.406780,15,0.789474
561,14,2.469136,639,78.501229,559,94.745763,15,0.789474
175,15,2.645503,643,78.992629,559,94.745763,15,0.789474
223,16,2.821869,643,78.992629,559,94.745763,15,0.789474
110,17,2.998236,643,78.992629,559,94.745763,15,0.789474
475,18,3.174603,643,78.992629,559,94.745763,15,0.789474
277,19,3.350970,643,78.992629,559,94.745763,15,0.789474
318,20,3.527337,643,78.992629,559,94.745763,15,0.789474
156,21,3.703704,643,78.992629,559,94.745763,15,0.789474
299,22,3.880071,643,78.992629,559,94.745763,15,0.789474
32,23,4.056437,643,78.992629,559,94.745763,15,0.789474
400,24,4.232804,643,78.992629,559,94.745763,15,0.789474
211,25,4.409171,643,78.992629,559,94.745763,15,0.789474
193,26,4.585538,643,78.992629,559,94.745763,15,0.789474
472,27,4.761905,643,78.992629,559,94.745763,15,0.789474
117,28,4.938272,643,78.992629,559,94.745763,15,0.789474
201,29,5.114638,643,78.992629,559,94.745763,15,0.789474
