TestcaseNumber,TestcaseCount,TestcaseRatio,StatementCount,StatementRatio,BranchCount,BranchRatio,FaultCount,FaultRatio
231,1,0.176367,528,64.864865,475,80.508475,7,0.368421
277,2,0.352734,543,66.707617,477,80.847458,8,0.421053
517,3,0.529101,551,67.690418,483,81.864407,11,0.578947
265,4,0.705467,551,67.690418,483,81.864407,11,0.578947
138,5,0.881834,551,67.690418,483,81.864407,11,0.578947
530,6,1.058201,570,70.024570,500,84.745763,11,0.578947
94,7,1.234568,573,70.393120,500,84.745763,11,0.578947
58,8,1.410935,578,71.007371,506,85.762712,14,0.736842
31,9,1.587302,578,71.007371,506,85.762712,14,0.736842
399,10,1.763668,578,71.007371,506,85.762712,14,0.736842
55,11,1.940035,578,71.007371,506,85.762712,14,0.736842
48,12,2.116402,578,71.007371,506,85.762712,14,0.736842
397,13,2.292769,578,71.007371,506,85.762712,14,0.736842
69,14,2.469136,578,71.007371,506,85.762712,14,0.736842
24,15,2.645503,578,71.007371,506,85.762712,14,0.736842
429,16,2.821869,579,71.130221,506,85.762712,15,0.789474
59,17,2.998236,579,71.130221,506,85.762712,15,0.789474
170,18,3.174603,579,71.130221,506,85.762712,15,0.789474
455,19,3.350970,579,71.130221,506,85.762712,15,0.789474
507,20,3.527337,579,71.130221,506,85.762712,15,0.789474
295,21,3.703704,579,71.130221,506,85.762712,15,0.789474
413,22,3.880071,579,71.130221,508,86.101695,16,0.842105
438,23,4.056437,579,71.130221,508,86.101695,16,0.842105
441,24,4.232804,582,71.498771,508,86.101695,16,0.842105
534,25,4.409171,586,71.990172,508,86.101695,16,0.842105
300,26,4.585538,586,71.990172,508,86.101695,16,0.842105
