TestcaseNumber,TestcaseCount,TestcaseRatio,StatementCount,StatementRatio,BranchCount,BranchRatio,FaultCount,FaultRatio
330,1,0.176367,533,65.479115,475,80.508475,7,0.368421
273,2,0.352734,536,65.847666,475,80.508475,10,0.526316
100,3,0.529101,539,66.216216,477,80.847458,10,0.526316
409,4,0.705467,543,66.707617,477,80.847458,10,0.526316
233,5,0.881834,543,66.707617,477,80.847458,10,0.526316
549,6,1.058201,566,69.533170,502,85.084746,10,0.526316
269,7,1.234568,574,70.515971,508,86.101695,12,0.631579
317,8,1.410935,577,70.884521,508,86.101695,12,0.631579
454,9,1.587302,577,70.884521,508,86.101695,12,0.631579
320,10,1.763668,577,70.884521,508,86.101695,12,0.631579
202,11,1.940035,577,70.884521,508,86.101695,12,0.631579
15,12,2.116402,580,71.253071,508,86.101695,15,0.789474
104,13,2.292769,580,71.253071,508,86.101695,15,0.789474
113,14,2.469136,580,71.253071,508,86.101695,15,0.789474
429,15,2.645503,584,71.744472,508,86.101695,15,0.789474
475,16,2.821869,584,71.744472,508,86.101695,15,0.789474
501,17,2.998236,584,71.744472,508,86.101695,15,0.789474
68,18,3.174603,584,71.744472,508,86.101695,15,0.789474
557,19,3.350970,653,80.221130,568,96.271186,15,0.789474
359,20,3.527337,653,80.221130,568,96.271186,15,0.789474
397,21,3.703704,653,80.221130,568,96.271186,15,0.789474
149,22,3.880071,653,80.221130,568,96.271186,15,0.789474
