TestcaseNumber,TestcaseCount,TestcaseRatio,StatementCount,StatementRatio,BranchCount,BranchRatio,FaultCount,FaultRatio
201,1,0.176367,536,65.847666,475,80.508475,9,0.473684
546,2,0.352734,558,68.550369,492,83.389831,9,0.473684
242,3,0.529101,558,68.550369,492,83.389831,9,0.473684
14,4,0.705467,566,69.533170,502,85.084746,11,0.578947
389,5,0.881834,577,70.884521,508,86.101695,13,0.684211
248,6,1.058201,577,70.884521,508,86.101695,13,0.684211
106,7,1.234568,577,70.884521,508,86.101695,13,0.684211
521,8,1.410935,577,70.884521,508,86.101695,13,0.684211
55,9,1.587302,581,71.375921,508,86.101695,15,0.789474
22,10,1.763668,581,71.375921,508,86.101695,15,0.789474
340,11,1.940035,581,71.375921,508,86.101695,15,0.789474
228,12,2.116402,581,71.375921,508,86.101695,15,0.789474
117,13,2.292769,581,71.375921,508,86.101695,15,0.789474
134,14,2.469136,581,71.375921,508,86.101695,15,0.789474
488,15,2.645503,581,71.375921,508,86.101695,15,0.789474
430,16,2.821869,581,71.375921,508,86.101695,15,0.789474
424,17,2.998236,581,71.375921,508,86.101695,15,0.789474
537,18,3.174603,588,72.235872,508,86.101695,15,0.789474
7,19,3.350970,591,72.604423,508,86.101695,15,0.789474
99,20,3.527337,591,72.604423,508,86.101695,15,0.789474
444,21,3.703704,591,72.604423,508,86.101695,15,0.789474
142,22,3.880071,591,72.604423,508,86.101695,15,0.789474
