TestcaseNumber,TestcaseCount,TestcaseRatio,StatementCount,StatementRatio,BranchCount,BranchRatio,FaultCount,FaultRatio
368,1,0.176367,538,66.093366,481,81.525424,9,0.473684
65,2,0.352734,547,67.199017,481,81.525424,10,0.526316
567,3,0.529101,547,67.199017,481,81.525424,10,0.526316
541,4,0.705467,549,67.444717,481,81.525424,11,0.578947
250,5,0.881834,549,67.444717,481,81.525424,11,0.578947
66,6,1.058201,549,67.444717,481,81.525424,11,0.578947
104,7,1.234568,552,67.813268,483,81.864407,11,0.578947
206,8,1.410935,552,67.813268,483,81.864407,11,0.578947
386,9,1.587302,552,67.813268,483,81.864407,11,0.578947
232,10,1.763668,552,67.813268,483,81.864407,11,0.578947
478,11,1.940035,552,67.813268,483,81.864407,11,0.578947
311,12,2.116402,558,68.550369,489,82.881356,14,0.736842
