TestcaseNumber,TestcaseCount,TestcaseRatio,StatementCount,StatementRatio,BranchCount,BranchRatio,FaultCount,FaultRatio
381,1,0.176367,528,64.864865,475,80.508475,7,0.368421
499,2,0.352734,544,66.830467,483,81.864407,11,0.578947
49,3,0.529101,555,68.181818,489,82.881356,13,0.684211
153,4,0.705467,559,68.673219,489,82.881356,14,0.736842
145,5,0.881834,559,68.673219,489,82.881356,14,0.736842
211,6,1.058201,559,68.673219,489,82.881356,14,0.736842
463,7,1.234568,559,68.673219,489,82.881356,14,0.736842
32,8,1.410935,559,68.673219,489,82.881356,14,0.736842
310,9,1.587302,560,68.796069,489,82.881356,15,0.789474
398,10,1.763668,560,68.796069,489,82.881356,15,0.789474
403,11,1.940035,560,68.796069,489,82.881356,15,0.789474
123,12,2.116402,560,68.796069,489,82.881356,15,0.789474
396,13,2.292769,560,68.796069,489,82.881356,15,0.789474
2,14,2.469136,597,73.341523,489,82.881356,15,0.789474
132,15,2.645503,597,73.341523,489,82.881356,15,0.789474
83,16,2.821869,597,73.341523,489,82.881356,15,0.789474
131,17,2.998236,597,73.341523,489,82.881356,15,0.789474
34,18,3.174603,597,73.341523,489,82.881356,15,0.789474
149,19,3.350970,597,73.341523,489,82.881356,15,0.789474
388,20,3.527337,597,73.341523,489,82.881356,15,0.789474
520,21,3.703704,597,73.341523,489,82.881356,15,0.789474
89,22,3.880071,597,73.341523,489,82.881356,15,0.789474
276,23,4.056437,597,73.341523,489,82.881356,15,0.789474
171,24,4.232804,597,73.341523,489,82.881356,15,0.789474
