TestcaseNumber,TestcaseCount,TestcaseRatio,StatementCount,StatementRatio,BranchCount,BranchRatio,FaultCount,FaultRatio
550,1,0.176367,543,66.707617,498,84.406780,2,0.105263
159,2,0.352734,560,68.796069,500,84.745763,7,0.368421
493,3,0.529101,563,69.164619,500,84.745763,10,0.526316
237,4,0.705467,571,70.147420,506,85.762712,12,0.631579
315,5,0.881834,577,70.884521,506,85.762712,12,0.631579
398,6,1.058201,577,70.884521,506,85.762712,12,0.631579
545,7,1.234568,577,70.884521,506,85.762712,12,0.631579
182,8,1.410935,581,71.375921,506,85.762712,14,0.736842
504,9,1.587302,581,71.375921,506,85.762712,14,0.736842
166,10,1.763668,584,71.744472,508,86.101695,16,0.842105
405,11,1.940035,584,71.744472,508,86.101695,16,0.842105
127,12,2.116402,584,71.744472,508,86.101695,16,0.842105
