TestcaseNumber,TestcaseCount,TestcaseRatio,StatementCount,StatementRatio,BranchCount,BranchRatio,FaultCount,FaultRatio
180,1,0.176367,534,65.601966,481,81.525424,8,0.421053
556,2,0.352734,670,82.309582,574,97.288136,12,0.631579
94,3,0.529101,683,83.906634,576,97.627119,12,0.631579
352,4,0.705467,683,83.906634,576,97.627119,12,0.631579
391,5,0.881834,683,83.906634,576,97.627119,12,0.631579
212,6,1.058201,683,83.906634,576,97.627119,12,0.631579
