TestcaseNumber,TestcaseCount,TestcaseRatio,StatementCount,StatementRatio,BranchCount,BranchRatio,FaultCount,FaultRatio
430,1,0.176367,531,65.233415,481,81.525424,8,0.421053
224,2,0.352734,544,66.830467,483,81.864407,11,0.578947
69,3,0.529101,555,68.181818,489,82.881356,13,0.684211
301,4,0.705467,556,68.304668,489,82.881356,14,0.736842
297,5,0.881834,556,68.304668,489,82.881356,14,0.736842
87,6,1.058201,556,68.304668,489,82.881356,14,0.736842
473,7,1.234568,556,68.304668,489,82.881356,15,0.789474
66,8,1.410935,556,68.304668,489,82.881356,15,0.789474
313,9,1.587302,556,68.304668,489,82.881356,15,0.789474
190,10,1.763668,559,68.673219,489,82.881356,15,0.789474
78,11,1.940035,559,68.673219,489,82.881356,15,0.789474
342,12,2.116402,559,68.673219,489,82.881356,15,0.789474
41,13,2.292769,563,69.164619,489,82.881356,15,0.789474
282,14,2.469136,563,69.164619,489,82.881356,15,0.789474
273,15,2.645503,563,69.164619,489,82.881356,15,0.789474
491,16,2.821869,563,69.164619,489,82.881356,15,0.789474
474,17,2.998236,563,69.164619,489,82.881356,15,0.789474
94,18,3.174603,563,69.164619,489,82.881356,15,0.789474
1,19,3.350970,572,70.270270,499,84.576271,15,0.789474
136,20,3.527337,572,70.270270,499,84.576271,15,0.789474
315,21,3.703704,572,70.270270,499,84.576271,15,0.789474
54,22,3.880071,572,70.270270,499,84.576271,15,0.789474
379,23,4.056437,572,70.270270,499,84.576271,15,0.789474
356,24,4.232804,572,70.270270,499,84.576271,15,0.789474
265,25,4.409171,572,70.270270,499,84.576271,15,0.789474
186,26,4.585538,572,70.270270,499,84.576271,15,0.789474
