TestcaseNumber,TestcaseCount,TestcaseRatio,StatementCount,StatementRatio,BranchCount,BranchRatio,FaultCount,FaultRatio
293,1,0.176367,529,64.987715,475,80.508475,7,0.368421
290,2,0.352734,529,64.987715,475,80.508475,7,0.368421
162,3,0.529101,534,65.601966,483,81.864407,9,0.473684
415,4,0.705467,537,65.970516,483,81.864407,10,0.526316
361,5,0.881834,548,67.321867,485,82.203390,12,0.631579
11,6,1.058201,551,67.690418,485,82.203390,12,0.631579
357,7,1.234568,559,68.673219,491,83.220339,14,0.736842
125,8,1.410935,559,68.673219,491,83.220339,14,0.736842
395,9,1.587302,562,69.041769,491,83.220339,14,0.736842
280,10,1.763668,562,69.041769,491,83.220339,14,0.736842
377,11,1.940035,562,69.041769,491,83.220339,14,0.736842
541,12,2.116402,564,69.287469,491,83.220339,14,0.736842
277,13,2.292769,564,69.287469,491,83.220339,14,0.736842
556,14,2.469136,692,85.012285,578,97.966102,14,0.736842
478,15,2.645503,692,85.012285,578,97.966102,14,0.736842
217,16,2.821869,692,85.012285,578,97.966102,14,0.736842
546,17,2.998236,692,85.012285,578,97.966102,14,0.736842
113,18,3.174603,692,85.012285,578,97.966102,14,0.736842
296,19,3.350970,696,85.503686,578,97.966102,16,0.842105
545,20,3.527337,696,85.503686,578,97.966102,16,0.842105
119,21,3.703704,696,85.503686,578,97.966102,16,0.842105
344,22,3.880071,696,85.503686,578,97.966102,16,0.842105
565,23,4.056437,696,85.503686,578,97.966102,16,0.842105
401,24,4.232804,696,85.503686,578,97.966102,16,0.842105
301,25,4.409171,696,85.503686,578,97.966102,16,0.842105
536,26,4.585538,700,85.995086,578,97.966102,16,0.842105
144,27,4.761905,700,85.995086,578,97.966102,16,0.842105
