TestcaseNumber,TestcaseCount,TestcaseRatio,StatementCount,StatementRatio,BranchCount,BranchRatio,FaultCount,FaultRatio
258,1,0.176367,536,65.847666,481,81.525424,9,0.473684
557,2,0.352734,621,76.289926,545,92.372881,9,0.473684
229,3,0.529101,621,76.289926,545,92.372881,9,0.473684
416,4,0.705467,622,76.412776,549,93.050847,12,0.631579
466,5,0.881834,622,76.412776,549,93.050847,12,0.631579
428,6,1.058201,626,76.904177,549,93.050847,16,0.842105
526,7,1.234568,631,77.518428,551,93.389831,16,0.842105
19,8,1.410935,643,78.992629,561,95.084746,19,1.000000
43,9,1.587302,647,79.484029,561,95.084746,19,1.000000
439,10,1.763668,647,79.484029,561,95.084746,19,1.000000
535,11,1.940035,647,79.484029,561,95.084746,19,1.000000
58,12,2.116402,647,79.484029,561,95.084746,19,1.000000
203,13,2.292769,647,79.484029,561,95.084746,19,1.000000
306,14,2.469136,647,79.484029,561,95.084746,19,1.000000
498,15,2.645503,647,79.484029,561,95.084746,19,1.000000
533,16,2.821869,659,80.958231,578,97.966102,19,1.000000
538,17,2.998236,667,81.941032,582,98.644068,19,1.000000
66,18,3.174603,667,81.941032,582,98.644068,19,1.000000
389,19,3.350970,667,81.941032,582,98.644068,19,1.000000
44,20,3.527337,667,81.941032,582,98.644068,19,1.000000
326,21,3.703704,667,81.941032,582,98.644068,19,1.000000
71,22,3.880071,667,81.941032,582,98.644068,19,1.000000
445,23,4.056437,667,81.941032,582,98.644068,19,1.000000
40,24,4.232804,667,81.941032,582,98.644068,19,1.000000
316,25,4.409171,667,81.941032,582,98.644068,19,1.000000
534,26,4.585538,668,82.063882,582,98.644068,19,1.000000
206,27,4.761905,668,82.063882,582,98.644068,19,1.000000
339,28,4.938272,668,82.063882,582,98.644068,19,1.000000
107,29,5.114638,668,82.063882,582,98.644068,19,1.000000
353,30,5.291005,668,82.063882,582,98.644068,19,1.000000
271,31,5.467372,668,82.063882,582,98.644068,19,1.000000
