TestcaseNumber,TestcaseCount,TestcaseRatio,StatementCount,StatementRatio,BranchCount,BranchRatio,FaultCount,FaultRatio
430,1,0.176367,531,65.233415,481,81.525424,8,0.421053
67,2,0.352734,552,67.813268,487,82.542373,13,0.684211
85,3,0.529101,555,68.181818,489,82.881356,13,0.684211
170,4,0.705467,555,68.181818,489,82.881356,13,0.684211
477,5,0.881834,555,68.181818,489,82.881356,13,0.684211
521,6,1.058201,555,68.181818,489,82.881356,13,0.684211
471,7,1.234568,555,68.181818,489,82.881356,13,0.684211
48,8,1.410935,555,68.181818,489,82.881356,14,0.736842
153,9,1.587302,559,68.673219,489,82.881356,14,0.736842
528,10,1.763668,559,68.673219,489,82.881356,14,0.736842
171,11,1.940035,559,68.673219,489,82.881356,14,0.736842
494,12,2.116402,559,68.673219,489,82.881356,14,0.736842
176,13,2.292769,560,68.796069,489,82.881356,15,0.789474
107,14,2.469136,560,68.796069,489,82.881356,15,0.789474
294,15,2.645503,560,68.796069,489,82.881356,15,0.789474
278,16,2.821869,560,68.796069,489,82.881356,15,0.789474
562,17,2.998236,566,69.533170,491,83.220339,15,0.789474
277,18,3.174603,566,69.533170,491,83.220339,15,0.789474
491,19,3.350970,566,69.533170,491,83.220339,15,0.789474
194,20,3.527337,569,69.901720,491,83.220339,15,0.789474
195,21,3.703704,569,69.901720,491,83.220339,15,0.789474
4,22,3.880071,573,70.393120,491,83.220339,15,0.789474
397,23,4.056437,573,70.393120,491,83.220339,15,0.789474
269,24,4.232804,573,70.393120,491,83.220339,15,0.789474
412,25,4.409171,573,70.393120,493,83.559322,16,0.842105
468,26,4.585538,573,70.393120,493,83.559322,16,0.842105
492,27,4.761905,573,70.393120,493,83.559322,16,0.842105
559,28,4.938272,635,78.009828,553,93.728814,16,0.842105
415,29,5.114638,638,78.378378,553,93.728814,16,0.842105
