TestcaseNumber,TestcaseCount,TestcaseRatio,StatementCount,StatementRatio,BranchCount,BranchRatio,FaultCount,FaultRatio
144,1,0.176367,528,64.864865,475,80.508475,6,0.315789
266,2,0.352734,541,66.461916,483,81.864407,11,0.578947
16,3,0.529101,580,71.253071,483,81.864407,11,0.578947
481,4,0.705467,583,71.621622,483,81.864407,11,0.578947
397,5,0.881834,590,72.481572,483,81.864407,11,0.578947
101,6,1.058201,590,72.481572,483,81.864407,11,0.578947
277,7,1.234568,590,72.481572,483,81.864407,11,0.578947
526,8,1.410935,590,72.481572,483,81.864407,11,0.578947
274,9,1.587302,590,72.481572,483,81.864407,11,0.578947
