TestcaseNumber,TestcaseCount,TestcaseRatio,StatementCount,StatementRatio,BranchCount,BranchRatio,FaultCount,FaultRatio
285,1,0.176367,534,65.601966,475,80.508475,7,0.368421
191,2,0.352734,545,66.953317,483,81.864407,11,0.578947
527,3,0.529101,545,66.953317,483,81.864407,12,0.631579
24,4,0.705467,545,66.953317,483,81.864407,12,0.631579
330,5,0.881834,548,67.321867,483,81.864407,12,0.631579
15,6,1.058201,548,67.321867,483,81.864407,12,0.631579
238,7,1.234568,559,68.673219,489,82.881356,14,0.736842
43,8,1.410935,559,68.673219,489,82.881356,14,0.736842
145,9,1.587302,559,68.673219,489,82.881356,14,0.736842
392,10,1.763668,559,68.673219,489,82.881356,14,0.736842
111,11,1.940035,559,68.673219,489,82.881356,14,0.736842
483,12,2.116402,559,68.673219,489,82.881356,15,0.789474
533,13,2.292769,574,70.515971,506,85.762712,15,0.789474
180,14,2.469136,578,71.007371,506,85.762712,15,0.789474
177,15,2.645503,578,71.007371,506,85.762712,15,0.789474
507,16,2.821869,578,71.007371,506,85.762712,15,0.789474
48,17,2.998236,578,71.007371,506,85.762712,15,0.789474
553,18,3.174603,584,71.744472,508,86.101695,15,0.789474
128,19,3.350970,584,71.744472,508,86.101695,15,0.789474
494,20,3.527337,584,71.744472,508,86.101695,15,0.789474
404,21,3.703704,584,71.744472,508,86.101695,15,0.789474
114,22,3.880071,584,71.744472,508,86.101695,15,0.789474
431,23,4.056437,584,71.744472,508,86.101695,15,0.789474
156,24,4.232804,584,71.744472,508,86.101695,15,0.789474
102,25,4.409171,584,71.744472,508,86.101695,15,0.789474
541,26,4.585538,586,71.990172,508,86.101695,15,0.789474
161,27,4.761905,586,71.990172,510,86.440678,16,0.842105
