TestcaseNumber,TestcaseCount,TestcaseRatio,StatementCount,StatementRatio,BranchCount,BranchRatio,FaultCount,FaultRatio
243,1,0.176367,533,65.479115,475,80.508475,10,0.526316
16,2,0.352734,572,70.270270,475,80.508475,10,0.526316
294,3,0.529101,582,71.498771,477,80.847458,10,0.526316
531,4,0.705467,597,73.341523,494,83.728814,11,0.578947
388,5,0.881834,605,74.324324,500,84.745763,12,0.631579
385,6,1.058201,605,74.324324,500,84.745763,12,0.631579
178,7,1.234568,614,75.429975,506,85.762712,15,0.789474
267,8,1.410935,614,75.429975,506,85.762712,15,0.789474
416,9,1.587302,617,75.798526,508,86.101695,16,0.842105
61,10,1.763668,617,75.798526,508,86.101695,16,0.842105
186,11,1.940035,617,75.798526,508,86.101695,16,0.842105
290,12,2.116402,617,75.798526,508,86.101695,16,0.842105
140,13,2.292769,617,75.798526,508,86.101695,16,0.842105
357,14,2.469136,617,75.798526,508,86.101695,16,0.842105
228,15,2.645503,617,75.798526,508,86.101695,16,0.842105
400,16,2.821869,617,75.798526,508,86.101695,16,0.842105
225,17,2.998236,617,75.798526,508,86.101695,16,0.842105
542,18,3.174603,621,76.289926,508,86.101695,16,0.842105
91,19,3.350970,621,76.289926,508,86.101695,16,0.842105
305,20,3.527337,621,76.289926,508,86.101695,16,0.842105
187,21,3.703704,621,76.289926,508,86.101695,16,0.842105
408,22,3.880071,621,76.289926,508,86.101695,16,0.842105
518,23,4.056437,621,76.289926,508,86.101695,16,0.842105
263,24,4.232804,621,76.289926,508,86.101695,16,0.842105
42,25,4.409171,621,76.289926,508,86.101695,16,0.842105
233,26,4.585538,621,76.289926,508,86.101695,16,0.842105
