TestcaseNumber,TestcaseCount,TestcaseRatio,StatementCount,StatementRatio,BranchCount,BranchRatio,FaultCount,FaultRatio
20,1,0.176367,524,64.373464,468,79.322034,7,0.368421
413,2,0.352734,530,65.110565,476,80.677966,10,0.526316
69,3,0.529101,559,68.673219,491,83.220339,14,0.736842
557,4,0.705467,634,77.886978,551,93.389831,14,0.736842
510,5,0.881834,634,77.886978,551,93.389831,14,0.736842
419,6,1.058201,634,77.886978,551,93.389831,14,0.736842
471,7,1.234568,634,77.886978,551,93.389831,14,0.736842
453,8,1.410935,634,77.886978,551,93.389831,14,0.736842
546,9,1.587302,650,79.852580,568,96.271186,14,0.736842
65,10,1.763668,650,79.852580,568,96.271186,14,0.736842
345,11,1.940035,650,79.852580,568,96.271186,14,0.736842
