TestcaseNumber,TestcaseCount,TestcaseRatio,StatementCount,StatementRatio,BranchCount,BranchRatio,FaultCount,FaultRatio
59,1,0.176367,537,65.970516,481,81.525424,8,0.421053
317,2,0.352734,552,67.813268,487,82.542373,13,0.684211
432,3,0.529101,552,67.813268,487,82.542373,13,0.684211
39,4,0.705467,556,68.304668,487,82.542373,13,0.684211
522,5,0.881834,556,68.304668,487,82.542373,13,0.684211
291,6,1.058201,559,68.673219,489,82.881356,13,0.684211
219,7,1.234568,559,68.673219,489,82.881356,13,0.684211
115,8,1.410935,559,68.673219,489,82.881356,13,0.684211
195,9,1.587302,559,68.673219,489,82.881356,13,0.684211
264,10,1.763668,559,68.673219,489,82.881356,13,0.684211
298,11,1.940035,559,68.673219,489,82.881356,14,0.736842
