TestcaseNumber,TestcaseCount,TestcaseRatio,StatementCount,StatementRatio,BranchCount,BranchRatio,FaultCount,FaultRatio
128,1,0.176367,539,66.216216,481,81.525424,9,0.473684
205,2,0.352734,550,67.567568,483,81.864407,10,0.526316
200,3,0.529101,550,67.567568,483,81.864407,11,0.578947
171,4,0.705467,555,68.181818,489,82.881356,13,0.684211
10,5,0.881834,570,70.024570,506,85.762712,13,0.684211
448,6,1.058201,570,70.024570,506,85.762712,13,0.684211
