TestcaseNumber,TestcaseCount,TestcaseRatio,StatementCount,StatementRatio,BranchCount,BranchRatio,FaultCount,FaultRatio
411,1,0.176367,516,63.390663,462,78.305085,7,0.368421
107,2,0.352734,553,67.936118,491,83.220339,13,0.684211
458,3,0.529101,556,68.304668,491,83.220339,13,0.684211
510,4,0.705467,556,68.304668,491,83.220339,13,0.684211
144,5,0.881834,556,68.304668,491,83.220339,13,0.684211
398,6,1.058201,556,68.304668,491,83.220339,14,0.736842
259,7,1.234568,556,68.304668,491,83.220339,14,0.736842
461,8,1.410935,556,68.304668,491,83.220339,14,0.736842
317,9,1.587302,556,68.304668,491,83.220339,14,0.736842
186,10,1.763668,560,68.796069,491,83.220339,16,0.842105
94,11,1.940035,560,68.796069,491,83.220339,16,0.842105
560,12,2.116402,636,78.132678,559,94.745763,16,0.842105
366,13,2.292769,636,78.132678,559,94.745763,16,0.842105
382,14,2.469136,636,78.132678,559,94.745763,16,0.842105
380,15,2.645503,636,78.132678,559,94.745763,16,0.842105
246,16,2.821869,636,78.132678,559,94.745763,16,0.842105
27,17,2.998236,636,78.132678,559,94.745763,16,0.842105
17,18,3.174603,642,78.869779,559,94.745763,16,0.842105
89,19,3.350970,642,78.869779,559,94.745763,16,0.842105
339,20,3.527337,642,78.869779,559,94.745763,16,0.842105
362,21,3.703704,642,78.869779,559,94.745763,16,0.842105
538,22,3.880071,649,79.729730,559,94.745763,16,0.842105
355,23,4.056437,649,79.729730,559,94.745763,16,0.842105
221,24,4.232804,649,79.729730,559,94.745763,16,0.842105
34,25,4.409171,649,79.729730,559,94.745763,16,0.842105
172,26,4.585538,649,79.729730,559,94.745763,16,0.842105
519,27,4.761905,649,79.729730,559,94.745763,16,0.842105
