TestcaseNumber,TestcaseCount,TestcaseRatio,StatementCount,StatementRatio,BranchCount,BranchRatio,FaultCount,FaultRatio
564,1,0.176367,529,64.987715,479,81.186441,9,0.473684
117,2,0.352734,556,68.304668,498,84.406780,11,0.578947
114,3,0.529101,559,68.673219,498,84.406780,11,0.578947
503,4,0.705467,559,68.673219,498,84.406780,12,0.631579
87,5,0.881834,565,69.410319,500,84.745763,12,0.631579
267,6,1.058201,565,69.410319,500,84.745763,12,0.631579
148,7,1.234568,569,69.901720,500,84.745763,12,0.631579
244,8,1.410935,569,69.901720,500,84.745763,12,0.631579
210,9,1.587302,569,69.901720,500,84.745763,12,0.631579
48,10,1.763668,574,70.515971,506,85.762712,14,0.736842
539,11,1.940035,578,71.007371,508,86.101695,14,0.736842
234,12,2.116402,578,71.007371,508,86.101695,14,0.736842
212,13,2.292769,578,71.007371,508,86.101695,14,0.736842
285,14,2.469136,578,71.007371,508,86.101695,14,0.736842
230,15,2.645503,578,71.007371,508,86.101695,14,0.736842
515,16,2.821869,578,71.007371,508,86.101695,14,0.736842
555,17,2.998236,691,84.889435,578,97.966102,14,0.736842
338,18,3.174603,691,84.889435,578,97.966102,14,0.736842
331,19,3.350970,691,84.889435,578,97.966102,14,0.736842
98,20,3.527337,691,84.889435,578,97.966102,14,0.736842
272,21,3.703704,691,84.889435,578,97.966102,14,0.736842
414,22,3.880071,692,85.012285,580,98.305085,16,0.842105
116,23,4.056437,692,85.012285,580,98.305085,16,0.842105
