TestcaseNumber,TestcaseCount,TestcaseRatio,StatementCount,StatementRatio,BranchCount,BranchRatio,FaultCount,FaultRatio
222,1,0.176367,531,65.233415,475,80.508475,8,0.421053
181,2,0.352734,544,66.830467,483,81.864407,11,0.578947
355,3,0.529101,555,68.181818,489,82.881356,13,0.684211
400,4,0.705467,559,68.673219,489,82.881356,13,0.684211
540,5,0.881834,561,68.918919,489,82.881356,13,0.684211
30,6,1.058201,561,68.918919,489,82.881356,13,0.684211
221,7,1.234568,561,68.918919,489,82.881356,13,0.684211
277,8,1.410935,561,68.918919,489,82.881356,13,0.684211
203,9,1.587302,561,68.918919,489,82.881356,14,0.736842
509,10,1.763668,561,68.918919,489,82.881356,14,0.736842
197,11,1.940035,561,68.918919,489,82.881356,14,0.736842
496,12,2.116402,561,68.918919,489,82.881356,14,0.736842
363,13,2.292769,561,68.918919,489,82.881356,14,0.736842
448,14,2.469136,561,68.918919,489,82.881356,14,0.736842
6,15,2.645503,628,77.149877,549,93.050847,14,0.736842
42,16,2.821869,628,77.149877,549,93.050847,14,0.736842
520,17,2.998236,628,77.149877,549,93.050847,14,0.736842
414,18,3.174603,629,77.272727,551,93.389831,16,0.842105
309,19,3.350970,629,77.272727,551,93.389831,16,0.842105
47,20,3.527337,629,77.272727,551,93.389831,16,0.842105
301,21,3.703704,629,77.272727,551,93.389831,16,0.842105
258,22,3.880071,629,77.272727,551,93.389831,16,0.842105
231,23,4.056437,629,77.272727,551,93.389831,16,0.842105
458,24,4.232804,629,77.272727,551,93.389831,16,0.842105
114,25,4.409171,629,77.272727,551,93.389831,16,0.842105
440,26,4.585538,632,77.641278,551,93.389831,16,0.842105
516,27,4.761905,632,77.641278,551,93.389831,16,0.842105
370,28,4.938272,632,77.641278,551,93.389831,16,0.842105
