TestcaseNumber,TestcaseCount,TestcaseRatio,StatementCount,StatementRatio,BranchCount,BranchRatio,FaultCount,FaultRatio
220,1,0.176367,531,65.233415,475,80.508475,8,0.421053
16,2,0.352734,570,70.024570,475,80.508475,8,0.421053
421,3,0.529101,583,71.621622,483,81.864407,11,0.578947
284,4,0.705467,590,72.481572,483,81.864407,11,0.578947
395,5,0.881834,590,72.481572,483,81.864407,11,0.578947
285,6,1.058201,590,72.481572,483,81.864407,11,0.578947
188,7,1.234568,591,72.604423,483,81.864407,13,0.684211
548,8,1.410935,609,74.815725,500,84.745763,13,0.684211
523,9,1.587302,609,74.815725,500,84.745763,13,0.684211
51,10,1.763668,609,74.815725,500,84.745763,13,0.684211
200,11,1.940035,609,74.815725,500,84.745763,13,0.684211
386,12,2.116402,617,75.798526,506,85.762712,15,0.789474
534,13,2.292769,621,76.289926,506,85.762712,15,0.789474
88,14,2.469136,621,76.289926,506,85.762712,15,0.789474
536,15,2.645503,629,77.272727,506,85.762712,15,0.789474
377,16,2.821869,629,77.272727,506,85.762712,15,0.789474
128,17,2.998236,629,77.272727,506,85.762712,15,0.789474
310,18,3.174603,629,77.272727,506,85.762712,15,0.789474
281,19,3.350970,629,77.272727,506,85.762712,15,0.789474
64,20,3.527337,629,77.272727,506,85.762712,15,0.789474
373,21,3.703704,629,77.272727,506,85.762712,15,0.789474
508,22,3.880071,629,77.272727,506,85.762712,15,0.789474
74,23,4.056437,629,77.272727,506,85.762712,15,0.789474
218,24,4.232804,629,77.272727,506,85.762712,15,0.789474
507,25,4.409171,629,77.272727,506,85.762712,15,0.789474
342,26,4.585538,629,77.272727,506,85.762712,15,0.789474
5,27,4.761905,632,77.641278,506,85.762712,15,0.789474
84,28,4.938272,632,77.641278,506,85.762712,15,0.789474
