TestcaseNumber,TestcaseCount,TestcaseRatio,StatementCount,StatementRatio,BranchCount,BranchRatio,FaultCount,FaultRatio
303,1,0.176367,532,65.356265,481,81.525424,10,0.526316
69,2,0.352734,556,68.304668,489,82.881356,15,0.789474
92,3,0.529101,556,68.304668,489,82.881356,15,0.789474
211,4,0.705467,556,68.304668,489,82.881356,15,0.789474
150,5,0.881834,560,68.796069,489,82.881356,15,0.789474
435,6,1.058201,560,68.796069,489,82.881356,15,0.789474
222,7,1.234568,560,68.796069,489,82.881356,15,0.789474
423,8,1.410935,560,68.796069,489,82.881356,15,0.789474
436,9,1.587302,560,68.796069,489,82.881356,15,0.789474
388,10,1.763668,560,68.796069,489,82.881356,15,0.789474
142,11,1.940035,560,68.796069,489,82.881356,15,0.789474
418,12,2.116402,563,69.164619,491,83.220339,16,0.842105
51,13,2.292769,563,69.164619,491,83.220339,16,0.842105
9,14,2.469136,566,69.533170,491,83.220339,16,0.842105
101,15,2.645503,566,69.533170,491,83.220339,16,0.842105
106,16,2.821869,566,69.533170,491,83.220339,16,0.842105
540,17,2.998236,568,69.778870,491,83.220339,16,0.842105
137,18,3.174603,568,69.778870,491,83.220339,16,0.842105
359,19,3.350970,568,69.778870,491,83.220339,16,0.842105
264,20,3.527337,568,69.778870,491,83.220339,16,0.842105
339,21,3.703704,568,69.778870,491,83.220339,16,0.842105
390,22,3.880071,568,69.778870,491,83.220339,16,0.842105
22,23,4.056437,568,69.778870,491,83.220339,16,0.842105
255,24,4.232804,568,69.778870,491,83.220339,16,0.842105
475,25,4.409171,568,69.778870,491,83.220339,16,0.842105
295,26,4.585538,568,69.778870,491,83.220339,16,0.842105
468,27,4.761905,568,69.778870,491,83.220339,16,0.842105
