TestcaseNumber,TestcaseCount,TestcaseRatio,StatementCount,StatementRatio,BranchCount,BranchRatio,FaultCount,FaultRatio
132,1,0.176367,531,65.233415,475,80.508475,7,0.368421
488,2,0.352734,547,67.199017,483,81.864407,11,0.578947
288,3,0.529101,551,67.690418,483,81.864407,12,0.631579
411,4,0.705467,553,67.936118,491,83.220339,14,0.736842
551,5,0.881834,568,69.778870,491,83.220339,14,0.736842
516,6,1.058201,568,69.778870,491,83.220339,14,0.736842
379,7,1.234568,568,69.778870,491,83.220339,14,0.736842
399,8,1.410935,571,70.147420,491,83.220339,14,0.736842
547,9,1.587302,583,71.621622,508,86.101695,14,0.736842
498,10,1.763668,583,71.621622,508,86.101695,14,0.736842
219,11,1.940035,583,71.621622,508,86.101695,14,0.736842
518,12,2.116402,583,71.621622,508,86.101695,14,0.736842
326,13,2.292769,583,71.621622,508,86.101695,14,0.736842
1,14,2.469136,592,72.727273,518,87.796610,14,0.736842
78,15,2.645503,592,72.727273,518,87.796610,14,0.736842
339,16,2.821869,592,72.727273,518,87.796610,14,0.736842
4,17,2.998236,596,73.218673,518,87.796610,14,0.736842
125,18,3.174603,596,73.218673,518,87.796610,14,0.736842
217,19,3.350970,596,73.218673,518,87.796610,14,0.736842
148,20,3.527337,596,73.218673,518,87.796610,14,0.736842
98,21,3.703704,596,73.218673,518,87.796610,14,0.736842
537,22,3.880071,603,74.078624,518,87.796610,14,0.736842
422,23,4.056437,607,74.570025,518,87.796610,16,0.842105
59,24,4.232804,607,74.570025,518,87.796610,16,0.842105
263,25,4.409171,607,74.570025,518,87.796610,16,0.842105
