TestcaseNumber,TestcaseCount,TestcaseRatio,StatementCount,StatementRatio,BranchCount,BranchRatio,FaultCount,FaultRatio
312,1,0.176367,529,64.987715,481,81.525424,9,0.473684
31,2,0.352734,541,66.461916,481,81.525424,10,0.526316
110,3,0.529101,552,67.813268,483,81.864407,11,0.578947
334,4,0.705467,552,67.813268,483,81.864407,11,0.578947
550,5,0.881834,573,70.393120,500,84.745763,11,0.578947
79,6,1.058201,581,71.375921,506,85.762712,14,0.736842
203,7,1.234568,581,71.375921,506,85.762712,15,0.789474
47,8,1.410935,581,71.375921,506,85.762712,15,0.789474
176,9,1.587302,581,71.375921,506,85.762712,15,0.789474
236,10,1.763668,581,71.375921,506,85.762712,15,0.789474
88,11,1.940035,581,71.375921,506,85.762712,15,0.789474
161,12,2.116402,581,71.375921,508,86.101695,16,0.842105
293,13,2.292769,581,71.375921,508,86.101695,16,0.842105
107,14,2.469136,581,71.375921,508,86.101695,16,0.842105
54,15,2.645503,581,71.375921,508,86.101695,16,0.842105
562,16,2.821869,587,72.113022,510,86.440678,16,0.842105
261,17,2.998236,587,72.113022,510,86.440678,16,0.842105
375,18,3.174603,587,72.113022,510,86.440678,16,0.842105
190,19,3.350970,587,72.113022,510,86.440678,16,0.842105
105,20,3.527337,587,72.113022,510,86.440678,16,0.842105
503,21,3.703704,587,72.113022,510,86.440678,16,0.842105
463,22,3.880071,587,72.113022,510,86.440678,16,0.842105
500,23,4.056437,587,72.113022,510,86.440678,16,0.842105
485,24,4.232804,587,72.113022,510,86.440678,16,0.842105
187,25,4.409171,587,72.113022,510,86.440678,16,0.842105
173,26,4.585538,587,72.113022,510,86.440678,16,0.842105
159,27,4.761905,587,72.113022,510,86.440678,16,0.842105
300,28,4.938272,587,72.113022,510,86.440678,16,0.842105
