TestcaseNumber,TestcaseCount,TestcaseRatio,StatementCount,StatementRatio,BranchCount,BranchRatio,FaultCount,FaultRatio
162,1,0.176367,519,63.759214,462,78.305085,7,0.368421
208,2,0.352734,550,67.567568,491,83.220339,12,0.631579
518,3,0.529101,550,67.567568,491,83.220339,13,0.684211
535,4,0.705467,560,68.796069,491,83.220339,13,0.684211
532,5,0.881834,568,69.778870,499,84.576271,13,0.684211
531,6,1.058201,583,71.621622,516,87.457627,13,0.684211
19,7,1.234568,595,73.095823,526,89.152542,19,1.000000
428,8,1.410935,599,73.587224,526,89.152542,19,1.000000
436,9,1.587302,599,73.587224,526,89.152542,19,1.000000
75,10,1.763668,602,73.955774,526,89.152542,19,1.000000
105,11,1.940035,602,73.955774,526,89.152542,19,1.000000
111,12,2.116402,602,73.955774,526,89.152542,19,1.000000
287,13,2.292769,602,73.955774,526,89.152542,19,1.000000
211,14,2.469136,602,73.955774,526,89.152542,19,1.000000
30,15,2.645503,602,73.955774,526,89.152542,19,1.000000
394,16,2.821869,602,73.955774,526,89.152542,19,1.000000
161,17,2.998236,602,73.955774,526,89.152542,19,1.000000
302,18,3.174603,602,73.955774,526,89.152542,19,1.000000
560,19,3.350970,670,82.309582,586,99.322034,19,1.000000
15,20,3.527337,673,82.678133,586,99.322034,19,1.000000
383,21,3.703704,673,82.678133,586,99.322034,19,1.000000
216,22,3.880071,673,82.678133,586,99.322034,19,1.000000
3,23,4.056437,676,83.046683,586,99.322034,19,1.000000
423,24,4.232804,676,83.046683,586,99.322034,19,1.000000
17,25,4.409171,676,83.046683,586,99.322034,19,1.000000
529,26,4.585538,680,83.538084,586,99.322034,19,1.000000
445,27,4.761905,680,83.538084,586,99.322034,19,1.000000
181,28,4.938272,680,83.538084,586,99.322034,19,1.000000
335,29,5.114638,680,83.538084,586,99.322034,19,1.000000
