TestcaseNumber,TestcaseCount,TestcaseRatio,StatementCount,StatementRatio,BranchCount,BranchRatio,FaultCount,FaultRatio
214,1,0.176367,533,65.479115,475,80.508475,8,0.421053
259,2,0.352734,547,67.199017,483,81.864407,11,0.578947
174,3,0.529101,552,67.813268,489,82.881356,13,0.684211
463,4,0.705467,552,67.813268,489,82.881356,14,0.736842
318,5,0.881834,555,68.181818,489,82.881356,14,0.736842
125,6,1.058201,555,68.181818,489,82.881356,14,0.736842
160,7,1.234568,560,68.796069,491,83.220339,16,0.842105
