TestcaseNumber,TestcaseCount,TestcaseRatio,StatementCount,StatementRatio,BranchCount,BranchRatio,FaultCount,FaultRatio
133,1,0.176367,531,65.233415,475,80.508475,8,0.421053
197,2,0.352734,550,67.567568,483,81.864407,12,0.631579
196,3,0.529101,550,67.567568,483,81.864407,12,0.631579
567,4,0.705467,550,67.567568,483,81.864407,12,0.631579
503,5,0.881834,550,67.567568,483,81.864407,12,0.631579
530,6,1.058201,569,69.901720,500,84.745763,12,0.631579
510,7,1.234568,569,69.901720,500,84.745763,12,0.631579
14,8,1.410935,574,70.515971,508,86.101695,14,0.736842
493,9,1.587302,574,70.515971,508,86.101695,14,0.736842
428,10,1.763668,578,71.007371,508,86.101695,16,0.842105
198,11,1.940035,578,71.007371,508,86.101695,16,0.842105
56,12,2.116402,578,71.007371,508,86.101695,16,0.842105
242,13,2.292769,578,71.007371,508,86.101695,16,0.842105
360,14,2.469136,578,71.007371,508,86.101695,16,0.842105
294,15,2.645503,582,71.498771,508,86.101695,16,0.842105
293,16,2.821869,582,71.498771,508,86.101695,16,0.842105
106,17,2.998236,582,71.498771,508,86.101695,16,0.842105
136,18,3.174603,582,71.498771,508,86.101695,16,0.842105
22,19,3.350970,582,71.498771,508,86.101695,16,0.842105
79,20,3.527337,582,71.498771,508,86.101695,16,0.842105
230,21,3.703704,582,71.498771,508,86.101695,16,0.842105
75,22,3.880071,582,71.498771,508,86.101695,16,0.842105
328,23,4.056437,582,71.498771,508,86.101695,16,0.842105
376,24,4.232804,582,71.498771,508,86.101695,16,0.842105
386,25,4.409171,582,71.498771,508,86.101695,16,0.842105
374,26,4.585538,582,71.498771,508,86.101695,16,0.842105
319,27,4.761905,582,71.498771,508,86.101695,16,0.842105
446,28,4.938272,582,71.498771,508,86.101695,16,0.842105
454,29,5.114638,582,71.498771,508,86.101695,16,0.842105
94,30,5.291005,582,71.498771,508,86.101695,16,0.842105
325,31,5.467372,582,71.498771,508,86.101695,16,0.842105
536,32,5.643739,590,72.481572,508,86.101695,16,0.842105
272,33,5.820106,590,72.481572,508,86.101695,16,0.842105
