TestcaseNumber,TestcaseCount,TestcaseRatio,StatementCount,StatementRatio,BranchCount,BranchRatio,FaultCount,FaultRatio
534,1,0.176367,66,8.108108,70,11.864407,0,0.000000
394,2,0.352734,540,66.339066,481,81.525424,6,0.315789
448,3,0.529101,557,68.427518,485,82.203390,11,0.578947
111,4,0.705467,560,68.796069,485,82.203390,11,0.578947
144,5,0.881834,560,68.796069,485,82.203390,11,0.578947
349,6,1.058201,560,68.796069,485,82.203390,11,0.578947
