TestcaseNumber,TestcaseCount,TestcaseRatio,StatementCount,StatementRatio,BranchCount,BranchRatio,FaultCount,FaultRatio
57,1,0.176367,537,65.970516,481,81.525424,8,0.421053
391,2,0.352734,541,66.461916,483,81.864407,9,0.473684
530,3,0.529101,560,68.796069,500,84.745763,11,0.578947
402,4,0.705467,567,69.656020,500,84.745763,11,0.578947
520,5,0.881834,567,69.656020,500,84.745763,11,0.578947
461,6,1.058201,567,69.656020,500,84.745763,11,0.578947
