TestcaseNumber,TestcaseCount,TestcaseRatio,StatementCount,StatementRatio,BranchCount,BranchRatio,FaultCount,FaultRatio
335,1,0.176367,539,66.216216,481,81.525424,9,0.473684
26,2,0.352734,554,68.058968,483,81.864407,11,0.578947
70,3,0.529101,554,68.058968,483,81.864407,11,0.578947
158,4,0.705467,554,68.058968,483,81.864407,12,0.631579
543,5,0.881834,554,68.058968,483,81.864407,12,0.631579
555,6,1.058201,682,83.783784,570,96.610169,12,0.631579
407,7,1.234568,682,83.783784,570,96.610169,12,0.631579
476,8,1.410935,682,83.783784,570,96.610169,12,0.631579
270,9,1.587302,682,83.783784,570,96.610169,12,0.631579
484,10,1.763668,682,83.783784,570,96.610169,12,0.631579
328,11,1.940035,682,83.783784,570,96.610169,12,0.631579
313,12,2.116402,688,84.520885,576,97.627119,15,0.789474
369,13,2.292769,688,84.520885,576,97.627119,15,0.789474
496,14,2.469136,688,84.520885,576,97.627119,15,0.789474
71,15,2.645503,688,84.520885,576,97.627119,15,0.789474
428,16,2.821869,688,84.520885,576,97.627119,15,0.789474
194,17,2.998236,691,84.889435,576,97.627119,15,0.789474
449,18,3.174603,691,84.889435,576,97.627119,15,0.789474
139,19,3.350970,691,84.889435,576,97.627119,15,0.789474
559,20,3.527337,694,85.257985,576,97.627119,15,0.789474
431,21,3.703704,694,85.257985,576,97.627119,15,0.789474
85,22,3.880071,694,85.257985,576,97.627119,15,0.789474
4,23,4.056437,694,85.257985,576,97.627119,15,0.789474
299,24,4.232804,694,85.257985,576,97.627119,15,0.789474
86,25,4.409171,694,85.257985,576,97.627119,15,0.789474
