TestcaseNumber,TestcaseCount,TestcaseRatio,StatementCount,StatementRatio,BranchCount,BranchRatio,FaultCount,FaultRatio
49,1,0.176367,540,66.339066,481,81.525424,8,0.421053
494,2,0.352734,544,66.830467,481,81.525424,11,0.578947
396,3,0.529101,548,67.321867,481,81.525424,11,0.578947
135,4,0.705467,559,68.673219,489,82.881356,13,0.684211
158,5,0.881834,559,68.673219,489,82.881356,14,0.736842
221,6,1.058201,559,68.673219,489,82.881356,14,0.736842
554,7,1.234568,652,80.098280,576,97.627119,14,0.736842
