TestcaseNumber,TestcaseCount,TestcaseRatio,StatementCount,StatementRatio,BranchCount,BranchRatio,FaultCount,FaultRatio
22,1,0.176367,510,62.653563,432,73.220339,2,0.105263
136,2,0.352734,541,66.461916,483,81.864407,8,0.421053
312,3,0.529101,547,67.199017,489,82.881356,13,0.684211
178,4,0.705467,550,67.567568,489,82.881356,14,0.736842
332,5,0.881834,553,67.936118,489,82.881356,14,0.736842
300,6,1.058201,553,67.936118,489,82.881356,14,0.736842
393,7,1.234568,553,67.936118,489,82.881356,14,0.736842
465,8,1.410935,556,68.304668,489,82.881356,15,0.789474
95,9,1.587302,556,68.304668,489,82.881356,15,0.789474
560,10,1.763668,632,77.641278,557,94.406780,15,0.789474
509,11,1.940035,632,77.641278,557,94.406780,15,0.789474
39,12,2.116402,636,78.132678,557,94.406780,15,0.789474
492,13,2.292769,636,78.132678,557,94.406780,15,0.789474
177,14,2.469136,636,78.132678,557,94.406780,15,0.789474
5,15,2.645503,639,78.501229,557,94.406780,15,0.789474
184,16,2.821869,639,78.501229,557,94.406780,15,0.789474
18,17,2.998236,645,79.238329,557,94.406780,15,0.789474
455,18,3.174603,645,79.238329,557,94.406780,15,0.789474
107,19,3.350970,645,79.238329,557,94.406780,15,0.789474
368,20,3.527337,645,79.238329,557,94.406780,15,0.789474
565,21,3.703704,645,79.238329,557,94.406780,15,0.789474
479,22,3.880071,645,79.238329,557,94.406780,15,0.789474
295,23,4.056437,645,79.238329,557,94.406780,15,0.789474
320,24,4.232804,645,79.238329,557,94.406780,15,0.789474
