TestcaseNumber,TestcaseCount,TestcaseRatio,StatementCount,StatementRatio,BranchCount,BranchRatio,FaultCount,FaultRatio
430,1,0.176367,531,65.233415,481,81.525424,8,0.421053
266,2,0.352734,543,66.707617,487,82.542373,13,0.684211
493,3,0.529101,546,67.076167,487,82.542373,14,0.736842
541,4,0.705467,548,67.321867,487,82.542373,14,0.736842
409,5,0.881834,552,67.813268,487,82.542373,14,0.736842
309,6,1.058201,555,68.181818,487,82.542373,14,0.736842
464,7,1.234568,558,68.550369,487,82.542373,14,0.736842
486,8,1.410935,558,68.550369,487,82.542373,14,0.736842
338,9,1.587302,561,68.918919,489,82.881356,14,0.736842
366,10,1.763668,561,68.918919,489,82.881356,14,0.736842
49,11,1.940035,561,68.918919,489,82.881356,14,0.736842
22,12,2.116402,561,68.918919,489,82.881356,14,0.736842
256,13,2.292769,561,68.918919,489,82.881356,14,0.736842
164,14,2.469136,562,69.041769,491,83.220339,16,0.842105
516,15,2.645503,562,69.041769,491,83.220339,16,0.842105
460,16,2.821869,562,69.041769,491,83.220339,16,0.842105
93,17,2.998236,562,69.041769,491,83.220339,16,0.842105
389,18,3.174603,562,69.041769,491,83.220339,16,0.842105
21,19,3.350970,562,69.041769,491,83.220339,16,0.842105
76,20,3.527337,562,69.041769,491,83.220339,16,0.842105
427,21,3.703704,562,69.041769,491,83.220339,16,0.842105
95,22,3.880071,562,69.041769,491,83.220339,16,0.842105
548,23,4.056437,580,71.253071,508,86.101695,16,0.842105
558,24,4.232804,656,80.589681,568,96.271186,16,0.842105
106,25,4.409171,656,80.589681,568,96.271186,16,0.842105
253,26,4.585538,656,80.589681,568,96.271186,16,0.842105
124,27,4.761905,656,80.589681,568,96.271186,16,0.842105
