TestcaseNumber,TestcaseCount,TestcaseRatio,StatementCount,StatementRatio,BranchCount,BranchRatio,FaultCount,FaultRatio
304,1,0.176367,532,65.356265,481,81.525424,9,0.473684
542,2,0.352734,540,66.339066,481,81.525424,9,0.473684
562,3,0.529101,553,67.936118,485,82.203390,12,0.631579
69,4,0.705467,570,70.024570,491,83.220339,14,0.736842
153,5,0.881834,570,70.024570,491,83.220339,15,0.789474
479,6,1.058201,570,70.024570,491,83.220339,15,0.789474
309,7,1.234568,570,70.024570,491,83.220339,15,0.789474
265,8,1.410935,570,70.024570,491,83.220339,15,0.789474
508,9,1.587302,570,70.024570,491,83.220339,15,0.789474
504,10,1.763668,570,70.024570,491,83.220339,15,0.789474
559,11,1.940035,632,77.641278,551,93.389831,15,0.789474
