TestcaseNumber,TestcaseCount,TestcaseRatio,StatementCount,StatementRatio,BranchCount,BranchRatio,FaultCount,FaultRatio
220,1,0.176367,531,65.233415,475,80.508475,8,0.421053
111,2,0.352734,542,66.584767,477,80.847458,9,0.473684
386,3,0.529101,550,67.567568,483,81.864407,11,0.578947
317,4,0.705467,550,67.567568,483,81.864407,11,0.578947
222,5,0.881834,550,67.567568,483,81.864407,11,0.578947
171,6,1.058201,555,68.181818,489,82.881356,13,0.684211
80,7,1.234568,555,68.181818,489,82.881356,13,0.684211
448,8,1.410935,555,68.181818,489,82.881356,13,0.684211
102,9,1.587302,555,68.181818,489,82.881356,13,0.684211
310,10,1.763668,556,68.304668,489,82.881356,14,0.736842
96,11,1.940035,556,68.304668,489,82.881356,14,0.736842
275,12,2.116402,560,68.796069,489,82.881356,14,0.736842
538,13,2.292769,571,70.147420,493,83.559322,14,0.736842
144,14,2.469136,571,70.147420,493,83.559322,14,0.736842
62,15,2.645503,571,70.147420,493,83.559322,14,0.736842
378,16,2.821869,571,70.147420,493,83.559322,14,0.736842
284,17,2.998236,571,70.147420,493,83.559322,14,0.736842
173,18,3.174603,571,70.147420,493,83.559322,15,0.789474
358,19,3.350970,571,70.147420,493,83.559322,15,0.789474
34,20,3.527337,571,70.147420,493,83.559322,15,0.789474
361,21,3.703704,571,70.147420,493,83.559322,15,0.789474
340,22,3.880071,571,70.147420,493,83.559322,15,0.789474
291,23,4.056437,571,70.147420,493,83.559322,15,0.789474
508,24,4.232804,571,70.147420,493,83.559322,15,0.789474
107,25,4.409171,571,70.147420,493,83.559322,15,0.789474
230,26,4.585538,571,70.147420,493,83.559322,15,0.789474
502,27,4.761905,571,70.147420,493,83.559322,15,0.789474
484,28,4.938272,571,70.147420,493,83.559322,15,0.789474
