TestcaseNumber,TestcaseCount,TestcaseRatio,StatementCount,StatementRatio,BranchCount,BranchRatio,FaultCount,FaultRatio
110,1,0.176367,536,65.847666,475,80.508475,8,0.421053
58,2,0.352734,541,66.461916,481,81.525424,11,0.578947
67,3,0.529101,552,67.813268,487,82.542373,14,0.736842
467,4,0.705467,555,68.181818,489,82.881356,14,0.736842
211,5,0.881834,555,68.181818,489,82.881356,14,0.736842
134,6,1.058201,555,68.181818,489,82.881356,14,0.736842
507,7,1.234568,555,68.181818,489,82.881356,14,0.736842
190,8,1.410935,559,68.673219,489,82.881356,15,0.789474
176,9,1.587302,559,68.673219,489,82.881356,15,0.789474
34,10,1.763668,563,69.164619,489,82.881356,15,0.789474
40,11,1.940035,563,69.164619,489,82.881356,15,0.789474
449,12,2.116402,563,69.164619,489,82.881356,15,0.789474
140,13,2.292769,563,69.164619,489,82.881356,15,0.789474
433,14,2.469136,563,69.164619,489,82.881356,15,0.789474
565,15,2.645503,563,69.164619,489,82.881356,15,0.789474
354,16,2.821869,563,69.164619,489,82.881356,15,0.789474
522,17,2.998236,563,69.164619,489,82.881356,15,0.789474
458,18,3.174603,563,69.164619,489,82.881356,15,0.789474
238,19,3.350970,563,69.164619,489,82.881356,15,0.789474
554,20,3.527337,656,80.589681,576,97.627119,15,0.789474
534,21,3.703704,660,81.081081,576,97.627119,15,0.789474
463,22,3.880071,660,81.081081,576,97.627119,15,0.789474
