TestcaseNumber,TestcaseCount,TestcaseRatio,StatementCount,StatementRatio,BranchCount,BranchRatio,FaultCount,FaultRatio
251,1,0.176367,530,65.110565,475,80.508475,8,0.421053
234,2,0.352734,536,65.847666,477,80.847458,8,0.421053
418,3,0.529101,541,66.461916,485,82.203390,11,0.578947
50,4,0.705467,548,67.321867,485,82.203390,13,0.684211
3,5,0.881834,551,67.690418,485,82.203390,14,0.736842
354,6,1.058201,551,67.690418,485,82.203390,14,0.736842
31,7,1.234568,555,68.181818,485,82.203390,14,0.736842
75,8,1.410935,563,69.164619,491,83.220339,16,0.842105
366,9,1.587302,563,69.164619,491,83.220339,16,0.842105
322,10,1.763668,566,69.533170,491,83.220339,16,0.842105
34,11,1.940035,566,69.533170,491,83.220339,16,0.842105
137,12,2.116402,566,69.533170,491,83.220339,16,0.842105
74,13,2.292769,566,69.533170,491,83.220339,16,0.842105
495,14,2.469136,566,69.533170,491,83.220339,16,0.842105
246,15,2.645503,566,69.533170,491,83.220339,16,0.842105
228,16,2.821869,566,69.533170,491,83.220339,16,0.842105
126,17,2.998236,566,69.533170,491,83.220339,16,0.842105
503,18,3.174603,566,69.533170,491,83.220339,16,0.842105
244,19,3.350970,566,69.533170,491,83.220339,16,0.842105
428,20,3.527337,566,69.533170,491,83.220339,16,0.842105
512,21,3.703704,566,69.533170,491,83.220339,16,0.842105
323,22,3.880071,566,69.533170,491,83.220339,16,0.842105
212,23,4.056437,566,69.533170,491,83.220339,16,0.842105
52,24,4.232804,566,69.533170,491,83.220339,16,0.842105
254,25,4.409171,566,69.533170,491,83.220339,16,0.842105
84,26,4.585538,566,69.533170,491,83.220339,16,0.842105
