TestcaseNumber,TestcaseCount,TestcaseRatio,StatementCount,StatementRatio,BranchCount,BranchRatio,FaultCount,FaultRatio
377,1,0.176367,536,65.847666,481,81.525424,9,0.473684
20,2,0.352734,539,66.216216,481,81.525424,10,0.526316
267,3,0.529101,547,67.199017,483,81.864407,11,0.578947
306,4,0.705467,555,68.181818,489,82.881356,13,0.684211
124,5,0.881834,555,68.181818,489,82.881356,13,0.684211
23,6,1.058201,555,68.181818,489,82.881356,13,0.684211
221,7,1.234568,558,68.550369,489,82.881356,13,0.684211
144,8,1.410935,558,68.550369,489,82.881356,13,0.684211
362,9,1.587302,558,68.550369,489,82.881356,13,0.684211
523,10,1.763668,558,68.550369,489,82.881356,14,0.736842
378,11,1.940035,558,68.550369,489,82.881356,14,0.736842
316,12,2.116402,558,68.550369,489,82.881356,14,0.736842
268,13,2.292769,558,68.550369,489,82.881356,14,0.736842
177,14,2.469136,559,68.673219,489,82.881356,15,0.789474
162,15,2.645503,563,69.164619,491,83.220339,16,0.842105
216,16,2.821869,563,69.164619,491,83.220339,16,0.842105
33,17,2.998236,563,69.164619,491,83.220339,16,0.842105
164,18,3.174603,563,69.164619,491,83.220339,16,0.842105
103,19,3.350970,563,69.164619,491,83.220339,16,0.842105
307,20,3.527337,563,69.164619,491,83.220339,16,0.842105
276,21,3.703704,563,69.164619,491,83.220339,16,0.842105
274,22,3.880071,563,69.164619,491,83.220339,16,0.842105
217,23,4.056437,563,69.164619,491,83.220339,16,0.842105
143,24,4.232804,563,69.164619,491,83.220339,16,0.842105
452,25,4.409171,563,69.164619,491,83.220339,16,0.842105
551,26,4.585538,575,70.638821,491,83.220339,16,0.842105
503,27,4.761905,575,70.638821,491,83.220339,16,0.842105
159,28,4.938272,575,70.638821,491,83.220339,16,0.842105
