TestcaseNumber,TestcaseCount,TestcaseRatio,StatementCount,StatementRatio,BranchCount,BranchRatio,FaultCount,FaultRatio
111,1,0.176367,536,65.847666,475,80.508475,8,0.421053
371,2,0.352734,536,65.847666,475,80.508475,8,0.421053
315,3,0.529101,547,67.199017,481,81.525424,11,0.578947
76,4,0.705467,547,67.199017,481,81.525424,11,0.578947
24,5,0.881834,547,67.199017,481,81.525424,11,0.578947
122,6,1.058201,547,67.199017,481,81.525424,11,0.578947
495,7,1.234568,547,67.199017,481,81.525424,11,0.578947
184,8,1.410935,552,67.813268,487,82.542373,13,0.684211
56,9,1.587302,552,67.813268,487,82.542373,13,0.684211
522,10,1.763668,552,67.813268,487,82.542373,13,0.684211
101,11,1.940035,555,68.181818,489,82.881356,13,0.684211
318,12,2.116402,555,68.181818,489,82.881356,13,0.684211
246,13,2.292769,555,68.181818,489,82.881356,13,0.684211
139,14,2.469136,555,68.181818,489,82.881356,13,0.684211
48,15,2.645503,555,68.181818,489,82.881356,14,0.736842
25,16,2.821869,559,68.673219,489,82.881356,14,0.736842
202,17,2.998236,559,68.673219,489,82.881356,14,0.736842
59,18,3.174603,559,68.673219,489,82.881356,14,0.736842
29,19,3.350970,559,68.673219,489,82.881356,14,0.736842
337,20,3.527337,559,68.673219,489,82.881356,14,0.736842
339,21,3.703704,559,68.673219,489,82.881356,14,0.736842
507,22,3.880071,559,68.673219,489,82.881356,14,0.736842
440,23,4.056437,563,69.164619,489,82.881356,15,0.789474
52,24,4.232804,563,69.164619,489,82.881356,15,0.789474
293,25,4.409171,563,69.164619,489,82.881356,15,0.789474
444,26,4.585538,563,69.164619,489,82.881356,15,0.789474
477,27,4.761905,563,69.164619,489,82.881356,15,0.789474
235,28,4.938272,563,69.164619,489,82.881356,15,0.789474
