TestcaseNumber,TestcaseCount,TestcaseRatio,StatementCount,StatementRatio,BranchCount,BranchRatio,FaultCount,FaultRatio
320,1,0.176367,536,65.847666,475,80.508475,8,0.421053
2,2,0.352734,573,70.393120,475,80.508475,8,0.421053
555,3,0.529101,712,87.469287,568,96.271186,10,0.526316
11,4,0.705467,715,87.837838,568,96.271186,10,0.526316
560,5,0.881834,726,89.189189,576,97.627119,10,0.526316
13,6,1.058201,745,91.523342,578,97.966102,10,0.526316
280,7,1.234568,752,92.383292,580,98.305085,10,0.526316
542,8,1.410935,756,92.874693,580,98.305085,10,0.526316
546,9,1.587302,760,93.366093,580,98.305085,10,0.526316
556,10,1.763668,764,93.857494,580,98.305085,10,0.526316
558,11,1.940035,773,94.963145,584,98.983051,10,0.526316
534,12,2.116402,775,95.208845,584,98.983051,10,0.526316
415,13,2.292769,778,95.577396,588,99.661017,12,0.631579
562,14,2.469136,784,96.314496,590,100.000000,12,0.631579
541,15,2.645503,786,96.560197,590,100.000000,12,0.631579
180,16,2.821869,790,97.051597,590,100.000000,14,0.736842
536,17,2.998236,791,97.174447,590,100.000000,14,0.736842
557,18,3.174603,794,97.542998,590,100.000000,14,0.736842
551,19,3.350970,800,98.280098,590,100.000000,14,0.736842
538,20,3.527337,804,98.771499,590,100.000000,14,0.736842
540,21,3.703704,806,99.017199,590,100.000000,14,0.736842
552,22,3.880071,807,99.140049,590,100.000000,14,0.736842
16,23,4.056437,812,99.754300,590,100.000000,14,0.736842
537,24,4.232804,813,99.877150,590,100.000000,14,0.736842
553,25,4.409171,814,100.000000,590,100.000000,14,0.736842
