TestcaseNumber,TestcaseCount,TestcaseRatio,StatementCount,StatementRatio,BranchCount,BranchRatio,FaultCount,FaultRatio
452,1,0.176367,533,65.479115,475,80.508475,9,0.473684
180,2,0.352734,541,66.461916,481,81.525424,11,0.578947
13,3,0.529101,560,68.796069,483,81.864407,11,0.578947
556,4,0.705467,696,85.503686,576,97.627119,12,0.631579
560,5,0.881834,705,86.609337,584,98.983051,12,0.631579
534,6,1.058201,714,87.714988,584,98.983051,12,0.631579
11,7,1.234568,717,88.083538,584,98.983051,12,0.631579
551,8,1.410935,723,88.820639,584,98.983051,12,0.631579
550,9,1.587302,729,89.557740,586,99.322034,12,0.631579
555,10,1.763668,739,90.786241,586,99.322034,12,0.631579
16,11,1.940035,778,95.577396,586,99.322034,12,0.631579
558,12,2.116402,786,96.560197,586,99.322034,12,0.631579
552,13,2.292769,787,96.683047,586,99.322034,12,0.631579
562,14,2.469136,793,97.420147,588,99.661017,12,0.631579
538,15,2.645503,797,97.911548,588,99.661017,12,0.631579
2,16,2.821869,800,98.280098,588,99.661017,12,0.631579
536,17,2.998236,804,98.771499,588,99.661017,12,0.631579
540,18,3.174603,806,99.017199,588,99.661017,12,0.631579
541,19,3.350970,808,99.262899,588,99.661017,12,0.631579
557,20,3.527337,811,99.631450,588,99.661017,12,0.631579
553,21,3.703704,812,99.754300,588,99.661017,12,0.631579
542,22,3.880071,813,99.877150,588,99.661017,12,0.631579
537,23,4.056437,814,100.000000,590,100.000000,12,0.631579
