TestcaseNumber,TestcaseCount,TestcaseRatio,StatementCount,StatementRatio,BranchCount,BranchRatio,FaultCount,FaultRatio
564,1,0.176367,529,64.987715,479,81.186441,9,0.473684
16,2,0.352734,568,69.778870,479,81.186441,9,0.473684
556,3,0.529101,692,85.012285,555,94.067797,10,0.526316
2,4,0.705467,695,85.380835,555,94.067797,10,0.526316
532,5,0.881834,703,86.363636,563,95.423729,10,0.526316
211,6,1.058201,719,88.329238,576,97.627119,10,0.526316
560,7,1.234568,720,88.452088,576,97.627119,10,0.526316
11,8,1.410935,723,88.820639,576,97.627119,10,0.526316
13,9,1.587302,742,91.154791,578,97.966102,10,0.526316
538,10,1.763668,749,92.014742,578,97.966102,10,0.526316
562,11,1.940035,755,92.751843,580,98.305085,10,0.526316
346,12,2.116402,761,93.488943,582,98.644068,11,0.578947
149,13,2.292769,765,93.980344,582,98.644068,11,0.578947
439,14,2.469136,771,94.717445,588,99.661017,14,0.736842
12,15,2.645503,775,95.208845,588,99.661017,14,0.736842
537,16,2.821869,782,96.068796,590,100.000000,14,0.736842
8,17,2.998236,786,96.560197,590,100.000000,14,0.736842
551,18,3.174603,792,97.297297,590,100.000000,14,0.736842
557,19,3.350970,803,98.648649,590,100.000000,14,0.736842
552,20,3.527337,804,98.771499,590,100.000000,14,0.736842
558,21,3.703704,805,98.894349,590,100.000000,14,0.736842
553,22,3.880071,806,99.017199,590,100.000000,14,0.736842
541,23,4.056437,808,99.262899,590,100.000000,14,0.736842
542,24,4.232804,809,99.385749,590,100.000000,14,0.736842
540,25,4.409171,811,99.631450,590,100.000000,14,0.736842
555,26,4.585538,812,99.754300,590,100.000000,14,0.736842
536,27,4.761905,813,99.877150,590,100.000000,14,0.736842
534,28,4.938272,814,100.000000,590,100.000000,14,0.736842
