TestcaseNumber,TestcaseCount,TestcaseRatio,StatementCount,StatementRatio,BranchCount,BranchRatio,FaultCount,FaultRatio
96,1,0.176367,539,66.216216,481,81.525424,8,0.421053
560,2,0.352734,620,76.167076,551,93.389831,11,0.578947
551,3,0.529101,635,78.009828,551,93.389831,11,0.578947
2,4,0.705467,672,82.555283,551,93.389831,11,0.578947
13,5,0.881834,691,84.889435,553,93.728814,11,0.578947
16,6,1.058201,696,85.503686,553,93.728814,11,0.578947
530,7,1.234568,712,87.469287,570,96.610169,11,0.578947
556,8,1.410935,751,92.260442,580,98.305085,11,0.578947
538,9,1.587302,755,92.751843,580,98.305085,11,0.578947
295,10,1.763668,763,93.734644,586,99.322034,13,0.684211
11,11,1.940035,766,94.103194,586,99.322034,13,0.684211
540,12,2.116402,768,94.348894,586,99.322034,13,0.684211
165,13,2.292769,772,94.840295,588,99.661017,15,0.789474
194,14,2.469136,775,95.208845,588,99.661017,15,0.789474
74,15,2.645503,778,95.577396,588,99.661017,15,0.789474
557,16,2.821869,786,96.560197,588,99.661017,15,0.789474
541,17,2.998236,788,96.805897,588,99.661017,15,0.789474
555,18,3.174603,797,97.911548,588,99.661017,15,0.789474
542,19,3.350970,802,98.525799,588,99.661017,15,0.789474
562,20,3.527337,808,99.262899,590,100.000000,15,0.789474
536,21,3.703704,809,99.385749,590,100.000000,15,0.789474
558,22,3.880071,810,99.508600,590,100.000000,15,0.789474
537,23,4.056437,811,99.631450,590,100.000000,15,0.789474
552,24,4.232804,812,99.754300,590,100.000000,15,0.789474
534,25,4.409171,813,99.877150,590,100.000000,15,0.789474
553,26,4.585538,814,100.000000,590,100.000000,15,0.789474
