TestcaseNumber,TestcaseCount,TestcaseRatio,StatementCount,StatementRatio,BranchCount,BranchRatio,FaultCount,FaultRatio
291,1,0.176367,529,64.987715,475,80.508475,6,0.315789
2,2,0.352734,566,69.533170,475,80.508475,6,0.315789
556,3,0.529101,710,87.223587,570,96.610169,10,0.526316
534,4,0.705467,716,87.960688,572,96.949153,10,0.526316
13,5,0.881834,735,90.294840,574,97.288136,10,0.526316
562,6,1.058201,741,91.031941,576,97.627119,10,0.526316
8,7,1.234568,745,91.523342,576,97.627119,10,0.526316
540,8,1.410935,747,91.769042,576,97.627119,10,0.526316
558,9,1.587302,765,93.980344,578,97.966102,10,0.526316
551,10,1.763668,771,94.717445,578,97.966102,10,0.526316
538,11,1.940035,779,95.700246,582,98.644068,10,0.526316
11,12,2.116402,782,96.068796,582,98.644068,10,0.526316
560,13,2.292769,787,96.683047,586,99.322034,10,0.526316
536,14,2.469136,791,97.174447,588,99.661017,10,0.526316
557,15,2.645503,794,97.542998,588,99.661017,10,0.526316
16,16,2.821869,799,98.157248,588,99.661017,10,0.526316
180,17,2.998236,803,98.648649,588,99.661017,12,0.631579
541,18,3.174603,805,98.894349,588,99.661017,12,0.631579
552,19,3.350970,806,99.017199,588,99.661017,12,0.631579
555,20,3.527337,811,99.631450,588,99.661017,12,0.631579
537,21,3.703704,812,99.754300,590,100.000000,12,0.631579
553,22,3.880071,813,99.877150,590,100.000000,12,0.631579
542,23,4.056437,814,100.000000,590,100.000000,12,0.631579
