TestcaseNumber,TestcaseCount,TestcaseRatio,StatementCount,StatementRatio,BranchCount,BranchRatio,FaultCount,FaultRatio
707,1,0.126103,1367,85.384135,1203,87.554585,0,0.000000
107,2,0.252207,1574,98.313554,1352,98.398836,5,1.000000
2,3,0.378310,1583,98.875703,1362,99.126638,5,1.000000
639,4,0.504414,1591,99.375390,1374,100.000000,5,1.000000
