TestcaseNumber,TestcaseCount,TestcaseRatio,StatementCount,StatementRatio,BranchCount,BranchRatio,FaultCount,FaultRatio
656,1,0.126103,1501,93.753904,1273,92.649199,5,1.000000
124,2,0.252207,1583,98.875703,1364,99.272198,5,1.000000
93,3,0.378310,1583,98.875703,1364,99.272198,5,1.000000
732,4,0.504414,1583,98.875703,1364,99.272198,5,1.000000
420,5,0.630517,1583,98.875703,1364,99.272198,5,1.000000
134,6,0.756620,1583,98.875703,1364,99.272198,5,1.000000
734,7,0.882724,1583,98.875703,1364,99.272198,5,1.000000
721,8,1.008827,1586,99.063086,1364,99.272198,5,1.000000
