TestcaseNumber,TestcaseCount,TestcaseRatio,StatementCount,StatementRatio,BranchCount,BranchRatio,FaultCount,FaultRatio
654,1,0.126103,1501,93.753904,1269,92.358079,5,1.000000
287,2,0.252207,1583,98.875703,1364,99.272198,5,1.000000
168,3,0.378310,1583,98.875703,1364,99.272198,5,1.000000
674,4,0.504414,1583,98.875703,1364,99.272198,5,1.000000
218,5,0.630517,1583,98.875703,1364,99.272198,5,1.000000
579,6,0.756620,1583,98.875703,1364,99.272198,5,1.000000
93,7,0.882724,1583,98.875703,1364,99.272198,5,1.000000
160,8,1.008827,1583,98.875703,1364,99.272198,5,1.000000
