TestcaseNumber,TestcaseCount,TestcaseRatio,StatementCount,StatementRatio,BranchCount,BranchRatio,FaultCount,FaultRatio
61,1,0.126103,1270,79.325422,1100,80.058224,0,0.000000
754,2,0.252207,1500,93.691443,1271,92.503639,5,1.000000
502,3,0.378310,1586,99.063086,1360,98.981077,5,1.000000
425,4,0.504414,1586,99.063086,1360,98.981077,5,1.000000
255,5,0.630517,1586,99.063086,1364,99.272198,5,1.000000
763,6,0.756620,1586,99.063086,1364,99.272198,5,1.000000
765,7,0.882724,1586,99.063086,1364,99.272198,5,1.000000
437,8,1.008827,1586,99.063086,1364,99.272198,5,1.000000
615,9,1.134931,1586,99.063086,1364,99.272198,5,1.000000
