TestcaseNumber,TestcaseCount,TestcaseRatio,StatementCount,StatementRatio,BranchCount,BranchRatio,FaultCount,FaultRatio
231,1,0.126103,1272,79.450344,1106,80.494905,0,0.000000
433,2,0.252207,1497,93.504060,1271,92.503639,5,1.000000
218,3,0.378310,1497,93.504060,1275,92.794760,5,1.000000
625,4,0.504414,1500,93.691443,1275,92.794760,5,1.000000
577,5,0.630517,1500,93.691443,1275,92.794760,5,1.000000
9,6,0.756620,1500,93.691443,1275,92.794760,5,1.000000
703,7,0.882724,1582,98.813242,1364,99.272198,5,1.000000
542,8,1.008827,1582,98.813242,1364,99.272198,5,1.000000
