TestcaseNumber,TestcaseCount,TestcaseRatio,StatementCount,StatementRatio,BranchCount,BranchRatio,FaultCount,FaultRatio
672,1,0.126103,1373,85.758901,1215,88.427948,0,0.000000
241,2,0.252207,1582,98.813242,1364,99.272198,5,1.000000
590,3,0.378310,1583,98.875703,1364,99.272198,5,1.000000
751,4,0.504414,1583,98.875703,1364,99.272198,5,1.000000
214,5,0.630517,1583,98.875703,1364,99.272198,5,1.000000
455,6,0.756620,1583,98.875703,1364,99.272198,5,1.000000
226,7,0.882724,1583,98.875703,1364,99.272198,5,1.000000
67,8,1.008827,1583,98.875703,1364,99.272198,5,1.000000
