TestcaseNumber,TestcaseCount,TestcaseRatio,StatementCount,StatementRatio,BranchCount,BranchRatio,FaultCount,FaultRatio
636,1,0.126103,1287,80.387258,1122,81.659389,0,0.000000
104,2,0.252207,1375,85.883823,1219,88.719068,0,0.000000
521,3,0.378310,1582,98.813242,1364,99.272198,5,1.000000
469,4,0.504414,1583,98.875703,1364,99.272198,5,1.000000
558,5,0.630517,1583,98.875703,1364,99.272198,5,1.000000
