TestcaseNumber,TestcaseCount,TestcaseRatio,StatementCount,StatementRatio,BranchCount,BranchRatio,FaultCount,FaultRatio
408,1,0.126103,1489,93.004372,1255,91.339156,5,1.000000
429,2,0.252207,1501,93.753904,1273,92.649199,5,1.000000
357,3,0.378310,1501,93.753904,1275,92.794760,5,1.000000
