TestcaseNumber,TestcaseCount,TestcaseRatio,StatementCount,StatementRatio,BranchCount,BranchRatio,FaultCount,FaultRatio
609,1,0.126103,1287,80.387258,1114,81.077147,0,0.000000
522,2,0.252207,1576,98.438476,1352,98.398836,5,1.000000
162,3,0.378310,1576,98.438476,1352,98.398836,5,1.000000
701,4,0.504414,1582,98.813242,1360,98.981077,5,1.000000
