TestcaseNumber,TestcaseCount,TestcaseRatio,StatementCount,StatementRatio,BranchCount,BranchRatio,FaultCount,FaultRatio
179,1,0.126103,1477,92.254841,1241,90.320233,5,1.000000
300,2,0.252207,1567,97.876327,1340,97.525473,5,1.000000
252,3,0.378310,1567,97.876327,1342,97.671033,5,1.000000
49,4,0.504414,1567,97.876327,1342,97.671033,5,1.000000
78,5,0.630517,1574,98.313554,1350,98.253275,5,1.000000
548,6,0.756620,1586,99.063086,1364,99.272198,5,1.000000
404,7,0.882724,1586,99.063086,1364,99.272198,5,1.000000
