TestcaseNumber,TestcaseCount,TestcaseRatio,StatementCount,StatementRatio,BranchCount,BranchRatio,FaultCount,FaultRatio
709,1,0.126103,1373,85.758901,1207,87.845706,0,0.000000
312,2,0.252207,1584,98.938164,1356,98.689956,5,1.000000
461,3,0.378310,1586,99.063086,1364,99.272198,5,1.000000
43,4,0.504414,1586,99.063086,1364,99.272198,5,1.000000
