TestcaseNumber,TestcaseCount,TestcaseRatio,StatementCount,StatementRatio,BranchCount,BranchRatio,FaultCount,FaultRatio
320,1,0.126103,1352,84.447220,1195,86.972344,0,0.000000
135,2,0.252207,1352,84.447220,1195,86.972344,0,0.000000
437,3,0.378310,1580,98.688320,1364,99.272198,5,1.000000
377,4,0.504414,1580,98.688320,1364,99.272198,5,1.000000
335,5,0.630517,1586,99.063086,1364,99.272198,5,1.000000
356,6,0.756620,1586,99.063086,1364,99.272198,5,1.000000
