TestcaseNumber,TestcaseCount,TestcaseRatio,StatementCount,StatementRatio,BranchCount,BranchRatio,FaultCount,FaultRatio
371,1,0.126103,1482,92.567146,1247,90.756914,5,1.000000
530,2,0.252207,1579,98.625859,1350,98.253275,5,1.000000
65,3,0.378310,1579,98.625859,1352,98.398836,5,1.000000
324,4,0.504414,1579,98.625859,1352,98.398836,5,1.000000
499,5,0.630517,1579,98.625859,1352,98.398836,5,1.000000
502,6,0.756620,1586,99.063086,1360,98.981077,5,1.000000
157,7,0.882724,1586,99.063086,1364,99.272198,5,1.000000
297,8,1.008827,1586,99.063086,1364,99.272198,5,1.000000
103,9,1.134931,1586,99.063086,1364,99.272198,5,1.000000
