TestcaseNumber,TestcaseCount,TestcaseRatio,StatementCount,StatementRatio,BranchCount,BranchRatio,FaultCount,FaultRatio
136,1,0.126103,1350,84.322299,1185,86.244541,0,0.000000
624,2,0.252207,1583,98.875703,1364,99.272198,5,1.000000
790,3,0.378310,1583,98.875703,1364,99.272198,5,1.000000
534,4,0.504414,1586,99.063086,1364,99.272198,5,1.000000
302,5,0.630517,1586,99.063086,1364,99.272198,5,1.000000
