TestcaseNumber,TestcaseCount,TestcaseRatio,StatementCount,StatementRatio,BranchCount,BranchRatio,FaultCount,FaultRatio
739,1,0.126103,1287,80.387258,1118,81.368268,0,0.000000
211,2,0.252207,1491,93.129294,1263,91.921397,5,1.000000
49,3,0.378310,1491,93.129294,1263,91.921397,5,1.000000
279,4,0.504414,1501,93.753904,1271,92.503639,5,1.000000
319,5,0.630517,1583,98.875703,1364,99.272198,5,1.000000
732,6,0.756620,1583,98.875703,1364,99.272198,5,1.000000
441,7,0.882724,1583,98.875703,1364,99.272198,5,1.000000
345,8,1.008827,1583,98.875703,1364,99.272198,5,1.000000
508,9,1.134931,1583,98.875703,1364,99.272198,5,1.000000
