TestcaseNumber,TestcaseCount,TestcaseRatio,StatementCount,StatementRatio,BranchCount,BranchRatio,FaultCount,FaultRatio
771,1,0.126103,1287,80.387258,1118,81.368268,0,0.000000
88,2,0.252207,1498,93.566521,1271,92.503639,5,1.000000
112,3,0.378310,1583,98.875703,1364,99.272198,5,1.000000
