TestcaseNumber,TestcaseCount,TestcaseRatio,StatementCount,StatementRatio,BranchCount,BranchRatio,FaultCount,FaultRatio
473,1,0.126103,1365,85.259213,1197,87.117904,0,0.000000
110,2,0.252207,1579,98.625859,1350,98.253275,5,1.000000
7,3,0.378310,1579,98.625859,1350,98.253275,5,1.000000
