TestcaseNumber,TestcaseCount,TestcaseRatio,StatementCount,StatementRatio,BranchCount,BranchRatio,FaultCount,FaultRatio
479,1,0.126103,1371,85.633979,1209,87.991266,0,0.000000
405,2,0.252207,1583,98.875703,1364,99.272198,5,1.000000
574,3,0.378310,1583,98.875703,1364,99.272198,5,1.000000
665,4,0.504414,1583,98.875703,1364,99.272198,5,1.000000
500,5,0.630517,1586,99.063086,1364,99.272198,5,1.000000
