TestcaseNumber,TestcaseCount,TestcaseRatio,StatementCount,StatementRatio,BranchCount,BranchRatio,FaultCount,FaultRatio
264,1,0.126103,1272,79.450344,1106,80.494905,0,0.000000
300,2,0.252207,1573,98.251093,1350,98.253275,5,1.000000
644,3,0.378310,1585,99.000625,1364,99.272198,5,1.000000
135,4,0.504414,1585,99.000625,1364,99.272198,5,1.000000
701,5,0.630517,1585,99.000625,1364,99.272198,5,1.000000
601,6,0.756620,1585,99.000625,1364,99.272198,5,1.000000
127,7,0.882724,1585,99.000625,1364,99.272198,5,1.000000
148,8,1.008827,1585,99.000625,1364,99.272198,5,1.000000
469,9,1.134931,1586,99.063086,1364,99.272198,5,1.000000
