TestcaseNumber,TestcaseCount,TestcaseRatio,StatementCount,StatementRatio,BranchCount,BranchRatio,FaultCount,FaultRatio
52,1,0.126103,1477,92.254841,1241,90.320233,5,1.000000
292,2,0.252207,1561,97.501562,1338,97.379913,5,1.000000
550,3,0.378310,1579,98.625859,1360,98.981077,5,1.000000
