TestcaseNumber,TestcaseCount,TestcaseRatio,StatementCount,StatementRatio,BranchCount,BranchRatio,FaultCount,FaultRatio
638,1,0.126103,1293,80.762024,1126,81.950509,0,0.000000
531,2,0.252207,1582,98.813242,1364,99.272198,5,1.000000
95,3,0.378310,1582,98.813242,1364,99.272198,5,1.000000
690,4,0.504414,1585,99.000625,1364,99.272198,5,1.000000
627,5,0.630517,1585,99.000625,1364,99.272198,5,1.000000
605,6,0.756620,1585,99.000625,1364,99.272198,5,1.000000
439,7,0.882724,1586,99.063086,1364,99.272198,5,1.000000
