TestcaseNumber,TestcaseCount,TestcaseRatio,StatementCount,StatementRatio,BranchCount,BranchRatio,FaultCount,FaultRatio
551,1,0.126103,1291,80.637102,1120,81.513828,0,0.000000
83,2,0.252207,1495,93.379138,1265,92.066958,5,1.000000
560,3,0.378310,1496,93.441599,1269,92.358079,5,1.000000
477,4,0.504414,1578,98.563398,1358,98.835517,5,1.000000
416,5,0.630517,1578,98.563398,1358,98.835517,5,1.000000
701,6,0.756620,1580,98.688320,1364,99.272198,5,1.000000
