TestcaseNumber,TestcaseCount,TestcaseRatio,StatementCount,StatementRatio,BranchCount,BranchRatio,FaultCount,FaultRatio
417,1,0.126103,1285,80.262336,1108,80.640466,0,0.000000
133,2,0.252207,1373,85.758901,1205,87.700146,0,0.000000
515,3,0.378310,1373,85.758901,1209,87.991266,0,0.000000
36,4,0.504414,1373,85.758901,1209,87.991266,0,0.000000
168,5,0.630517,1373,85.758901,1209,87.991266,0,0.000000
