TestcaseNumber,TestcaseCount,TestcaseRatio,StatementCount,StatementRatio,BranchCount,BranchRatio,FaultCount,FaultRatio
772,1,0.126103,1287,80.387258,1118,81.368268,0,0.000000
244,2,0.252207,1494,93.316677,1263,91.921397,5,1.000000
272,3,0.378310,1501,93.753904,1275,92.794760,5,1.000000
313,4,0.504414,1583,98.875703,1364,99.272198,5,1.000000
