TestcaseNumber,TestcaseCount,TestcaseRatio,StatementCount,StatementRatio,BranchCount,BranchRatio,FaultCount,FaultRatio
99,1,0.126103,1344,83.947533,1177,85.662300,0,0.000000
731,2,0.252207,1369,85.509057,1211,88.136827,0,0.000000
425,3,0.378310,1573,98.251093,1356,98.689956,5,1.000000
65,4,0.504414,1573,98.251093,1356,98.689956,5,1.000000
649,5,0.630517,1576,98.438476,1356,98.689956,5,1.000000
283,6,0.756620,1576,98.438476,1356,98.689956,5,1.000000
452,7,0.882724,1576,98.438476,1356,98.689956,5,1.000000
