TestcaseNumber,TestcaseCount,TestcaseRatio,StatementCount,StatementRatio,BranchCount,BranchRatio,FaultCount,FaultRatio
598,1,0.126103,1496,93.441599,1259,91.630277,5,1.000000
176,2,0.252207,1496,93.441599,1267,92.212518,5,1.000000
554,3,0.378310,1496,93.441599,1267,92.212518,5,1.000000
143,4,0.504414,1581,98.750781,1356,98.689956,5,1.000000
203,5,0.630517,1581,98.750781,1356,98.689956,5,1.000000
371,6,0.756620,1586,99.063086,1362,99.126638,5,1.000000
453,7,0.882724,1586,99.063086,1364,99.272198,5,1.000000
353,8,1.008827,1586,99.063086,1364,99.272198,5,1.000000
