TestcaseNumber,TestcaseCount,TestcaseRatio,StatementCount,StatementRatio,BranchCount,BranchRatio,FaultCount,FaultRatio
694,1,0.126103,1584,98.938164,1350,98.253275,5,1.000000
115,2,0.252207,1584,98.938164,1354,98.544396,5,1.000000
440,3,0.378310,1586,99.063086,1358,98.835517,5,1.000000
735,4,0.504414,1586,99.063086,1364,99.272198,5,1.000000
709,5,0.630517,1586,99.063086,1364,99.272198,5,1.000000
367,6,0.756620,1586,99.063086,1364,99.272198,5,1.000000
