TestcaseNumber,TestcaseCount,TestcaseRatio,StatementCount,StatementRatio,BranchCount,BranchRatio,FaultCount,FaultRatio
402,1,0.126103,1482,92.567146,1243,90.465793,5,1.000000
554,2,0.252207,1494,93.316677,1261,91.775837,5,1.000000
223,3,0.378310,1500,93.691443,1275,92.794760,5,1.000000
247,4,0.504414,1501,93.753904,1275,92.794760,5,1.000000
265,5,0.630517,1501,93.753904,1275,92.794760,5,1.000000
19,6,0.756620,1504,93.941287,1275,92.794760,5,1.000000
579,7,0.882724,1504,93.941287,1275,92.794760,5,1.000000
