TestcaseNumber,TestcaseCount,TestcaseRatio,StatementCount,StatementRatio,BranchCount,BranchRatio,FaultCount,FaultRatio
147,1,0.126103,1560,97.439101,1326,96.506550,5,1.000000
497,2,0.252207,1572,98.188632,1340,97.525473,5,1.000000
353,3,0.378310,1576,98.438476,1352,98.398836,5,1.000000
605,4,0.504414,1582,98.813242,1364,99.272198,5,1.000000
513,5,0.630517,1582,98.813242,1364,99.272198,5,1.000000
174,6,0.756620,1583,98.875703,1364,99.272198,5,1.000000
404,7,0.882724,1586,99.063086,1364,99.272198,5,1.000000
336,8,1.008827,1586,99.063086,1364,99.272198,5,1.000000
