TestcaseNumber,TestcaseCount,TestcaseRatio,StatementCount,StatementRatio,BranchCount,BranchRatio,FaultCount,FaultRatio
224,1,0.126103,1272,79.450344,1110,80.786026,0,0.000000
431,2,0.252207,1498,93.566521,1275,92.794760,5,1.000000
760,3,0.378310,1501,93.753904,1275,92.794760,5,1.000000
514,4,0.504414,1583,98.875703,1364,99.272198,5,1.000000
552,5,0.630517,1583,98.875703,1364,99.272198,5,1.000000
