TestcaseNumber,TestcaseCount,TestcaseRatio,StatementCount,StatementRatio,BranchCount,BranchRatio,FaultCount,FaultRatio
309,1,0.126103,1572,98.188632,1336,97.234352,5,1.000000
5,2,0.252207,1577,98.500937,1350,98.253275,5,1.000000
473,3,0.378310,1589,99.250468,1364,99.272198,5,1.000000
634,4,0.504414,1589,99.250468,1364,99.272198,5,1.000000
769,5,0.630517,1589,99.250468,1364,99.272198,5,1.000000
279,6,0.756620,1589,99.250468,1364,99.272198,5,1.000000
