TestcaseNumber,TestcaseCount,TestcaseRatio,StatementCount,StatementRatio,BranchCount,BranchRatio,FaultCount,FaultRatio
421,1,0.126103,1291,80.637102,1116,81.222707,0,0.000000
287,2,0.252207,1375,85.883823,1219,88.719068,0,0.000000
708,3,0.378310,1375,85.883823,1219,88.719068,0,0.000000
549,4,0.504414,1375,85.883823,1219,88.719068,0,0.000000
194,5,0.630517,1375,85.883823,1219,88.719068,0,0.000000
603,6,0.756620,1375,85.883823,1219,88.719068,0,0.000000
212,7,0.882724,1579,98.625859,1364,99.272198,5,1.000000
398,8,1.008827,1583,98.875703,1364,99.272198,5,1.000000
207,9,1.134931,1583,98.875703,1364,99.272198,5,1.000000
