TestcaseNumber,TestcaseCount,TestcaseRatio,StatementCount,StatementRatio,BranchCount,BranchRatio,FaultCount,FaultRatio
215,1,0.126103,1484,92.692067,1249,90.902475,5,1.000000
751,2,0.252207,1501,93.753904,1273,92.649199,5,1.000000
604,3,0.378310,1501,93.753904,1275,92.794760,5,1.000000
300,4,0.504414,1586,99.063086,1364,99.272198,5,1.000000
479,5,0.630517,1586,99.063086,1364,99.272198,5,1.000000
621,6,0.756620,1586,99.063086,1364,99.272198,5,1.000000
