TestcaseNumber,TestcaseCount,TestcaseRatio,StatementCount,StatementRatio,BranchCount,BranchRatio,FaultCount,FaultRatio
607,1,0.126103,1293,80.762024,1130,82.241630,0,0.000000
533,2,0.252207,1583,98.875703,1364,99.272198,5,1.000000
274,3,0.378310,1586,99.063086,1364,99.272198,5,1.000000
505,4,0.504414,1586,99.063086,1364,99.272198,5,1.000000
