TestcaseNumber,TestcaseCount,TestcaseRatio,StatementCount,StatementRatio,BranchCount,BranchRatio,FaultCount,FaultRatio
621,1,0.126103,1501,93.753904,1269,92.358079,5,1.000000
535,2,0.252207,1586,99.063086,1362,99.126638,5,1.000000
24,3,0.378310,1589,99.250468,1364,99.272198,5,1.000000
598,4,0.504414,1589,99.250468,1364,99.272198,5,1.000000
149,5,0.630517,1589,99.250468,1364,99.272198,5,1.000000
473,6,0.756620,1589,99.250468,1364,99.272198,5,1.000000
748,7,0.882724,1589,99.250468,1364,99.272198,5,1.000000
647,8,1.008827,1589,99.250468,1364,99.272198,5,1.000000
