TestcaseNumber,TestcaseCount,TestcaseRatio,StatementCount,StatementRatio,BranchCount,BranchRatio,FaultCount,FaultRatio
733,1,0.126103,1293,80.762024,1126,81.950509,0,0.000000
334,2,0.252207,1586,99.063086,1360,98.981077,5,1.000000
110,3,0.378310,1586,99.063086,1360,98.981077,5,1.000000
83,4,0.504414,1586,99.063086,1364,99.272198,5,1.000000
362,5,0.630517,1586,99.063086,1364,99.272198,5,1.000000
638,6,0.756620,1586,99.063086,1364,99.272198,5,1.000000
