TestcaseNumber,TestcaseCount,TestcaseRatio,StatementCount,StatementRatio,BranchCount,BranchRatio,FaultCount,FaultRatio
585,1,0.126103,1489,93.004372,1255,91.339156,5,1.000000
15,2,0.252207,1489,93.004372,1255,91.339156,5,1.000000
438,3,0.378310,1496,93.441599,1263,91.921397,5,1.000000
417,4,0.504414,1496,93.441599,1265,92.066958,5,1.000000
645,5,0.630517,1498,93.566521,1271,92.503639,5,1.000000
49,6,0.756620,1498,93.566521,1271,92.503639,5,1.000000
465,7,0.882724,1498,93.566521,1271,92.503639,5,1.000000
339,8,1.008827,1586,99.063086,1364,99.272198,5,1.000000
17,9,1.134931,1586,99.063086,1364,99.272198,5,1.000000
