TestcaseNumber,TestcaseCount,TestcaseRatio,StatementCount,StatementRatio,BranchCount,BranchRatio,FaultCount,FaultRatio
738,1,0.126103,1287,80.387258,1114,81.077147,0,0.000000
103,2,0.252207,1375,85.883823,1215,88.427948,0,0.000000
121,3,0.378310,1375,85.883823,1219,88.719068,0,0.000000
240,4,0.504414,1583,98.875703,1364,99.272198,5,1.000000
