TestcaseNumber,TestcaseCount,TestcaseRatio,StatementCount,StatementRatio,BranchCount,BranchRatio,FaultCount,FaultRatio
659,1,0.126103,1494,93.316677,1261,91.775837,5,1.000000
701,2,0.252207,1582,98.813242,1364,99.272198,5,1.000000
96,3,0.378310,1582,98.813242,1364,99.272198,5,1.000000
127,4,0.504414,1582,98.813242,1364,99.272198,5,1.000000
123,5,0.630517,1582,98.813242,1364,99.272198,5,1.000000
91,6,0.756620,1582,98.813242,1364,99.272198,5,1.000000
279,7,0.882724,1583,98.875703,1364,99.272198,5,1.000000
