TestcaseNumber,TestcaseCount,TestcaseRatio,StatementCount,StatementRatio,BranchCount,BranchRatio,FaultCount,FaultRatio
214,1,0.126103,1484,92.692067,1245,90.611354,5,1.000000
110,2,0.252207,1569,98.001249,1338,97.379913,5,1.000000
601,3,0.378310,1583,98.875703,1360,98.981077,5,1.000000
42,4,0.504414,1583,98.875703,1360,98.981077,5,1.000000
164,5,0.630517,1583,98.875703,1364,99.272198,5,1.000000
177,6,0.756620,1583,98.875703,1364,99.272198,5,1.000000
311,7,0.882724,1586,99.063086,1364,99.272198,5,1.000000
