TestcaseNumber,TestcaseCount,TestcaseRatio,StatementCount,StatementRatio,BranchCount,BranchRatio,FaultCount,FaultRatio
281,1,0.126103,1346,84.072455,1183,86.098981,0,0.000000
787,2,0.252207,1576,98.438476,1356,98.689956,5,1.000000
417,3,0.378310,1576,98.438476,1356,98.689956,5,1.000000
630,4,0.504414,1583,98.875703,1364,99.272198,5,1.000000
730,5,0.630517,1583,98.875703,1364,99.272198,5,1.000000
86,6,0.756620,1583,98.875703,1364,99.272198,5,1.000000
745,7,0.882724,1583,98.875703,1364,99.272198,5,1.000000
22,8,1.008827,1583,98.875703,1364,99.272198,5,1.000000
