TestcaseNumber,TestcaseCount,TestcaseRatio,StatementCount,StatementRatio,BranchCount,BranchRatio,FaultCount,FaultRatio
93,1,0.126103,1350,84.322299,1185,86.244541,0,0.000000
116,2,0.252207,1566,97.813866,1340,97.525473,5,1.000000
531,3,0.378310,1578,98.563398,1354,98.544396,5,1.000000
352,4,0.504414,1582,98.813242,1364,99.272198,5,1.000000
433,5,0.630517,1582,98.813242,1364,99.272198,5,1.000000
605,6,0.756620,1582,98.813242,1364,99.272198,5,1.000000
