TestcaseNumber,TestcaseCount,TestcaseRatio,StatementCount,StatementRatio,BranchCount,BranchRatio,FaultCount,FaultRatio
345,1,0.126103,1266,79.075578,1098,79.912664,0,0.000000
5,2,0.252207,1269,79.262961,1102,80.203785,0,0.000000
447,3,0.378310,1296,80.949407,1130,82.241630,0,0.000000
740,4,0.504414,1296,80.949407,1130,82.241630,0,0.000000
428,5,0.630517,1500,93.691443,1275,92.794760,5,1.000000
742,6,0.756620,1500,93.691443,1275,92.794760,5,1.000000
515,7,0.882724,1582,98.813242,1364,99.272198,5,1.000000
