TestcaseNumber,TestcaseCount,TestcaseRatio,StatementCount,StatementRatio,BranchCount,BranchRatio,FaultCount,FaultRatio
581,1,0.126103,1291,80.637102,1116,81.222707,0,0.000000
400,2,0.252207,1501,93.753904,1275,92.794760,5,1.000000
297,3,0.378310,1586,99.063086,1364,99.272198,5,1.000000
761,4,0.504414,1586,99.063086,1364,99.272198,5,1.000000
638,5,0.630517,1586,99.063086,1364,99.272198,5,1.000000
