TestcaseNumber,TestcaseCount,TestcaseRatio,StatementCount,StatementRatio,BranchCount,BranchRatio,FaultCount,FaultRatio
246,1,0.126103,1489,93.004372,1251,91.048035,5,1.000000
529,2,0.252207,1586,99.063086,1354,98.544396,5,1.000000
537,3,0.378310,1586,99.063086,1360,98.981077,5,1.000000
