TestcaseNumber,TestcaseCount,TestcaseRatio,StatementCount,StatementRatio,BranchCount,BranchRatio,FaultCount,FaultRatio
60,1,0.126103,1267,79.138039,1096,79.767103,0,0.000000
511,2,0.252207,1376,85.946284,1213,88.282387,0,0.000000
458,3,0.378310,1580,98.688320,1358,98.835517,5,1.000000
718,4,0.504414,1589,99.250468,1364,99.272198,5,1.000000
19,5,0.630517,1592,99.437851,1364,99.272198,5,1.000000
2,6,0.756620,1601,100.000000,1374,100.000000,5,1.000000
