TestcaseNumber,TestcaseCount,TestcaseRatio,StatementCount,StatementRatio,BranchCount,BranchRatio,FaultCount,FaultRatio
665,1,0.126103,1367,85.384135,1203,87.554585,0,0.000000
747,2,0.252207,1576,98.438476,1356,98.689956,5,1.000000
111,3,0.378310,1586,99.063086,1364,99.272198,5,1.000000
2,4,0.504414,1595,99.625234,1374,100.000000,5,1.000000
19,5,0.630517,1598,99.812617,1374,100.000000,5,1.000000
60,6,0.756620,1601,100.000000,1374,100.000000,5,1.000000
