TestcaseNumber,TestcaseCount,TestcaseRatio,StatementCount,StatementRatio,BranchCount,BranchRatio,FaultCount,FaultRatio
299,1,0.126103,1565,97.751405,1336,97.234352,5,1.000000
2,2,0.252207,1574,98.313554,1348,98.107715,5,1.000000
42,3,0.378310,1576,98.438476,1352,98.398836,5,1.000000
230,4,0.504414,1582,98.813242,1360,98.981077,5,1.000000
19,5,0.630517,1585,99.000625,1360,98.981077,5,1.000000
26,6,0.756620,1588,99.188007,1360,98.981077,5,1.000000
493,7,0.882724,1601,100.000000,1374,100.000000,5,1.000000
