TestcaseNumber,TestcaseCount,TestcaseRatio,StatementCount,StatementRatio,BranchCount,BranchRatio,FaultCount,FaultRatio
346,1,0.126103,1266,79.075578,1098,79.912664,0,0.000000
2,2,0.252207,1275,79.637726,1108,80.640466,0,0.000000
482,3,0.378310,1378,86.071205,1217,88.573508,0,0.000000
778,4,0.504414,1585,99.000625,1362,99.126638,5,1.000000
430,5,0.630517,1592,99.437851,1370,99.708879,5,1.000000
19,6,0.756620,1595,99.625234,1370,99.708879,5,1.000000
27,7,0.882724,1598,99.812617,1374,100.000000,5,1.000000
117,8,1.008827,1601,100.000000,1374,100.000000,5,1.000000
