TestcaseNumber,TestcaseCount,TestcaseRatio,StatementCount,StatementRatio,BranchCount,BranchRatio,FaultCount,FaultRatio
42,1,0.126103,1477,92.254841,1241,90.320233,5,1.000000
406,2,0.252207,1489,93.004372,1255,91.339156,5,1.000000
481,3,0.378310,1583,98.875703,1360,98.981077,5,1.000000
724,4,0.504414,1586,99.063086,1364,99.272198,5,1.000000
2,5,0.630517,1595,99.625234,1374,100.000000,5,1.000000
19,6,0.756620,1598,99.812617,1374,100.000000,5,1.000000
6,7,0.882724,1601,100.000000,1374,100.000000,5,1.000000
