TestcaseNumber,TestcaseCount,TestcaseRatio,StatementCount,StatementRatio,BranchCount,BranchRatio,FaultCount,FaultRatio
147,1,0.126103,1560,97.439101,1326,96.506550,5,1.000000
6,2,0.252207,1565,97.751405,1336,97.234352,5,1.000000
279,3,0.378310,1577,98.500937,1350,98.253275,5,1.000000
426,4,0.504414,1589,99.250468,1364,99.272198,5,1.000000
2,5,0.630517,1598,99.812617,1374,100.000000,5,1.000000
19,6,0.756620,1601,100.000000,1374,100.000000,5,1.000000
