TestcaseNumber,TestcaseCount,TestcaseRatio,StatementCount,StatementRatio,BranchCount,BranchRatio,FaultCount,FaultRatio
483,1,0.126103,1365,85.259213,1197,87.117904,0,0.000000
650,2,0.252207,1576,98.438476,1356,98.689956,5,1.000000
134,3,0.378310,1582,98.813242,1364,99.272198,5,1.000000
2,4,0.504414,1591,99.375390,1374,100.000000,5,1.000000
19,5,0.630517,1594,99.562773,1374,100.000000,5,1.000000
6,6,0.756620,1597,99.750156,1374,100.000000,5,1.000000
527,7,0.882724,1601,100.000000,1374,100.000000,5,1.000000
