TestcaseNumber,TestcaseCount,TestcaseRatio,StatementCount,StatementRatio,BranchCount,BranchRatio,FaultCount,FaultRatio
101,1,0.467290,542,44.535744,454,45.309381,1,0.166667
185,2,0.934579,543,44.617913,458,45.708583,1,0.166667
88,3,1.401869,547,44.946590,462,46.107784,1,0.166667
159,4,1.869159,547,44.946590,462,46.107784,1,0.166667
52,5,2.336449,559,45.932621,478,47.704591,1,0.166667
155,6,2.803738,559,45.932621,478,47.704591,1,0.166667
99,7,3.271028,559,45.932621,478,47.704591,1,0.166667
145,8,3.738318,559,45.932621,478,47.704591,1,0.166667
45,9,4.205607,559,45.932621,478,47.704591,1,0.166667
108,10,4.672897,559,45.932621,478,47.704591,1,0.166667
68,11,5.140187,559,45.932621,478,47.704591,1,0.166667
78,12,5.607477,559,45.932621,478,47.704591,2,0.333333
42,13,6.074766,860,70.665571,734,73.253493,2,0.333333
8,14,6.542056,871,71.569433,744,74.251497,3,0.500000
115,15,7.009346,871,71.569433,744,74.251497,3,0.500000
141,16,7.476636,871,71.569433,744,74.251497,3,0.500000
70,17,7.943925,871,71.569433,744,74.251497,3,0.500000
197,18,8.411215,871,71.569433,744,74.251497,3,0.500000
