TestcaseNumber,TestcaseCount,TestcaseRatio,StatementCount,StatementRatio,BranchCount,BranchRatio,FaultCount,FaultRatio
190,1,0.467290,527,43.303205,448,44.710579,1,0.166667
136,2,0.934579,542,44.535744,458,45.708583,1,0.166667
189,3,1.401869,542,44.535744,458,45.708583,1,0.166667
76,4,1.869159,544,44.700082,458,45.708583,1,0.166667
80,5,2.336449,544,44.700082,458,45.708583,1,0.166667
96,6,2.803738,544,44.700082,458,45.708583,1,0.166667
107,7,3.271028,544,44.700082,458,45.708583,1,0.166667
12,8,3.738318,574,47.165160,478,47.704591,1,0.166667
158,9,4.205607,576,47.329499,482,48.103792,2,0.333333
32,10,4.672897,577,47.411668,482,48.103792,2,0.333333
139,11,5.140187,577,47.411668,482,48.103792,2,0.333333
112,12,5.607477,577,47.411668,482,48.103792,2,0.333333
119,13,6.074766,577,47.411668,482,48.103792,2,0.333333
62,14,6.542056,577,47.411668,482,48.103792,2,0.333333
31,15,7.009346,577,47.411668,482,48.103792,2,0.333333
169,16,7.476636,577,47.411668,482,48.103792,2,0.333333
1,17,7.943925,613,50.369762,506,50.499002,2,0.333333
37,18,8.411215,628,51.602301,524,52.295409,2,0.333333
30,19,8.878505,628,51.602301,524,52.295409,2,0.333333
125,20,9.345794,629,51.684470,524,52.295409,2,0.333333
199,21,9.813084,629,51.684470,524,52.295409,2,0.333333
182,22,10.280374,629,51.684470,524,52.295409,2,0.333333
164,23,10.747664,629,51.684470,524,52.295409,2,0.333333
