TestcaseNumber,TestcaseCount,TestcaseRatio,StatementCount,StatementRatio,BranchCount,BranchRatio,FaultCount,FaultRatio
155,1,0.467290,533,43.796220,450,44.910180,1,0.166667
47,2,0.934579,568,46.672145,476,47.504990,2,0.333333
2,3,1.401869,575,47.247329,478,47.704591,2,0.333333
113,4,1.869159,590,48.479869,490,48.902196,2,0.333333
4,5,2.336449,599,49.219392,490,48.902196,2,0.333333
16,6,2.803738,638,52.423993,522,52.095808,3,0.500000
66,7,3.271028,638,52.423993,522,52.095808,3,0.500000
171,8,3.738318,638,52.423993,522,52.095808,3,0.500000
198,9,4.205607,638,52.423993,522,52.095808,4,0.666667
148,10,4.672897,638,52.423993,522,52.095808,4,0.666667
145,11,5.140187,638,52.423993,522,52.095808,4,0.666667
5,12,5.607477,663,54.478225,544,54.291417,4,0.666667
116,13,6.074766,663,54.478225,544,54.291417,4,0.666667
142,14,6.542056,663,54.478225,544,54.291417,4,0.666667
8,15,7.009346,663,54.478225,544,54.291417,4,0.666667
20,16,7.476636,692,56.861134,560,55.888224,4,0.666667
29,17,7.943925,696,57.189811,562,56.087824,4,0.666667
109,18,8.411215,696,57.189811,562,56.087824,4,0.666667
191,19,8.878505,696,57.189811,562,56.087824,4,0.666667
