TestcaseNumber,TestcaseCount,TestcaseRatio,StatementCount,StatementRatio,BranchCount,BranchRatio,FaultCount,FaultRatio
35,1,0.467290,346,28.430567,254,25.349301,0,0.000000
113,2,0.934579,541,44.453574,456,45.508982,1,0.166667
58,3,1.401869,556,45.686113,466,46.506986,2,0.333333
96,4,1.869159,556,45.686113,466,46.506986,2,0.333333
30,5,2.336449,586,48.151191,486,48.502994,2,0.333333
27,6,2.803738,586,48.151191,486,48.502994,2,0.333333
176,7,3.271028,586,48.151191,486,48.502994,2,0.333333
143,8,3.738318,586,48.151191,486,48.502994,2,0.333333
154,9,4.205607,586,48.151191,486,48.502994,2,0.333333
151,10,4.672897,586,48.151191,486,48.502994,2,0.333333
135,11,5.140187,587,48.233361,486,48.502994,2,0.333333
1,12,5.607477,623,51.191454,510,50.898204,2,0.333333
84,13,6.074766,623,51.191454,510,50.898204,2,0.333333
14,14,6.542056,623,51.191454,510,50.898204,2,0.333333
7,15,7.009346,625,51.355793,510,50.898204,2,0.333333
185,16,7.476636,625,51.355793,510,50.898204,2,0.333333
60,17,7.943925,625,51.355793,510,50.898204,2,0.333333
131,18,8.411215,625,51.355793,510,50.898204,2,0.333333
207,19,8.878505,625,51.355793,510,50.898204,2,0.333333
