TestcaseNumber,TestcaseCount,TestcaseRatio,StatementCount,StatementRatio,BranchCount,BranchRatio,FaultCount,FaultRatio
207,1,0.467290,525,43.138866,448,44.710579,1,0.166667
118,2,0.934579,542,44.535744,462,46.107784,2,0.333333
4,3,1.401869,551,45.275267,462,46.107784,2,0.333333
76,4,1.869159,553,45.439606,462,46.107784,2,0.333333
165,5,2.336449,554,45.521775,462,46.107784,2,0.333333
113,6,2.803738,557,45.768283,462,46.107784,2,0.333333
78,7,3.271028,557,45.768283,462,46.107784,2,0.333333
148,8,3.738318,557,45.768283,462,46.107784,2,0.333333
48,9,4.205607,564,46.343468,466,46.506986,2,0.333333
144,10,4.672897,564,46.343468,466,46.506986,2,0.333333
139,11,5.140187,564,46.343468,466,46.506986,2,0.333333
108,12,5.607477,564,46.343468,466,46.506986,2,0.333333
91,13,6.074766,564,46.343468,466,46.506986,2,0.333333
62,14,6.542056,564,46.343468,466,46.506986,2,0.333333
59,15,7.009346,564,46.343468,466,46.506986,2,0.333333
