TestcaseNumber,TestcaseCount,TestcaseRatio,StatementCount,StatementRatio,BranchCount,BranchRatio,FaultCount,FaultRatio
183,1,0.467290,542,44.535744,460,45.908184,1,0.166667
80,2,0.934579,547,44.946590,462,46.107784,1,0.166667
169,3,1.401869,547,44.946590,462,46.107784,1,0.166667
20,4,1.869159,622,51.109285,518,51.696607,2,0.333333
115,5,2.336449,623,51.191454,518,51.696607,2,0.333333
139,6,2.803738,623,51.191454,518,51.696607,2,0.333333
73,7,3.271028,623,51.191454,518,51.696607,2,0.333333
18,8,3.738318,671,55.135579,556,55.489022,3,0.500000
211,9,4.205607,671,55.135579,556,55.489022,3,0.500000
163,10,4.672897,671,55.135579,556,55.489022,3,0.500000
157,11,5.140187,671,55.135579,556,55.489022,3,0.500000
164,12,5.607477,671,55.135579,556,55.489022,3,0.500000
135,13,6.074766,671,55.135579,556,55.489022,3,0.500000
119,14,6.542056,671,55.135579,556,55.489022,3,0.500000
76,15,7.009346,671,55.135579,556,55.489022,3,0.500000
38,16,7.476636,680,55.875103,562,56.087824,3,0.500000
207,17,7.943925,680,55.875103,562,56.087824,3,0.500000
86,18,8.411215,680,55.875103,562,56.087824,3,0.500000
101,19,8.878505,680,55.875103,562,56.087824,3,0.500000
