TestcaseNumber,TestcaseCount,TestcaseRatio,StatementCount,StatementRatio,BranchCount,BranchRatio,FaultCount,FaultRatio
37,1,0.467290,504,41.413311,408,40.718563,1,0.166667
94,2,0.934579,543,44.617913,470,46.906188,1,0.166667
206,3,1.401869,546,44.864421,470,46.906188,1,0.166667
135,4,1.869159,562,46.179129,480,47.904192,1,0.166667
61,5,2.336449,562,46.179129,480,47.904192,1,0.166667
167,6,2.803738,562,46.179129,480,47.904192,1,0.166667
210,7,3.271028,562,46.179129,480,47.904192,1,0.166667
8,8,3.738318,597,49.055053,506,50.499002,2,0.333333
76,9,4.205607,597,49.055053,506,50.499002,2,0.333333
147,10,4.672897,597,49.055053,506,50.499002,2,0.333333
120,11,5.140187,597,49.055053,506,50.499002,2,0.333333
1,12,5.607477,633,52.013147,530,52.894212,2,0.333333
127,13,6.074766,633,52.013147,530,52.894212,2,0.333333
103,14,6.542056,634,52.095316,530,52.894212,2,0.333333
69,15,7.009346,634,52.095316,530,52.894212,2,0.333333
