TestcaseNumber,TestcaseCount,TestcaseRatio,StatementCount,StatementRatio,BranchCount,BranchRatio,FaultCount,FaultRatio
36,1,0.467290,346,28.430567,254,25.349301,0,0.000000
7,2,0.934579,550,45.193098,462,46.107784,1,0.166667
110,3,1.401869,565,46.425637,474,47.305389,1,0.166667
40,4,1.869159,866,71.158587,730,72.854291,1,0.166667
58,5,2.336449,883,72.555464,744,74.251497,2,0.333333
180,6,2.803738,883,72.555464,744,74.251497,2,0.333333
173,7,3.271028,884,72.637634,744,74.251497,2,0.333333
72,8,3.738318,884,72.637634,744,74.251497,2,0.333333
19,9,4.205607,898,73.788003,754,75.249501,3,0.500000
135,10,4.672897,899,73.870173,754,75.249501,3,0.500000
31,11,5.140187,929,76.335251,774,77.245509,3,0.500000
105,12,5.607477,929,76.335251,774,77.245509,3,0.500000
77,13,6.074766,929,76.335251,774,77.245509,3,0.500000
23,14,6.542056,929,76.335251,774,77.245509,3,0.500000
199,15,7.009346,929,76.335251,774,77.245509,3,0.500000
67,16,7.476636,929,76.335251,774,77.245509,3,0.500000
82,17,7.943925,929,76.335251,774,77.245509,3,0.500000
172,18,8.411215,929,76.335251,774,77.245509,3,0.500000
1,19,8.878505,940,77.239113,776,77.445110,3,0.500000
112,20,9.345794,940,77.239113,776,77.445110,3,0.500000
157,21,9.813084,940,77.239113,776,77.445110,3,0.500000
210,22,10.280374,940,77.239113,776,77.445110,3,0.500000
89,23,10.747664,940,77.239113,776,77.445110,3,0.500000
206,24,11.214953,940,77.239113,776,77.445110,3,0.500000
