TestcaseNumber,TestcaseCount,TestcaseRatio,StatementCount,StatementRatio,BranchCount,BranchRatio,FaultCount,FaultRatio
61,1,0.467290,544,44.700082,454,45.309381,1,0.166667
182,2,0.934579,546,44.864421,462,46.107784,1,0.166667
185,3,1.401869,547,44.946590,462,46.107784,1,0.166667
191,4,1.869159,547,44.946590,462,46.107784,1,0.166667
210,5,2.336449,547,44.946590,462,46.107784,1,0.166667
136,6,2.803738,547,44.946590,462,46.107784,1,0.166667
130,7,3.271028,547,44.946590,462,46.107784,1,0.166667
99,8,3.738318,547,44.946590,462,46.107784,1,0.166667
18,9,4.205607,611,50.205423,516,51.497006,2,0.333333
178,10,4.672897,611,50.205423,516,51.497006,3,0.500000
70,11,5.140187,611,50.205423,516,51.497006,3,0.500000
100,12,5.607477,611,50.205423,516,51.497006,3,0.500000
85,13,6.074766,611,50.205423,516,51.497006,3,0.500000
4,14,6.542056,620,50.944947,516,51.497006,3,0.500000
2,15,7.009346,627,51.520131,518,51.696607,3,0.500000
144,16,7.476636,627,51.520131,518,51.696607,3,0.500000
95,17,7.943925,627,51.520131,518,51.696607,3,0.500000
155,18,8.411215,627,51.520131,518,51.696607,3,0.500000
75,19,8.878505,627,51.520131,518,51.696607,3,0.500000
88,20,9.345794,627,51.520131,518,51.696607,3,0.500000
207,21,9.813084,627,51.520131,518,51.696607,3,0.500000
149,22,10.280374,627,51.520131,518,51.696607,3,0.500000
127,23,10.747664,627,51.520131,518,51.696607,3,0.500000
208,24,11.214953,627,51.520131,518,51.696607,3,0.500000
