TestcaseNumber,TestcaseCount,TestcaseRatio,StatementCount,StatementRatio,BranchCount,BranchRatio,FaultCount,FaultRatio
92,1,0.467290,530,43.549712,446,44.510978,1,0.166667
86,2,0.934579,531,43.631882,448,44.710579,1,0.166667
124,3,1.401869,544,44.700082,458,45.708583,1,0.166667
103,4,1.869159,547,44.946590,458,45.708583,1,0.166667
62,5,2.336449,547,44.946590,458,45.708583,1,0.166667
197,6,2.803738,547,44.946590,462,46.107784,1,0.166667
32,7,3.271028,577,47.411668,482,48.103792,1,0.166667
69,8,3.738318,577,47.411668,482,48.103792,1,0.166667
201,9,4.205607,577,47.411668,482,48.103792,1,0.166667
142,10,4.672897,577,47.411668,482,48.103792,1,0.166667
56,11,5.140187,577,47.411668,482,48.103792,1,0.166667
38,12,5.607477,613,50.369762,512,51.097804,2,0.333333
204,13,6.074766,613,50.369762,512,51.097804,2,0.333333
101,14,6.542056,613,50.369762,512,51.097804,2,0.333333
143,15,7.009346,613,50.369762,512,51.097804,2,0.333333
13,16,7.476636,638,52.423993,534,53.293413,2,0.333333
203,17,7.943925,638,52.423993,534,53.293413,2,0.333333
123,18,8.411215,638,52.423993,534,53.293413,2,0.333333
53,19,8.878505,638,52.423993,534,53.293413,2,0.333333
