TestcaseNumber,TestcaseCount,TestcaseRatio,StatementCount,StatementRatio,BranchCount,BranchRatio,FaultCount,FaultRatio
156,1,0.467290,534,43.878389,452,45.109780,1,0.166667
41,2,0.934579,644,52.917009,534,53.293413,1,0.166667
105,3,1.401869,649,53.327855,534,53.293413,1,0.166667
198,4,1.869159,657,53.985210,544,54.291417,2,0.333333
33,5,2.336449,687,56.450288,564,56.287425,2,0.333333
66,6,2.803738,687,56.450288,564,56.287425,2,0.333333
169,7,3.271028,687,56.450288,564,56.287425,2,0.333333
31,8,3.738318,687,56.450288,564,56.287425,2,0.333333
14,9,4.205607,687,56.450288,564,56.287425,2,0.333333
107,10,4.672897,687,56.450288,564,56.287425,2,0.333333
52,11,5.140187,699,57.436319,580,57.884232,2,0.333333
71,12,5.607477,699,57.436319,580,57.884232,2,0.333333
55,13,6.074766,699,57.436319,580,57.884232,2,0.333333
49,14,6.542056,710,58.340181,590,58.882236,3,0.500000
210,15,7.009346,710,58.340181,590,58.882236,3,0.500000
168,16,7.476636,710,58.340181,590,58.882236,3,0.500000
