TestcaseNumber,TestcaseCount,TestcaseRatio,StatementCount,StatementRatio,BranchCount,BranchRatio,FaultCount,FaultRatio
174,1,0.467290,524,43.056697,448,44.710579,1,0.166667
17,2,0.934579,575,47.247329,482,48.103792,2,0.333333
165,3,1.401869,579,47.576007,482,48.103792,2,0.333333
70,4,1.869159,581,47.740345,482,48.103792,2,0.333333
24,5,2.336449,585,48.069022,484,48.303393,2,0.333333
13,6,2.803738,610,50.123254,506,50.499002,2,0.333333
154,7,3.271028,610,50.123254,506,50.499002,2,0.333333
58,8,3.738318,625,51.355793,520,51.896208,3,0.500000
196,9,4.205607,625,51.355793,520,51.896208,3,0.500000
102,10,4.672897,625,51.355793,520,51.896208,3,0.500000
101,11,5.140187,625,51.355793,520,51.896208,3,0.500000
60,12,5.607477,625,51.355793,520,51.896208,3,0.500000
131,13,6.074766,625,51.355793,520,51.896208,3,0.500000
187,14,6.542056,625,51.355793,520,51.896208,3,0.500000
106,15,7.009346,625,51.355793,520,51.896208,3,0.500000
80,16,7.476636,625,51.355793,520,51.896208,3,0.500000
201,17,7.943925,625,51.355793,520,51.896208,3,0.500000
23,18,8.411215,625,51.355793,520,51.896208,3,0.500000
155,19,8.878505,625,51.355793,520,51.896208,3,0.500000
144,20,9.345794,625,51.355793,520,51.896208,3,0.500000
19,21,9.813084,661,54.313887,546,54.491018,4,0.666667
198,22,10.280374,661,54.313887,546,54.491018,4,0.666667
190,23,10.747664,661,54.313887,546,54.491018,4,0.666667
