TestcaseNumber,TestcaseCount,TestcaseRatio,StatementCount,StatementRatio,BranchCount,BranchRatio,FaultCount,FaultRatio
107,1,0.467290,529,43.467543,444,44.311377,1,0.166667
159,2,0.934579,544,44.700082,458,45.708583,1,0.166667
67,3,1.401869,544,44.700082,458,45.708583,1,0.166667
145,4,1.869159,545,44.782251,458,45.708583,1,0.166667
79,5,2.336449,545,44.782251,458,45.708583,1,0.166667
166,6,2.803738,545,44.782251,458,45.708583,1,0.166667
125,7,3.271028,545,44.782251,458,45.708583,1,0.166667
35,8,3.738318,554,45.521775,462,46.107784,1,0.166667
34,9,4.205607,582,47.822514,488,48.702595,1,0.166667
44,10,4.672897,582,47.822514,488,48.702595,1,0.166667
138,11,5.140187,582,47.822514,488,48.702595,2,0.333333
129,12,5.607477,582,47.822514,488,48.702595,2,0.333333
110,13,6.074766,582,47.822514,488,48.702595,2,0.333333
65,14,6.542056,582,47.822514,488,48.702595,2,0.333333
87,15,7.009346,582,47.822514,488,48.702595,2,0.333333
148,16,7.476636,582,47.822514,488,48.702595,2,0.333333
191,17,7.943925,582,47.822514,488,48.702595,2,0.333333
198,18,8.411215,582,47.822514,488,48.702595,2,0.333333
120,19,8.878505,582,47.822514,488,48.702595,2,0.333333
