TestcaseNumber,TestcaseCount,TestcaseRatio,StatementCount,StatementRatio,BranchCount,BranchRatio,FaultCount,FaultRatio
144,1,0.467290,539,44.289236,458,45.708583,1,0.166667
202,2,0.934579,544,44.700082,462,46.107784,1,0.166667
9,3,1.401869,601,49.383730,502,50.099800,2,0.333333
104,4,1.869159,603,49.548069,502,50.099800,2,0.333333
10,5,2.336449,661,54.313887,550,54.890220,3,0.500000
43,6,2.803738,729,59.901397,614,61.277445,4,0.666667
28,7,3.271028,732,60.147905,614,61.277445,4,0.666667
81,8,3.738318,732,60.147905,614,61.277445,4,0.666667
89,9,4.205607,732,60.147905,614,61.277445,4,0.666667
19,10,4.672897,735,60.394412,614,61.277445,4,0.666667
103,11,5.140187,736,60.476582,614,61.277445,4,0.666667
139,12,5.607477,736,60.476582,614,61.277445,4,0.666667
151,13,6.074766,736,60.476582,614,61.277445,4,0.666667
80,14,6.542056,736,60.476582,614,61.277445,4,0.666667
