TestcaseNumber,TestcaseCount,TestcaseRatio,StatementCount,StatementRatio,BranchCount,BranchRatio,FaultCount,FaultRatio
198,1,0.467290,539,44.289236,460,45.908184,2,0.333333
195,2,0.934579,541,44.453574,462,46.107784,2,0.333333
124,3,1.401869,543,44.617913,462,46.107784,2,0.333333
152,4,1.869159,547,44.946590,462,46.107784,2,0.333333
97,5,2.336449,547,44.946590,462,46.107784,2,0.333333
163,6,2.803738,548,45.028759,462,46.107784,2,0.333333
157,7,3.271028,548,45.028759,462,46.107784,2,0.333333
167,8,3.738318,548,45.028759,462,46.107784,2,0.333333
76,9,4.205607,548,45.028759,462,46.107784,2,0.333333
196,10,4.672897,548,45.028759,462,46.107784,2,0.333333
47,11,5.140187,583,47.904684,488,48.702595,3,0.500000
209,12,5.607477,583,47.904684,488,48.702595,3,0.500000
197,13,6.074766,583,47.904684,488,48.702595,3,0.500000
150,14,6.542056,583,47.904684,488,48.702595,3,0.500000
61,15,7.009346,583,47.904684,488,48.702595,3,0.500000
63,16,7.476636,583,47.904684,488,48.702595,3,0.500000
93,17,7.943925,583,47.904684,488,48.702595,3,0.500000
28,18,8.411215,613,50.369762,508,50.698603,3,0.500000
114,19,8.878505,613,50.369762,508,50.698603,3,0.500000
90,20,9.345794,613,50.369762,508,50.698603,3,0.500000
44,21,9.813084,613,50.369762,508,50.698603,3,0.500000
174,22,10.280374,613,50.369762,508,50.698603,3,0.500000
109,23,10.747664,613,50.369762,508,50.698603,3,0.500000
8,24,11.214953,613,50.369762,508,50.698603,3,0.500000
