TestcaseNumber,TestcaseCount,TestcaseRatio,StatementCount,StatementRatio,BranchCount,BranchRatio,FaultCount,FaultRatio
145,1,0.467290,522,42.892358,440,43.912176,1,0.166667
142,2,0.934579,545,44.782251,462,46.107784,1,0.166667
136,3,1.401869,545,44.782251,462,46.107784,1,0.166667
199,4,1.869159,545,44.782251,462,46.107784,1,0.166667
75,5,2.336449,547,44.946590,462,46.107784,1,0.166667
67,6,2.803738,547,44.946590,462,46.107784,1,0.166667
206,7,3.271028,547,44.946590,462,46.107784,1,0.166667
69,8,3.738318,547,44.946590,462,46.107784,1,0.166667
144,9,4.205607,547,44.946590,462,46.107784,1,0.166667
196,10,4.672897,547,44.946590,462,46.107784,1,0.166667
192,11,5.140187,547,44.946590,462,46.107784,1,0.166667
4,12,5.607477,556,45.686113,462,46.107784,1,0.166667
92,13,6.074766,556,45.686113,462,46.107784,1,0.166667
173,14,6.542056,557,45.768283,462,46.107784,1,0.166667
127,15,7.009346,557,45.768283,462,46.107784,1,0.166667
24,16,7.476636,587,48.233361,482,48.103792,1,0.166667
105,17,7.943925,587,48.233361,482,48.103792,1,0.166667
39,18,8.411215,599,49.219392,496,49.500998,1,0.166667
