TestcaseNumber,TestcaseCount,TestcaseRatio,StatementCount,StatementRatio,BranchCount,BranchRatio,FaultCount,FaultRatio
19,1,0.467290,131,10.764174,146,14.570858,2,0.333333
207,2,0.934579,561,46.096960,474,47.305389,2,0.333333
161,3,1.401869,576,47.329499,484,48.303393,2,0.333333
156,4,1.869159,576,47.329499,484,48.303393,2,0.333333
39,5,2.336449,590,48.479869,502,50.099800,2,0.333333
94,6,2.803738,592,48.644207,502,50.099800,2,0.333333
172,7,3.271028,592,48.644207,502,50.099800,2,0.333333
158,8,3.738318,592,48.644207,502,50.099800,3,0.500000
103,9,4.205607,595,48.890715,502,50.099800,3,0.500000
155,10,4.672897,596,48.972884,502,50.099800,3,0.500000
10,11,5.140187,623,51.191454,524,52.295409,3,0.500000
154,12,5.607477,623,51.191454,524,52.295409,3,0.500000
36,13,6.074766,632,51.930978,528,52.694611,3,0.500000
132,14,6.542056,632,51.930978,528,52.694611,3,0.500000
18,15,7.009346,671,55.135579,560,55.888224,4,0.666667
86,16,7.476636,671,55.135579,560,55.888224,4,0.666667
85,17,7.943925,671,55.135579,560,55.888224,4,0.666667
6,18,8.411215,705,57.929334,592,59.081836,4,0.666667
127,19,8.878505,705,57.929334,592,59.081836,4,0.666667
70,20,9.345794,705,57.929334,592,59.081836,4,0.666667
72,21,9.813084,705,57.929334,592,59.081836,4,0.666667
