TestcaseNumber,TestcaseCount,TestcaseRatio,StatementCount,StatementRatio,BranchCount,BranchRatio,FaultCount,FaultRatio
72,1,0.467290,532,43.714051,446,44.510978,1,0.166667
113,2,0.934579,533,43.796220,446,44.510978,1,0.166667
22,3,1.401869,565,46.425637,466,46.506986,1,0.166667
98,4,1.869159,576,47.329499,476,47.504990,2,0.333333
60,5,2.336449,577,47.411668,478,47.704591,2,0.333333
197,6,2.803738,577,47.411668,482,48.103792,2,0.333333
176,7,3.271028,577,47.411668,482,48.103792,2,0.333333
78,8,3.738318,577,47.411668,482,48.103792,2,0.333333
116,9,4.205607,577,47.411668,482,48.103792,2,0.333333
15,10,4.672897,602,49.465900,504,50.299401,2,0.333333
157,11,5.140187,602,49.465900,504,50.299401,2,0.333333
36,12,5.607477,611,50.205423,508,50.698603,2,0.333333
5,13,6.074766,620,50.944947,508,50.698603,2,0.333333
137,14,6.542056,620,50.944947,508,50.698603,2,0.333333
177,15,7.009346,620,50.944947,508,50.698603,2,0.333333
182,16,7.476636,620,50.944947,508,50.698603,2,0.333333
161,17,7.943925,620,50.944947,508,50.698603,2,0.333333
75,18,8.411215,621,51.027116,508,50.698603,2,0.333333
