TestcaseNumber,TestcaseCount,TestcaseRatio,StatementCount,StatementRatio,BranchCount,BranchRatio,FaultCount,FaultRatio
147,1,0.467290,529,43.467543,448,44.710579,1,0.166667
153,2,0.934579,532,43.714051,452,45.109780,1,0.166667
80,3,1.401869,547,44.946590,462,46.107784,1,0.166667
213,4,1.869159,547,44.946590,462,46.107784,1,0.166667
208,5,2.336449,547,44.946590,462,46.107784,1,0.166667
37,6,2.803738,562,46.179129,480,47.904192,1,0.166667
136,7,3.271028,562,46.179129,480,47.904192,1,0.166667
11,8,3.738318,622,51.109285,528,52.694611,2,0.333333
131,9,4.205607,622,51.109285,528,52.694611,2,0.333333
5,10,4.672897,631,51.848809,528,52.694611,2,0.333333
159,11,5.140187,631,51.848809,528,52.694611,2,0.333333
7,12,5.607477,633,52.013147,528,52.694611,2,0.333333
210,13,6.074766,633,52.013147,528,52.694611,2,0.333333
144,14,6.542056,633,52.013147,528,52.694611,2,0.333333
