TestcaseNumber,TestcaseCount,TestcaseRatio,StatementCount,StatementRatio,BranchCount,BranchRatio,FaultCount,FaultRatio
41,1,0.467290,212,17.419885,212,21.157685,0,0.000000
88,2,0.934579,640,52.588332,532,53.093812,1,0.166667
65,3,1.401869,644,52.917009,534,53.293413,1,0.166667
61,4,1.869159,657,53.985210,544,54.291417,1,0.166667
112,5,2.336449,657,53.985210,544,54.291417,1,0.166667
151,6,2.803738,657,53.985210,544,54.291417,1,0.166667
26,7,3.271028,687,56.450288,564,56.287425,1,0.166667
140,8,3.738318,687,56.450288,564,56.287425,1,0.166667
96,9,4.205607,687,56.450288,564,56.287425,1,0.166667
203,10,4.672897,688,56.532457,564,56.287425,1,0.166667
56,11,5.140187,688,56.532457,564,56.287425,1,0.166667
97,12,5.607477,688,56.532457,564,56.287425,1,0.166667
14,13,6.074766,688,56.532457,564,56.287425,1,0.166667
118,14,6.542056,688,56.532457,564,56.287425,2,0.333333
204,15,7.009346,688,56.532457,564,56.287425,2,0.333333
185,16,7.476636,688,56.532457,564,56.287425,2,0.333333
136,17,7.943925,688,56.532457,564,56.287425,2,0.333333
182,18,8.411215,688,56.532457,564,56.287425,2,0.333333
63,19,8.878505,688,56.532457,564,56.287425,2,0.333333
181,20,9.345794,688,56.532457,564,56.287425,2,0.333333
24,21,9.813084,688,56.532457,564,56.287425,2,0.333333
55,22,10.280374,688,56.532457,564,56.287425,2,0.333333
111,23,10.747664,688,56.532457,564,56.287425,2,0.333333
