TestcaseNumber,TestcaseCount,TestcaseRatio,StatementCount,StatementRatio,BranchCount,BranchRatio,FaultCount,FaultRatio
192,1,0.467290,528,43.385374,450,44.910180,1,0.166667
45,2,0.934579,529,43.467543,452,45.109780,1,0.166667
139,3,1.401869,544,44.700082,462,46.107784,1,0.166667
14,4,1.869159,574,47.165160,482,48.103792,1,0.166667
97,5,2.336449,576,47.329499,482,48.103792,1,0.166667
71,6,2.803738,576,47.329499,482,48.103792,1,0.166667
58,7,3.271028,576,47.329499,482,48.103792,2,0.333333
109,8,3.738318,576,47.329499,482,48.103792,2,0.333333
140,9,4.205607,576,47.329499,482,48.103792,2,0.333333
126,10,4.672897,576,47.329499,482,48.103792,2,0.333333
100,11,5.140187,576,47.329499,482,48.103792,2,0.333333
166,12,5.607477,576,47.329499,482,48.103792,2,0.333333
205,13,6.074766,577,47.411668,482,48.103792,2,0.333333
28,14,6.542056,577,47.411668,482,48.103792,2,0.333333
210,15,7.009346,577,47.411668,482,48.103792,2,0.333333
168,16,7.476636,577,47.411668,482,48.103792,2,0.333333
203,17,7.943925,578,47.493837,482,48.103792,2,0.333333
144,18,8.411215,578,47.493837,482,48.103792,2,0.333333
117,19,8.878505,578,47.493837,482,48.103792,2,0.333333
113,20,9.345794,578,47.493837,482,48.103792,2,0.333333
146,21,9.813084,578,47.493837,482,48.103792,2,0.333333
179,22,10.280374,578,47.493837,482,48.103792,2,0.333333
155,23,10.747664,578,47.493837,482,48.103792,2,0.333333
31,24,11.214953,578,47.493837,482,48.103792,2,0.333333
