TestcaseNumber,TestcaseCount,TestcaseRatio,StatementCount,StatementRatio,BranchCount,BranchRatio,FaultCount,FaultRatio
104,1,0.467290,539,44.289236,454,45.309381,1,0.166667
75,2,0.934579,545,44.782251,454,45.309381,1,0.166667
1,3,1.401869,581,47.740345,478,47.704591,1,0.166667
158,4,1.869159,583,47.904684,486,48.502994,2,0.333333
166,5,2.336449,583,47.904684,486,48.502994,2,0.333333
77,6,2.803738,583,47.904684,486,48.502994,2,0.333333
206,7,3.271028,583,47.904684,486,48.502994,2,0.333333
70,8,3.738318,583,47.904684,486,48.502994,2,0.333333
125,9,4.205607,583,47.904684,486,48.502994,2,0.333333
38,10,4.672897,619,50.862777,516,51.497006,3,0.500000
78,11,5.140187,619,50.862777,516,51.497006,3,0.500000
100,12,5.607477,619,50.862777,516,51.497006,3,0.500000
18,13,6.074766,658,54.067379,548,54.690619,4,0.666667
50,14,6.542056,661,54.313887,548,54.690619,4,0.666667
93,15,7.009346,662,54.396056,548,54.690619,4,0.666667
193,16,7.476636,662,54.396056,548,54.690619,4,0.666667
91,17,7.943925,662,54.396056,548,54.690619,4,0.666667
16,18,8.411215,662,54.396056,548,54.690619,4,0.666667
170,19,8.878505,662,54.396056,548,54.690619,4,0.666667
129,20,9.345794,662,54.396056,548,54.690619,4,0.666667
45,21,9.813084,662,54.396056,548,54.690619,4,0.666667
