TestcaseNumber,TestcaseCount,TestcaseRatio,StatementCount,StatementRatio,BranchCount,BranchRatio,FaultCount,FaultRatio
75,1,0.467290,535,43.960559,446,44.510978,1,0.166667
11,2,0.934579,595,48.890715,498,49.700599,2,0.333333
186,3,1.401869,599,49.219392,500,49.900200,2,0.333333
112,4,1.869159,607,49.876746,510,50.898204,2,0.333333
116,5,2.336449,607,49.876746,510,50.898204,2,0.333333
121,6,2.803738,607,49.876746,510,50.898204,2,0.333333
96,7,3.271028,607,49.876746,510,50.898204,2,0.333333
39,8,3.738318,619,50.862777,524,52.295409,2,0.333333
209,9,4.205607,619,50.862777,524,52.295409,2,0.333333
34,10,4.672897,620,50.944947,524,52.295409,2,0.333333
152,11,5.140187,620,50.944947,524,52.295409,2,0.333333
166,12,5.607477,620,50.944947,524,52.295409,2,0.333333
33,13,6.074766,650,53.410025,544,54.291417,2,0.333333
80,14,6.542056,650,53.410025,544,54.291417,2,0.333333
154,15,7.009346,650,53.410025,544,54.291417,2,0.333333
73,16,7.476636,650,53.410025,544,54.291417,2,0.333333
110,17,7.943925,650,53.410025,544,54.291417,2,0.333333
122,18,8.411215,650,53.410025,544,54.291417,2,0.333333
90,19,8.878505,650,53.410025,544,54.291417,2,0.333333
98,20,9.345794,650,53.410025,544,54.291417,3,0.500000
167,21,9.813084,650,53.410025,544,54.291417,3,0.500000
