TestcaseNumber,TestcaseCount,TestcaseRatio,StatementCount,StatementRatio,BranchCount,BranchRatio,FaultCount,FaultRatio
99,1,0.467290,542,44.535744,454,45.309381,1,0.166667
84,2,0.934579,544,44.700082,454,45.309381,1,0.166667
7,3,1.401869,571,46.918652,480,47.904192,1,0.166667
204,4,1.869159,571,46.918652,480,47.904192,1,0.166667
88,5,2.336449,573,47.082991,484,48.303393,1,0.166667
121,6,2.803738,573,47.082991,484,48.303393,1,0.166667
164,7,3.271028,573,47.082991,484,48.303393,1,0.166667
175,8,3.738318,574,47.165160,484,48.303393,1,0.166667
36,9,4.205607,583,47.904684,488,48.702595,1,0.166667
186,10,4.672897,583,47.904684,488,48.702595,1,0.166667
64,11,5.140187,583,47.904684,488,48.702595,1,0.166667
169,12,5.607477,583,47.904684,488,48.702595,1,0.166667
97,13,6.074766,583,47.904684,488,48.702595,1,0.166667
122,14,6.542056,583,47.904684,488,48.702595,1,0.166667
148,15,7.009346,583,47.904684,488,48.702595,1,0.166667
160,16,7.476636,583,47.904684,488,48.702595,1,0.166667
194,17,7.943925,583,47.904684,488,48.702595,1,0.166667
76,18,8.411215,583,47.904684,488,48.702595,1,0.166667
184,19,8.878505,583,47.904684,488,48.702595,1,0.166667
43,20,9.345794,675,55.464256,568,56.686627,2,0.333333
151,21,9.813084,675,55.464256,568,56.686627,2,0.333333
38,22,10.280374,687,56.450288,582,58.083832,3,0.500000
