TestcaseNumber,TestcaseCount,TestcaseRatio,StatementCount,StatementRatio,BranchCount,BranchRatio,FaultCount,FaultRatio
163,1,0.467290,542,44.535744,460,45.908184,1,0.166667
94,2,0.934579,545,44.782251,462,46.107784,1,0.166667
18,3,1.401869,611,50.205423,516,51.497006,2,0.333333
70,4,1.869159,611,50.205423,516,51.497006,2,0.333333
142,5,2.336449,611,50.205423,516,51.497006,2,0.333333
17,6,2.803738,621,51.027116,518,51.696607,2,0.333333
141,7,3.271028,621,51.027116,518,51.696607,2,0.333333
28,8,3.738318,625,51.355793,520,51.896208,2,0.333333
54,9,4.205607,625,51.355793,520,51.896208,2,0.333333
139,10,4.672897,625,51.355793,520,51.896208,2,0.333333
154,11,5.140187,625,51.355793,520,51.896208,2,0.333333
211,12,5.607477,625,51.355793,520,51.896208,2,0.333333
178,13,6.074766,625,51.355793,520,51.896208,3,0.500000
69,14,6.542056,625,51.355793,520,51.896208,3,0.500000
117,15,7.009346,625,51.355793,520,51.896208,3,0.500000
170,16,7.476636,625,51.355793,520,51.896208,3,0.500000
186,17,7.943925,625,51.355793,520,51.896208,3,0.500000
