TestcaseNumber,TestcaseCount,TestcaseRatio,StatementCount,StatementRatio,BranchCount,BranchRatio,FaultCount,FaultRatio
45,1,0.467290,505,41.495481,398,39.720559,1,0.166667
6,2,0.934579,571,46.918652,496,49.500998,1,0.166667
34,3,1.401869,603,49.548069,522,52.095808,1,0.166667
203,4,1.869159,616,50.616270,532,53.093812,1,0.166667
155,5,2.336449,619,50.862777,532,53.093812,1,0.166667
171,6,2.803738,619,50.862777,532,53.093812,1,0.166667
177,7,3.271028,621,51.027116,532,53.093812,1,0.166667
202,8,3.738318,621,51.027116,532,53.093812,1,0.166667
9,9,4.205607,653,53.656532,556,55.489022,2,0.333333
59,10,4.672897,655,53.820871,556,55.489022,2,0.333333
95,11,5.140187,655,53.820871,556,55.489022,2,0.333333
137,12,5.607477,655,53.820871,556,55.489022,2,0.333333
189,13,6.074766,655,53.820871,556,55.489022,2,0.333333
120,14,6.542056,655,53.820871,556,55.489022,2,0.333333
69,15,7.009346,655,53.820871,556,55.489022,2,0.333333
