TestcaseNumber,TestcaseCount,TestcaseRatio,StatementCount,StatementRatio,BranchCount,BranchRatio,FaultCount,FaultRatio
114,1,0.467290,526,43.221035,444,44.311377,1,0.166667
13,2,0.934579,551,45.275267,466,46.506986,1,0.166667
186,3,1.401869,554,45.521775,470,46.906188,1,0.166667
185,4,1.869159,555,45.603944,470,46.906188,1,0.166667
190,5,2.336449,555,45.603944,470,46.906188,1,0.166667
42,6,2.803738,856,70.336894,726,72.455090,1,0.166667
173,7,3.271028,861,70.747740,730,72.854291,1,0.166667
134,8,3.738318,861,70.747740,730,72.854291,1,0.166667
37,9,4.205607,876,71.980279,748,74.650699,1,0.166667
89,10,4.672897,876,71.980279,748,74.650699,1,0.166667
17,11,5.140187,925,76.006574,782,78.043912,2,0.333333
105,12,5.607477,925,76.006574,782,78.043912,2,0.333333
92,13,6.074766,925,76.006574,782,78.043912,2,0.333333
66,14,6.542056,925,76.006574,782,78.043912,2,0.333333
35,15,7.009346,930,76.417420,782,78.043912,2,0.333333
10,16,7.476636,941,77.321282,792,79.041916,3,0.500000
15,17,7.943925,941,77.321282,792,79.041916,3,0.500000
125,18,8.411215,941,77.321282,792,79.041916,3,0.500000
104,19,8.878505,954,78.389482,802,80.039920,3,0.500000
22,20,9.345794,958,78.718159,804,80.239521,3,0.500000
132,21,9.813084,958,78.718159,804,80.239521,3,0.500000
102,22,10.280374,958,78.718159,804,80.239521,3,0.500000
26,23,10.747664,958,78.718159,804,80.239521,3,0.500000
77,24,11.214953,958,78.718159,804,80.239521,3,0.500000
