TestcaseNumber,TestcaseCount,TestcaseRatio,StatementCount,StatementRatio,BranchCount,BranchRatio,FaultCount,FaultRatio
190,1,0.467290,527,43.303205,448,44.710579,1,0.166667
105,2,0.934579,530,43.549712,448,44.710579,1,0.166667
30,3,1.401869,560,46.014790,468,46.706587,1,0.166667
135,4,1.869159,575,47.247329,478,47.704591,1,0.166667
43,5,2.336449,667,54.806902,558,55.688623,2,0.333333
156,6,2.803738,667,54.806902,558,55.688623,2,0.333333
27,7,3.271028,667,54.806902,558,55.688623,2,0.333333
17,8,3.738318,690,56.696795,574,57.285429,3,0.500000
41,9,4.205607,772,63.434675,630,62.874251,3,0.500000
180,10,4.672897,772,63.434675,630,62.874251,3,0.500000
50,11,5.140187,783,64.338537,640,63.872255,4,0.666667
70,12,5.607477,783,64.338537,640,63.872255,4,0.666667
98,13,6.074766,785,64.502876,644,64.271457,5,0.833333
179,14,6.542056,785,64.502876,644,64.271457,5,0.833333
20,15,7.009346,804,66.064092,658,65.668663,5,0.833333
120,16,7.476636,804,66.064092,658,65.668663,5,0.833333
209,17,7.943925,804,66.064092,658,65.668663,5,0.833333
104,18,8.411215,804,66.064092,658,65.668663,5,0.833333
118,19,8.878505,804,66.064092,658,65.668663,5,0.833333
14,20,9.345794,804,66.064092,658,65.668663,5,0.833333
