TestcaseNumber,TestcaseCount,TestcaseRatio,StatementCount,StatementRatio,BranchCount,BranchRatio,FaultCount,FaultRatio
209,1,0.467290,525,43.138866,448,44.710579,1,0.166667
192,2,0.934579,529,43.467543,452,45.109780,1,0.166667
129,3,1.401869,531,43.631882,452,45.109780,1,0.166667
133,4,1.869159,532,43.714051,452,45.109780,1,0.166667
89,5,2.336449,534,43.878389,452,45.109780,1,0.166667
62,6,2.803738,547,44.946590,462,46.107784,1,0.166667
58,7,3.271028,547,44.946590,462,46.107784,2,0.333333
138,8,3.738318,547,44.946590,462,46.107784,2,0.333333
164,9,4.205607,547,44.946590,462,46.107784,2,0.333333
34,10,4.672897,572,47.000822,484,48.303393,2,0.333333
48,11,5.140187,579,47.576007,488,48.702595,2,0.333333
82,12,5.607477,579,47.576007,488,48.702595,2,0.333333
160,13,6.074766,579,47.576007,488,48.702595,2,0.333333
28,14,6.542056,609,50.041085,508,50.698603,2,0.333333
123,15,7.009346,609,50.041085,508,50.698603,2,0.333333
49,16,7.476636,644,52.917009,534,53.293413,3,0.500000
199,17,7.943925,644,52.917009,534,53.293413,3,0.500000
102,18,8.411215,644,52.917009,534,53.293413,3,0.500000
44,19,8.878505,644,52.917009,534,53.293413,3,0.500000
179,20,9.345794,644,52.917009,534,53.293413,3,0.500000
10,21,9.813084,644,52.917009,534,53.293413,3,0.500000
72,22,10.280374,644,52.917009,534,53.293413,3,0.500000
184,23,10.747664,644,52.917009,534,53.293413,3,0.500000
83,24,11.214953,644,52.917009,534,53.293413,3,0.500000
