TestcaseNumber,TestcaseCount,TestcaseRatio,StatementCount,StatementRatio,BranchCount,BranchRatio,FaultCount,FaultRatio
123,1,0.467290,542,44.535744,456,45.508982,1,0.166667
103,2,0.934579,544,44.700082,456,45.508982,1,0.166667
51,3,1.401869,564,46.343468,474,47.305389,1,0.166667
204,4,1.869159,565,46.425637,480,47.904192,1,0.166667
201,5,2.336449,565,46.425637,480,47.904192,1,0.166667
161,6,2.803738,567,46.589975,480,47.904192,1,0.166667
104,7,3.271028,567,46.589975,480,47.904192,1,0.166667
92,8,3.738318,567,46.589975,480,47.904192,1,0.166667
1,9,4.205607,603,49.548069,504,50.299401,1,0.166667
108,10,4.672897,603,49.548069,504,50.299401,1,0.166667
53,11,5.140187,639,52.506163,534,53.293413,2,0.333333
38,12,5.607477,639,52.506163,534,53.293413,2,0.333333
152,13,6.074766,639,52.506163,534,53.293413,2,0.333333
105,14,6.542056,640,52.588332,534,53.293413,2,0.333333
88,15,7.009346,640,52.588332,534,53.293413,2,0.333333
99,16,7.476636,640,52.588332,534,53.293413,2,0.333333
170,17,7.943925,640,52.588332,534,53.293413,2,0.333333
147,18,8.411215,640,52.588332,534,53.293413,2,0.333333
