TestcaseNumber,TestcaseCount,TestcaseRatio,StatementCount,StatementRatio,BranchCount,BranchRatio,FaultCount,FaultRatio
143,1,0.467290,544,44.700082,460,45.908184,1,0.166667
87,2,0.934579,547,44.946590,462,46.107784,1,0.166667
17,3,1.401869,596,48.972884,496,49.500998,2,0.333333
118,4,1.869159,596,48.972884,496,49.500998,3,0.500000
202,5,2.336449,596,48.972884,496,49.500998,3,0.500000
107,6,2.803738,596,48.972884,496,49.500998,3,0.500000
180,7,3.271028,596,48.972884,496,49.500998,3,0.500000
72,8,3.738318,596,48.972884,496,49.500998,3,0.500000
25,9,4.205607,622,51.109285,518,51.696607,3,0.500000
174,10,4.672897,622,51.109285,518,51.696607,3,0.500000
213,11,5.140187,622,51.109285,518,51.696607,3,0.500000
211,12,5.607477,622,51.109285,518,51.696607,3,0.500000
189,13,6.074766,622,51.109285,518,51.696607,3,0.500000
178,14,6.542056,622,51.109285,518,51.696607,3,0.500000
