TestcaseNumber,TestcaseCount,TestcaseRatio,StatementCount,StatementRatio,BranchCount,BranchRatio,FaultCount,FaultRatio
17,1,0.467290,127,10.435497,140,13.972056,1,0.166667
172,2,0.934579,579,47.576007,484,48.303393,2,0.333333
32,3,1.401869,583,47.904684,486,48.502994,2,0.333333
45,4,1.869159,584,47.986853,488,48.702595,2,0.333333
76,5,2.336449,599,49.219392,498,49.700599,2,0.333333
110,6,2.803738,599,49.219392,498,49.700599,2,0.333333
3,7,3.271028,631,51.848809,522,52.095808,2,0.333333
188,8,3.738318,631,51.848809,522,52.095808,2,0.333333
148,9,4.205607,631,51.848809,522,52.095808,2,0.333333
169,10,4.672897,631,51.848809,522,52.095808,2,0.333333
22,11,5.140187,631,51.848809,522,52.095808,2,0.333333
122,12,5.607477,631,51.848809,522,52.095808,2,0.333333
21,13,6.074766,667,54.806902,548,54.690619,3,0.500000
114,14,6.542056,667,54.806902,548,54.690619,3,0.500000
157,15,7.009346,667,54.806902,548,54.690619,3,0.500000
54,16,7.476636,667,54.806902,548,54.690619,3,0.500000
158,17,7.943925,667,54.806902,548,54.690619,4,0.666667
167,18,8.411215,667,54.806902,548,54.690619,4,0.666667
160,19,8.878505,667,54.806902,548,54.690619,4,0.666667
103,20,9.345794,668,54.889071,548,54.690619,4,0.666667
199,21,9.813084,668,54.889071,548,54.690619,4,0.666667
19,22,10.280374,668,54.889071,548,54.690619,4,0.666667
