TestcaseNumber,TestcaseCount,TestcaseRatio,StatementCount,StatementRatio,BranchCount,BranchRatio,FaultCount,FaultRatio
193,1,0.467290,529,43.467543,450,44.910180,1,0.166667
178,2,0.934579,542,44.535744,460,45.908184,2,0.333333
149,3,1.401869,545,44.782251,462,46.107784,2,0.333333
66,4,1.869159,547,44.946590,462,46.107784,2,0.333333
110,5,2.336449,547,44.946590,462,46.107784,2,0.333333
41,6,2.803738,657,53.985210,544,54.291417,2,0.333333
70,7,3.271028,657,53.985210,544,54.291417,2,0.333333
91,8,3.738318,657,53.985210,544,54.291417,2,0.333333
62,9,4.205607,657,53.985210,544,54.291417,2,0.333333
86,10,4.672897,657,53.985210,544,54.291417,2,0.333333
129,11,5.140187,657,53.985210,544,54.291417,2,0.333333
95,12,5.607477,658,54.067379,544,54.291417,2,0.333333
126,13,6.074766,658,54.067379,544,54.291417,2,0.333333
132,14,6.542056,658,54.067379,544,54.291417,2,0.333333
