TestcaseNumber,TestcaseCount,TestcaseRatio,StatementCount,StatementRatio,BranchCount,BranchRatio,FaultCount,FaultRatio
103,1,0.467290,544,44.700082,456,45.508982,1,0.166667
160,2,0.934579,547,44.946590,462,46.107784,1,0.166667
15,3,1.401869,572,47.000822,484,48.303393,1,0.166667
66,4,1.869159,572,47.000822,484,48.303393,1,0.166667
168,5,2.336449,572,47.000822,484,48.303393,1,0.166667
53,6,2.803738,608,49.958915,514,51.297405,2,0.333333
143,7,3.271028,608,49.958915,514,51.297405,2,0.333333
57,8,3.738318,608,49.958915,514,51.297405,2,0.333333
147,9,4.205607,608,49.958915,514,51.297405,2,0.333333
155,10,4.672897,609,50.041085,514,51.297405,2,0.333333
162,11,5.140187,609,50.041085,514,51.297405,2,0.333333
3,12,5.607477,616,50.616270,516,51.497006,2,0.333333
12,13,6.074766,646,53.081348,536,53.493014,2,0.333333
112,14,6.542056,646,53.081348,536,53.493014,2,0.333333
159,15,7.009346,646,53.081348,536,53.493014,2,0.333333
89,16,7.476636,646,53.081348,536,53.493014,2,0.333333
