TestcaseNumber,TestcaseCount,TestcaseRatio,StatementCount,StatementRatio,BranchCount,BranchRatio,FaultCount,FaultRatio
139,1,0.467290,542,44.535744,458,45.708583,1,0.166667
179,2,0.934579,542,44.535744,458,45.708583,1,0.166667
69,3,1.401869,544,44.700082,458,45.708583,1,0.166667
116,4,1.869159,544,44.700082,458,45.708583,1,0.166667
27,5,2.336449,574,47.165160,478,47.704591,1,0.166667
98,6,2.803738,576,47.329499,482,48.103792,2,0.333333
146,7,3.271028,576,47.329499,482,48.103792,2,0.333333
190,8,3.738318,576,47.329499,482,48.103792,2,0.333333
35,9,4.205607,585,48.069022,486,48.502994,2,0.333333
117,10,4.672897,585,48.069022,486,48.502994,2,0.333333
51,11,5.140187,585,48.069022,486,48.502994,2,0.333333
170,12,5.607477,585,48.069022,486,48.502994,2,0.333333
199,13,6.074766,585,48.069022,486,48.502994,2,0.333333
36,14,6.542056,585,48.069022,486,48.502994,2,0.333333
