TestcaseNumber,TestcaseCount,TestcaseRatio,StatementCount,StatementRatio,BranchCount,BranchRatio,FaultCount,FaultRatio
180,1,0.467290,540,44.371405,458,45.708583,1,0.166667
159,2,0.934579,542,44.535744,458,45.708583,1,0.166667
48,3,1.401869,551,45.275267,466,46.506986,1,0.166667
202,4,1.869159,551,45.275267,466,46.506986,1,0.166667
127,5,2.336449,553,45.439606,466,46.506986,1,0.166667
46,6,2.803738,581,47.740345,496,49.500998,1,0.166667
172,7,3.271028,581,47.740345,496,49.500998,1,0.166667
40,8,3.738318,882,72.473295,752,75.049900,1,0.166667
43,9,4.205607,940,77.239113,806,80.439122,2,0.333333
85,10,4.672897,941,77.321282,806,80.439122,2,0.333333
207,11,5.140187,941,77.321282,806,80.439122,2,0.333333
205,12,5.607477,941,77.321282,806,80.439122,2,0.333333
110,13,6.074766,941,77.321282,806,80.439122,2,0.333333
138,14,6.542056,941,77.321282,806,80.439122,3,0.500000
27,15,7.009346,971,79.786360,826,82.435130,3,0.500000
136,16,7.476636,971,79.786360,826,82.435130,3,0.500000
107,17,7.943925,971,79.786360,826,82.435130,3,0.500000
71,18,8.411215,971,79.786360,826,82.435130,3,0.500000
68,19,8.878505,971,79.786360,826,82.435130,3,0.500000
