TestcaseNumber,TestcaseCount,TestcaseRatio,StatementCount,StatementRatio,BranchCount,BranchRatio,FaultCount,FaultRatio
35,1,0.467290,346,28.430567,254,25.349301,0,0.000000
121,2,0.934579,549,45.110929,462,46.107784,1,0.166667
80,3,1.401869,551,45.275267,462,46.107784,1,0.166667
206,4,1.869159,551,45.275267,462,46.107784,1,0.166667
41,5,2.336449,661,54.313887,544,54.291417,1,0.166667
213,6,2.803738,664,54.560394,548,54.690619,1,0.166667
36,7,3.271028,664,54.560394,548,54.690619,1,0.166667
133,8,3.738318,664,54.560394,548,54.690619,1,0.166667
96,9,4.205607,666,54.724733,548,54.690619,1,0.166667
100,10,4.672897,666,54.724733,548,54.690619,1,0.166667
52,11,5.140187,678,55.710764,564,56.287425,1,0.166667
119,12,5.607477,678,55.710764,564,56.287425,1,0.166667
148,13,6.074766,678,55.710764,564,56.287425,1,0.166667
91,14,6.542056,678,55.710764,564,56.287425,1,0.166667
19,15,7.009346,692,56.861134,574,57.285429,2,0.333333
177,16,7.476636,692,56.861134,574,57.285429,2,0.333333
56,17,7.943925,692,56.861134,574,57.285429,2,0.333333
98,18,8.411215,692,56.861134,574,57.285429,3,0.500000
151,19,8.878505,692,56.861134,574,57.285429,3,0.500000
71,20,9.345794,692,56.861134,574,57.285429,3,0.500000
20,21,9.813084,734,60.312243,606,60.479042,3,0.500000
190,22,10.280374,734,60.312243,606,60.479042,3,0.500000
75,23,10.747664,735,60.394412,606,60.479042,3,0.500000
