TestcaseNumber,TestcaseCount,TestcaseRatio,StatementCount,StatementRatio,BranchCount,BranchRatio,FaultCount,FaultRatio
22,1,0.467290,108,8.874281,126,12.574850,0,0.000000
122,2,0.934579,571,46.918652,476,47.504990,1,0.166667
47,3,1.401869,606,49.794577,506,50.499002,2,0.333333
110,4,1.869159,609,50.041085,508,50.698603,2,0.333333
133,5,2.336449,610,50.123254,508,50.698603,2,0.333333
167,6,2.803738,612,50.287592,508,50.698603,2,0.333333
64,7,3.271028,612,50.287592,508,50.698603,2,0.333333
89,8,3.738318,612,50.287592,508,50.698603,2,0.333333
57,9,4.205607,612,50.287592,508,50.698603,2,0.333333
191,10,4.672897,612,50.287592,508,50.698603,2,0.333333
154,11,5.140187,612,50.287592,508,50.698603,2,0.333333
92,12,5.607477,612,50.287592,508,50.698603,2,0.333333
156,13,6.074766,612,50.287592,508,50.698603,2,0.333333
107,14,6.542056,612,50.287592,508,50.698603,2,0.333333
128,15,7.009346,612,50.287592,508,50.698603,2,0.333333
4,16,7.476636,621,51.027116,508,50.698603,2,0.333333
147,17,7.943925,621,51.027116,508,50.698603,2,0.333333
141,18,8.411215,621,51.027116,508,50.698603,2,0.333333
86,19,8.878505,621,51.027116,508,50.698603,2,0.333333
76,20,9.345794,621,51.027116,508,50.698603,2,0.333333
155,21,9.813084,622,51.109285,508,50.698603,2,0.333333
178,22,10.280374,622,51.109285,508,50.698603,3,0.500000
189,23,10.747664,622,51.109285,508,50.698603,3,0.500000
23,24,11.214953,647,53.163517,530,52.894212,3,0.500000
