TestcaseNumber,TestcaseCount,TestcaseRatio,StatementCount,StatementRatio,BranchCount,BranchRatio,FaultCount,FaultRatio
142,1,0.467290,543,44.617913,460,45.908184,1,0.166667
176,2,0.934579,544,44.700082,462,46.107784,1,0.166667
4,3,1.401869,553,45.439606,462,46.107784,1,0.166667
187,4,1.869159,553,45.439606,462,46.107784,1,0.166667
149,5,2.336449,553,45.439606,462,46.107784,1,0.166667
158,6,2.803738,553,45.439606,462,46.107784,2,0.333333
24,7,3.271028,583,47.904684,482,48.103792,2,0.333333
32,8,3.738318,583,47.904684,482,48.103792,2,0.333333
69,9,4.205607,585,48.069022,482,48.103792,2,0.333333
114,10,4.672897,585,48.069022,482,48.103792,2,0.333333
77,11,5.140187,585,48.069022,482,48.103792,2,0.333333
196,12,5.607477,585,48.069022,482,48.103792,2,0.333333
147,13,6.074766,585,48.069022,482,48.103792,2,0.333333
212,14,6.542056,585,48.069022,482,48.103792,2,0.333333
90,15,7.009346,585,48.069022,482,48.103792,2,0.333333
153,16,7.476636,586,48.151191,482,48.103792,2,0.333333
127,17,7.943925,586,48.151191,482,48.103792,2,0.333333
46,18,8.411215,614,50.451931,512,51.097804,2,0.333333
17,19,8.878505,637,52.341824,528,52.694611,3,0.500000
14,20,9.345794,637,52.341824,528,52.694611,3,0.500000
92,21,9.813084,637,52.341824,528,52.694611,3,0.500000
