TestcaseNumber,TestcaseCount,TestcaseRatio,StatementCount,StatementRatio,BranchCount,BranchRatio,FaultCount,FaultRatio
53,1,0.467290,131,10.764174,152,15.169661,2,0.333333
77,2,0.934579,578,47.493837,488,48.702595,2,0.333333
182,3,1.401869,582,47.822514,492,49.101796,2,0.333333
205,4,1.869159,583,47.904684,492,49.101796,2,0.333333
97,5,2.336449,583,47.904684,492,49.101796,2,0.333333
92,6,2.803738,583,47.904684,492,49.101796,2,0.333333
190,7,3.271028,583,47.904684,492,49.101796,2,0.333333
112,8,3.738318,583,47.904684,492,49.101796,2,0.333333
165,9,4.205607,583,47.904684,492,49.101796,2,0.333333
131,10,4.672897,583,47.904684,492,49.101796,2,0.333333
206,11,5.140187,583,47.904684,492,49.101796,2,0.333333
110,12,5.607477,583,47.904684,492,49.101796,2,0.333333
7,13,6.074766,610,50.123254,514,51.297405,2,0.333333
24,14,6.542056,640,52.588332,534,53.293413,2,0.333333
116,15,7.009346,640,52.588332,534,53.293413,2,0.333333
194,16,7.476636,640,52.588332,534,53.293413,2,0.333333
198,17,7.943925,640,52.588332,534,53.293413,3,0.500000
