TestcaseNumber,TestcaseCount,TestcaseRatio,StatementCount,StatementRatio,BranchCount,BranchRatio,FaultCount,FaultRatio
37,1,0.467290,504,41.413311,408,40.718563,1,0.166667
15,2,0.934579,558,45.850452,480,47.904192,1,0.166667
126,3,1.401869,571,46.918652,492,49.101796,1,0.166667
157,4,1.869159,584,47.986853,502,50.099800,1,0.166667
156,5,2.336449,584,47.986853,502,50.099800,1,0.166667
114,6,2.803738,586,48.151191,502,50.099800,1,0.166667
3,7,3.271028,593,48.726376,504,50.299401,1,0.166667
51,8,3.738318,613,50.369762,522,52.095808,1,0.166667
66,9,4.205607,613,50.369762,522,52.095808,1,0.166667
53,10,4.672897,649,53.327855,552,55.089820,2,0.333333
14,11,5.140187,659,54.149548,554,55.289421,2,0.333333
190,12,5.607477,659,54.149548,554,55.289421,2,0.333333
151,13,6.074766,659,54.149548,554,55.289421,2,0.333333
47,14,6.542056,662,54.396056,554,55.289421,2,0.333333
57,15,7.009346,662,54.396056,554,55.289421,2,0.333333
70,16,7.476636,662,54.396056,554,55.289421,2,0.333333
161,17,7.943925,662,54.396056,554,55.289421,2,0.333333
192,18,8.411215,662,54.396056,554,55.289421,2,0.333333
42,19,8.878505,939,77.156943,794,79.241517,2,0.333333
121,20,9.345794,939,77.156943,794,79.241517,2,0.333333
113,21,9.813084,940,77.239113,794,79.241517,2,0.333333
