TestcaseNumber,TestcaseCount,TestcaseRatio,StatementCount,StatementRatio,BranchCount,BranchRatio,FaultCount,FaultRatio
43,1,0.467290,202,16.598192,216,21.556886,1,0.166667
75,2,0.934579,627,51.520131,530,52.894212,2,0.333333
133,3,1.401869,638,52.423993,542,54.091816,2,0.333333
104,4,1.869159,640,52.588332,542,54.091816,2,0.333333
157,5,2.336449,640,52.588332,542,54.091816,2,0.333333
118,6,2.803738,640,52.588332,542,54.091816,3,0.500000
49,7,3.271028,651,53.492194,552,55.089820,4,0.666667
130,8,3.738318,651,53.492194,552,55.089820,4,0.666667
128,9,4.205607,651,53.492194,552,55.089820,4,0.666667
171,10,4.672897,651,53.492194,552,55.089820,4,0.666667
185,11,5.140187,651,53.492194,552,55.089820,4,0.666667
117,12,5.607477,651,53.492194,552,55.089820,4,0.666667
81,13,6.074766,651,53.492194,552,55.089820,4,0.666667
187,14,6.542056,651,53.492194,552,55.089820,4,0.666667
101,15,7.009346,651,53.492194,552,55.089820,4,0.666667
158,16,7.476636,651,53.492194,552,55.089820,4,0.666667
200,17,7.943925,651,53.492194,552,55.089820,4,0.666667
