TestcaseNumber,TestcaseCount,TestcaseRatio,StatementCount,StatementRatio,BranchCount,BranchRatio,FaultCount,FaultRatio
79,1,0.467290,542,44.535744,454,45.309381,1,0.166667
188,2,0.934579,546,44.864421,462,46.107784,1,0.166667
67,3,1.401869,546,44.864421,462,46.107784,1,0.166667
75,4,1.869159,547,44.946590,462,46.107784,1,0.166667
165,5,2.336449,547,44.946590,462,46.107784,1,0.166667
147,6,2.803738,547,44.946590,462,46.107784,1,0.166667
2,7,3.271028,554,45.521775,464,46.307385,1,0.166667
81,8,3.738318,554,45.521775,464,46.307385,1,0.166667
120,9,4.205607,554,45.521775,464,46.307385,1,0.166667
96,10,4.672897,554,45.521775,464,46.307385,1,0.166667
38,11,5.140187,590,48.479869,494,49.301397,2,0.333333
101,12,5.607477,590,48.479869,494,49.301397,2,0.333333
204,13,6.074766,590,48.479869,494,49.301397,2,0.333333
51,14,6.542056,610,50.123254,512,51.097804,2,0.333333
109,15,7.009346,610,50.123254,512,51.097804,2,0.333333
54,16,7.476636,610,50.123254,512,51.097804,2,0.333333
10,17,7.943925,638,52.423993,534,53.293413,2,0.333333
98,18,8.411215,638,52.423993,534,53.293413,3,0.500000
110,19,8.878505,638,52.423993,534,53.293413,3,0.500000
