TestcaseNumber,TestcaseCount,TestcaseRatio,StatementCount,StatementRatio,BranchCount,BranchRatio,FaultCount,FaultRatio
39,1,0.467290,443,36.400986,370,36.926148,1,0.166667
41,2,0.934579,570,46.836483,502,50.099800,1,0.166667
34,3,1.401869,674,55.382087,568,56.686627,1,0.166667
1,4,1.869159,685,56.285949,570,56.886228,1,0.166667
160,5,2.336449,701,57.600657,582,58.083832,1,0.166667
122,6,2.803738,703,57.764996,582,58.083832,1,0.166667
188,7,3.271028,705,57.929334,582,58.083832,1,0.166667
197,8,3.738318,705,57.929334,582,58.083832,1,0.166667
169,9,4.205607,705,57.929334,582,58.083832,1,0.166667
7,10,4.672897,707,58.093673,582,58.083832,1,0.166667
117,11,5.140187,707,58.093673,582,58.083832,1,0.166667
68,12,5.607477,707,58.093673,582,58.083832,1,0.166667
190,13,6.074766,707,58.093673,582,58.083832,1,0.166667
108,14,6.542056,707,58.093673,582,58.083832,1,0.166667
67,15,7.009346,707,58.093673,582,58.083832,1,0.166667
