TestcaseNumber,TestcaseCount,TestcaseRatio,StatementCount,StatementRatio,BranchCount,BranchRatio,FaultCount,FaultRatio
22,1,0.467290,108,8.874281,126,12.574850,0,0.000000
44,2,0.934579,553,45.439606,468,46.706587,1,0.166667
176,3,1.401869,570,46.836483,478,47.704591,1,0.166667
125,4,1.869159,573,47.082991,478,47.704591,1,0.166667
195,5,2.336449,573,47.082991,478,47.704591,1,0.166667
2,6,2.803738,580,47.658176,480,47.904192,1,0.166667
191,7,3.271028,580,47.658176,480,47.904192,1,0.166667
5,8,3.738318,614,50.451931,502,50.099800,1,0.166667
207,9,4.205607,614,50.451931,502,50.099800,1,0.166667
116,10,4.672897,614,50.451931,502,50.099800,1,0.166667
178,11,5.140187,616,50.616270,506,50.499002,2,0.333333
28,12,5.607477,616,50.616270,506,50.499002,2,0.333333
53,13,6.074766,652,53.574363,536,53.493014,3,0.500000
69,14,6.542056,654,53.738702,536,53.493014,3,0.500000
212,15,7.009346,654,53.738702,536,53.493014,3,0.500000
