TestcaseNumber,TestcaseCount,TestcaseRatio,StatementCount,StatementRatio,BranchCount,BranchRatio,FaultCount,FaultRatio
41,1,0.467290,212,17.419885,212,21.157685,0,0.000000
43,2,0.934579,284,23.336072,272,27.145709,1,0.166667
190,3,1.401869,701,57.600657,584,58.283433,2,0.333333
6,4,1.869159,751,61.709121,632,63.073852,2,0.333333
16,5,2.336449,774,63.599014,648,64.670659,3,0.500000
9,6,2.803738,803,65.981923,670,66.866267,4,0.666667
28,7,3.271028,806,66.228431,670,66.866267,4,0.666667
42,8,3.738318,1073,88.167625,900,89.820359,4,0.666667
1,9,4.205607,1109,91.125719,924,92.215569,4,0.666667
67,10,4.672897,1113,91.454396,924,92.215569,4,0.666667
3,11,5.140187,1120,92.029581,926,92.415170,4,0.666667
46,12,5.607477,1148,94.330320,956,95.409182,4,0.666667
4,13,6.074766,1157,95.069844,956,95.409182,4,0.666667
39,14,6.542056,1171,96.220214,972,97.005988,4,0.666667
49,15,7.009346,1182,97.124076,982,98.003992,5,0.833333
119,16,7.476636,1195,98.192276,992,99.001996,5,0.833333
48,17,7.943925,1202,98.767461,996,99.401198,5,0.833333
20,18,8.411215,1209,99.342646,998,99.600798,5,0.833333
35,19,8.878505,1211,99.506984,998,99.600798,5,0.833333
53,20,9.345794,1215,99.835661,1002,100.000000,5,0.833333
65,21,9.813084,1216,99.917831,1002,100.000000,5,0.833333
203,22,10.280374,1217,100.000000,1002,100.000000,5,0.833333
