TestcaseNumber,TestcaseCount,TestcaseRatio,StatementCount,StatementRatio,BranchCount,BranchRatio,FaultCount,FaultRatio
326,1,0.270270,689,57.273483,565,66.236811,0,0.000000
356,2,0.540541,730,60.681629,593,69.519343,0,0.000000
27,3,0.810811,761,63.258520,623,73.036342,0,0.000000
261,4,1.081081,828,68.827930,680,79.718640,1,0.250000
28,5,1.351351,835,69.409809,682,79.953107,1,0.250000
22,6,1.621622,861,71.571072,688,80.656506,1,0.250000
31,7,1.891892,888,73.815461,692,81.125440,1,0.250000
225,8,2.162162,909,75.561097,718,84.173505,2,0.500000
66,9,2.432432,922,76.641729,726,85.111372,2,0.500000
32,10,2.702703,926,76.974231,732,85.814771,2,0.500000
55,11,2.972973,947,78.719867,744,87.221571,2,0.500000
364,12,3.243243,991,82.377390,766,89.800703,2,0.500000
17,13,3.513514,998,82.959268,768,90.035170,2,0.500000
91,14,3.783784,1004,83.458022,776,90.973036,2,0.500000
366,15,4.054054,1028,85.453034,793,92.966002,2,0.500000
62,16,4.324324,1063,88.362427,813,95.310668,2,0.500000
138,17,4.594595,1068,88.778055,819,96.014068,2,0.500000
92,18,4.864865,1071,89.027431,821,96.248535,2,0.500000
201,19,5.135135,1077,89.526185,823,96.483001,2,0.500000
365,20,5.405405,1083,90.024938,825,96.717468,2,0.500000
39,21,5.675676,1087,90.357440,829,97.186401,2,0.500000
363,22,5.945946,1110,92.269327,835,97.889801,2,0.500000
18,23,6.216216,1111,92.352452,837,98.124267,2,0.500000
259,24,6.486486,1118,92.934331,841,98.593200,2,0.500000
210,25,6.756757,1121,93.183707,843,98.827667,2,0.500000
342,26,7.027027,1130,93.931837,845,99.062134,2,0.500000
267,27,7.297297,1130,93.931837,847,99.296600,2,0.500000
194,28,7.567568,1133,94.181214,849,99.531067,3,0.750000
4,29,7.837838,1146,95.261845,851,99.765533,3,0.750000
296,30,8.108108,1146,95.261845,853,100.000000,3,0.750000
