TestcaseNumber,TestcaseCount,TestcaseRatio,StatementCount,StatementRatio,BranchCount,BranchRatio,FaultCount,FaultRatio
337,1,0.270270,601,49.958437,477,55.920281,1,0.250000
328,2,0.540541,673,55.943475,527,61.781946,2,0.500000
274,3,0.810811,700,58.187864,569,66.705744,2,0.500000
324,4,1.081081,705,58.603491,575,67.409144,2,0.500000
95,5,1.351351,759,63.092269,625,73.270809,3,0.750000
257,6,1.621622,759,63.092269,625,73.270809,3,0.750000
1,7,1.891892,791,65.752286,631,73.974209,3,0.750000
135,8,2.162162,842,69.991687,657,77.022274,3,0.750000
223,9,2.432432,857,71.238570,663,77.725674,3,0.750000
330,10,2.702703,891,74.064838,693,81.242673,3,0.750000
188,11,2.972973,908,75.477972,706,82.766706,3,0.750000
365,12,3.243243,921,76.558603,708,83.001172,3,0.750000
148,13,3.513514,921,76.558603,708,83.001172,3,0.750000
15,14,3.783784,927,77.057357,708,83.001172,3,0.750000
318,15,4.054054,927,77.057357,708,83.001172,3,0.750000
271,16,4.324324,927,77.057357,708,83.001172,3,0.750000
56,17,4.594595,927,77.057357,708,83.001172,3,0.750000
306,18,4.864865,927,77.057357,708,83.001172,3,0.750000
170,19,5.135135,928,77.140482,708,83.001172,3,0.750000
192,20,5.405405,928,77.140482,708,83.001172,3,0.750000
309,21,5.675676,928,77.140482,708,83.001172,3,0.750000
81,22,5.945946,928,77.140482,708,83.001172,3,0.750000
116,23,6.216216,928,77.140482,708,83.001172,3,0.750000
208,24,6.486486,930,77.306733,710,83.235639,3,0.750000
217,25,6.756757,930,77.306733,710,83.235639,3,0.750000
235,26,7.027027,930,77.306733,710,83.235639,3,0.750000
285,27,7.297297,948,78.802993,724,84.876905,3,0.750000
334,28,7.567568,948,78.802993,724,84.876905,3,0.750000
83,29,7.837838,948,78.802993,724,84.876905,3,0.750000
347,30,8.108108,955,79.384871,728,85.345838,3,0.750000
161,31,8.378378,955,79.384871,728,85.345838,3,0.750000
80,32,8.648649,955,79.384871,728,85.345838,3,0.750000
325,33,8.918919,955,79.384871,728,85.345838,3,0.750000
43,34,9.189189,955,79.384871,728,85.345838,3,0.750000
276,35,9.459459,961,79.883624,736,86.283705,3,0.750000
355,36,9.729730,961,79.883624,736,86.283705,3,0.750000
354,37,10.000000,961,79.883624,736,86.283705,3,0.750000
229,38,10.270270,961,79.883624,736,86.283705,3,0.750000
177,39,10.540541,967,80.382377,740,86.752638,3,0.750000
100,40,10.810811,967,80.382377,740,86.752638,3,0.750000
278,41,11.081081,970,80.631754,742,86.987104,3,0.750000
10,42,11.351351,970,80.631754,742,86.987104,3,0.750000
