TestcaseNumber,TestcaseCount,TestcaseRatio,StatementCount,StatementRatio,BranchCount,BranchRatio,FaultCount,FaultRatio
257,1,0.270270,494,41.064007,420,49.237984,2,0.500000
351,2,0.540541,550,45.719036,458,53.692849,3,0.750000
17,3,0.810811,569,47.298421,468,54.865182,3,0.750000
280,4,1.081081,651,54.114713,522,61.195780,3,0.750000
239,5,1.351351,659,54.779717,540,63.305979,3,0.750000
267,6,1.621622,690,57.356608,568,66.588511,3,0.750000
105,7,1.891892,693,57.605985,568,66.588511,3,0.750000
336,8,2.162162,846,70.324190,683,80.070340,3,0.750000
327,9,2.432432,870,72.319202,698,81.828839,3,0.750000
361,10,2.702703,871,72.402328,698,81.828839,3,0.750000
301,11,2.972973,879,73.067332,700,82.063306,3,0.750000
165,12,3.243243,879,73.067332,700,82.063306,3,0.750000
38,13,3.513514,901,74.896093,702,82.297773,3,0.750000
322,14,3.783784,901,74.896093,702,82.297773,3,0.750000
287,15,4.054054,901,74.896093,702,82.297773,3,0.750000
169,16,4.324324,902,74.979219,702,82.297773,3,0.750000
210,17,4.594595,907,75.394846,706,82.766706,3,0.750000
31,18,4.864865,915,76.059850,708,83.001172,3,0.750000
260,19,5.135135,924,76.807980,716,83.939039,3,0.750000
255,20,5.405405,924,76.807980,716,83.939039,3,0.750000
113,21,5.675676,930,77.306733,716,83.939039,3,0.750000
313,22,5.945946,958,79.634248,736,86.283705,3,0.750000
60,23,6.216216,958,79.634248,736,86.283705,3,0.750000
326,24,6.486486,958,79.634248,736,86.283705,3,0.750000
347,25,6.756757,962,79.966750,738,86.518171,3,0.750000
244,26,7.027027,962,79.966750,738,86.518171,3,0.750000
90,27,7.297297,962,79.966750,738,86.518171,3,0.750000
290,28,7.567568,962,79.966750,738,86.518171,3,0.750000
170,29,7.837838,962,79.966750,738,86.518171,3,0.750000
308,30,8.108108,962,79.966750,738,86.518171,3,0.750000
92,31,8.378378,965,80.216126,740,86.752638,3,0.750000
278,32,8.648649,965,80.216126,740,86.752638,3,0.750000
37,33,8.918919,965,80.216126,740,86.752638,3,0.750000
325,34,9.189189,965,80.216126,740,86.752638,3,0.750000
149,35,9.459459,965,80.216126,740,86.752638,3,0.750000
205,36,9.729730,966,80.299252,742,86.987104,3,0.750000
266,37,10.000000,966,80.299252,742,86.987104,3,0.750000
24,38,10.270270,979,81.379884,742,86.987104,3,0.750000
