TestcaseNumber,TestcaseCount,TestcaseRatio,StatementCount,StatementRatio,BranchCount,BranchRatio,FaultCount,FaultRatio
226,1,0.270270,538,44.721530,466,54.630715,0,0.000000
46,2,0.540541,559,46.467165,478,56.037515,0,0.000000
14,3,0.810811,561,46.633416,480,56.271981,0,0.000000
150,4,1.081081,756,62.842893,622,72.919109,0,0.000000
273,5,1.351351,765,63.591022,628,73.622509,1,0.250000
305,6,1.621622,783,65.087282,640,75.029308,1,0.250000
308,7,1.891892,788,65.502909,644,75.498242,1,0.250000
7,8,2.162162,809,67.248545,646,75.732708,1,0.250000
112,9,2.432432,812,67.497922,646,75.732708,1,0.250000
55,10,2.702703,833,69.243558,658,77.139508,1,0.250000
227,11,2.972973,836,69.492934,662,77.608441,1,0.250000
8,12,3.243243,836,69.492934,662,77.608441,1,0.250000
351,13,3.513514,885,73.566085,694,81.359906,2,0.500000
357,14,3.783784,892,74.147963,700,82.063306,2,0.500000
291,15,4.054054,903,75.062344,708,83.001172,2,0.500000
222,16,4.324324,903,75.062344,708,83.001172,2,0.500000
200,17,4.594595,924,76.807980,725,84.994138,2,0.500000
257,18,4.864865,927,77.057357,727,85.228605,3,0.750000
241,19,5.135135,946,78.636741,739,86.635404,3,0.750000
22,20,5.405405,972,80.798005,745,87.338804,3,0.750000
34,21,5.675676,973,80.881131,745,87.338804,3,0.750000
334,22,5.945946,973,80.881131,745,87.338804,3,0.750000
91,23,6.216216,979,81.379884,753,88.276671,3,0.750000
101,24,6.486486,987,82.044888,755,88.511137,3,0.750000
175,25,6.756757,987,82.044888,755,88.511137,3,0.750000
145,26,7.027027,987,82.044888,755,88.511137,3,0.750000
149,27,7.297297,987,82.044888,755,88.511137,3,0.750000
256,28,7.567568,987,82.044888,755,88.511137,3,0.750000
268,29,7.837838,987,82.044888,755,88.511137,3,0.750000
148,30,8.108108,987,82.044888,755,88.511137,3,0.750000
330,31,8.378378,988,82.128013,755,88.511137,3,0.750000
