TestcaseNumber,TestcaseCount,TestcaseRatio,StatementCount,StatementRatio,BranchCount,BranchRatio,FaultCount,FaultRatio
211,1,0.270270,550,45.719036,449,52.637749,1,0.250000
221,2,0.540541,647,53.782211,524,61.430246,1,0.250000
273,3,0.810811,656,54.530341,526,61.664713,1,0.250000
70,4,1.081081,696,57.855362,564,66.119578,1,0.250000
204,5,1.351351,789,65.586035,624,73.153576,1,0.250000
209,6,1.621622,793,65.918537,626,73.388042,1,0.250000
3,7,1.891892,797,66.251039,626,73.388042,1,0.250000
9,8,2.162162,797,66.251039,626,73.388042,1,0.250000
76,9,2.432432,797,66.251039,626,73.388042,1,0.250000
144,10,2.702703,798,66.334165,626,73.388042,1,0.250000
42,11,2.972973,798,66.334165,626,73.388042,1,0.250000
186,12,3.243243,811,67.414796,645,75.615475,1,0.250000
101,13,3.513514,816,67.830424,647,75.849941,1,0.250000
269,14,3.783784,816,67.830424,649,76.084408,1,0.250000
92,15,4.054054,865,71.903574,683,80.070340,2,0.500000
316,16,4.324324,866,71.986700,683,80.070340,2,0.500000
367,17,4.594595,892,74.147963,685,80.304807,2,0.500000
215,18,4.864865,892,74.147963,685,80.304807,2,0.500000
34,19,5.135135,893,74.231089,685,80.304807,2,0.500000
251,20,5.405405,909,75.561097,706,82.766706,2,0.500000
255,21,5.675676,909,75.561097,706,82.766706,2,0.500000
202,22,5.945946,928,77.140482,723,84.759672,2,0.500000
346,23,6.216216,939,78.054863,729,85.463072,3,0.750000
39,24,6.486486,942,78.304239,729,85.463072,3,0.750000
306,25,6.756757,942,78.304239,729,85.463072,3,0.750000
104,26,7.027027,942,78.304239,729,85.463072,3,0.750000
