TestcaseNumber,TestcaseCount,TestcaseRatio,StatementCount,StatementRatio,BranchCount,BranchRatio,FaultCount,FaultRatio
332,1,0.270270,643,53.449709,505,59.202814,0,0.000000
272,2,0.540541,709,58.935993,551,64.595545,0,0.000000
359,3,0.810811,713,59.268495,555,65.064478,1,0.250000
64,4,1.081081,728,60.515378,569,66.705744,1,0.250000
56,5,1.351351,728,60.515378,569,66.705744,2,0.500000
325,6,1.621622,735,61.097257,585,68.581477,2,0.500000
9,7,1.891892,735,61.097257,585,68.581477,2,0.500000
287,8,2.162162,735,61.097257,585,68.581477,2,0.500000
32,9,2.432432,758,63.009144,593,69.519343,2,0.500000
175,10,2.702703,770,64.006650,601,70.457210,2,0.500000
138,11,2.972973,780,64.837905,611,71.629543,2,0.500000
127,12,3.243243,829,68.911056,669,78.429074,2,0.500000
262,13,3.513514,874,72.651704,693,81.242673,2,0.500000
119,14,3.783784,874,72.651704,695,81.477140,2,0.500000
315,15,4.054054,874,72.651704,695,81.477140,2,0.500000
306,16,4.324324,874,72.651704,695,81.477140,2,0.500000
83,17,4.594595,874,72.651704,695,81.477140,2,0.500000
116,18,4.864865,874,72.651704,695,81.477140,2,0.500000
109,19,5.135135,875,72.734830,697,81.711606,2,0.500000
273,20,5.405405,875,72.734830,697,81.711606,2,0.500000
58,21,5.675676,875,72.734830,697,81.711606,2,0.500000
305,22,5.945946,899,74.729842,709,83.118406,2,0.500000
103,23,6.216216,899,74.729842,709,83.118406,2,0.500000
178,24,6.486486,905,75.228595,713,83.587339,2,0.500000
13,25,6.756757,907,75.394846,715,83.821805,2,0.500000
244,26,7.027027,913,75.893599,721,84.525205,2,0.500000
292,27,7.297297,916,76.142976,723,84.759672,3,0.750000
342,28,7.567568,933,77.556110,734,86.049238,3,0.750000
94,29,7.837838,936,77.805486,736,86.283705,3,0.750000
367,30,8.108108,943,78.387365,736,86.283705,3,0.750000
