TestcaseNumber,TestcaseCount,TestcaseRatio,StatementCount,StatementRatio,BranchCount,BranchRatio,FaultCount,FaultRatio
126,1,0.270270,681,56.608479,577,67.643611,0,0.000000
156,2,0.540541,724,60.182876,605,70.926143,1,0.250000
63,3,0.810811,773,64.256027,633,74.208675,1,0.250000
294,4,1.081081,775,64.422278,633,74.208675,1,0.250000
108,5,1.351351,779,64.754780,635,74.443142,1,0.250000
199,6,1.621622,786,65.336658,637,74.677608,2,0.500000
280,7,1.891892,791,65.752286,641,75.146542,2,0.500000
51,8,2.162162,810,67.331671,658,77.139508,2,0.500000
105,9,2.432432,835,69.409809,674,79.015240,2,0.500000
369,10,2.702703,871,72.402328,680,79.718640,2,0.500000
142,11,2.972973,885,73.566085,697,81.711606,2,0.500000
97,12,3.243243,885,73.566085,697,81.711606,2,0.500000
298,13,3.513514,885,73.566085,697,81.711606,2,0.500000
321,14,3.783784,886,73.649210,697,81.711606,2,0.500000
258,15,4.054054,901,74.896093,709,83.118406,2,0.500000
215,16,4.324324,901,74.896093,709,83.118406,2,0.500000
133,17,4.594595,904,75.145470,713,83.587339,2,0.500000
301,18,4.864865,907,75.394846,715,83.821805,2,0.500000
256,19,5.135135,911,75.727348,717,84.056272,2,0.500000
279,20,5.405405,958,79.634248,749,87.807737,3,0.750000
249,21,5.675676,958,79.634248,749,87.807737,3,0.750000
314,22,5.945946,958,79.634248,749,87.807737,3,0.750000
285,23,6.216216,958,79.634248,751,88.042204,3,0.750000
