TestcaseNumber,TestcaseCount,TestcaseRatio,StatementCount,StatementRatio,BranchCount,BranchRatio,FaultCount,FaultRatio
281,1,0.270270,539,44.804655,439,51.465416,1,0.250000
178,2,0.540541,715,59.434746,586,68.698710,1,0.250000
50,3,0.810811,747,62.094763,610,71.512309,2,0.500000
161,4,1.081081,778,64.671654,638,74.794842,2,0.500000
149,5,1.351351,798,66.334165,649,76.084408,2,0.500000
370,6,1.621622,798,66.334165,649,76.084408,2,0.500000
251,7,1.891892,849,70.573566,682,79.953107,2,0.500000
38,8,2.162162,852,70.822943,682,79.953107,2,0.500000
75,9,2.432432,852,70.822943,682,79.953107,2,0.500000
347,10,2.702703,858,71.321696,686,80.422040,2,0.500000
284,11,2.972973,860,71.487947,688,80.656506,2,0.500000
236,12,3.243243,906,75.311721,720,84.407972,3,0.750000
118,13,3.513514,910,75.644223,722,84.642438,3,0.750000
244,14,3.783784,910,75.644223,722,84.642438,3,0.750000
56,15,4.054054,910,75.644223,722,84.642438,3,0.750000
354,16,4.324324,918,76.309227,724,84.876905,3,0.750000
49,17,4.594595,918,76.309227,724,84.876905,3,0.750000
278,18,4.864865,919,76.392352,724,84.876905,3,0.750000
74,19,5.135135,919,76.392352,724,84.876905,3,0.750000
231,20,5.405405,927,77.057357,726,85.111372,3,0.750000
