TestcaseNumber,TestcaseCount,TestcaseRatio,StatementCount,StatementRatio,BranchCount,BranchRatio,FaultCount,FaultRatio
273,1,0.270270,507,42.144638,404,47.362251,1,0.250000
181,2,0.540541,669,55.610973,529,62.016413,1,0.250000
69,3,0.810811,713,59.268495,559,65.533411,1,0.250000
204,4,1.081081,758,63.009144,604,70.808910,1,0.250000
332,5,1.351351,811,67.414796,644,75.498242,1,0.250000
354,6,1.621622,819,68.079800,646,75.732708,1,0.250000
256,7,1.891892,835,69.409809,661,77.491208,2,0.500000
172,8,2.162162,845,70.241064,675,79.132474,2,0.500000
327,9,2.432432,855,71.072319,688,80.656506,2,0.500000
117,10,2.702703,855,71.072319,688,80.656506,2,0.500000
235,11,2.972973,883,73.399834,708,83.001172,2,0.500000
246,12,3.243243,889,73.898587,714,83.704572,2,0.500000
34,13,3.513514,909,75.561097,716,83.939039,2,0.500000
126,14,3.783784,909,75.561097,716,83.939039,2,0.500000
171,15,4.054054,912,75.810474,720,84.407972,2,0.500000
301,16,4.324324,920,76.475478,722,84.642438,2,0.500000
123,17,4.594595,920,76.475478,722,84.642438,2,0.500000
303,18,4.864865,921,76.558603,722,84.642438,2,0.500000
128,19,5.135135,921,76.558603,722,84.642438,3,0.750000
110,20,5.405405,922,76.641729,724,84.876905,3,0.750000
167,21,5.675676,922,76.641729,724,84.876905,3,0.750000
131,22,5.945946,922,76.641729,724,84.876905,3,0.750000
343,23,6.216216,937,77.888612,730,85.580305,3,0.750000
194,24,6.486486,940,78.137988,732,85.814771,3,0.750000
18,25,6.756757,941,78.221114,734,86.049238,3,0.750000
161,26,7.027027,941,78.221114,734,86.049238,3,0.750000
67,27,7.297297,941,78.221114,734,86.049238,3,0.750000
104,28,7.567568,941,78.221114,734,86.049238,3,0.750000
251,29,7.837838,945,78.553616,742,86.987104,3,0.750000
313,30,8.108108,945,78.553616,742,86.987104,3,0.750000
39,31,8.378378,948,78.802993,742,86.987104,3,0.750000
279,32,8.648649,948,78.802993,742,86.987104,3,0.750000
42,33,8.918919,948,78.802993,742,86.987104,3,0.750000
296,34,9.189189,948,78.802993,744,87.221571,3,0.750000
316,35,9.459459,948,78.802993,744,87.221571,3,0.750000
192,36,9.729730,948,78.802993,744,87.221571,3,0.750000
359,37,10.000000,948,78.802993,744,87.221571,3,0.750000
230,38,10.270270,951,79.052369,744,87.221571,3,0.750000
