TestcaseNumber,TestcaseCount,TestcaseRatio,StatementCount,StatementRatio,BranchCount,BranchRatio,FaultCount,FaultRatio
188,1,0.270270,693,57.605985,577,67.643611,0,0.000000
144,2,0.540541,695,57.772236,577,67.643611,0,0.000000
24,3,0.810811,710,59.019119,577,67.643611,0,0.000000
45,4,1.081081,734,61.014131,593,69.519343,1,0.250000
309,5,1.351351,734,61.014131,593,69.519343,1,0.250000
343,6,1.621622,780,64.837905,620,72.684642,1,0.250000
123,7,1.891892,783,65.087282,622,72.919109,2,0.500000
333,8,2.162162,829,68.911056,654,76.670574,3,0.750000
326,9,2.432432,830,68.994181,654,76.670574,3,0.750000
278,10,2.702703,833,69.243558,660,77.373974,3,0.750000
103,11,2.972973,846,70.324190,668,78.311841,3,0.750000
189,12,3.243243,846,70.324190,668,78.311841,3,0.750000
345,13,3.513514,846,70.324190,668,78.311841,3,0.750000
71,14,3.783784,860,71.487947,684,80.187573,3,0.750000
207,15,4.054054,887,73.732336,700,82.063306,3,0.750000
151,16,4.324324,887,73.732336,700,82.063306,3,0.750000
315,17,4.594595,887,73.732336,700,82.063306,3,0.750000
226,18,4.864865,898,74.646717,708,83.001172,3,0.750000
128,19,5.135135,898,74.646717,708,83.001172,3,0.750000
273,20,5.405405,898,74.646717,708,83.001172,3,0.750000
57,21,5.675676,898,74.646717,708,83.001172,3,0.750000
257,22,5.945946,898,74.646717,708,83.001172,3,0.750000
82,23,6.216216,898,74.646717,708,83.001172,3,0.750000
