TestcaseNumber,TestcaseCount,TestcaseRatio,StatementCount,StatementRatio,BranchCount,BranchRatio,FaultCount,FaultRatio
14,1,0.270270,31,2.576891,26,3.048066,0,0.000000
350,2,0.540541,401,33.333333,313,36.694021,1,0.250000
289,3,0.810811,749,62.261014,577,67.643611,2,0.500000
166,4,1.081081,788,65.502909,620,72.684642,2,0.500000
206,5,1.351351,825,68.578554,661,77.491208,2,0.500000
275,6,1.621622,835,69.409809,667,78.194607,3,0.750000
85,7,1.891892,838,69.659185,669,78.429074,3,0.750000
81,8,2.162162,849,70.573566,671,78.663540,3,0.750000
267,9,2.432432,865,71.903574,689,80.773740,3,0.750000
50,10,2.702703,865,71.903574,689,80.773740,3,0.750000
335,11,2.972973,865,71.903574,689,80.773740,3,0.750000
255,12,3.243243,865,71.903574,689,80.773740,3,0.750000
33,13,3.513514,886,73.649210,691,81.008206,3,0.750000
210,14,3.783784,900,74.812968,697,81.711606,3,0.750000
34,15,4.054054,901,74.896093,697,81.711606,3,0.750000
12,16,4.324324,901,74.896093,697,81.711606,4,1.000000
3,17,4.594595,905,75.228595,697,81.711606,4,1.000000
240,18,4.864865,905,75.228595,697,81.711606,4,1.000000
301,19,5.135135,905,75.228595,697,81.711606,4,1.000000
10,20,5.405405,923,76.724855,701,82.180539,4,1.000000
347,21,5.675676,927,77.057357,703,82.415006,4,1.000000
229,22,5.945946,930,77.306733,705,82.649472,4,1.000000
224,23,6.216216,936,77.805486,711,83.352872,4,1.000000
30,24,6.486486,976,81.130507,748,87.690504,4,1.000000
160,25,6.756757,1004,83.458022,768,90.035170,4,1.000000
235,26,7.027027,1004,83.458022,768,90.035170,4,1.000000
159,27,7.297297,1004,83.458022,768,90.035170,4,1.000000
99,28,7.567568,1004,83.458022,768,90.035170,4,1.000000
