TestcaseNumber,TestcaseCount,TestcaseRatio,StatementCount,StatementRatio,BranchCount,BranchRatio,FaultCount,FaultRatio
42,1,0.270270,536,44.555278,449,52.637749,0,0.000000
119,2,0.540541,713,59.268495,578,67.760844,1,0.250000
277,3,0.810811,795,66.084788,649,76.084408,1,0.250000
51,4,1.081081,817,67.913549,666,78.077374,2,0.500000
9,5,1.351351,821,68.246052,666,78.077374,2,0.500000
146,6,1.621622,821,68.246052,666,78.077374,2,0.500000
161,7,1.891892,824,68.495428,674,79.015240,2,0.500000
345,8,2.162162,834,69.326683,682,79.953107,2,0.500000
200,9,2.432432,887,73.732336,716,83.939039,3,0.750000
143,10,2.702703,896,74.480466,722,84.642438,3,0.750000
280,11,2.972973,916,76.142976,736,86.283705,3,0.750000
165,12,3.243243,919,76.392352,736,86.283705,3,0.750000
98,13,3.513514,919,76.392352,736,86.283705,3,0.750000
31,14,3.783784,946,78.636741,740,86.752638,3,0.750000
265,15,4.054054,954,79.301746,742,86.987104,3,0.750000
356,16,4.324324,955,79.384871,742,86.987104,3,0.750000
328,17,4.594595,958,79.634248,744,87.221571,3,0.750000
282,18,4.864865,958,79.634248,744,87.221571,3,0.750000
211,19,5.135135,959,79.717373,746,87.456038,3,0.750000
308,20,5.405405,969,80.548628,757,88.745604,3,0.750000
154,21,5.675676,969,80.548628,757,88.745604,3,0.750000
41,22,5.945946,969,80.548628,757,88.745604,3,0.750000
97,23,6.216216,969,80.548628,757,88.745604,3,0.750000
350,24,6.486486,969,80.548628,757,88.745604,3,0.750000
351,25,6.756757,969,80.548628,757,88.745604,3,0.750000
164,26,7.027027,969,80.548628,757,88.745604,3,0.750000
228,27,7.297297,971,80.714879,757,88.745604,3,0.750000
339,28,7.567568,971,80.714879,757,88.745604,3,0.750000
