TestcaseNumber,TestcaseCount,TestcaseRatio,StatementCount,StatementRatio,BranchCount,BranchRatio,FaultCount,FaultRatio
285,1,0.270270,348,28.927681,307,35.990621,1,0.250000
310,2,0.540541,686,57.024106,545,63.892145,2,0.500000
338,3,0.810811,731,60.764755,595,69.753810,2,0.500000
218,4,1.081081,735,61.097257,607,71.160610,2,0.500000
335,5,1.351351,770,64.006650,627,73.505275,2,0.500000
169,6,1.621622,783,65.087282,635,74.443142,2,0.500000
131,7,1.891892,835,69.409809,673,78.898007,3,0.750000
54,8,2.162162,856,71.155445,685,80.304807,3,0.750000
97,9,2.432432,856,71.155445,685,80.304807,3,0.750000
193,10,2.702703,856,71.155445,685,80.304807,3,0.750000
262,11,2.972973,856,71.155445,685,80.304807,3,0.750000
351,12,3.243243,859,71.404821,685,80.304807,3,0.750000
173,13,3.513514,872,72.485453,695,81.477140,3,0.750000
115,14,3.783784,878,72.984206,697,81.711606,3,0.750000
27,15,4.054054,909,75.561097,727,85.228605,3,0.750000
55,16,4.324324,909,75.561097,727,85.228605,3,0.750000
47,17,4.594595,916,76.142976,729,85.463072,3,0.750000
4,18,4.864865,945,78.553616,735,86.166471,3,0.750000
220,19,5.135135,945,78.553616,735,86.166471,3,0.750000
188,20,5.405405,945,78.553616,735,86.166471,3,0.750000
225,21,5.675676,961,79.883624,752,88.159437,3,0.750000
217,22,5.945946,961,79.883624,752,88.159437,3,0.750000
224,23,6.216216,961,79.883624,752,88.159437,3,0.750000
160,24,6.486486,968,80.465503,760,89.097304,3,0.750000
64,25,6.756757,968,80.465503,760,89.097304,3,0.750000
250,26,7.027027,976,81.130507,760,89.097304,3,0.750000
235,27,7.297297,976,81.130507,760,89.097304,3,0.750000
245,28,7.567568,979,81.379884,764,89.566237,3,0.750000
35,29,7.837838,982,81.629260,764,89.566237,3,0.750000
283,30,8.108108,982,81.629260,764,89.566237,3,0.750000
253,31,8.378378,982,81.629260,764,89.566237,3,0.750000
256,32,8.648649,982,81.629260,764,89.566237,3,0.750000
321,33,8.918919,982,81.629260,764,89.566237,3,0.750000
301,34,9.189189,990,82.294264,766,89.800703,3,0.750000
155,35,9.459459,990,82.294264,766,89.800703,3,0.750000
147,36,9.729730,990,82.294264,766,89.800703,3,0.750000
91,37,10.000000,990,82.294264,766,89.800703,3,0.750000
170,38,10.270270,990,82.294264,766,89.800703,3,0.750000
358,39,10.540541,990,82.294264,766,89.800703,3,0.750000
198,40,10.810811,990,82.294264,766,89.800703,3,0.750000
52,41,11.081081,990,82.294264,766,89.800703,3,0.750000
