TestcaseNumber,TestcaseCount,TestcaseRatio,StatementCount,StatementRatio,BranchCount,BranchRatio,FaultCount,FaultRatio
118,1,0.270270,676,56.192851,562,65.885111,0,0.000000
102,2,0.540541,688,57.190357,566,66.354045,0,0.000000
105,3,0.810811,736,61.180382,600,70.339977,1,0.250000
329,4,1.081081,745,61.928512,604,70.808910,2,0.500000
30,5,1.351351,793,65.918537,645,75.615475,2,0.500000
43,6,1.621622,815,67.747298,653,76.553341,2,0.500000
254,7,1.891892,816,67.830424,653,76.553341,2,0.500000
297,8,2.162162,862,71.654198,687,80.539273,3,0.750000
313,9,2.432432,893,74.231089,715,83.821805,3,0.750000
89,10,2.702703,893,74.231089,715,83.821805,3,0.750000
233,11,2.972973,893,74.231089,715,83.821805,3,0.750000
53,12,3.243243,893,74.231089,715,83.821805,3,0.750000
166,13,3.513514,893,74.231089,715,83.821805,3,0.750000
176,14,3.783784,893,74.231089,715,83.821805,3,0.750000
356,15,4.054054,894,74.314214,715,83.821805,3,0.750000
336,16,4.324324,896,74.480466,715,83.821805,3,0.750000
66,17,4.594595,896,74.480466,715,83.821805,3,0.750000
328,18,4.864865,896,74.480466,715,83.821805,3,0.750000
205,19,5.135135,921,76.558603,729,85.463072,3,0.750000
256,20,5.405405,934,77.639235,742,86.987104,3,0.750000
221,21,5.675676,942,78.304239,748,87.690504,3,0.750000
249,22,5.945946,961,79.883624,750,87.924971,3,0.750000
173,23,6.216216,961,79.883624,750,87.924971,3,0.750000
284,24,6.486486,961,79.883624,752,88.159437,3,0.750000
245,25,6.756757,964,80.133001,758,88.862837,3,0.750000
241,26,7.027027,964,80.133001,758,88.862837,3,0.750000
160,27,7.297297,964,80.133001,758,88.862837,3,0.750000
