TestcaseNumber,TestcaseCount,TestcaseRatio,StatementCount,StatementRatio,BranchCount,BranchRatio,FaultCount,FaultRatio
58,1,0.270270,521,43.308396,432,50.644783,1,0.250000
200,2,0.540541,632,52.535328,514,60.257913,1,0.250000
133,3,0.810811,776,64.505403,627,73.505275,2,0.500000
22,4,1.081081,804,66.832918,633,74.208675,2,0.500000
42,5,1.351351,838,69.659185,655,76.787808,2,0.500000
12,6,1.621622,838,69.659185,655,76.787808,3,0.750000
257,7,1.891892,854,70.989194,670,78.546307,4,1.000000
187,8,2.162162,868,72.152951,689,80.773740,4,1.000000
277,9,2.432432,932,77.472984,739,86.635404,4,1.000000
228,10,2.702703,932,77.472984,741,86.869871,4,1.000000
104,11,2.972973,941,78.221114,747,87.573271,4,1.000000
101,12,3.243243,949,78.886118,749,87.807737,4,1.000000
357,13,3.513514,950,78.969244,749,87.807737,4,1.000000
343,14,3.783784,959,79.717373,755,88.511137,4,1.000000
9,15,4.054054,962,79.966750,755,88.511137,4,1.000000
159,16,4.324324,965,80.216126,757,88.745604,4,1.000000
294,17,4.594595,965,80.216126,757,88.745604,4,1.000000
215,18,4.864865,965,80.216126,757,88.745604,4,1.000000
49,19,5.135135,965,80.216126,757,88.745604,4,1.000000
172,20,5.405405,967,80.382377,757,88.745604,4,1.000000
324,21,5.675676,968,80.465503,757,88.745604,4,1.000000
14,22,5.945946,970,80.631754,759,88.980070,4,1.000000
158,23,6.216216,970,80.631754,759,88.980070,4,1.000000
211,24,6.486486,971,80.714879,761,89.214537,4,1.000000
361,25,6.756757,971,80.714879,761,89.214537,4,1.000000
292,26,7.027027,971,80.714879,761,89.214537,4,1.000000
231,27,7.297297,971,80.714879,761,89.214537,4,1.000000
75,28,7.567568,971,80.714879,761,89.214537,4,1.000000
366,29,7.837838,994,82.626766,765,89.683470,4,1.000000
190,30,8.108108,998,82.959268,765,89.683470,4,1.000000
274,31,8.378378,998,82.959268,765,89.683470,4,1.000000
29,32,8.648649,1022,84.954281,779,91.324736,4,1.000000
310,33,8.918919,1022,84.954281,779,91.324736,4,1.000000
202,34,9.189189,1022,84.954281,779,91.324736,4,1.000000
273,35,9.459459,1022,84.954281,779,91.324736,4,1.000000
347,36,9.729730,1023,85.037406,779,91.324736,4,1.000000
188,37,10.000000,1023,85.037406,779,91.324736,4,1.000000
118,38,10.270270,1023,85.037406,779,91.324736,4,1.000000
264,39,10.540541,1023,85.037406,779,91.324736,4,1.000000
312,40,10.810811,1023,85.037406,779,91.324736,4,1.000000
330,41,11.081081,1023,85.037406,779,91.324736,4,1.000000
151,42,11.351351,1023,85.037406,779,91.324736,4,1.000000
