TestcaseNumber,TestcaseCount,TestcaseRatio,StatementCount,StatementRatio,BranchCount,BranchRatio,FaultCount,FaultRatio
97,1,0.270270,544,45.220283,449,52.637749,1,0.250000
294,2,0.540541,679,56.442228,553,64.830012,1,0.250000
238,3,0.810811,734,61.014131,597,69.988277,2,0.500000
144,4,1.081081,793,65.918537,641,75.146542,2,0.500000
270,5,1.351351,827,68.744805,663,77.725674,2,0.500000
237,6,1.621622,827,68.744805,663,77.725674,2,0.500000
246,7,1.891892,833,69.243558,671,78.663540,2,0.500000
116,8,2.162162,837,69.576060,673,78.898007,2,0.500000
311,9,2.432432,844,70.157938,677,79.366940,3,0.750000
282,10,2.702703,853,70.906068,679,79.601407,3,0.750000
307,11,2.972973,856,71.155445,687,80.539273,3,0.750000
275,12,3.243243,869,72.236076,700,82.063306,3,0.750000
317,13,3.513514,869,72.236076,700,82.063306,3,0.750000
196,14,3.783784,869,72.236076,700,82.063306,3,0.750000
123,15,4.054054,869,72.236076,700,82.063306,3,0.750000
232,16,4.324324,869,72.236076,700,82.063306,3,0.750000
304,17,4.594595,876,72.817955,700,82.063306,3,0.750000
71,18,4.864865,901,74.896093,716,83.939039,3,0.750000
141,19,5.135135,909,75.561097,724,84.876905,3,0.750000
292,20,5.405405,909,75.561097,724,84.876905,3,0.750000
174,21,5.675676,911,75.727348,724,84.876905,3,0.750000
12,22,5.945946,911,75.727348,724,84.876905,4,1.000000
346,23,6.216216,914,75.976725,726,85.111372,4,1.000000
175,24,6.486486,914,75.976725,726,85.111372,4,1.000000
337,25,6.756757,914,75.976725,726,85.111372,4,1.000000
212,26,7.027027,914,75.976725,726,85.111372,4,1.000000
53,27,7.297297,914,75.976725,726,85.111372,4,1.000000
