TestcaseNumber,TestcaseCount,TestcaseRatio,StatementCount,StatementRatio,BranchCount,BranchRatio,FaultCount,FaultRatio
165,1,0.270270,651,54.114713,513,60.140680,2,0.500000
332,2,0.540541,661,54.945968,525,61.547479,2,0.500000
197,3,0.810811,739,61.429759,610,71.512309,2,0.500000
283,4,1.081081,748,62.177889,612,71.746776,2,0.500000
219,5,1.351351,748,62.177889,612,71.746776,2,0.500000
64,6,1.621622,748,62.177889,612,71.746776,2,0.500000
360,7,1.891892,777,64.588529,640,75.029308,2,0.500000
80,8,2.162162,809,67.248545,662,77.608441,2,0.500000
163,9,2.432432,814,67.664173,668,78.311841,2,0.500000
21,10,2.702703,835,69.409809,674,79.015240,2,0.500000
60,11,2.972973,880,73.150457,698,81.828839,2,0.500000
100,12,3.243243,880,73.150457,698,81.828839,2,0.500000
1,13,3.513514,912,75.810474,704,82.532239,2,0.500000
112,14,3.783784,918,76.309227,704,82.532239,2,0.500000
67,15,4.054054,918,76.309227,704,82.532239,2,0.500000
35,16,4.324324,929,77.223608,704,82.532239,2,0.500000
277,17,4.594595,972,80.798005,743,87.104338,2,0.500000
183,18,4.864865,972,80.798005,743,87.104338,2,0.500000
278,19,5.135135,978,81.296758,747,87.573271,2,0.500000
162,20,5.405405,978,81.296758,747,87.573271,2,0.500000
167,21,5.675676,978,81.296758,747,87.573271,2,0.500000
339,22,5.945946,987,82.044888,753,88.276671,2,0.500000
318,23,6.216216,989,82.211139,753,88.276671,2,0.500000
195,24,6.486486,995,82.709892,757,88.745604,3,0.750000
166,25,6.756757,995,82.709892,757,88.745604,3,0.750000
345,26,7.027027,1000,83.125520,761,89.214537,3,0.750000
37,27,7.297297,1000,83.125520,761,89.214537,3,0.750000
26,28,7.567568,1024,85.120532,785,92.028136,3,0.750000
13,29,7.837838,1026,85.286783,787,92.262603,3,0.750000
