TestcaseNumber,TestcaseCount,TestcaseRatio,StatementCount,StatementRatio,BranchCount,BranchRatio,FaultCount,FaultRatio
6,1,0.270270,500,41.562760,378,44.314185,0,0.000000
136,2,0.540541,646,53.699086,517,60.609613,0,0.000000
55,3,0.810811,693,57.605985,574,67.291911,1,0.250000
129,4,1.081081,748,62.177889,608,71.277843,2,0.500000
291,5,1.351351,816,67.830424,665,77.960141,2,0.500000
229,6,1.621622,829,68.911056,673,78.898007,3,0.750000
191,7,1.891892,843,70.074813,688,80.656506,3,0.750000
230,8,2.162162,843,70.074813,688,80.656506,3,0.750000
369,9,2.432432,903,75.062344,717,84.056272,3,0.750000
162,10,2.702703,903,75.062344,717,84.056272,3,0.750000
298,11,2.972973,908,75.477972,717,84.056272,3,0.750000
307,12,3.243243,908,75.477972,717,84.056272,3,0.750000
61,13,3.513514,948,78.802993,741,86.869871,3,0.750000
284,14,3.783784,958,79.634248,749,87.807737,3,0.750000
355,15,4.054054,958,79.634248,749,87.807737,3,0.750000
203,16,4.324324,964,80.133001,751,88.042204,3,0.750000
266,17,4.594595,964,80.133001,751,88.042204,3,0.750000
18,18,4.864865,965,80.216126,753,88.276671,3,0.750000
247,19,5.135135,973,80.881131,763,89.449004,3,0.750000
172,20,5.405405,973,80.881131,763,89.449004,3,0.750000
138,21,5.675676,973,80.881131,763,89.449004,3,0.750000
261,22,5.945946,973,80.881131,763,89.449004,3,0.750000
70,23,6.216216,973,80.881131,763,89.449004,3,0.750000
107,24,6.486486,973,80.881131,763,89.449004,3,0.750000
318,25,6.756757,974,80.964256,763,89.449004,3,0.750000
1,26,7.027027,995,82.709892,767,89.917937,3,0.750000
209,27,7.297297,995,82.709892,767,89.917937,3,0.750000
310,28,7.567568,998,82.959268,769,90.152403,3,0.750000
4,29,7.837838,998,82.959268,769,90.152403,3,0.750000
274,30,8.108108,998,82.959268,769,90.152403,3,0.750000
351,31,8.378378,998,82.959268,769,90.152403,3,0.750000
270,32,8.648649,1004,83.458022,769,90.152403,3,0.750000
309,33,8.918919,1004,83.458022,769,90.152403,3,0.750000
315,34,9.189189,1004,83.458022,769,90.152403,3,0.750000
243,35,9.459459,1004,83.458022,769,90.152403,3,0.750000
359,36,9.729730,1004,83.458022,769,90.152403,3,0.750000
142,37,10.000000,1004,83.458022,769,90.152403,3,0.750000
159,38,10.270270,1004,83.458022,769,90.152403,3,0.750000
193,39,10.540541,1004,83.458022,769,90.152403,3,0.750000
11,40,10.810811,1004,83.458022,769,90.152403,3,0.750000
179,41,11.081081,1004,83.458022,769,90.152403,3,0.750000
326,42,11.351351,1004,83.458022,769,90.152403,3,0.750000
