TestcaseNumber,TestcaseCount,TestcaseRatio,StatementCount,StatementRatio,BranchCount,BranchRatio,FaultCount,FaultRatio
64,1,0.270270,519,43.142145,422,49.472450,0,0.000000
216,2,0.540541,657,54.613466,536,62.837046,0,0.000000
60,3,0.810811,702,58.354115,560,65.650645,0,0.000000
172,4,1.081081,714,59.351621,574,67.291911,0,0.000000
296,5,1.351351,761,63.258520,608,71.277843,1,0.250000
207,6,1.621622,773,64.256027,616,72.215709,1,0.250000
340,7,1.891892,774,64.339152,616,72.215709,1,0.250000
43,8,2.162162,808,67.165420,638,74.794842,1,0.250000
194,9,2.432432,814,67.664173,642,75.263775,2,0.500000
304,10,2.702703,814,67.664173,642,75.263775,2,0.500000
141,11,2.972973,859,71.404821,685,80.304807,2,0.500000
162,12,3.243243,887,73.732336,705,82.649472,2,0.500000
301,13,3.513514,890,73.981712,707,82.883939,3,0.750000
312,14,3.783784,890,73.981712,707,82.883939,3,0.750000
2,15,4.054054,910,75.644223,707,82.883939,3,0.750000
286,16,4.324324,910,75.644223,709,83.118406,3,0.750000
14,17,4.594595,912,75.810474,711,83.352872,3,0.750000
303,18,4.864865,921,76.558603,721,84.525205,3,0.750000
195,19,5.135135,921,76.558603,721,84.525205,3,0.750000
86,20,5.405405,921,76.558603,721,84.525205,3,0.750000
263,21,5.675676,921,76.558603,721,84.525205,3,0.750000
51,22,5.945946,940,78.137988,738,86.518171,3,0.750000
49,23,6.216216,940,78.137988,738,86.518171,3,0.750000
39,24,6.486486,964,80.133001,744,87.221571,3,0.750000
44,25,6.756757,971,80.714879,746,87.456038,3,0.750000
139,26,7.027027,979,81.379884,754,88.393904,3,0.750000
272,27,7.297297,979,81.379884,754,88.393904,3,0.750000
153,28,7.567568,989,82.211139,765,89.683470,3,0.750000
78,29,7.837838,989,82.211139,765,89.683470,3,0.750000
119,30,8.108108,989,82.211139,765,89.683470,3,0.750000
281,31,8.378378,989,82.211139,765,89.683470,3,0.750000
342,32,8.648649,994,82.626766,767,89.917937,3,0.750000
9,33,8.918919,994,82.626766,767,89.917937,3,0.750000
265,34,9.189189,994,82.626766,767,89.917937,3,0.750000
150,35,9.459459,994,82.626766,767,89.917937,3,0.750000
198,36,9.729730,994,82.626766,767,89.917937,3,0.750000
268,37,10.000000,994,82.626766,767,89.917937,3,0.750000
56,38,10.270270,994,82.626766,767,89.917937,3,0.750000
337,39,10.540541,994,82.626766,767,89.917937,3,0.750000
290,40,10.810811,994,82.626766,767,89.917937,3,0.750000
106,41,11.081081,994,82.626766,767,89.917937,3,0.750000
331,42,11.351351,994,82.626766,767,89.917937,3,0.750000
314,43,11.621622,994,82.626766,767,89.917937,3,0.750000
