TestcaseNumber,TestcaseCount,TestcaseRatio,StatementCount,StatementRatio,BranchCount,BranchRatio,FaultCount,FaultRatio
6,1,0.270270,500,41.562760,378,44.314185,0,0.000000
363,2,0.540541,607,50.457190,444,52.051583,0,0.000000
369,3,0.810811,678,56.359102,493,57.796014,0,0.000000
131,4,1.081081,796,66.167914,599,70.222743,2,0.500000
127,5,1.351351,858,71.321696,660,77.373974,2,0.500000
155,6,1.621622,894,74.314214,690,80.890973,2,0.500000
251,7,1.891892,929,77.223608,723,84.759672,2,0.500000
118,8,2.162162,933,77.556110,729,85.463072,2,0.500000
216,9,2.432432,937,77.888612,731,85.697538,2,0.500000
246,10,2.702703,943,78.387365,737,86.400938,2,0.500000
341,11,2.972973,944,78.470490,737,86.400938,2,0.500000
271,12,3.243243,976,81.130507,749,87.807737,2,0.500000
243,13,3.513514,984,81.795511,751,88.042204,2,0.500000
21,14,3.783784,1005,83.541147,757,88.745604,2,0.500000
198,15,4.054054,1005,83.541147,757,88.745604,2,0.500000
132,16,4.324324,1024,85.120532,769,90.152403,2,0.500000
50,17,4.594595,1027,85.369909,771,90.386870,3,0.750000
217,18,4.864865,1027,85.369909,771,90.386870,3,0.750000
292,19,5.135135,1027,85.369909,771,90.386870,3,0.750000
220,20,5.405405,1030,85.619285,771,90.386870,3,0.750000
168,21,5.675676,1030,85.619285,771,90.386870,3,0.750000
77,22,5.945946,1030,85.619285,771,90.386870,3,0.750000
37,23,6.216216,1033,85.868662,771,90.386870,3,0.750000
262,24,6.486486,1033,85.868662,771,90.386870,3,0.750000
184,25,6.756757,1033,85.868662,771,90.386870,3,0.750000
93,26,7.027027,1036,86.118038,773,90.621336,3,0.750000
23,27,7.297297,1046,86.949293,773,90.621336,3,0.750000
308,28,7.567568,1046,86.949293,773,90.621336,3,0.750000
289,29,7.837838,1048,87.115544,773,90.621336,3,0.750000
245,30,8.108108,1056,87.780549,779,91.324736,3,0.750000
268,31,8.378378,1056,87.780549,779,91.324736,3,0.750000
110,32,8.648649,1057,87.863674,781,91.559203,3,0.750000
219,33,8.918919,1057,87.863674,781,91.559203,3,0.750000
81,34,9.189189,1057,87.863674,781,91.559203,3,0.750000
162,35,9.459459,1057,87.863674,781,91.559203,3,0.750000
