TestcaseNumber,TestcaseCount,TestcaseRatio,StatementCount,StatementRatio,BranchCount,BranchRatio,FaultCount,FaultRatio
143,1,0.270270,660,54.862843,533,62.485346,1,0.250000
261,2,0.540541,723,60.099751,575,67.409144,2,0.500000
122,3,0.810811,771,64.089776,616,72.215709,3,0.750000
211,4,1.081081,787,65.419784,624,73.153576,3,0.750000
57,5,1.351351,790,65.669160,624,73.153576,3,0.750000
25,6,1.621622,811,67.414796,630,73.856975,3,0.750000
111,7,1.891892,811,67.414796,630,73.856975,3,0.750000
336,8,2.162162,830,68.994181,648,75.967175,3,0.750000
204,9,2.432432,872,72.485453,689,80.773740,3,0.750000
353,10,2.702703,872,72.485453,689,80.773740,3,0.750000
7,11,2.972973,891,74.064838,691,81.008206,3,0.750000
58,12,3.243243,891,74.064838,691,81.008206,3,0.750000
51,13,3.513514,910,75.644223,708,83.001172,3,0.750000
184,14,3.783784,926,76.974231,719,84.290739,3,0.750000
253,15,4.054054,926,76.974231,719,84.290739,3,0.750000
36,16,4.324324,930,77.306733,723,84.759672,3,0.750000
303,17,4.594595,942,78.304239,735,86.166471,3,0.750000
227,18,4.864865,953,79.218620,739,86.635404,3,0.750000
66,19,5.135135,953,79.218620,739,86.635404,3,0.750000
62,20,5.405405,953,79.218620,739,86.635404,3,0.750000
74,21,5.675676,953,79.218620,739,86.635404,3,0.750000
193,22,5.945946,956,79.467997,741,86.869871,3,0.750000
309,23,6.216216,956,79.467997,741,86.869871,3,0.750000
206,24,6.486486,956,79.467997,741,86.869871,3,0.750000
118,25,6.756757,956,79.467997,741,86.869871,3,0.750000
224,26,7.027027,957,79.551122,741,86.869871,3,0.750000
