TestcaseNumber,TestcaseCount,TestcaseRatio,StatementCount,StatementRatio,BranchCount,BranchRatio,FaultCount,FaultRatio
280,1,0.270270,540,44.887781,441,51.699883,0,0.000000
351,2,0.540541,595,49.459684,479,56.154748,1,0.250000
272,3,0.810811,627,52.119701,501,58.733880,1,0.250000
369,4,1.081081,832,69.160432,637,74.677608,1,0.250000
82,5,1.351351,840,69.825436,655,76.787808,1,0.250000
286,6,1.621622,840,69.825436,655,76.787808,1,0.250000
129,7,1.891892,880,73.150457,681,79.835873,2,0.500000
325,8,2.162162,883,73.399834,689,80.773740,2,0.500000
69,9,2.432432,908,75.477972,707,82.883939,2,0.500000
302,10,2.702703,913,75.893599,707,82.883939,2,0.500000
55,11,2.972973,913,75.893599,707,82.883939,2,0.500000
354,12,3.243243,921,76.558603,709,83.118406,2,0.500000
276,13,3.513514,937,77.888612,728,85.345838,2,0.500000
171,14,3.783784,940,78.137988,732,85.814771,2,0.500000
15,15,4.054054,946,78.636741,732,85.814771,2,0.500000
217,16,4.324324,946,78.636741,732,85.814771,2,0.500000
204,17,4.594595,946,78.636741,732,85.814771,2,0.500000
11,18,4.864865,964,80.133001,736,86.283705,2,0.500000
216,19,5.135135,964,80.133001,736,86.283705,2,0.500000
53,20,5.405405,964,80.133001,736,86.283705,2,0.500000
