TestcaseNumber,TestcaseCount,TestcaseRatio,StatementCount,StatementRatio,BranchCount,BranchRatio,FaultCount,FaultRatio
171,1,0.270270,644,53.532835,530,62.133646,1,0.250000
112,2,0.540541,739,61.429759,602,70.574443,1,0.250000
289,3,0.810811,777,64.588529,637,74.677608,1,0.250000
278,4,1.081081,828,68.827930,671,78.663540,2,0.500000
253,5,1.351351,828,68.827930,671,78.663540,2,0.500000
32,6,1.621622,853,70.906068,679,79.601407,2,0.500000
17,7,1.891892,860,71.487947,681,79.835873,2,0.500000
223,8,2.162162,863,71.737323,681,79.835873,2,0.500000
92,9,2.432432,866,71.986700,683,80.070340,2,0.500000
23,10,2.702703,892,74.147963,689,80.773740,2,0.500000
97,11,2.972973,892,74.147963,689,80.773740,2,0.500000
14,12,3.243243,894,74.314214,691,81.008206,2,0.500000
24,13,3.513514,897,74.563591,691,81.008206,2,0.500000
71,14,3.783784,912,75.810474,707,82.883939,2,0.500000
66,15,4.054054,920,76.475478,709,83.118406,2,0.500000
290,16,4.324324,924,76.807980,709,83.118406,2,0.500000
173,17,4.594595,924,76.807980,709,83.118406,2,0.500000
53,18,4.864865,945,78.553616,721,84.525205,2,0.500000
354,19,5.135135,945,78.553616,721,84.525205,2,0.500000
220,20,5.405405,945,78.553616,721,84.525205,2,0.500000
222,21,5.675676,945,78.553616,721,84.525205,2,0.500000
57,22,5.945946,945,78.553616,721,84.525205,2,0.500000
138,23,6.216216,955,79.384871,731,85.697538,2,0.500000
176,24,6.486486,956,79.467997,731,85.697538,2,0.500000
196,25,6.756757,963,80.049875,739,86.635404,2,0.500000
269,26,7.027027,963,80.049875,739,86.635404,2,0.500000
272,27,7.297297,963,80.049875,739,86.635404,2,0.500000
133,28,7.567568,963,80.049875,739,86.635404,2,0.500000
214,29,7.837838,963,80.049875,739,86.635404,2,0.500000
323,30,8.108108,963,80.049875,739,86.635404,2,0.500000
125,31,8.378378,973,80.881131,750,87.924971,2,0.500000
119,32,8.648649,973,80.881131,750,87.924971,2,0.500000
353,33,8.918919,973,80.881131,750,87.924971,2,0.500000
205,34,9.189189,979,81.379884,752,88.159437,2,0.500000
245,35,9.459459,979,81.379884,752,88.159437,2,0.500000
