TestcaseNumber,TestcaseCount,TestcaseRatio,StatementCount,StatementRatio,BranchCount,BranchRatio,FaultCount,FaultRatio
189,1,0.270270,693,57.605985,575,67.409144,1,0.250000
236,2,0.540541,743,61.762261,613,71.864009,2,0.500000
343,3,0.810811,806,66.999169,646,75.732708,2,0.500000
306,4,1.081081,807,67.082294,646,75.732708,2,0.500000
275,5,1.351351,815,67.747298,650,76.201641,3,0.750000
135,6,1.621622,840,69.825436,668,78.311841,3,0.750000
68,7,1.891892,858,71.321696,690,80.890973,3,0.750000
330,8,2.162162,887,73.732336,710,83.235639,3,0.750000
211,9,2.432432,898,74.646717,714,83.704572,3,0.750000
142,10,2.702703,902,74.979219,718,84.173505,3,0.750000
125,11,2.972973,902,74.979219,718,84.173505,3,0.750000
231,12,3.243243,905,75.228595,720,84.407972,3,0.750000
289,13,3.513514,907,75.394846,720,84.407972,3,0.750000
6,14,3.783784,907,75.394846,720,84.407972,3,0.750000
292,15,4.054054,907,75.394846,720,84.407972,3,0.750000
145,16,4.324324,907,75.394846,720,84.407972,3,0.750000
37,17,4.594595,929,77.223608,722,84.642438,3,0.750000
148,18,4.864865,929,77.223608,722,84.642438,3,0.750000
14,19,5.135135,931,77.389859,724,84.876905,3,0.750000
34,20,5.405405,932,77.472984,724,84.876905,3,0.750000
124,21,5.675676,932,77.472984,724,84.876905,3,0.750000
213,22,5.945946,932,77.472984,724,84.876905,3,0.750000
223,23,6.216216,937,77.888612,730,85.580305,3,0.750000
208,24,6.486486,937,77.888612,730,85.580305,3,0.750000
