TestcaseNumber,TestcaseCount,TestcaseRatio,StatementCount,StatementRatio,BranchCount,BranchRatio,FaultCount,FaultRatio
281,1,0.270270,539,44.804655,439,51.465416,1,0.250000
183,2,0.540541,692,57.522860,558,65.416178,1,0.250000
302,3,0.810811,729,60.598504,586,68.698710,1,0.250000
193,4,1.081081,763,63.424771,612,71.746776,2,0.500000
5,5,1.351351,783,65.087282,618,72.450176,2,0.500000
135,6,1.621622,788,65.502909,624,73.153576,2,0.500000
255,7,1.891892,792,65.835411,624,73.153576,2,0.500000
147,8,2.162162,792,65.835411,624,73.153576,2,0.500000
182,9,2.432432,792,65.835411,624,73.153576,2,0.500000
65,10,2.702703,803,66.749792,626,73.388042,2,0.500000
367,11,2.972973,810,67.331671,626,73.388042,2,0.500000
60,12,3.243243,810,67.331671,626,73.388042,2,0.500000
32,13,3.513514,814,67.664173,632,74.091442,2,0.500000
16,14,3.783784,814,67.664173,632,74.091442,3,0.750000
369,15,4.054054,873,72.568579,673,78.898007,3,0.750000
27,16,4.324324,904,75.145470,705,82.649472,3,0.750000
252,17,4.594595,910,75.644223,705,82.649472,3,0.750000
214,18,4.864865,910,75.644223,705,82.649472,3,0.750000
46,19,5.135135,913,75.893599,707,82.883939,3,0.750000
90,20,5.405405,913,75.893599,707,82.883939,3,0.750000
208,21,5.675676,913,75.893599,707,82.883939,3,0.750000
148,22,5.945946,926,76.974231,724,84.876905,3,0.750000
197,23,6.216216,926,76.974231,724,84.876905,3,0.750000
227,24,6.486486,947,78.719867,747,87.573271,3,0.750000
86,25,6.756757,947,78.719867,747,87.573271,3,0.750000
353,26,7.027027,947,78.719867,747,87.573271,3,0.750000
294,27,7.297297,947,78.719867,747,87.573271,3,0.750000
228,28,7.567568,950,78.969244,747,87.573271,3,0.750000
