TestcaseNumber,TestcaseCount,TestcaseRatio,StatementCount,StatementRatio,BranchCount,BranchRatio,FaultCount,FaultRatio
333,1,0.270270,649,53.948462,503,58.968347,2,0.500000
233,2,0.540541,731,60.764755,594,69.636577,2,0.500000
225,3,0.810811,784,65.170407,639,74.912075,2,0.500000
89,4,1.081081,784,65.170407,639,74.912075,2,0.500000
185,5,1.351351,829,68.911056,670,78.546307,2,0.500000
31,6,1.621622,856,71.155445,674,79.015240,2,0.500000
366,7,1.891892,879,73.067332,693,81.242673,2,0.500000
330,8,2.162162,884,73.482959,699,81.946073,2,0.500000
346,9,2.432432,910,75.644223,717,84.056272,3,0.750000
234,10,2.702703,915,76.059850,723,84.759672,3,0.750000
167,11,2.972973,915,76.059850,723,84.759672,3,0.750000
125,12,3.243243,915,76.059850,723,84.759672,3,0.750000
307,13,3.513514,915,76.059850,723,84.759672,3,0.750000
223,14,3.783784,918,76.309227,723,84.759672,3,0.750000
313,15,4.054054,918,76.309227,723,84.759672,3,0.750000
341,16,4.324324,918,76.309227,723,84.759672,3,0.750000
227,17,4.594595,918,76.309227,723,84.759672,3,0.750000
332,18,4.864865,918,76.309227,725,84.994138,3,0.750000
160,19,5.135135,918,76.309227,725,84.994138,3,0.750000
219,20,5.405405,918,76.309227,725,84.994138,3,0.750000
82,21,5.675676,918,76.309227,725,84.994138,3,0.750000
304,22,5.945946,923,76.724855,725,84.994138,3,0.750000
214,23,6.216216,925,76.891106,727,85.228605,3,0.750000
