TestcaseNumber,TestcaseCount,TestcaseRatio,StatementCount,StatementRatio,BranchCount,BranchRatio,FaultCount,FaultRatio
27,1,0.270270,580,48.212801,459,53.810082,0,0.000000
338,2,0.540541,706,58.686617,583,68.347011,0,0.000000
80,3,0.810811,744,61.845387,617,72.332943,0,0.000000
150,4,1.081081,776,64.505403,637,74.677608,0,0.000000
265,5,1.351351,788,65.502909,643,75.381008,1,0.250000
211,6,1.621622,794,66.001663,645,75.615475,1,0.250000
52,7,1.891892,815,67.747298,657,77.022274,1,0.250000
115,8,2.162162,820,68.162926,661,77.491208,1,0.250000
342,9,2.432432,853,70.906068,688,80.656506,1,0.250000
50,10,2.702703,856,71.155445,690,80.890973,2,0.500000
304,11,2.972973,856,71.155445,690,80.890973,2,0.500000
324,12,3.243243,856,71.155445,690,80.890973,2,0.500000
137,13,3.513514,861,71.571072,696,81.594373,2,0.500000
176,14,3.783784,861,71.571072,696,81.594373,2,0.500000
77,15,4.054054,861,71.571072,696,81.594373,2,0.500000
34,16,4.324324,881,73.233583,698,81.828839,2,0.500000
154,17,4.594595,881,73.233583,698,81.828839,2,0.500000
329,18,4.864865,884,73.482959,700,82.063306,2,0.500000
84,19,5.135135,884,73.482959,700,82.063306,2,0.500000
214,20,5.405405,884,73.482959,700,82.063306,2,0.500000
328,21,5.675676,884,73.482959,700,82.063306,2,0.500000
120,22,5.945946,884,73.482959,700,82.063306,2,0.500000
67,23,6.216216,884,73.482959,700,82.063306,2,0.500000
236,24,6.486486,930,77.306733,732,85.814771,3,0.750000
218,25,6.756757,930,77.306733,732,85.814771,3,0.750000
72,26,7.027027,930,77.306733,732,85.814771,3,0.750000
193,27,7.297297,930,77.306733,732,85.814771,3,0.750000
219,28,7.567568,930,77.306733,732,85.814771,3,0.750000
316,29,7.837838,949,78.886118,744,87.221571,3,0.750000
274,30,8.108108,951,79.052369,748,87.690504,3,0.750000
179,31,8.378378,951,79.052369,748,87.690504,3,0.750000
9,32,8.648649,951,79.052369,748,87.690504,3,0.750000
243,33,8.918919,951,79.052369,748,87.690504,3,0.750000
300,34,9.189189,954,79.301746,750,87.924971,3,0.750000
277,35,9.459459,976,81.130507,772,90.504103,3,0.750000
165,36,9.729730,976,81.130507,772,90.504103,3,0.750000
138,37,10.000000,976,81.130507,772,90.504103,3,0.750000
96,38,10.270270,976,81.130507,772,90.504103,3,0.750000
269,39,10.540541,976,81.130507,772,90.504103,3,0.750000
186,40,10.810811,976,81.130507,772,90.504103,3,0.750000
