TestcaseNumber,TestcaseCount,TestcaseRatio,StatementCount,StatementRatio,BranchCount,BranchRatio,FaultCount,FaultRatio
197,1,0.270270,679,56.442228,570,66.822978,1,0.250000
57,2,0.540541,728,60.515378,602,70.574443,2,0.500000
321,3,0.810811,752,62.510391,612,71.746776,2,0.500000
89,4,1.081081,752,62.510391,612,71.746776,2,0.500000
30,5,1.351351,798,66.334165,653,76.553341,2,0.500000
194,6,1.621622,833,69.243558,679,79.601407,3,0.750000
78,7,1.891892,864,71.820449,699,81.946073,3,0.750000
99,8,2.162162,883,73.399834,711,83.352872,3,0.750000
239,9,2.432432,883,73.399834,711,83.352872,3,0.750000
79,10,2.702703,883,73.399834,711,83.352872,3,0.750000
245,11,2.972973,905,75.228595,729,85.463072,3,0.750000
337,12,3.243243,915,76.059850,731,85.697538,3,0.750000
235,13,3.513514,915,76.059850,731,85.697538,3,0.750000
334,14,3.783784,916,76.142976,731,85.697538,3,0.750000
67,15,4.054054,916,76.142976,731,85.697538,3,0.750000
18,16,4.324324,917,76.226101,733,85.932005,3,0.750000
315,17,4.594595,917,76.226101,733,85.932005,3,0.750000
155,18,4.864865,921,76.558603,735,86.166471,3,0.750000
16,19,5.135135,921,76.558603,735,86.166471,4,1.000000
332,20,5.405405,921,76.558603,735,86.166471,4,1.000000
262,21,5.675676,921,76.558603,735,86.166471,4,1.000000
29,22,5.945946,923,76.724855,737,86.400938,4,1.000000
364,23,6.216216,986,81.961762,761,89.214537,4,1.000000
129,24,6.486486,986,81.961762,761,89.214537,4,1.000000
104,25,6.756757,987,82.044888,761,89.214537,4,1.000000
176,26,7.027027,987,82.044888,761,89.214537,4,1.000000
263,27,7.297297,987,82.044888,761,89.214537,4,1.000000
225,28,7.567568,1005,83.541147,782,91.676436,4,1.000000
147,29,7.837838,1005,83.541147,782,91.676436,4,1.000000
164,30,8.108108,1005,83.541147,782,91.676436,4,1.000000
90,31,8.378378,1005,83.541147,782,91.676436,4,1.000000
211,32,8.648649,1011,84.039900,784,91.910903,4,1.000000
357,33,8.918919,1011,84.039900,784,91.910903,4,1.000000
6,34,9.189189,1011,84.039900,784,91.910903,4,1.000000
22,35,9.459459,1037,86.201164,790,92.614302,4,1.000000
163,36,9.729730,1037,86.201164,790,92.614302,4,1.000000
