TestcaseNumber,TestcaseCount,TestcaseRatio,StatementCount,StatementRatio,BranchCount,BranchRatio,FaultCount,FaultRatio
123,1,0.270270,652,54.197839,517,60.609613,1,0.250000
86,2,0.540541,652,54.197839,517,60.609613,1,0.250000
72,3,0.810811,676,56.192851,556,65.181712,1,0.250000
218,4,1.081081,680,56.525353,558,65.416178,1,0.250000
351,5,1.351351,736,61.180382,596,69.871043,2,0.500000
283,6,1.621622,748,62.177889,602,70.574443,3,0.750000
15,7,1.891892,775,64.422278,604,70.808910,3,0.750000
159,8,2.162162,778,64.671654,606,71.043376,3,0.750000
275,9,2.432432,791,65.752286,619,72.567409,3,0.750000
249,10,2.702703,791,65.752286,619,72.567409,3,0.750000
150,11,2.972973,841,69.908562,656,76.905041,3,0.750000
181,12,3.243243,841,69.908562,656,76.905041,3,0.750000
305,13,3.513514,871,72.402328,678,79.484174,3,0.750000
298,14,3.783784,876,72.817955,678,79.484174,3,0.750000
170,15,4.054054,891,74.064838,692,81.125440,3,0.750000
98,16,4.324324,891,74.064838,692,81.125440,3,0.750000
143,17,4.594595,905,75.228595,704,82.532239,3,0.750000
302,18,4.864865,905,75.228595,704,82.532239,3,0.750000
343,19,5.135135,909,75.561097,706,82.766706,3,0.750000
213,20,5.405405,909,75.561097,706,82.766706,3,0.750000
198,21,5.675676,937,77.888612,726,85.111372,3,0.750000
79,22,5.945946,937,77.888612,726,85.111372,3,0.750000
256,23,6.216216,937,77.888612,726,85.111372,3,0.750000
174,24,6.486486,939,78.054863,726,85.111372,3,0.750000
281,25,6.756757,939,78.054863,726,85.111372,3,0.750000
188,26,7.027027,943,78.387365,728,85.345838,3,0.750000
155,27,7.297297,943,78.387365,728,85.345838,3,0.750000
272,28,7.567568,943,78.387365,728,85.345838,3,0.750000
