TestcaseNumber,TestcaseCount,TestcaseRatio,StatementCount,StatementRatio,BranchCount,BranchRatio,FaultCount,FaultRatio
365,1,0.270270,538,44.721530,402,47.127784,0,0.000000
38,2,0.540541,587,48.794680,430,50.410317,0,0.000000
321,3,0.810811,711,59.102244,537,62.954279,1,0.250000
325,4,1.081081,722,60.016625,555,65.064478,1,0.250000
71,5,1.351351,751,62.427265,583,68.347011,1,0.250000
6,6,1.621622,751,62.427265,583,68.347011,1,0.250000
229,7,1.891892,798,66.334165,622,72.919109,2,0.500000
330,8,2.162162,809,67.248545,645,75.615475,2,0.500000
342,9,2.432432,837,69.576060,659,77.256741,2,0.500000
93,10,2.702703,886,73.649210,693,81.242673,3,0.750000
158,11,2.972973,886,73.649210,693,81.242673,3,0.750000
128,12,3.243243,886,73.649210,693,81.242673,3,0.750000
92,13,3.513514,886,73.649210,693,81.242673,3,0.750000
324,14,3.783784,886,73.649210,693,81.242673,3,0.750000
354,15,4.054054,894,74.314214,695,81.477140,3,0.750000
360,16,4.324324,923,76.724855,723,84.759672,3,0.750000
185,17,4.594595,923,76.724855,723,84.759672,3,0.750000
189,18,4.864865,927,77.057357,723,84.759672,3,0.750000
310,19,5.135135,927,77.057357,723,84.759672,3,0.750000
22,20,5.405405,953,79.218620,729,85.463072,3,0.750000
319,21,5.675676,955,79.384871,729,85.463072,3,0.750000
351,22,5.945946,960,79.800499,735,86.166471,3,0.750000
182,23,6.216216,960,79.800499,735,86.166471,3,0.750000
240,24,6.486486,979,81.379884,747,87.573271,3,0.750000
50,25,6.756757,979,81.379884,747,87.573271,3,0.750000
228,26,7.027027,979,81.379884,747,87.573271,3,0.750000
159,27,7.297297,979,81.379884,747,87.573271,3,0.750000
337,28,7.567568,979,81.379884,747,87.573271,3,0.750000
161,29,7.837838,979,81.379884,747,87.573271,3,0.750000
343,30,8.108108,985,81.878637,751,88.042204,3,0.750000
237,31,8.378378,985,81.878637,751,88.042204,3,0.750000
