TestcaseNumber,TestcaseCount,TestcaseRatio,StatementCount,StatementRatio,BranchCount,BranchRatio,FaultCount,FaultRatio
147,1,0.270270,569,47.298421,450,52.754982,1,0.250000
304,2,0.540541,654,54.364090,540,63.305979,1,0.250000
164,3,0.810811,708,58.852868,574,67.291911,1,0.250000
67,4,1.081081,717,59.600998,576,67.526377,1,0.250000
355,5,1.351351,717,59.600998,576,67.526377,1,0.250000
175,6,1.621622,722,60.016625,584,68.464244,1,0.250000
261,7,1.891892,753,62.593516,613,71.864009,2,0.500000
84,8,2.162162,787,65.419784,639,74.912075,3,0.750000
62,9,2.432432,832,69.160432,663,77.725674,3,0.750000
191,10,2.702703,850,70.656692,678,79.484174,3,0.750000
276,11,2.972973,895,74.397340,720,84.407972,3,0.750000
92,12,3.243243,895,74.397340,720,84.407972,3,0.750000
319,13,3.513514,895,74.397340,720,84.407972,3,0.750000
260,14,3.783784,895,74.397340,720,84.407972,3,0.750000
362,15,4.054054,915,76.059850,735,86.166471,3,0.750000
148,16,4.324324,921,76.558603,735,86.166471,3,0.750000
39,17,4.594595,944,78.470490,741,86.869871,3,0.750000
98,18,4.864865,944,78.470490,741,86.869871,3,0.750000
323,19,5.135135,944,78.470490,741,86.869871,3,0.750000
303,20,5.405405,954,79.301746,749,87.807737,3,0.750000
201,21,5.675676,957,79.551122,753,88.276671,3,0.750000
349,22,5.945946,961,79.883624,753,88.276671,3,0.750000
117,23,6.216216,961,79.883624,753,88.276671,3,0.750000
