TestcaseNumber,TestcaseCount,TestcaseRatio,StatementCount,StatementRatio,BranchCount,BranchRatio,FaultCount,FaultRatio
297,1,0.270270,560,46.550291,440,51.582649,1,0.250000
238,2,0.540541,584,48.545303,480,56.271981,1,0.250000
39,3,0.810811,713,59.268495,579,67.878077,1,0.250000
345,4,1.081081,798,66.334165,644,75.498242,1,0.250000
51,5,1.351351,826,68.661679,667,78.194607,3,0.750000
95,6,1.621622,833,69.243558,671,78.663540,3,0.750000
152,7,1.891892,833,69.243558,671,78.663540,3,0.750000
142,8,2.162162,858,71.321696,691,81.008206,3,0.750000
269,9,2.432432,858,71.321696,691,81.008206,3,0.750000
68,10,2.702703,858,71.321696,691,81.008206,3,0.750000
164,11,2.972973,858,71.321696,691,81.008206,3,0.750000
156,12,3.243243,858,71.321696,691,81.008206,3,0.750000
180,13,3.513514,858,71.321696,691,81.008206,3,0.750000
76,14,3.783784,880,73.150457,699,81.946073,3,0.750000
218,15,4.054054,880,73.150457,699,81.946073,3,0.750000
249,16,4.324324,880,73.150457,699,81.946073,3,0.750000
102,17,4.594595,888,73.815461,701,82.180539,3,0.750000
277,18,4.864865,934,77.639235,737,86.400938,3,0.750000
365,19,5.135135,939,78.054863,739,86.635404,3,0.750000
21,20,5.405405,960,79.800499,745,87.338804,3,0.750000
211,21,5.675676,968,80.465503,749,87.807737,3,0.750000
185,22,5.945946,971,80.714879,757,88.745604,3,0.750000
189,23,6.216216,971,80.714879,757,88.745604,3,0.750000
55,24,6.486486,971,80.714879,757,88.745604,3,0.750000
279,25,6.756757,971,80.714879,757,88.745604,3,0.750000
195,26,7.027027,971,80.714879,757,88.745604,3,0.750000
344,27,7.297297,973,80.881131,757,88.745604,3,0.750000
