TestcaseNumber,TestcaseCount,TestcaseRatio,StatementCount,StatementRatio,BranchCount,BranchRatio,FaultCount,FaultRatio
177,1,0.270270,645,53.615960,517,60.609613,1,0.250000
160,2,0.540541,704,58.520366,584,68.464244,1,0.250000
43,3,0.810811,760,63.175395,620,72.684642,1,0.250000
112,4,1.081081,761,63.258520,622,72.919109,1,0.250000
246,5,1.351351,767,63.757273,630,73.856975,1,0.250000
11,6,1.621622,796,66.167914,636,74.560375,1,0.250000
282,7,1.891892,810,67.331671,640,75.029308,1,0.250000
333,8,2.162162,856,71.155445,672,78.780774,2,0.500000
233,9,2.432432,856,71.155445,672,78.780774,2,0.500000
48,10,2.702703,862,71.654198,676,79.249707,3,0.750000
271,11,2.972973,862,71.654198,676,79.249707,3,0.750000
369,12,3.243243,904,75.145470,695,81.477140,3,0.750000
83,13,3.513514,908,75.477972,695,81.477140,3,0.750000
91,14,3.783784,908,75.477972,695,81.477140,3,0.750000
5,15,4.054054,909,75.561097,699,81.946073,3,0.750000
60,16,4.324324,928,77.140482,711,83.352872,3,0.750000
31,17,4.594595,936,77.805486,713,83.587339,3,0.750000
299,18,4.864865,936,77.805486,713,83.587339,3,0.750000
81,19,5.135135,936,77.805486,713,83.587339,3,0.750000
296,20,5.405405,936,77.805486,715,83.821805,3,0.750000
234,21,5.675676,936,77.805486,715,83.821805,3,0.750000
78,22,5.945946,936,77.805486,715,83.821805,3,0.750000
267,23,6.216216,954,79.301746,727,85.228605,3,0.750000
54,24,6.486486,954,79.301746,727,85.228605,3,0.750000
349,25,6.756757,969,80.548628,744,87.221571,3,0.750000
110,26,7.027027,970,80.631754,746,87.456038,3,0.750000
181,27,7.297297,970,80.631754,746,87.456038,3,0.750000
198,28,7.567568,970,80.631754,746,87.456038,3,0.750000
66,29,7.837838,970,80.631754,746,87.456038,3,0.750000
7,30,8.108108,970,80.631754,746,87.456038,3,0.750000
42,31,8.378378,970,80.631754,746,87.456038,3,0.750000
214,32,8.648649,970,80.631754,746,87.456038,3,0.750000
360,33,8.918919,980,81.463009,757,88.745604,3,0.750000
322,34,9.189189,980,81.463009,757,88.745604,3,0.750000
327,35,9.459459,980,81.463009,757,88.745604,3,0.750000
37,36,9.729730,983,81.712386,757,88.745604,3,0.750000
365,37,10.000000,983,81.712386,757,88.745604,3,0.750000
295,38,10.270270,983,81.712386,757,88.745604,3,0.750000
156,39,10.540541,983,81.712386,757,88.745604,3,0.750000
242,40,10.810811,983,81.712386,757,88.745604,3,0.750000
132,41,11.081081,983,81.712386,757,88.745604,3,0.750000
109,42,11.351351,983,81.712386,757,88.745604,3,0.750000
329,43,11.621622,983,81.712386,757,88.745604,3,0.750000
