TestcaseNumber,TestcaseCount,TestcaseRatio,StatementCount,StatementRatio,BranchCount,BranchRatio,FaultCount,FaultRatio
235,1,0.270270,519,43.142145,453,53.106682,1,0.250000
138,2,0.540541,636,52.867830,540,63.305979,1,0.250000
354,3,0.810811,637,52.950956,540,63.305979,1,0.250000
347,4,1.081081,696,57.855362,581,68.112544,2,0.500000
101,5,1.351351,703,58.437240,583,68.347011,2,0.500000
125,6,1.621622,778,64.671654,638,74.794842,2,0.500000
17,7,1.891892,785,65.253533,640,75.029308,2,0.500000
250,8,2.162162,807,67.082294,642,75.263775,2,0.500000
236,9,2.432432,853,70.906068,674,79.015240,3,0.750000
12,10,2.702703,853,70.906068,674,79.015240,4,1.000000
241,11,2.972973,898,74.646717,698,81.828839,4,1.000000
68,12,3.243243,910,75.644223,710,83.235639,4,1.000000
59,13,3.513514,910,75.644223,710,83.235639,4,1.000000
23,14,3.783784,936,77.805486,716,83.939039,4,1.000000
239,15,4.054054,936,77.805486,716,83.939039,4,1.000000
113,16,4.324324,942,78.304239,718,84.173505,4,1.000000
244,17,4.594595,945,78.553616,724,84.876905,4,1.000000
337,18,4.864865,950,78.969244,732,85.814771,4,1.000000
251,19,5.135135,955,79.384871,740,86.752638,4,1.000000
168,20,5.405405,961,79.883624,746,87.456038,4,1.000000
83,21,5.675676,965,80.216126,746,87.456038,4,1.000000
29,22,5.945946,989,82.211139,760,89.097304,4,1.000000
208,23,6.216216,989,82.211139,760,89.097304,4,1.000000
74,24,6.486486,989,82.211139,760,89.097304,4,1.000000
153,25,6.756757,989,82.211139,760,89.097304,4,1.000000
312,26,7.027027,990,82.294264,760,89.097304,4,1.000000
348,27,7.297297,990,82.294264,760,89.097304,4,1.000000
281,28,7.567568,990,82.294264,760,89.097304,4,1.000000
