TestcaseNumber,TestcaseCount,TestcaseRatio,StatementCount,StatementRatio,BranchCount,BranchRatio,FaultCount,FaultRatio
270,1,0.270270,524,43.557772,404,47.362251,0,0.000000
135,2,0.540541,728,60.515378,584,68.464244,1,0.250000
240,3,0.810811,732,60.847880,590,69.167644,1,0.250000
96,4,1.081081,735,61.097257,590,69.167644,1,0.250000
272,5,1.351351,740,61.512884,590,69.167644,1,0.250000
164,6,1.621622,790,65.669160,622,72.919109,1,0.250000
147,7,1.891892,790,65.669160,622,72.919109,1,0.250000
222,8,2.162162,799,66.417290,628,73.622509,1,0.250000
262,9,2.432432,800,66.500416,630,73.856975,1,0.250000
115,10,2.702703,800,66.500416,632,74.091442,1,0.250000
332,11,2.972973,800,66.500416,632,74.091442,1,0.250000
42,12,3.243243,800,66.500416,632,74.091442,1,0.250000
149,13,3.513514,813,67.581047,651,76.318875,1,0.250000
72,14,3.783784,813,67.581047,651,76.318875,1,0.250000
213,15,4.054054,821,68.246052,663,77.725674,1,0.250000
304,16,4.324324,826,68.661679,663,77.725674,1,0.250000
35,17,4.594595,848,70.490441,665,77.960141,1,0.250000
89,18,4.864865,875,72.734830,685,80.304807,1,0.250000
118,19,5.135135,875,72.734830,685,80.304807,1,0.250000
55,20,5.405405,875,72.734830,685,80.304807,1,0.250000
209,21,5.675676,881,73.233583,689,80.773740,1,0.250000
168,22,5.945946,882,73.316708,689,80.773740,1,0.250000
359,23,6.216216,882,73.316708,689,80.773740,1,0.250000
210,24,6.486486,893,74.231089,695,81.477140,1,0.250000
