TestcaseNumber,TestcaseCount,TestcaseRatio,StatementCount,StatementRatio,BranchCount,BranchRatio,FaultCount,FaultRatio
174,1,0.270270,614,51.039069,499,58.499414,0,0.000000
49,2,0.540541,684,56.857855,551,64.595545,2,0.500000
290,3,0.810811,725,60.266002,578,67.760844,2,0.500000
267,4,1.081081,751,62.427265,600,70.339977,2,0.500000
195,5,1.351351,755,62.759767,602,70.574443,2,0.500000
220,6,1.621622,795,66.084788,641,75.146542,2,0.500000
180,7,1.891892,796,66.167914,641,75.146542,2,0.500000
128,8,2.162162,842,69.991687,673,78.898007,3,0.750000
56,9,2.432432,842,69.991687,673,78.898007,3,0.750000
336,10,2.702703,846,70.324190,675,79.132474,3,0.750000
288,11,2.972973,846,70.324190,675,79.132474,3,0.750000
358,12,3.243243,846,70.324190,675,79.132474,3,0.750000
36,13,3.513514,869,72.236076,683,80.070340,3,0.750000
129,14,3.783784,869,72.236076,683,80.070340,3,0.750000
134,15,4.054054,888,73.815461,695,81.477140,3,0.750000
268,16,4.324324,888,73.815461,695,81.477140,3,0.750000
277,17,4.594595,926,76.974231,725,84.994138,3,0.750000
96,18,4.864865,926,76.974231,725,84.994138,3,0.750000
169,19,5.135135,927,77.057357,725,84.994138,3,0.750000
233,20,5.405405,927,77.057357,725,84.994138,3,0.750000
