TestcaseNumber,TestcaseCount,TestcaseRatio,StatementCount,StatementRatio,BranchCount,BranchRatio,FaultCount,FaultRatio
341,1,0.270270,594,49.376559,469,54.982415,0,0.000000
116,2,0.540541,679,56.442228,556,65.181712,0,0.000000
41,3,0.810811,715,59.434746,572,67.057444,0,0.000000
47,4,1.081081,740,61.512884,590,69.167644,0,0.000000
40,5,1.351351,740,61.512884,590,69.167644,0,0.000000
285,6,1.621622,752,62.510391,608,71.277843,1,0.250000
317,7,1.891892,771,64.089776,620,72.684642,1,0.250000
229,8,2.162162,790,65.669160,635,74.443142,2,0.500000
48,9,2.432432,793,65.918537,637,74.677608,2,0.500000
238,10,2.702703,839,69.742311,669,78.429074,3,0.750000
253,11,2.972973,839,69.742311,669,78.429074,3,0.750000
197,12,3.243243,870,72.319202,697,81.711606,3,0.750000
231,13,3.513514,870,72.319202,697,81.711606,3,0.750000
126,14,3.783784,880,73.150457,708,83.001172,3,0.750000
226,15,4.054054,886,73.649210,714,83.704572,3,0.750000
66,16,4.324324,894,74.314214,716,83.939039,3,0.750000
240,17,4.594595,894,74.314214,716,83.939039,3,0.750000
11,18,4.864865,923,76.724855,722,84.642438,3,0.750000
27,19,5.135135,956,79.467997,752,88.159437,3,0.750000
208,20,5.405405,956,79.467997,752,88.159437,3,0.750000
62,21,5.675676,956,79.467997,752,88.159437,3,0.750000
133,22,5.945946,959,79.717373,756,88.628370,3,0.750000
63,23,6.216216,959,79.717373,756,88.628370,3,0.750000
64,24,6.486486,959,79.717373,756,88.628370,3,0.750000
122,25,6.756757,959,79.717373,756,88.628370,3,0.750000
334,26,7.027027,959,79.717373,756,88.628370,3,0.750000
249,27,7.297297,967,80.382377,756,88.628370,3,0.750000
38,28,7.567568,970,80.631754,756,88.628370,3,0.750000
196,29,7.837838,970,80.631754,756,88.628370,3,0.750000
362,30,8.108108,990,82.294264,771,90.386870,3,0.750000
