TestcaseNumber,TestcaseCount,TestcaseRatio,StatementCount,StatementRatio,BranchCount,BranchRatio,FaultCount,FaultRatio
109,1,0.270270,477,39.650873,398,46.658851,1,0.250000
301,2,0.540541,646,53.699086,528,61.899179,1,0.250000
297,3,0.810811,702,58.354115,573,67.174678,2,0.500000
292,4,1.081081,739,61.429759,601,70.457210,3,0.750000
31,5,1.351351,766,63.674148,605,70.926143,3,0.750000
154,6,1.621622,784,65.170407,621,72.801876,3,0.750000
319,7,1.891892,797,66.251039,631,73.974209,3,0.750000
369,8,2.162162,865,71.903574,678,79.484174,3,0.750000
288,9,2.432432,928,77.140482,717,84.056272,3,0.750000
162,10,2.702703,928,77.140482,719,84.290739,3,0.750000
326,11,2.972973,933,77.556110,721,84.525205,3,0.750000
201,12,3.243243,935,77.722361,723,84.759672,3,0.750000
328,13,3.513514,938,77.971737,725,84.994138,3,0.750000
258,14,3.783784,953,79.218620,737,86.400938,3,0.750000
352,15,4.054054,974,80.964256,749,87.807737,3,0.750000
167,16,4.324324,974,80.964256,749,87.807737,3,0.750000
110,17,4.594595,974,80.964256,749,87.807737,3,0.750000
214,18,4.864865,976,81.130507,751,88.042204,3,0.750000
130,19,5.135135,976,81.130507,751,88.042204,3,0.750000
132,20,5.405405,976,81.130507,751,88.042204,3,0.750000
46,21,5.675676,980,81.463009,753,88.276671,3,0.750000
266,22,5.945946,987,82.044888,759,88.980070,3,0.750000
1,23,6.216216,1008,83.790524,763,89.449004,3,0.750000
325,24,6.486486,1008,83.790524,763,89.449004,3,0.750000
34,25,6.756757,1009,83.873649,763,89.449004,3,0.750000
16,26,7.027027,1009,83.873649,763,89.449004,4,1.000000
125,27,7.297297,1009,83.873649,763,89.449004,4,1.000000
22,28,7.567568,1035,86.034913,769,90.152403,4,1.000000
12,29,7.837838,1035,86.034913,769,90.152403,4,1.000000
44,30,8.108108,1035,86.034913,769,90.152403,4,1.000000
128,31,8.378378,1035,86.034913,769,90.152403,4,1.000000
115,32,8.648649,1035,86.034913,769,90.152403,4,1.000000
83,33,8.918919,1035,86.034913,769,90.152403,4,1.000000
41,34,9.189189,1035,86.034913,769,90.152403,4,1.000000
338,35,9.459459,1035,86.034913,769,90.152403,4,1.000000
