TestcaseNumber,TestcaseCount,TestcaseRatio,StatementCount,StatementRatio,BranchCount,BranchRatio,FaultCount,FaultRatio
109,1,0.270270,477,39.650873,398,46.658851,1,0.250000
333,2,0.540541,691,57.439734,545,63.892145,2,0.500000
269,3,0.810811,692,57.522860,547,64.126612,2,0.500000
365,4,1.081081,750,62.344140,579,67.878077,2,0.500000
164,5,1.351351,754,62.676642,585,68.581477,2,0.500000
354,6,1.621622,769,63.923525,608,71.277843,2,0.500000
255,7,1.891892,801,66.583541,630,73.856975,2,0.500000
47,8,2.162162,826,68.661679,648,75.967175,2,0.500000
16,9,2.432432,826,68.661679,648,75.967175,3,0.750000
20,10,2.702703,835,69.409809,648,75.967175,3,0.750000
3,11,2.972973,839,69.742311,648,75.967175,3,0.750000
197,12,3.243243,842,69.991687,658,77.139508,3,0.750000
353,13,3.513514,887,73.732336,682,79.953107,3,0.750000
138,14,3.783784,897,74.563591,692,81.125440,3,0.750000
261,15,4.054054,912,75.810474,709,83.118406,3,0.750000
302,16,4.324324,920,76.475478,711,83.352872,3,0.750000
11,17,4.594595,938,77.971737,715,83.821805,3,0.750000
180,18,4.864865,938,77.971737,715,83.821805,3,0.750000
300,19,5.135135,941,78.221114,717,84.056272,3,0.750000
274,20,5.405405,951,79.052369,723,84.759672,4,1.000000
106,21,5.675676,957,79.551122,727,85.228605,4,1.000000
345,22,5.945946,957,79.551122,727,85.228605,4,1.000000
232,23,6.216216,957,79.551122,727,85.228605,4,1.000000
187,24,6.486486,973,80.881131,738,86.518171,4,1.000000
192,25,6.756757,976,81.130507,740,86.752638,4,1.000000
125,26,7.027027,976,81.130507,740,86.752638,4,1.000000
205,27,7.297297,976,81.130507,740,86.752638,4,1.000000
27,28,7.567568,1002,83.291771,766,89.800703,4,1.000000
369,29,7.837838,1031,85.702411,785,92.028136,4,1.000000
282,30,8.108108,1031,85.702411,785,92.028136,4,1.000000
29,31,8.378378,1037,86.201164,787,92.262603,4,1.000000
