TestcaseNumber,TestcaseCount,TestcaseRatio,StatementCount,StatementRatio,BranchCount,BranchRatio,FaultCount,FaultRatio
260,1,0.270270,498,41.396509,406,47.596717,1,0.250000
229,2,0.540541,597,49.625935,483,56.623681,2,0.500000
33,3,0.810811,729,60.598504,564,66.119578,2,0.500000
43,4,1.081081,780,64.837905,611,71.629543,2,0.500000
184,5,1.351351,846,70.324190,666,78.077374,2,0.500000
298,6,1.621622,851,70.739817,666,78.077374,2,0.500000
178,7,1.891892,865,71.903574,682,79.953107,2,0.500000
368,8,2.162162,868,72.152951,682,79.953107,2,0.500000
188,9,2.432432,872,72.485453,684,80.187573,2,0.500000
225,10,2.702703,880,73.150457,694,81.359906,3,0.750000
241,11,2.972973,894,74.314214,706,82.766706,3,0.750000
239,12,3.243243,894,74.314214,706,82.766706,3,0.750000
289,13,3.513514,896,74.480466,706,82.766706,3,0.750000
139,14,3.783784,914,75.976725,718,84.173505,3,0.750000
197,15,4.054054,942,78.304239,738,86.518171,3,0.750000
9,16,4.324324,942,78.304239,738,86.518171,3,0.750000
35,17,4.594595,943,78.387365,738,86.518171,3,0.750000
25,18,4.864865,964,80.133001,744,87.221571,3,0.750000
252,19,5.135135,964,80.133001,744,87.221571,3,0.750000
329,20,5.405405,967,80.382377,746,87.456038,3,0.750000
11,21,5.675676,985,81.878637,750,87.924971,3,0.750000
74,22,5.945946,985,81.878637,750,87.924971,3,0.750000
62,23,6.216216,985,81.878637,750,87.924971,3,0.750000
227,24,6.486486,985,81.878637,750,87.924971,3,0.750000
316,25,6.756757,985,81.878637,750,87.924971,3,0.750000
328,26,7.027027,985,81.878637,750,87.924971,3,0.750000
180,27,7.297297,985,81.878637,750,87.924971,3,0.750000
77,28,7.567568,985,81.878637,750,87.924971,3,0.750000
106,29,7.837838,986,81.961762,750,87.924971,3,0.750000
200,30,8.108108,1010,83.956775,765,89.683470,3,0.750000
87,31,8.378378,1010,83.956775,765,89.683470,3,0.750000
233,32,8.648649,1010,83.956775,765,89.683470,3,0.750000
123,33,8.918919,1010,83.956775,765,89.683470,3,0.750000
191,34,9.189189,1010,83.956775,765,89.683470,3,0.750000
199,35,9.459459,1011,84.039900,767,89.917937,3,0.750000
362,36,9.729730,1012,84.123026,767,89.917937,3,0.750000
163,37,10.000000,1012,84.123026,767,89.917937,3,0.750000
334,38,10.270270,1012,84.123026,767,89.917937,3,0.750000
79,39,10.540541,1012,84.123026,767,89.917937,3,0.750000
257,40,10.810811,1012,84.123026,767,89.917937,3,0.750000
