TestcaseNumber,TestcaseCount,TestcaseRatio,StatementCount,StatementRatio,BranchCount,BranchRatio,FaultCount,FaultRatio
20,1,0.270270,298,24.771405,237,27.784291,0,0.000000
231,2,0.540541,520,43.225270,413,48.417351,1,0.250000
368,3,0.810811,647,53.782211,500,58.616647,1,0.250000
254,4,1.081081,687,57.107232,528,61.899179,1,0.250000
301,5,1.351351,746,62.011638,585,68.581477,2,0.500000
124,6,1.621622,789,65.586035,626,73.388042,2,0.500000
352,7,1.891892,852,70.822943,664,77.842907,2,0.500000
134,8,2.162162,852,70.822943,664,77.842907,2,0.500000
238,9,2.432432,898,74.646717,696,81.594373,3,0.750000
305,10,2.702703,901,74.896093,698,81.828839,3,0.750000
178,11,2.972973,907,75.394846,702,82.297773,3,0.750000
278,12,3.243243,917,76.226101,708,83.001172,3,0.750000
338,13,3.513514,918,76.309227,708,83.001172,3,0.750000
120,14,3.783784,918,76.309227,708,83.001172,3,0.750000
232,15,4.054054,922,76.641729,708,83.001172,3,0.750000
139,16,4.324324,940,78.137988,720,84.407972,3,0.750000
2,17,4.594595,960,79.800499,720,84.407972,3,0.750000
104,18,4.864865,960,79.800499,720,84.407972,3,0.750000
349,19,5.135135,963,80.049875,722,84.642438,3,0.750000
336,20,5.405405,968,80.465503,730,85.580305,3,0.750000
119,21,5.675676,968,80.465503,732,85.814771,3,0.750000
246,22,5.945946,974,80.964256,738,86.518171,3,0.750000
319,23,6.216216,974,80.964256,738,86.518171,3,0.750000
335,24,6.486486,974,80.964256,738,86.518171,3,0.750000
229,25,6.756757,974,80.964256,738,86.518171,3,0.750000
321,26,7.027027,974,80.964256,738,86.518171,3,0.750000
215,27,7.297297,974,80.964256,738,86.518171,3,0.750000
150,28,7.567568,980,81.463009,738,86.518171,3,0.750000
