TestcaseNumber,TestcaseCount,TestcaseRatio,StatementCount,StatementRatio,BranchCount,BranchRatio,FaultCount,FaultRatio
213,1,0.270270,653,54.280964,544,63.774912,0,0.000000
114,2,0.540541,724,60.182876,592,69.402110,0,0.000000
279,3,0.810811,802,66.666667,653,76.553341,1,0.250000
294,4,1.081081,840,69.825436,684,80.187573,1,0.250000
24,5,1.351351,854,70.989194,684,80.187573,1,0.250000
131,6,1.621622,854,70.989194,684,80.187573,2,0.500000
132,7,1.891892,876,72.817955,696,81.594373,2,0.500000
154,8,2.162162,880,73.150457,696,81.594373,2,0.500000
59,9,2.432432,880,73.150457,696,81.594373,2,0.500000
6,10,2.702703,880,73.150457,696,81.594373,2,0.500000
258,11,2.972973,896,74.480466,708,83.001172,2,0.500000
249,12,3.243243,915,76.059850,710,83.235639,2,0.500000
108,13,3.513514,916,76.142976,712,83.470106,2,0.500000
153,14,3.783784,919,76.392352,720,84.407972,2,0.500000
257,15,4.054054,926,76.974231,724,84.876905,3,0.750000
354,16,4.324324,934,77.639235,726,85.111372,3,0.750000
316,17,4.594595,934,77.639235,726,85.111372,3,0.750000
96,18,4.864865,934,77.639235,726,85.111372,3,0.750000
265,19,5.135135,934,77.639235,726,85.111372,3,0.750000
66,20,5.405405,934,77.639235,726,85.111372,3,0.750000
317,21,5.675676,934,77.639235,726,85.111372,3,0.750000
139,22,5.945946,944,78.470490,736,86.283705,3,0.750000
18,23,6.216216,945,78.553616,738,86.518171,3,0.750000
97,24,6.486486,945,78.553616,738,86.518171,3,0.750000
165,25,6.756757,945,78.553616,738,86.518171,3,0.750000
63,26,7.027027,945,78.553616,738,86.518171,3,0.750000
5,27,7.297297,946,78.636741,742,86.987104,3,0.750000
