TestcaseNumber,TestcaseCount,TestcaseRatio,StatementCount,StatementRatio,BranchCount,BranchRatio,FaultCount,FaultRatio
141,1,0.270270,639,53.117207,513,60.140680,0,0.000000
273,2,0.540541,726,60.349127,576,67.526377,1,0.250000
172,3,0.810811,751,62.427265,598,70.105510,1,0.250000
364,4,1.081081,824,68.495428,647,75.849941,1,0.250000
247,5,1.351351,832,69.160432,659,77.256741,1,0.250000
235,6,1.621622,860,71.487947,679,79.601407,1,0.250000
15,7,1.891892,866,71.986700,679,79.601407,1,0.250000
310,8,2.162162,872,72.485453,683,80.070340,2,0.500000
355,9,2.432432,872,72.485453,683,80.070340,2,0.500000
166,10,2.702703,918,76.309227,715,83.821805,3,0.750000
245,11,2.972973,918,76.309227,715,83.821805,3,0.750000
209,12,3.243243,926,76.974231,719,84.290739,3,0.750000
335,13,3.513514,961,79.883624,739,86.635404,3,0.750000
294,14,3.783784,971,80.714879,750,87.924971,3,0.750000
255,15,4.054054,971,80.714879,750,87.924971,3,0.750000
132,16,4.324324,971,80.714879,750,87.924971,3,0.750000
218,17,4.594595,971,80.714879,750,87.924971,3,0.750000
30,18,4.864865,1004,83.458022,778,91.207503,3,0.750000
204,19,5.135135,1004,83.458022,778,91.207503,3,0.750000
42,20,5.405405,1010,83.956775,778,91.207503,3,0.750000
14,21,5.675676,1012,84.123026,780,91.441970,3,0.750000
197,22,5.945946,1012,84.123026,780,91.441970,3,0.750000
38,23,6.216216,1015,84.372402,780,91.441970,3,0.750000
356,24,6.486486,1016,84.455528,780,91.441970,3,0.750000
36,25,6.756757,1017,84.538653,784,91.910903,3,0.750000
308,26,7.027027,1018,84.621779,786,92.145369,3,0.750000
349,27,7.297297,1019,84.704904,786,92.145369,3,0.750000
7,28,7.567568,1019,84.704904,786,92.145369,3,0.750000
225,29,7.837838,1026,85.286783,790,92.614302,3,0.750000
99,30,8.108108,1026,85.286783,790,92.614302,3,0.750000
259,31,8.378378,1033,85.868662,794,93.083236,3,0.750000
51,32,8.648649,1052,87.448047,809,94.841735,3,0.750000
318,33,8.918919,1052,87.448047,809,94.841735,3,0.750000
112,34,9.189189,1052,87.448047,809,94.841735,3,0.750000
56,35,9.459459,1052,87.448047,809,94.841735,3,0.750000
268,36,9.729730,1052,87.448047,809,94.841735,3,0.750000
83,37,10.000000,1052,87.448047,809,94.841735,3,0.750000
278,38,10.270270,1052,87.448047,809,94.841735,3,0.750000
