TestcaseNumber,TestcaseCount,TestcaseRatio,StatementCount,StatementRatio,BranchCount,BranchRatio,FaultCount,FaultRatio
97,1,0.270270,544,45.220283,449,52.637749,1,0.250000
219,2,0.540541,688,57.190357,554,64.947245,1,0.250000
10,3,0.810811,717,59.600998,560,65.650645,1,0.250000
44,4,1.081081,773,64.256027,600,70.339977,1,0.250000
282,5,1.351351,783,65.087282,602,70.574443,1,0.250000
118,6,1.621622,793,65.918537,612,71.746776,1,0.250000
322,7,1.891892,794,66.001663,612,71.746776,1,0.250000
88,8,2.162162,827,68.744805,642,75.263775,1,0.250000
1,9,2.432432,830,68.994181,642,75.263775,1,0.250000
290,10,2.702703,850,70.656692,667,78.194607,1,0.250000
23,11,2.972973,876,72.817955,673,78.898007,1,0.250000
80,12,3.243243,876,72.817955,673,78.898007,1,0.250000
103,13,3.513514,876,72.817955,673,78.898007,1,0.250000
317,14,3.783784,876,72.817955,673,78.898007,1,0.250000
94,15,4.054054,925,76.891106,707,82.883939,2,0.500000
110,16,4.324324,926,76.974231,709,83.118406,2,0.500000
135,17,4.594595,926,76.974231,709,83.118406,2,0.500000
67,18,4.864865,926,76.974231,709,83.118406,2,0.500000
119,19,5.135135,926,76.974231,709,83.118406,2,0.500000
138,20,5.405405,938,77.971737,719,84.290739,2,0.500000
216,21,5.675676,938,77.971737,719,84.290739,2,0.500000
337,22,5.945946,938,77.971737,719,84.290739,2,0.500000
321,23,6.216216,947,78.719867,725,84.994138,2,0.500000
202,24,6.486486,971,80.714879,740,86.752638,2,0.500000
346,25,6.756757,979,81.379884,744,87.221571,3,0.750000
233,26,7.027027,980,81.463009,744,87.221571,3,0.750000
104,27,7.297297,980,81.463009,744,87.221571,3,0.750000
300,28,7.567568,983,81.712386,746,87.456038,3,0.750000
112,29,7.837838,989,82.211139,746,87.456038,3,0.750000
353,30,8.108108,989,82.211139,746,87.456038,3,0.750000
186,31,8.378378,999,83.042394,757,88.745604,3,0.750000
115,32,8.648649,999,83.042394,757,88.745604,3,0.750000
268,33,8.918919,999,83.042394,759,88.980070,3,0.750000
237,34,9.189189,999,83.042394,759,88.980070,3,0.750000
40,35,9.459459,999,83.042394,759,88.980070,3,0.750000
167,36,9.729730,999,83.042394,759,88.980070,3,0.750000
140,37,10.000000,999,83.042394,759,88.980070,3,0.750000
239,38,10.270270,999,83.042394,759,88.980070,3,0.750000
