TestcaseNumber,TestcaseCount,TestcaseRatio,StatementCount,StatementRatio,BranchCount,BranchRatio,FaultCount,FaultRatio
326,1,0.270270,689,57.273483,565,66.236811,0,0.000000
344,2,0.540541,722,60.016625,592,69.402110,0,0.000000
360,3,0.810811,742,61.679135,607,71.160610,0,0.000000
250,4,1.081081,762,63.341646,609,71.395076,0,0.000000
309,5,1.351351,767,63.757273,613,71.864009,0,0.000000
351,6,1.621622,821,68.246052,651,76.318875,1,0.250000
179,7,1.891892,853,70.906068,689,80.773740,2,0.500000
31,8,2.162162,861,71.571072,691,81.008206,2,0.500000
57,9,2.432432,864,71.820449,691,81.008206,2,0.500000
327,10,2.702703,864,71.820449,691,81.008206,2,0.500000
334,11,2.972973,899,74.729842,711,83.352872,2,0.500000
92,12,3.243243,902,74.979219,713,83.587339,2,0.500000
293,13,3.513514,905,75.228595,715,83.821805,3,0.750000
337,14,3.783784,915,76.059850,717,84.056272,3,0.750000
289,15,4.054054,927,77.057357,721,84.525205,3,0.750000
307,16,4.324324,927,77.057357,721,84.525205,3,0.750000
63,17,4.594595,927,77.057357,721,84.525205,3,0.750000
183,18,4.864865,927,77.057357,721,84.525205,3,0.750000
199,19,5.135135,956,79.467997,737,86.400938,3,0.750000
364,20,5.405405,1000,83.125520,759,88.980070,3,0.750000
165,21,5.675676,1000,83.125520,759,88.980070,3,0.750000
149,22,5.945946,1000,83.125520,759,88.980070,3,0.750000
103,23,6.216216,1000,83.125520,759,88.980070,3,0.750000
286,24,6.486486,1000,83.125520,761,89.214537,3,0.750000
302,25,6.756757,1001,83.208645,761,89.214537,3,0.750000
361,26,7.027027,1001,83.208645,761,89.214537,3,0.750000
53,27,7.297297,1001,83.208645,761,89.214537,3,0.750000
341,28,7.567568,1001,83.208645,761,89.214537,3,0.750000
359,29,7.837838,1001,83.208645,761,89.214537,3,0.750000
202,30,8.108108,1001,83.208645,761,89.214537,3,0.750000
22,31,8.378378,1027,85.369909,767,89.917937,3,0.750000
96,32,8.648649,1027,85.369909,767,89.917937,3,0.750000
74,33,8.918919,1027,85.369909,767,89.917937,3,0.750000
157,34,9.189189,1027,85.369909,767,89.917937,3,0.750000
142,35,9.459459,1027,85.369909,767,89.917937,3,0.750000
255,36,9.729730,1027,85.369909,767,89.917937,3,0.750000
329,37,10.000000,1027,85.369909,767,89.917937,3,0.750000
16,38,10.270270,1027,85.369909,767,89.917937,4,1.000000
18,39,10.540541,1028,85.453034,769,90.152403,4,1.000000
