TestcaseNumber,TestcaseCount,TestcaseRatio,StatementCount,StatementRatio,BranchCount,BranchRatio,FaultCount,FaultRatio
350,1,0.270270,399,33.167082,311,36.459555,1,0.250000
271,2,0.540541,581,48.295927,448,52.520516,2,0.500000
340,3,0.810811,740,61.512884,565,66.236811,2,0.500000
179,4,1.081081,769,63.923525,601,70.457210,2,0.500000
327,5,1.351351,796,66.167914,647,75.849941,2,0.500000
90,6,1.621622,823,68.412303,667,78.194607,2,0.500000
306,7,1.891892,823,68.412303,667,78.194607,2,0.500000
267,8,2.162162,841,69.908562,679,79.601407,2,0.500000
184,9,2.432432,844,70.157938,679,79.601407,2,0.500000
1,10,2.702703,876,72.817955,685,80.304807,2,0.500000
297,11,2.972973,876,72.817955,687,80.539273,2,0.500000
97,12,3.243243,895,74.397340,699,81.946073,2,0.500000
300,13,3.513514,903,75.062344,701,82.180539,2,0.500000
22,14,3.783784,929,77.223608,707,82.883939,2,0.500000
163,15,4.054054,938,77.971737,709,83.118406,2,0.500000
265,16,4.324324,938,77.971737,709,83.118406,2,0.500000
30,17,4.594595,973,80.881131,739,86.635404,2,0.500000
343,18,4.864865,990,82.294264,756,88.628370,2,0.500000
286,19,5.135135,990,82.294264,758,88.862837,2,0.500000
315,20,5.405405,990,82.294264,758,88.862837,2,0.500000
247,21,5.675676,998,82.959268,768,90.035170,2,0.500000
229,22,5.945946,1009,83.873649,772,90.504103,3,0.750000
330,23,6.216216,1009,83.873649,772,90.504103,3,0.750000
67,24,6.486486,1009,83.873649,772,90.504103,3,0.750000
322,25,6.756757,1009,83.873649,772,90.504103,3,0.750000
288,26,7.027027,1014,84.289277,776,90.973036,3,0.750000
