TestcaseNumber,TestcaseCount,TestcaseRatio,StatementCount,StatementRatio,BranchCount,BranchRatio,FaultCount,FaultRatio
191,1,0.270270,695,57.772236,581,68.112544,1,0.250000
326,2,0.540541,701,58.270989,587,68.815944,1,0.250000
7,3,0.810811,722,60.016625,589,69.050410,1,0.250000
92,4,1.081081,774,64.339152,623,73.036342,2,0.500000
80,5,1.351351,774,64.339152,623,73.036342,2,0.500000
73,6,1.621622,775,64.422278,623,73.036342,2,0.500000
79,7,1.891892,807,67.082294,635,74.443142,2,0.500000
334,8,2.162162,826,68.661679,647,75.849941,2,0.500000
208,9,2.432432,831,69.077307,649,76.084408,2,0.500000
72,10,2.702703,831,69.077307,649,76.084408,2,0.500000
5,11,2.972973,832,69.160432,653,76.553341,2,0.500000
356,12,3.243243,863,71.737323,677,79.366940,2,0.500000
268,13,3.513514,863,71.737323,679,79.601407,2,0.500000
243,14,3.783784,868,72.152951,681,79.835873,2,0.500000
98,15,4.054054,868,72.152951,681,79.835873,2,0.500000
143,16,4.324324,883,73.399834,700,82.063306,2,0.500000
60,17,4.594595,883,73.399834,700,82.063306,2,0.500000
133,18,4.864865,891,74.064838,710,83.235639,2,0.500000
290,19,5.135135,894,74.314214,710,83.235639,2,0.500000
116,20,5.405405,894,74.314214,710,83.235639,2,0.500000
267,21,5.675676,894,74.314214,712,83.470106,2,0.500000
185,22,5.945946,894,74.314214,712,83.470106,2,0.500000
305,23,6.216216,899,74.729842,712,83.470106,2,0.500000
193,24,6.486486,902,74.979219,714,83.704572,3,0.750000
272,25,6.756757,902,74.979219,714,83.704572,3,0.750000
307,26,7.027027,902,74.979219,714,83.704572,3,0.750000
353,27,7.297297,902,74.979219,714,83.704572,3,0.750000
124,28,7.567568,929,77.223608,734,86.049238,3,0.750000
345,29,7.837838,934,77.639235,738,86.518171,3,0.750000
113,30,8.108108,934,77.639235,738,86.518171,3,0.750000
278,31,8.378378,934,77.639235,738,86.518171,3,0.750000
100,32,8.648649,934,77.639235,738,86.518171,3,0.750000
184,33,8.918919,934,77.639235,738,86.518171,3,0.750000
348,34,9.189189,935,77.722361,738,86.518171,3,0.750000
285,35,9.459459,935,77.722361,738,86.518171,3,0.750000
85,36,9.729730,935,77.722361,738,86.518171,3,0.750000
49,37,10.000000,935,77.722361,738,86.518171,3,0.750000
16,38,10.270270,935,77.722361,738,86.518171,4,1.000000
8,39,10.540541,935,77.722361,738,86.518171,4,1.000000
33,40,10.810811,937,77.888612,738,86.518171,4,1.000000
331,41,11.081081,937,77.888612,738,86.518171,4,1.000000
254,42,11.351351,937,77.888612,738,86.518171,4,1.000000
237,43,11.621622,937,77.888612,738,86.518171,4,1.000000
