TestcaseNumber,TestcaseCount,TestcaseRatio,StatementCount,StatementRatio,BranchCount,BranchRatio,FaultCount,FaultRatio
219,1,0.270270,640,53.200333,528,61.899179,0,0.000000
74,2,0.540541,653,54.280964,542,63.540445,0,0.000000
51,3,0.810811,703,58.437240,583,68.347011,2,0.500000
308,4,1.081081,729,60.598504,604,70.808910,2,0.500000
47,5,1.351351,749,62.261014,616,72.215709,2,0.500000
120,6,1.621622,749,62.261014,616,72.215709,2,0.500000
21,7,1.891892,770,64.006650,622,72.919109,2,0.500000
100,8,2.162162,778,64.671654,624,73.153576,2,0.500000
92,9,2.432432,827,68.744805,658,77.139508,3,0.750000
286,10,2.702703,827,68.744805,660,77.373974,3,0.750000
186,11,2.972973,859,71.404821,672,78.780774,3,0.750000
103,12,3.243243,859,71.404821,672,78.780774,3,0.750000
251,13,3.513514,894,74.314214,695,81.477140,3,0.750000
42,14,3.783784,894,74.314214,695,81.477140,3,0.750000
18,15,4.054054,895,74.397340,697,81.711606,3,0.750000
112,16,4.324324,895,74.397340,697,81.711606,3,0.750000
191,17,4.594595,895,74.397340,697,81.711606,3,0.750000
232,18,4.864865,929,77.223608,727,85.228605,3,0.750000
15,19,5.135135,935,77.722361,727,85.228605,3,0.750000
145,20,5.405405,935,77.722361,727,85.228605,3,0.750000
171,21,5.675676,962,79.966750,749,87.807737,3,0.750000
314,22,5.945946,962,79.966750,749,87.807737,3,0.750000
85,23,6.216216,962,79.966750,749,87.807737,3,0.750000
200,24,6.486486,969,80.548628,751,88.042204,3,0.750000
363,25,6.756757,1035,86.034913,779,91.324736,3,0.750000
65,26,7.027027,1035,86.034913,779,91.324736,3,0.750000
253,27,7.297297,1035,86.034913,779,91.324736,3,0.750000
111,28,7.567568,1036,86.118038,781,91.559203,3,0.750000
301,29,7.837838,1039,86.367415,783,91.793669,3,0.750000
288,30,8.108108,1041,86.533666,783,91.793669,3,0.750000
290,31,8.378378,1041,86.533666,783,91.793669,3,0.750000
125,32,8.648649,1041,86.533666,783,91.793669,3,0.750000
304,33,8.918919,1041,86.533666,783,91.793669,3,0.750000
365,34,9.189189,1046,86.949293,785,92.028136,3,0.750000
140,35,9.459459,1054,87.614298,791,92.731536,3,0.750000
216,36,9.729730,1054,87.614298,791,92.731536,3,0.750000
227,37,10.000000,1061,88.196176,795,93.200469,3,0.750000
43,38,10.270270,1061,88.196176,795,93.200469,3,0.750000
13,39,10.540541,1063,88.362427,797,93.434936,3,0.750000
153,40,10.810811,1063,88.362427,797,93.434936,3,0.750000
217,41,11.081081,1063,88.362427,797,93.434936,3,0.750000
