TestcaseNumber,TestcaseCount,TestcaseRatio,StatementCount,StatementRatio,BranchCount,BranchRatio,FaultCount,FaultRatio
259,1,0.270270,450,37.406484,392,45.955451,1,0.250000
229,2,0.540541,590,49.044057,489,57.327081,2,0.500000
17,3,0.810811,597,49.625935,491,57.561547,2,0.500000
267,4,1.081081,617,51.288446,503,58.968347,2,0.500000
264,5,1.351351,664,55.195345,537,62.954279,2,0.500000
232,6,1.621622,674,56.026600,562,65.885111,2,0.500000
43,7,1.891892,701,58.270989,576,67.526377,2,0.500000
150,8,2.162162,829,68.911056,680,79.718640,2,0.500000
190,9,2.432432,844,70.157938,686,80.422040,2,0.500000
291,10,2.702703,853,70.906068,690,80.890973,2,0.500000
334,11,2.972973,872,72.485453,702,82.297773,2,0.500000
178,12,3.243243,875,72.734830,702,82.297773,2,0.500000
16,13,3.513514,875,72.734830,702,82.297773,3,0.750000
135,14,3.783784,875,72.734830,702,82.297773,3,0.750000
185,15,4.054054,875,72.734830,702,82.297773,3,0.750000
203,16,4.324324,929,77.223608,738,86.518171,3,0.750000
125,17,4.594595,929,77.223608,738,86.518171,3,0.750000
21,18,4.864865,950,78.969244,744,87.221571,3,0.750000
191,19,5.135135,950,78.969244,744,87.221571,3,0.750000
290,20,5.405405,950,78.969244,744,87.221571,3,0.750000
251,21,5.675676,970,80.631754,750,87.924971,3,0.750000
239,22,5.945946,970,80.631754,750,87.924971,4,1.000000
238,23,6.216216,970,80.631754,750,87.924971,4,1.000000
26,24,6.486486,994,82.626766,774,90.738570,4,1.000000
188,25,6.756757,994,82.626766,774,90.738570,4,1.000000
240,26,7.027027,994,82.626766,774,90.738570,4,1.000000
268,27,7.297297,994,82.626766,774,90.738570,4,1.000000
19,28,7.567568,994,82.626766,774,90.738570,4,1.000000
34,29,7.837838,995,82.709892,774,90.738570,4,1.000000
249,30,8.108108,995,82.709892,774,90.738570,4,1.000000
