TestcaseNumber,TestcaseCount,TestcaseRatio,StatementCount,StatementRatio,BranchCount,BranchRatio,FaultCount,FaultRatio
345,1,0.270270,519,43.142145,420,49.237984,0,0.000000
74,2,0.540541,554,46.051538,468,54.865182,0,0.000000
120,3,0.810811,715,59.434746,583,68.347011,1,0.250000
317,4,1.081081,764,63.507897,611,71.629543,1,0.250000
194,5,1.351351,767,63.757273,613,71.864009,1,0.250000
306,6,1.621622,770,64.006650,621,72.801876,1,0.250000
6,7,1.891892,772,64.172901,621,72.801876,1,0.250000
82,8,2.162162,776,64.505403,623,73.036342,1,0.250000
290,9,2.432432,786,65.336658,633,74.208675,1,0.250000
352,10,2.702703,791,65.752286,635,74.443142,1,0.250000
164,11,2.972973,837,69.576060,667,78.194607,1,0.250000
98,12,3.243243,837,69.576060,667,78.194607,1,0.250000
63,13,3.513514,837,69.576060,667,78.194607,1,0.250000
2,14,3.783784,857,71.238570,667,78.194607,1,0.250000
175,15,4.054054,865,71.903574,669,78.429074,2,0.500000
217,16,4.324324,865,71.903574,669,78.429074,2,0.500000
241,17,4.594595,865,71.903574,669,78.429074,2,0.500000
196,18,4.864865,899,74.729842,699,81.946073,2,0.500000
148,19,5.135135,915,76.059850,710,83.235639,2,0.500000
320,20,5.405405,924,76.807980,716,83.939039,2,0.500000
22,21,5.675676,950,78.969244,722,84.642438,2,0.500000
101,22,5.945946,950,78.969244,722,84.642438,2,0.500000
154,23,6.216216,950,78.969244,724,84.876905,2,0.500000
304,24,6.486486,955,79.384871,724,84.876905,2,0.500000
274,25,6.756757,955,79.384871,726,85.111372,2,0.500000
83,26,7.027027,955,79.384871,726,85.111372,2,0.500000
174,27,7.297297,955,79.384871,726,85.111372,2,0.500000
330,28,7.567568,955,79.384871,726,85.111372,2,0.500000
53,29,7.837838,955,79.384871,726,85.111372,2,0.500000
269,30,8.108108,955,79.384871,726,85.111372,2,0.500000
34,31,8.378378,975,81.047382,728,85.345838,2,0.500000
14,32,8.648649,977,81.213633,730,85.580305,2,0.500000
91,33,8.918919,977,81.213633,730,85.580305,2,0.500000
3,34,9.189189,981,81.546135,730,85.580305,2,0.500000
177,35,9.459459,981,81.546135,730,85.580305,2,0.500000
297,36,9.729730,981,81.546135,732,85.814771,3,0.750000
48,37,10.000000,981,81.546135,732,85.814771,3,0.750000
234,38,10.270270,981,81.546135,732,85.814771,3,0.750000
121,39,10.540541,981,81.546135,732,85.814771,3,0.750000
358,40,10.810811,981,81.546135,732,85.814771,3,0.750000
51,41,11.081081,1000,83.125520,747,87.573271,3,0.750000
