TestcaseNumber,TestcaseCount,TestcaseRatio,StatementCount,StatementRatio,BranchCount,BranchRatio,FaultCount,FaultRatio
288,1,0.270270,685,56.940981,523,61.313013,0,0.000000
358,2,0.540541,704,58.520366,557,65.298945,0,0.000000
352,3,0.810811,753,62.593516,611,71.629543,0,0.000000
58,4,1.081081,806,66.999169,651,76.318875,1,0.250000
173,5,1.351351,825,68.578554,659,77.256741,1,0.250000
206,6,1.621622,833,69.243558,663,77.725674,1,0.250000
24,7,1.891892,847,70.407315,663,77.725674,1,0.250000
100,8,2.162162,854,70.989194,665,77.960141,1,0.250000
298,9,2.432432,855,71.072319,665,77.960141,1,0.250000
255,10,2.702703,859,71.404821,665,77.960141,1,0.250000
188,11,2.972973,869,72.236076,678,79.484174,1,0.250000
275,12,3.243243,874,72.651704,682,79.953107,3,0.750000
96,13,3.513514,874,72.651704,682,79.953107,3,0.750000
235,14,3.783784,908,75.477972,712,83.470106,3,0.750000
23,15,4.054054,924,76.807980,718,84.173505,3,0.750000
77,16,4.324324,924,76.807980,718,84.173505,3,0.750000
240,17,4.594595,924,76.807980,718,84.173505,3,0.750000
151,18,4.864865,924,76.807980,718,84.173505,3,0.750000
95,19,5.135135,927,77.057357,720,84.407972,3,0.750000
325,20,5.405405,927,77.057357,720,84.407972,3,0.750000
185,21,5.675676,927,77.057357,720,84.407972,3,0.750000
296,22,5.945946,927,77.057357,722,84.642438,3,0.750000
78,23,6.216216,927,77.057357,722,84.642438,3,0.750000
305,24,6.486486,931,77.389859,724,84.876905,3,0.750000
202,25,6.756757,950,78.969244,739,86.635404,3,0.750000
268,26,7.027027,950,78.969244,741,86.869871,3,0.750000
37,27,7.297297,973,80.881131,743,87.104338,3,0.750000
304,28,7.567568,973,80.881131,743,87.104338,3,0.750000
165,29,7.837838,973,80.881131,743,87.104338,3,0.750000
142,30,8.108108,979,81.379884,747,87.573271,3,0.750000
126,31,8.378378,979,81.379884,747,87.573271,3,0.750000
279,32,8.648649,979,81.379884,747,87.573271,3,0.750000
213,33,8.918919,979,81.379884,747,87.573271,3,0.750000
14,34,9.189189,981,81.546135,749,87.807737,3,0.750000
354,35,9.459459,981,81.546135,749,87.807737,3,0.750000
183,36,9.729730,981,81.546135,749,87.807737,3,0.750000
6,37,10.000000,981,81.546135,749,87.807737,3,0.750000
