TestcaseNumber,TestcaseCount,TestcaseRatio,StatementCount,StatementRatio,BranchCount,BranchRatio,FaultCount,FaultRatio
48,1,0.270270,511,42.477140,420,49.237984,1,0.250000
165,2,0.540541,721,59.933500,569,66.705744,3,0.750000
127,3,0.810811,779,64.754780,641,75.146542,3,0.750000
209,4,1.081081,790,65.669160,645,75.615475,3,0.750000
116,5,1.351351,794,66.001663,647,75.849941,3,0.750000
59,6,1.621622,794,66.001663,647,75.849941,3,0.750000
2,7,1.891892,814,67.664173,647,75.849941,3,0.750000
262,8,2.162162,861,71.571072,673,78.898007,3,0.750000
122,9,2.432432,861,71.571072,673,78.898007,3,0.750000
143,10,2.702703,900,74.812968,706,82.766706,3,0.750000
267,11,2.972973,901,74.896093,708,83.001172,3,0.750000
28,12,3.243243,925,76.891106,722,84.642438,3,0.750000
72,13,3.513514,925,76.891106,722,84.642438,3,0.750000
249,14,3.783784,944,78.470490,724,84.876905,3,0.750000
322,15,4.054054,944,78.470490,724,84.876905,3,0.750000
324,16,4.324324,951,79.052369,734,86.049238,3,0.750000
109,17,4.594595,951,79.052369,734,86.049238,3,0.750000
306,18,4.864865,951,79.052369,734,86.049238,3,0.750000
337,19,5.135135,958,79.634248,736,86.283705,3,0.750000
133,20,5.405405,966,80.299252,746,87.456038,3,0.750000
307,21,5.675676,966,80.299252,746,87.456038,3,0.750000
43,22,5.945946,972,80.798005,746,87.456038,3,0.750000
22,23,6.216216,998,82.959268,752,88.159437,3,0.750000
172,24,6.486486,998,82.959268,752,88.159437,3,0.750000
85,25,6.756757,998,82.959268,752,88.159437,3,0.750000
236,26,7.027027,998,82.959268,752,88.159437,3,0.750000
50,27,7.297297,998,82.959268,752,88.159437,3,0.750000
343,28,7.567568,1004,83.458022,756,88.628370,3,0.750000
334,29,7.837838,1004,83.458022,756,88.628370,3,0.750000
123,30,8.108108,1004,83.458022,756,88.628370,3,0.750000
270,31,8.378378,1004,83.458022,756,88.628370,3,0.750000
118,32,8.648649,1004,83.458022,756,88.628370,3,0.750000
160,33,8.918919,1005,83.541147,756,88.628370,3,0.750000
290,34,9.189189,1005,83.541147,756,88.628370,3,0.750000
87,35,9.459459,1005,83.541147,756,88.628370,3,0.750000
312,36,9.729730,1005,83.541147,756,88.628370,3,0.750000
161,37,10.000000,1005,83.541147,756,88.628370,3,0.750000
274,38,10.270270,1010,83.956775,758,88.862837,3,0.750000
170,39,10.540541,1011,84.039900,758,88.862837,3,0.750000
248,40,10.810811,1012,84.123026,762,89.331770,3,0.750000
