TestcaseNumber,TestcaseCount,TestcaseRatio,StatementCount,StatementRatio,BranchCount,BranchRatio,FaultCount,FaultRatio
201,1,0.270270,583,48.462178,469,54.982415,0,0.000000
326,2,0.540541,746,62.011638,613,71.864009,0,0.000000
81,3,0.810811,753,62.593516,617,72.332943,1,0.250000
229,4,1.081081,774,64.339152,634,74.325909,2,0.500000
91,5,1.351351,812,67.497922,670,78.546307,2,0.500000
42,6,1.621622,844,70.157938,682,79.953107,2,0.500000
135,7,1.891892,864,71.820449,694,81.359906,2,0.500000
356,8,2.162162,888,73.815461,708,83.001172,2,0.500000
369,9,2.432432,943,78.387365,729,85.463072,2,0.500000
329,10,2.702703,946,78.636741,731,85.697538,2,0.500000
312,11,2.972973,946,78.636741,731,85.697538,2,0.500000
19,12,3.243243,946,78.636741,731,85.697538,2,0.500000
340,13,3.513514,946,78.636741,731,85.697538,2,0.500000
345,14,3.783784,954,79.301746,737,86.400938,2,0.500000
305,15,4.054054,955,79.384871,739,86.635404,2,0.500000
100,16,4.324324,963,80.049875,741,86.869871,2,0.500000
204,17,4.594595,963,80.049875,741,86.869871,2,0.500000
158,18,4.864865,963,80.049875,741,86.869871,2,0.500000
93,19,5.135135,963,80.049875,741,86.869871,3,0.750000
332,20,5.405405,963,80.049875,741,86.869871,3,0.750000
200,21,5.675676,963,80.049875,741,86.869871,3,0.750000
130,22,5.945946,963,80.049875,741,86.869871,3,0.750000
298,23,6.216216,963,80.049875,741,86.869871,3,0.750000
1,24,6.486486,984,81.795511,745,87.338804,3,0.750000
321,25,6.756757,984,81.795511,745,87.338804,3,0.750000
292,26,7.027027,984,81.795511,745,87.338804,3,0.750000
140,27,7.297297,987,82.044888,749,87.807737,3,0.750000
26,28,7.567568,1011,84.039900,773,90.621336,3,0.750000
334,29,7.837838,1011,84.039900,773,90.621336,3,0.750000
342,30,8.108108,1011,84.039900,773,90.621336,3,0.750000
48,31,8.378378,1011,84.039900,773,90.621336,3,0.750000
33,32,8.648649,1013,84.206151,773,90.621336,3,0.750000
306,33,8.918919,1013,84.206151,773,90.621336,3,0.750000
302,34,9.189189,1013,84.206151,773,90.621336,3,0.750000
133,35,9.459459,1021,84.871155,783,91.793669,3,0.750000
59,36,9.729730,1021,84.871155,783,91.793669,3,0.750000
