TestcaseNumber,TestcaseCount,TestcaseRatio,StatementCount,StatementRatio,BranchCount,BranchRatio,FaultCount,FaultRatio
319,1,0.270270,601,49.958437,477,55.920281,1,0.250000
98,2,0.540541,704,58.520366,576,67.526377,1,0.250000
241,3,0.810811,704,58.520366,576,67.526377,1,0.250000
205,4,1.081081,715,59.434746,580,67.995311,1,0.250000
34,5,1.351351,736,61.180382,582,68.229777,1,0.250000
25,6,1.621622,757,62.926018,588,68.933177,1,0.250000
206,7,1.891892,757,62.926018,588,68.933177,1,0.250000
231,8,2.162162,806,66.999169,627,73.505275,2,0.500000
313,9,2.432432,846,70.324190,659,77.256741,2,0.500000
99,10,2.702703,846,70.324190,659,77.256741,2,0.500000
94,11,2.972973,895,74.397340,693,81.242673,3,0.750000
346,12,3.243243,916,76.142976,709,83.118406,3,0.750000
287,13,3.513514,916,76.142976,709,83.118406,3,0.750000
82,14,3.783784,920,76.475478,709,83.118406,3,0.750000
261,15,4.054054,926,76.974231,713,83.587339,3,0.750000
217,16,4.324324,927,77.057357,713,83.587339,3,0.750000
251,17,4.594595,931,77.389859,717,84.056272,3,0.750000
336,18,4.864865,932,77.472984,717,84.056272,3,0.750000
161,19,5.135135,932,77.472984,717,84.056272,3,0.750000
143,20,5.405405,941,78.221114,723,84.759672,3,0.750000
301,21,5.675676,944,78.470490,725,84.994138,3,0.750000
31,22,5.945946,952,79.135495,727,85.228605,3,0.750000
59,23,6.216216,952,79.135495,727,85.228605,3,0.750000
5,24,6.486486,952,79.135495,727,85.228605,3,0.750000
311,25,6.756757,952,79.135495,727,85.228605,3,0.750000
253,26,7.027027,958,79.634248,727,85.228605,3,0.750000
3,27,7.297297,962,79.966750,727,85.228605,3,0.750000
298,28,7.567568,962,79.966750,727,85.228605,3,0.750000
128,29,7.837838,962,79.966750,727,85.228605,3,0.750000
329,30,8.108108,962,79.966750,727,85.228605,3,0.750000
41,31,8.378378,962,79.966750,727,85.228605,3,0.750000
51,32,8.648649,981,81.546135,744,87.221571,3,0.750000
317,33,8.918919,981,81.546135,744,87.221571,3,0.750000
366,34,9.189189,985,81.878637,746,87.456038,3,0.750000
254,35,9.459459,985,81.878637,746,87.456038,3,0.750000
64,36,9.729730,985,81.878637,746,87.456038,3,0.750000
79,37,10.000000,985,81.878637,746,87.456038,3,0.750000
