TestcaseNumber,TestcaseCount,TestcaseRatio,StatementCount,StatementRatio,BranchCount,BranchRatio,FaultCount,FaultRatio
332,1,0.270270,643,53.449709,505,59.202814,0,0.000000
96,2,0.540541,737,61.263508,590,69.167644,0,0.000000
13,3,0.810811,739,61.429759,592,69.402110,0,0.000000
264,4,1.081081,749,62.261014,594,69.636577,0,0.000000
22,5,1.351351,775,64.422278,600,70.339977,0,0.000000
61,6,1.621622,779,64.754780,604,70.808910,0,0.000000
356,7,1.891892,810,67.331671,628,73.622509,0,0.000000
26,8,2.162162,844,70.157938,663,77.725674,0,0.000000
48,9,2.432432,878,72.984206,689,80.773740,1,0.250000
145,10,2.702703,883,73.399834,691,81.008206,2,0.500000
288,11,2.972973,910,75.644223,718,84.173505,2,0.500000
212,12,3.243243,910,75.644223,718,84.173505,2,0.500000
55,13,3.513514,936,77.805486,736,86.283705,2,0.500000
325,14,3.783784,936,77.805486,736,86.283705,2,0.500000
84,15,4.054054,936,77.805486,736,86.283705,2,0.500000
271,16,4.324324,936,77.805486,736,86.283705,2,0.500000
324,17,4.594595,936,77.805486,736,86.283705,2,0.500000
256,18,4.864865,943,78.387365,740,86.752638,2,0.500000
159,19,5.135135,943,78.387365,740,86.752638,2,0.500000
233,20,5.405405,950,78.969244,748,87.690504,2,0.500000
92,21,5.675676,950,78.969244,748,87.690504,3,0.750000
12,22,5.945946,950,78.969244,748,87.690504,4,1.000000
285,23,6.216216,950,78.969244,750,87.924971,4,1.000000
8,24,6.486486,969,80.548628,752,88.159437,4,1.000000
283,25,6.756757,969,80.548628,752,88.159437,4,1.000000
298,26,7.027027,969,80.548628,752,88.159437,4,1.000000
167,27,7.297297,969,80.548628,752,88.159437,4,1.000000
112,28,7.567568,969,80.548628,754,88.393904,4,1.000000
192,29,7.837838,969,80.548628,754,88.393904,4,1.000000
63,30,8.108108,969,80.548628,754,88.393904,4,1.000000
82,31,8.378378,973,80.881131,754,88.393904,4,1.000000
316,32,8.648649,973,80.881131,754,88.393904,4,1.000000
153,33,8.918919,973,80.881131,754,88.393904,4,1.000000
317,34,9.189189,973,80.881131,754,88.393904,4,1.000000
267,35,9.459459,973,80.881131,754,88.393904,4,1.000000
342,36,9.729730,976,81.130507,756,88.628370,4,1.000000
293,37,10.000000,976,81.130507,756,88.628370,4,1.000000
355,38,10.270270,976,81.130507,756,88.628370,4,1.000000
