TestcaseNumber,TestcaseCount,TestcaseRatio,StatementCount,StatementRatio,BranchCount,BranchRatio,FaultCount,FaultRatio
243,1,0.270270,515,42.809643,418,49.003517,1,0.250000
47,2,0.540541,576,47.880299,477,55.920281,1,0.250000
299,3,0.810811,744,61.845387,594,69.636577,1,0.250000
140,4,1.081081,789,65.586035,635,74.443142,1,0.250000
130,5,1.351351,835,69.409809,667,78.194607,2,0.500000
221,6,1.621622,849,70.573566,673,78.898007,2,0.500000
35,7,1.891892,871,72.402328,675,79.132474,2,0.500000
65,8,2.162162,872,72.485453,675,79.132474,2,0.500000
103,9,2.432432,876,72.817955,677,79.366940,2,0.500000
175,10,2.702703,881,73.233583,685,80.304807,2,0.500000
245,11,2.972973,881,73.233583,687,80.539273,2,0.500000
117,12,3.243243,881,73.233583,689,80.773740,2,0.500000
320,13,3.513514,893,74.231089,700,82.063306,2,0.500000
85,14,3.783784,899,74.729842,704,82.532239,3,0.750000
80,15,4.054054,899,74.729842,704,82.532239,3,0.750000
88,16,4.324324,926,76.974231,724,84.876905,3,0.750000
322,17,4.594595,926,76.974231,724,84.876905,3,0.750000
300,18,4.864865,934,77.639235,726,85.111372,3,0.750000
127,19,5.135135,934,77.639235,726,85.111372,3,0.750000
150,20,5.405405,934,77.639235,726,85.111372,3,0.750000
49,21,5.675676,934,77.639235,726,85.111372,3,0.750000
313,22,5.945946,935,77.722361,726,85.111372,3,0.750000
358,23,6.216216,935,77.722361,726,85.111372,3,0.750000
94,24,6.486486,935,77.722361,726,85.111372,3,0.750000
157,25,6.756757,935,77.722361,726,85.111372,3,0.750000
34,26,7.027027,935,77.722361,726,85.111372,3,0.750000
201,27,7.297297,938,77.971737,730,85.580305,3,0.750000
197,28,7.567568,938,77.971737,730,85.580305,3,0.750000
69,29,7.837838,938,77.971737,730,85.580305,3,0.750000
185,30,8.108108,938,77.971737,730,85.580305,3,0.750000
166,31,8.378378,938,77.971737,730,85.580305,3,0.750000
40,32,8.648649,938,77.971737,730,85.580305,3,0.750000
302,33,8.918919,938,77.971737,730,85.580305,3,0.750000
148,34,9.189189,938,77.971737,730,85.580305,3,0.750000
204,35,9.459459,938,77.971737,730,85.580305,3,0.750000
62,36,9.729730,938,77.971737,730,85.580305,3,0.750000
252,37,10.000000,938,77.971737,730,85.580305,3,0.750000
1,38,10.270270,959,79.717373,734,86.049238,3,0.750000
286,39,10.540541,959,79.717373,734,86.049238,3,0.750000
104,40,10.810811,959,79.717373,734,86.049238,3,0.750000
145,41,11.081081,959,79.717373,734,86.049238,3,0.750000
107,42,11.351351,959,79.717373,734,86.049238,3,0.750000
