TestcaseNumber,TestcaseCount,TestcaseRatio,StatementCount,StatementRatio,BranchCount,BranchRatio,FaultCount,FaultRatio
85,1,0.270270,497,41.313383,406,47.596717,1,0.250000
112,2,0.540541,709,58.935993,572,67.057444,1,0.250000
192,3,0.810811,710,59.019119,572,67.057444,1,0.250000
117,4,1.081081,718,59.684123,576,67.526377,2,0.500000
53,5,1.351351,745,61.928512,598,70.105510,2,0.500000
299,6,1.621622,767,63.757273,610,71.512309,2,0.500000
233,7,1.891892,774,64.339152,618,72.450176,2,0.500000
44,8,2.162162,794,66.001663,630,73.856975,2,0.500000
163,9,2.432432,810,67.331671,646,75.732708,2,0.500000
264,10,2.702703,811,67.414796,646,75.732708,2,0.500000
11,11,2.972973,840,69.825436,652,76.436108,2,0.500000
150,12,3.243243,850,70.656692,663,77.725674,2,0.500000
96,13,3.513514,854,70.989194,665,77.960141,2,0.500000
226,14,3.783784,873,72.568579,684,80.187573,2,0.500000
129,15,4.054054,920,76.475478,716,83.939039,3,0.750000
197,16,4.324324,920,76.475478,716,83.939039,3,0.750000
260,17,4.594595,929,77.223608,726,85.111372,3,0.750000
133,18,4.864865,932,77.472984,730,85.580305,3,0.750000
259,19,5.135135,939,78.054863,734,86.049238,3,0.750000
333,20,5.405405,939,78.054863,734,86.049238,3,0.750000
145,21,5.675676,939,78.054863,734,86.049238,3,0.750000
174,22,5.945946,941,78.221114,734,86.049238,3,0.750000
47,23,6.216216,941,78.221114,734,86.049238,3,0.750000
258,24,6.486486,941,78.221114,734,86.049238,3,0.750000
36,25,6.756757,953,79.218620,738,86.518171,3,0.750000
352,26,7.027027,953,79.218620,738,86.518171,3,0.750000
