TestcaseNumber,TestcaseCount,TestcaseRatio,StatementCount,StatementRatio,BranchCount,BranchRatio,FaultCount,FaultRatio
310,1,0.270270,646,53.699086,505,59.202814,1,0.250000
48,2,0.540541,663,55.112219,531,62.250879,1,0.250000
150,3,0.810811,724,60.182876,593,69.519343,1,0.250000
77,4,1.081081,732,60.847880,599,70.222743,1,0.250000
341,5,1.351351,734,61.014131,599,70.222743,1,0.250000
208,6,1.621622,741,61.596010,601,70.457210,1,0.250000
84,7,1.891892,741,61.596010,601,70.457210,1,0.250000
294,8,2.162162,775,64.422278,631,73.974209,1,0.250000
131,9,2.432432,826,68.661679,665,77.960141,3,0.750000
71,10,2.702703,851,70.739817,681,79.835873,3,0.750000
37,11,2.972973,873,72.568579,683,80.070340,3,0.750000
318,12,3.243243,880,73.150457,685,80.304807,3,0.750000
165,13,3.513514,880,73.150457,685,80.304807,3,0.750000
109,14,3.783784,881,73.233583,687,80.539273,3,0.750000
122,15,4.054054,881,73.233583,687,80.539273,3,0.750000
15,16,4.324324,887,73.732336,687,80.539273,3,0.750000
28,17,4.594595,911,75.727348,701,82.180539,3,0.750000
226,18,4.864865,934,77.639235,720,84.407972,3,0.750000
265,19,5.135135,934,77.639235,720,84.407972,3,0.750000
159,20,5.405405,934,77.639235,720,84.407972,3,0.750000
305,21,5.675676,939,78.054863,720,84.407972,3,0.750000
252,22,5.945946,939,78.054863,720,84.407972,3,0.750000
98,23,6.216216,958,79.634248,732,85.814771,3,0.750000
31,24,6.486486,966,80.299252,734,86.049238,3,0.750000
70,25,6.756757,966,80.299252,734,86.049238,3,0.750000
245,26,7.027027,969,80.548628,740,86.752638,3,0.750000
207,27,7.297297,969,80.548628,740,86.752638,3,0.750000
222,28,7.567568,972,80.798005,740,86.752638,3,0.750000
365,29,7.837838,977,81.213633,742,86.987104,3,0.750000
66,30,8.108108,977,81.213633,742,86.987104,3,0.750000
322,31,8.378378,977,81.213633,742,86.987104,3,0.750000
16,32,8.648649,977,81.213633,742,86.987104,4,1.000000
250,33,8.918919,977,81.213633,742,86.987104,4,1.000000
33,34,9.189189,979,81.379884,742,86.987104,4,1.000000
329,35,9.459459,979,81.379884,742,86.987104,4,1.000000
13,36,9.729730,980,81.463009,742,86.987104,4,1.000000
63,37,10.000000,980,81.463009,742,86.987104,4,1.000000
68,38,10.270270,980,81.463009,742,86.987104,4,1.000000
103,39,10.540541,980,81.463009,742,86.987104,4,1.000000
