TestcaseNumber,TestcaseCount,TestcaseRatio,StatementCount,StatementRatio,BranchCount,BranchRatio,FaultCount,FaultRatio
67,1,0.270270,521,43.308396,426,49.941383,1,0.250000
183,2,0.540541,645,53.615960,513,60.140680,1,0.250000
245,3,0.810811,691,57.439734,551,64.595545,1,0.250000
247,4,1.081081,699,58.104738,561,65.767878,1,0.250000
62,5,1.351351,748,62.177889,612,71.746776,1,0.250000
288,6,1.621622,797,66.251039,653,76.553341,1,0.250000
278,7,1.891892,848,70.490441,687,80.539273,2,0.500000
253,8,2.162162,848,70.490441,687,80.539273,2,0.500000
350,9,2.432432,848,70.490441,687,80.539273,2,0.500000
70,10,2.702703,849,70.573566,687,80.539273,2,0.500000
159,11,2.972973,855,71.072319,691,81.008206,3,0.750000
3,12,3.243243,859,71.404821,691,81.008206,3,0.750000
325,13,3.513514,859,71.404821,691,81.008206,3,0.750000
291,14,3.783784,863,71.737323,691,81.008206,3,0.750000
344,15,4.054054,871,72.402328,695,81.477140,3,0.750000
369,16,4.324324,954,79.301746,738,86.518171,3,0.750000
32,17,4.594595,958,79.634248,744,87.221571,3,0.750000
185,18,4.864865,971,80.714879,755,88.511137,3,0.750000
42,19,5.135135,971,80.714879,755,88.511137,3,0.750000
231,20,5.405405,976,81.130507,757,88.745604,3,0.750000
