TestcaseNumber,TestcaseCount,TestcaseRatio,StatementCount,StatementRatio,BranchCount,BranchRatio,FaultCount,FaultRatio
326,1,0.270270,689,57.273483,565,66.236811,0,0.000000
30,2,0.540541,726,60.349127,595,69.753810,0,0.000000
157,3,0.810811,736,61.180382,611,71.629543,1,0.250000
284,4,1.081081,778,64.671654,643,75.381008,1,0.250000
78,5,1.351351,805,66.916043,657,77.022274,1,0.250000
218,6,1.621622,805,66.916043,657,77.022274,1,0.250000
332,7,1.891892,851,70.739817,691,81.008206,1,0.250000
84,8,2.162162,851,70.739817,691,81.008206,1,0.250000
216,9,2.432432,851,70.739817,691,81.008206,1,0.250000
204,10,2.702703,870,72.319202,703,82.415006,1,0.250000
273,11,2.972973,874,72.651704,707,82.883939,2,0.500000
193,12,3.243243,874,72.651704,707,82.883939,2,0.500000
54,13,3.513514,895,74.397340,719,84.290739,2,0.500000
272,14,3.783784,895,74.397340,719,84.290739,2,0.500000
280,15,4.054054,895,74.397340,719,84.290739,2,0.500000
180,16,4.324324,895,74.397340,719,84.290739,2,0.500000
63,17,4.594595,895,74.397340,719,84.290739,2,0.500000
276,18,4.864865,922,76.641729,752,88.159437,2,0.500000
340,19,5.135135,922,76.641729,752,88.159437,2,0.500000
116,20,5.405405,925,76.891106,752,88.159437,2,0.500000
58,21,5.675676,925,76.891106,752,88.159437,3,0.750000
188,22,5.945946,925,76.891106,752,88.159437,3,0.750000
366,23,6.216216,967,80.382377,771,90.386870,3,0.750000
105,24,6.486486,967,80.382377,771,90.386870,3,0.750000
212,25,6.756757,967,80.382377,771,90.386870,3,0.750000
334,26,7.027027,967,80.382377,771,90.386870,3,0.750000
286,27,7.297297,967,80.382377,771,90.386870,3,0.750000
238,28,7.567568,967,80.382377,771,90.386870,3,0.750000
136,29,7.837838,980,81.463009,779,91.324736,3,0.750000
178,30,8.108108,980,81.463009,779,91.324736,3,0.750000
36,31,8.378378,984,81.795511,783,91.793669,3,0.750000
20,32,8.648649,990,82.294264,783,91.793669,3,0.750000
25,33,8.918919,1011,84.039900,789,92.497069,3,0.750000
17,34,9.189189,1018,84.621779,791,92.731536,3,0.750000
232,35,9.459459,1022,84.954281,791,92.731536,3,0.750000
335,36,9.729730,1022,84.954281,791,92.731536,3,0.750000
227,37,10.000000,1029,85.536160,797,93.434936,3,0.750000
323,38,10.270270,1029,85.536160,797,93.434936,3,0.750000
259,39,10.540541,1030,85.619285,797,93.434936,3,0.750000
146,40,10.810811,1030,85.619285,797,93.434936,3,0.750000
328,41,11.081081,1030,85.619285,797,93.434936,3,0.750000
113,42,11.351351,1030,85.619285,797,93.434936,3,0.750000
