TestcaseNumber,TestcaseCount,TestcaseRatio,StatementCount,StatementRatio,BranchCount,BranchRatio,FaultCount,FaultRatio
338,1,0.270270,661,54.945968,543,63.657679,0,0.000000
7,2,0.540541,695,57.772236,553,64.830012,0,0.000000
21,3,0.810811,717,59.600998,559,65.533411,0,0.000000
124,4,1.081081,752,62.510391,593,69.519343,0,0.000000
233,5,1.351351,760,63.175395,597,69.988277,1,0.250000
281,6,1.621622,795,66.084788,619,72.567409,1,0.250000
363,7,1.891892,861,71.571072,647,75.849941,1,0.250000
110,8,2.162162,867,72.069825,655,76.787808,1,0.250000
195,9,2.432432,901,74.896093,681,79.835873,2,0.500000
255,10,2.702703,905,75.228595,681,79.835873,2,0.500000
251,11,2.972973,937,77.888612,712,83.470106,2,0.500000
65,12,3.243243,945,78.553616,714,83.704572,2,0.500000
151,13,3.513514,954,79.301746,722,84.642438,2,0.500000
56,14,3.783784,1000,83.125520,754,88.393904,3,0.750000
37,15,4.054054,1003,83.374896,754,88.393904,3,0.750000
368,16,4.324324,1006,83.624273,754,88.393904,3,0.750000
154,17,4.594595,1006,83.624273,756,88.628370,3,0.750000
261,18,4.864865,1006,83.624273,756,88.628370,3,0.750000
101,19,5.135135,1006,83.624273,756,88.628370,3,0.750000
332,20,5.405405,1006,83.624273,756,88.628370,3,0.750000
176,21,5.675676,1006,83.624273,756,88.628370,3,0.750000
271,22,5.945946,1006,83.624273,756,88.628370,3,0.750000
77,23,6.216216,1006,83.624273,756,88.628370,3,0.750000
175,24,6.486486,1008,83.790524,756,88.628370,3,0.750000
25,25,6.756757,1011,84.039900,756,88.628370,3,0.750000
219,26,7.027027,1011,84.039900,756,88.628370,3,0.750000
82,27,7.297297,1011,84.039900,756,88.628370,3,0.750000
285,28,7.567568,1012,84.123026,758,88.862837,3,0.750000
183,29,7.837838,1012,84.123026,758,88.862837,3,0.750000
286,30,8.108108,1012,84.123026,758,88.862837,3,0.750000
89,31,8.378378,1012,84.123026,758,88.862837,3,0.750000
287,32,8.648649,1012,84.123026,758,88.862837,3,0.750000
208,33,8.918919,1014,84.289277,760,89.097304,3,0.750000
145,34,9.189189,1014,84.289277,760,89.097304,3,0.750000
38,35,9.459459,1014,84.289277,760,89.097304,3,0.750000
72,36,9.729730,1014,84.289277,760,89.097304,3,0.750000
206,37,10.000000,1019,84.704904,760,89.097304,3,0.750000
