TestcaseNumber,TestcaseCount,TestcaseRatio,StatementCount,StatementRatio,BranchCount,BranchRatio,FaultCount,FaultRatio
244,1,0.270270,363,30.174564,323,37.866354,0,0.000000
360,2,0.540541,658,54.696592,545,63.892145,0,0.000000
18,3,0.810811,667,55.444722,549,64.361079,0,0.000000
234,4,1.081081,759,63.092269,628,73.622509,0,0.000000
231,5,1.351351,804,66.832918,663,77.725674,1,0.250000
76,6,1.621622,830,68.994181,673,78.898007,1,0.250000
239,7,1.891892,880,73.150457,709,83.118406,2,0.500000
304,8,2.162162,890,73.981712,709,83.118406,2,0.500000
163,9,2.432432,893,74.231089,717,84.056272,3,0.750000
249,10,2.702703,913,75.893599,719,84.290739,3,0.750000
40,11,2.972973,913,75.893599,719,84.290739,3,0.750000
83,12,3.243243,917,76.226101,719,84.290739,3,0.750000
90,13,3.513514,917,76.226101,719,84.290739,3,0.750000
185,14,3.783784,917,76.226101,719,84.290739,3,0.750000
216,15,4.054054,917,76.226101,719,84.290739,3,0.750000
103,16,4.324324,917,76.226101,719,84.290739,3,0.750000
230,17,4.594595,917,76.226101,719,84.290739,3,0.750000
326,18,4.864865,917,76.226101,719,84.290739,3,0.750000
156,19,5.135135,920,76.475478,721,84.525205,3,0.750000
3,20,5.405405,924,76.807980,721,84.525205,3,0.750000
162,21,5.675676,924,76.807980,721,84.525205,3,0.750000
296,22,5.945946,924,76.807980,723,84.759672,3,0.750000
213,23,6.216216,924,76.807980,723,84.759672,3,0.750000
240,24,6.486486,943,78.387365,735,86.166471,3,0.750000
102,25,6.756757,943,78.387365,735,86.166471,3,0.750000
235,26,7.027027,943,78.387365,735,86.166471,3,0.750000
89,27,7.297297,943,78.387365,735,86.166471,3,0.750000
298,28,7.567568,943,78.387365,735,86.166471,3,0.750000
