TestcaseNumber,TestcaseCount,TestcaseRatio,StatementCount,StatementRatio,BranchCount,BranchRatio,FaultCount,FaultRatio
167,1,0.270270,598,49.709061,477,55.920281,2,0.500000
220,2,0.540541,716,59.517872,572,67.057444,2,0.500000
327,3,0.810811,791,65.752286,637,74.677608,2,0.500000
174,4,1.081081,802,66.666667,639,74.912075,2,0.500000
7,5,1.351351,822,68.329177,641,75.146542,2,0.500000
352,6,1.621622,870,72.319202,678,79.484174,2,0.500000
232,7,1.891892,904,75.145470,708,83.001172,2,0.500000
190,8,2.162162,904,75.145470,708,83.001172,2,0.500000
121,9,2.432432,907,75.394846,710,83.235639,3,0.750000
302,10,2.702703,916,76.142976,712,83.470106,3,0.750000
57,11,2.972973,916,76.142976,712,83.470106,3,0.750000
98,12,3.243243,916,76.142976,712,83.470106,3,0.750000
332,13,3.513514,916,76.142976,714,83.704572,3,0.750000
62,14,3.783784,916,76.142976,714,83.704572,3,0.750000
365,15,4.054054,921,76.558603,716,83.939039,3,0.750000
271,16,4.324324,921,76.558603,716,83.939039,3,0.750000
301,17,4.594595,924,76.807980,718,84.173505,3,0.750000
217,18,4.864865,924,76.807980,718,84.173505,3,0.750000
55,19,5.135135,924,76.807980,718,84.173505,3,0.750000
86,20,5.405405,924,76.807980,718,84.173505,3,0.750000
239,21,5.675676,924,76.807980,718,84.173505,3,0.750000
355,22,5.945946,924,76.807980,718,84.173505,3,0.750000
146,23,6.216216,924,76.807980,718,84.173505,3,0.750000
277,24,6.486486,931,77.389859,726,85.111372,3,0.750000
219,25,6.756757,931,77.389859,726,85.111372,3,0.750000
270,26,7.027027,931,77.389859,726,85.111372,3,0.750000
278,27,7.297297,937,77.888612,730,85.580305,3,0.750000
182,28,7.567568,937,77.888612,730,85.580305,3,0.750000
173,29,7.837838,937,77.888612,730,85.580305,3,0.750000
171,30,8.108108,937,77.888612,730,85.580305,3,0.750000
198,31,8.378378,937,77.888612,730,85.580305,3,0.750000
