TestcaseNumber,TestcaseCount,TestcaseRatio,StatementCount,StatementRatio,BranchCount,BranchRatio,FaultCount,FaultRatio
212,1,0.270270,651,54.114713,544,63.774912,0,0.000000
350,2,0.540541,712,59.185370,584,68.464244,1,0.250000
309,3,0.810811,764,63.507897,631,73.974209,1,0.250000
169,4,1.081081,808,67.165420,659,77.256741,1,0.250000
308,5,1.351351,809,67.248545,659,77.256741,1,0.250000
101,6,1.621622,821,68.246052,663,77.725674,2,0.500000
261,7,1.891892,852,70.822943,690,80.890973,2,0.500000
14,8,2.162162,854,70.989194,692,81.125440,2,0.500000
37,9,2.432432,876,72.817955,694,81.359906,2,0.500000
31,10,2.702703,883,73.399834,694,81.359906,2,0.500000
80,11,2.972973,883,73.399834,694,81.359906,2,0.500000
127,12,3.243243,915,76.059850,720,84.407972,2,0.500000
29,13,3.513514,939,78.054863,734,86.049238,2,0.500000
303,14,3.783784,952,79.135495,740,86.752638,2,0.500000
191,15,4.054054,952,79.135495,740,86.752638,2,0.500000
90,16,4.324324,952,79.135495,740,86.752638,2,0.500000
237,17,4.594595,952,79.135495,740,86.752638,2,0.500000
157,18,4.864865,958,79.634248,744,87.221571,3,0.750000
357,19,5.135135,959,79.717373,744,87.221571,3,0.750000
270,20,5.405405,965,80.216126,744,87.221571,3,0.750000
327,21,5.675676,965,80.216126,744,87.221571,3,0.750000
128,22,5.945946,965,80.216126,744,87.221571,3,0.750000
316,23,6.216216,965,80.216126,744,87.221571,3,0.750000
78,24,6.486486,965,80.216126,744,87.221571,3,0.750000
162,25,6.756757,966,80.299252,744,87.221571,3,0.750000
147,26,7.027027,966,80.299252,744,87.221571,3,0.750000
123,27,7.297297,966,80.299252,744,87.221571,3,0.750000
219,28,7.567568,966,80.299252,744,87.221571,3,0.750000
369,29,7.837838,1000,83.125520,763,89.449004,3,0.750000
38,30,8.108108,1000,83.125520,763,89.449004,3,0.750000
215,31,8.378378,1000,83.125520,763,89.449004,3,0.750000
234,32,8.648649,1000,83.125520,763,89.449004,3,0.750000
27,33,8.918919,1013,84.206151,781,91.559203,3,0.750000
197,34,9.189189,1013,84.206151,781,91.559203,3,0.750000
241,35,9.459459,1013,84.206151,781,91.559203,3,0.750000
91,36,9.729730,1013,84.206151,781,91.559203,3,0.750000
228,37,10.000000,1023,85.037406,785,92.028136,3,0.750000
275,38,10.270270,1023,85.037406,785,92.028136,3,0.750000
305,39,10.540541,1023,85.037406,785,92.028136,3,0.750000
7,40,10.810811,1023,85.037406,785,92.028136,3,0.750000
