TestcaseNumber,TestcaseCount,TestcaseRatio,StatementCount,StatementRatio,BranchCount,BranchRatio,FaultCount,FaultRatio
1,1,0.270270,97,8.063175,86,10.082063,0,0.000000
341,2,0.540541,626,52.036575,475,55.685815,0,0.000000
243,3,0.810811,673,55.943475,517,60.609613,1,0.250000
278,4,1.081081,754,62.676642,580,67.995311,2,0.500000
115,5,1.351351,834,69.326683,649,76.084408,2,0.500000
22,6,1.621622,860,71.487947,655,76.787808,2,0.500000
84,7,1.891892,866,71.986700,659,77.256741,3,0.750000
293,8,2.162162,866,71.986700,659,77.256741,3,0.750000
9,9,2.432432,868,72.152951,659,77.256741,3,0.750000
325,10,2.702703,871,72.402328,667,78.194607,3,0.750000
340,11,2.972973,871,72.402328,667,78.194607,3,0.750000
364,12,3.243243,921,76.558603,689,80.773740,3,0.750000
326,13,3.513514,935,77.722361,700,82.063306,3,0.750000
212,14,3.783784,949,78.886118,716,83.939039,3,0.750000
18,15,4.054054,950,78.969244,718,84.173505,3,0.750000
43,16,4.324324,950,78.969244,718,84.173505,3,0.750000
40,17,4.594595,953,79.218620,718,84.173505,3,0.750000
280,18,4.864865,972,80.798005,730,85.580305,3,0.750000
255,19,5.135135,972,80.798005,730,85.580305,3,0.750000
217,20,5.405405,972,80.798005,730,85.580305,3,0.750000
56,21,5.675676,972,80.798005,730,85.580305,3,0.750000
35,22,5.945946,975,81.047382,730,85.580305,3,0.750000
366,23,6.216216,998,82.959268,747,87.573271,3,0.750000
368,24,6.486486,1001,83.208645,747,87.573271,3,0.750000
312,25,6.756757,1029,85.536160,767,89.917937,3,0.750000
251,26,7.027027,1030,85.619285,771,90.386870,3,0.750000
305,27,7.297297,1036,86.118038,771,90.386870,3,0.750000
291,28,7.567568,1038,86.284289,771,90.386870,3,0.750000
189,29,7.837838,1038,86.284289,771,90.386870,3,0.750000
