TestcaseNumber,TestcaseCount,TestcaseRatio,StatementCount,StatementRatio,BranchCount,BranchRatio,FaultCount,FaultRatio
274,1,0.270270,484,40.232751,410,48.065651,1,0.250000
27,2,0.540541,644,53.532835,533,62.485346,1,0.250000
320,3,0.810811,751,62.427265,622,72.919109,1,0.250000
28,4,1.081081,758,63.009144,624,73.153576,1,0.250000
172,5,1.351351,784,65.170407,652,76.436108,1,0.250000
14,6,1.621622,786,65.336658,654,76.670574,1,0.250000
45,7,1.891892,817,67.913549,670,78.546307,2,0.500000
344,8,2.162162,820,68.162926,674,79.015240,2,0.500000
363,9,2.432432,905,75.228595,704,82.532239,2,0.500000
12,10,2.702703,905,75.228595,704,82.532239,3,0.750000
308,11,2.972973,905,75.228595,706,82.766706,3,0.750000
1,12,3.243243,924,76.807980,710,83.235639,3,0.750000
328,13,3.513514,927,77.057357,712,83.470106,3,0.750000
132,14,3.783784,962,79.966750,732,85.814771,3,0.750000
290,15,4.054054,968,80.465503,736,86.283705,3,0.750000
332,16,4.324324,1014,84.289277,768,90.035170,3,0.750000
263,17,4.594595,1014,84.289277,768,90.035170,3,0.750000
343,18,4.864865,1020,84.788030,768,90.035170,3,0.750000
231,19,5.135135,1023,85.037406,768,90.035170,3,0.750000
327,20,5.405405,1023,85.037406,768,90.035170,3,0.750000
23,21,5.675676,1049,87.198670,774,90.738570,3,0.750000
298,22,5.945946,1049,87.198670,774,90.738570,3,0.750000
68,23,6.216216,1049,87.198670,774,90.738570,3,0.750000
211,24,6.486486,1055,87.697423,776,90.973036,3,0.750000
160,25,6.756757,1083,90.024938,796,93.317702,3,0.750000
61,26,7.027027,1083,90.024938,796,93.317702,3,0.750000
202,27,7.297297,1102,91.604323,811,95.076202,4,1.000000
247,28,7.567568,1110,92.269327,821,96.248535,4,1.000000
124,29,7.837838,1110,92.269327,821,96.248535,4,1.000000
119,30,8.108108,1110,92.269327,821,96.248535,4,1.000000
331,31,8.378378,1110,92.269327,821,96.248535,4,1.000000
142,32,8.648649,1110,92.269327,821,96.248535,4,1.000000
275,33,8.918919,1110,92.269327,821,96.248535,4,1.000000
117,34,9.189189,1110,92.269327,821,96.248535,4,1.000000
55,35,9.459459,1110,92.269327,821,96.248535,4,1.000000
367,36,9.729730,1117,92.851205,821,96.248535,4,1.000000
350,37,10.000000,1117,92.851205,821,96.248535,4,1.000000
309,38,10.270270,1117,92.851205,821,96.248535,4,1.000000
76,39,10.540541,1117,92.851205,821,96.248535,4,1.000000
79,40,10.810811,1117,92.851205,821,96.248535,4,1.000000
133,41,11.081081,1117,92.851205,821,96.248535,4,1.000000
