TestcaseNumber,TestcaseCount,TestcaseRatio,StatementCount,StatementRatio,BranchCount,BranchRatio,FaultCount,FaultRatio
184,1,0.270270,717,59.600998,587,68.815944,0,0.000000
188,2,0.540541,725,60.266002,589,69.050410,0,0.000000
8,3,0.810811,747,62.094763,591,69.284877,0,0.000000
231,4,1.081081,773,64.256027,614,71.981243,1,0.250000
135,5,1.351351,796,66.167914,630,73.856975,2,0.500000
161,6,1.621622,830,68.994181,660,77.373974,2,0.500000
155,7,1.891892,830,68.994181,660,77.373974,2,0.500000
238,8,2.162162,876,72.817955,692,81.125440,3,0.750000
228,9,2.432432,876,72.817955,692,81.125440,3,0.750000
277,10,2.702703,906,75.311721,720,84.407972,3,0.750000
52,11,2.972973,906,75.311721,720,84.407972,3,0.750000
100,12,3.243243,914,75.976725,722,84.642438,3,0.750000
151,13,3.513514,914,75.976725,722,84.642438,3,0.750000
157,14,3.783784,917,76.226101,724,84.876905,3,0.750000
234,15,4.054054,917,76.226101,724,84.876905,3,0.750000
162,16,4.324324,917,76.226101,724,84.876905,3,0.750000
84,17,4.594595,917,76.226101,724,84.876905,3,0.750000
11,18,4.864865,935,77.722361,728,85.345838,3,0.750000
200,19,5.135135,961,79.883624,745,87.338804,3,0.750000
28,20,5.405405,985,81.878637,759,88.980070,3,0.750000
291,21,5.675676,993,82.543641,763,89.449004,3,0.750000
300,22,5.945946,997,82.876143,765,89.683470,3,0.750000
290,23,6.216216,997,82.876143,765,89.683470,3,0.750000
251,24,6.486486,998,82.959268,769,90.152403,3,0.750000
4,25,6.756757,998,82.959268,769,90.152403,3,0.750000
354,26,7.027027,998,82.959268,769,90.152403,3,0.750000
240,27,7.297297,998,82.959268,769,90.152403,3,0.750000
45,28,7.567568,1002,83.291771,771,90.386870,3,0.750000
204,29,7.837838,1002,83.291771,771,90.386870,3,0.750000
305,30,8.108108,1004,83.458022,773,90.621336,3,0.750000
20,31,8.378378,1013,84.206151,773,90.621336,3,0.750000
