TestcaseNumber,TestcaseCount,TestcaseRatio,StatementCount,StatementRatio,BranchCount,BranchRatio,FaultCount,FaultRatio
221,1,0.270270,554,46.051538,457,53.575615,1,0.250000
96,2,0.540541,591,49.127182,483,56.623681,1,0.250000
311,3,0.810811,741,61.596010,592,69.402110,2,0.500000
213,4,1.081081,758,63.009144,606,71.043376,2,0.500000
290,5,1.351351,798,66.334165,641,75.146542,2,0.500000
183,6,1.621622,798,66.334165,641,75.146542,2,0.500000
241,7,1.891892,798,66.334165,641,75.146542,2,0.500000
322,8,2.162162,798,66.334165,641,75.146542,2,0.500000
321,9,2.432432,805,66.916043,645,75.615475,2,0.500000
135,10,2.702703,810,67.331671,651,76.318875,2,0.500000
350,11,2.972973,856,71.155445,683,80.070340,3,0.750000
29,12,3.243243,880,73.150457,697,81.711606,3,0.750000
349,13,3.513514,908,75.477972,717,84.056272,3,0.750000
49,14,3.783784,908,75.477972,717,84.056272,3,0.750000
182,15,4.054054,908,75.477972,717,84.056272,3,0.750000
153,16,4.324324,918,76.309227,730,85.580305,3,0.750000
228,17,4.594595,925,76.891106,736,86.283705,3,0.750000
247,18,4.864865,928,77.140482,740,86.752638,3,0.750000
345,19,5.135135,931,77.389859,742,86.987104,3,0.750000
251,20,5.405405,951,79.052369,748,87.690504,3,0.750000
117,21,5.675676,951,79.052369,748,87.690504,3,0.750000
200,22,5.945946,977,81.213633,765,89.683470,3,0.750000
92,23,6.216216,977,81.213633,765,89.683470,3,0.750000
