TestcaseNumber,TestcaseCount,TestcaseRatio,StatementCount,StatementRatio,BranchCount,BranchRatio,FaultCount,FaultRatio
177,1,0.270270,645,53.615960,517,60.609613,1,0.250000
108,2,0.540541,667,55.444722,537,62.954279,1,0.250000
293,3,0.810811,700,58.187864,561,65.767878,2,0.500000
151,4,1.081081,748,62.177889,615,72.098476,2,0.500000
325,5,1.351351,752,62.510391,617,72.332943,2,0.500000
47,6,1.621622,776,64.505403,629,73.739742,2,0.500000
226,7,1.891892,795,66.084788,648,75.967175,2,0.500000
281,8,2.162162,814,67.664173,662,77.608441,2,0.500000
39,9,2.432432,846,70.324190,676,79.249707,2,0.500000
31,10,2.702703,854,70.989194,678,79.484174,2,0.500000
300,11,2.972973,863,71.737323,680,79.718640,2,0.500000
230,12,3.243243,866,71.986700,680,79.718640,2,0.500000
250,13,3.513514,866,71.986700,680,79.718640,2,0.500000
82,14,3.783784,866,71.986700,680,79.718640,2,0.500000
280,15,4.054054,866,71.986700,680,79.718640,2,0.500000
327,16,4.324324,866,71.986700,682,79.953107,2,0.500000
292,17,4.594595,866,71.986700,682,79.953107,2,0.500000
105,18,4.864865,866,71.986700,682,79.953107,2,0.500000
11,19,5.135135,884,73.482959,686,80.422040,2,0.500000
141,20,5.405405,884,73.482959,686,80.422040,2,0.500000
145,21,5.675676,884,73.482959,686,80.422040,2,0.500000
269,22,5.945946,884,73.482959,686,80.422040,2,0.500000
16,23,6.216216,884,73.482959,686,80.422040,3,0.750000
196,24,6.486486,912,75.810474,706,82.766706,3,0.750000
73,25,6.756757,912,75.810474,706,82.766706,3,0.750000
234,26,7.027027,912,75.810474,706,82.766706,3,0.750000
213,27,7.297297,912,75.810474,706,82.766706,3,0.750000
342,28,7.567568,912,75.810474,706,82.766706,3,0.750000
193,29,7.837838,915,76.059850,708,83.001172,3,0.750000
277,30,8.108108,922,76.641729,716,83.939039,3,0.750000
206,31,8.378378,924,76.807980,718,84.173505,3,0.750000
317,32,8.648649,924,76.807980,718,84.173505,3,0.750000
127,33,8.918919,924,76.807980,718,84.173505,3,0.750000
368,34,9.189189,927,77.057357,718,84.173505,3,0.750000
133,35,9.459459,927,77.057357,718,84.173505,3,0.750000
