TestcaseNumber,TestcaseCount,TestcaseRatio,StatementCount,StatementRatio,BranchCount,BranchRatio,FaultCount,FaultRatio
1,1,0.270270,97,8.063175,86,10.082063,0,0.000000
284,2,0.540541,402,33.416459,321,37.631887,0,0.000000
368,3,0.810811,621,51.620948,456,53.458382,0,0.000000
261,4,1.081081,725,60.266002,541,63.423212,1,0.250000
30,5,1.351351,800,66.500416,624,73.153576,1,0.250000
341,6,1.621622,842,69.991687,656,76.905041,1,0.250000
127,7,1.891892,877,72.901081,694,81.359906,2,0.500000
333,8,2.162162,877,72.901081,694,81.359906,2,0.500000
239,9,2.432432,877,72.901081,694,81.359906,2,0.500000
150,10,2.702703,930,77.306733,732,85.814771,2,0.500000
305,11,2.972973,935,77.722361,732,85.814771,2,0.500000
175,12,3.243243,945,78.553616,734,86.049238,2,0.500000
357,13,3.513514,945,78.553616,734,86.049238,2,0.500000
43,14,3.783784,945,78.553616,734,86.049238,2,0.500000
231,15,4.054054,958,79.634248,740,86.752638,3,0.750000
99,16,4.324324,977,81.213633,752,88.159437,3,0.750000
335,17,4.594595,977,81.213633,752,88.159437,3,0.750000
298,18,4.864865,977,81.213633,752,88.159437,3,0.750000
330,19,5.135135,978,81.296758,752,88.159437,3,0.750000
47,20,5.405405,985,81.878637,754,88.393904,3,0.750000
234,21,5.675676,985,81.878637,754,88.393904,3,0.750000
318,22,5.945946,985,81.878637,754,88.393904,3,0.750000
292,23,6.216216,985,81.878637,754,88.393904,3,0.750000
224,24,6.486486,994,82.626766,760,89.097304,3,0.750000
210,25,6.756757,997,82.876143,762,89.331770,3,0.750000
51,26,7.027027,1016,84.455528,779,91.324736,3,0.750000
