TestcaseNumber,TestcaseCount,TestcaseRatio,StatementCount,StatementRatio,BranchCount,BranchRatio,FaultCount,FaultRatio
138,1,0.270270,588,48.877805,481,56.389215,0,0.000000
195,2,0.540541,689,57.273483,551,64.595545,1,0.250000
247,3,0.810811,701,58.270989,567,66.471278,2,0.500000
72,4,1.081081,714,59.351621,592,69.402110,2,0.500000
342,5,1.351351,780,64.837905,631,73.974209,2,0.500000
233,6,1.621622,814,67.664173,661,77.491208,2,0.500000
201,7,1.891892,866,71.986700,695,81.477140,2,0.500000
9,8,2.162162,868,72.152951,695,81.477140,2,0.500000
129,9,2.432432,868,72.152951,695,81.477140,3,0.750000
307,10,2.702703,871,72.402328,703,82.415006,3,0.750000
57,11,2.972973,871,72.402328,703,82.415006,3,0.750000
279,12,3.243243,881,73.233583,709,83.118406,3,0.750000
122,13,3.513514,881,73.233583,709,83.118406,3,0.750000
191,14,3.783784,895,74.397340,722,84.642438,3,0.750000
215,15,4.054054,897,74.563591,724,84.876905,3,0.750000
240,16,4.324324,916,76.142976,736,86.283705,3,0.750000
356,17,4.594595,924,76.807980,740,86.752638,3,0.750000
1,18,4.864865,956,79.467997,746,87.456038,3,0.750000
121,19,5.135135,956,79.467997,746,87.456038,3,0.750000
142,20,5.405405,956,79.467997,746,87.456038,3,0.750000
75,21,5.675676,956,79.467997,746,87.456038,3,0.750000
39,22,5.945946,965,80.216126,750,87.924971,3,0.750000
46,23,6.216216,965,80.216126,750,87.924971,3,0.750000
38,24,6.486486,965,80.216126,750,87.924971,3,0.750000
36,25,6.756757,965,80.216126,750,87.924971,3,0.750000
346,26,7.027027,965,80.216126,750,87.924971,3,0.750000
253,27,7.297297,965,80.216126,750,87.924971,3,0.750000
209,28,7.567568,965,80.216126,750,87.924971,3,0.750000
288,29,7.837838,967,80.382377,750,87.924971,3,0.750000
141,30,8.108108,967,80.382377,750,87.924971,3,0.750000
252,31,8.378378,967,80.382377,750,87.924971,3,0.750000
132,32,8.648649,967,80.382377,750,87.924971,3,0.750000
64,33,8.918919,967,80.382377,750,87.924971,3,0.750000
248,34,9.189189,967,80.382377,750,87.924971,3,0.750000
360,35,9.459459,986,81.961762,765,89.683470,3,0.750000
15,36,9.729730,992,82.460515,765,89.683470,3,0.750000
211,37,10.000000,992,82.460515,765,89.683470,3,0.750000
354,38,10.270270,992,82.460515,765,89.683470,3,0.750000
168,39,10.540541,993,82.543641,765,89.683470,3,0.750000
249,40,10.810811,993,82.543641,765,89.683470,3,0.750000
95,41,11.081081,993,82.543641,765,89.683470,3,0.750000
