TestcaseNumber,TestcaseCount,TestcaseRatio,StatementCount,StatementRatio,BranchCount,BranchRatio,FaultCount,FaultRatio
186,1,0.270270,714,59.351621,591,69.284877,0,0.000000
160,2,0.540541,755,62.759767,623,73.036342,0,0.000000
193,3,0.810811,763,63.424771,627,73.505275,1,0.250000
222,4,1.081081,772,64.172901,633,74.208675,1,0.250000
212,5,1.351351,783,65.087282,639,74.912075,1,0.250000
326,6,1.621622,789,65.586035,641,75.146542,1,0.250000
171,7,1.891892,815,67.747298,663,77.725674,2,0.500000
42,8,2.162162,815,67.747298,663,77.725674,2,0.500000
267,9,2.432432,832,69.160432,675,79.132474,2,0.500000
58,10,2.702703,878,72.984206,707,82.883939,3,0.750000
274,11,2.972973,891,74.064838,720,84.407972,3,0.750000
257,12,3.243243,891,74.064838,720,84.407972,3,0.750000
114,13,3.513514,891,74.064838,720,84.407972,3,0.750000
164,14,3.783784,894,74.314214,720,84.407972,3,0.750000
107,15,4.054054,894,74.314214,720,84.407972,3,0.750000
311,16,4.324324,894,74.314214,720,84.407972,3,0.750000
162,17,4.594595,902,74.979219,722,84.642438,3,0.750000
133,18,4.864865,902,74.979219,722,84.642438,3,0.750000
273,19,5.135135,902,74.979219,722,84.642438,3,0.750000
248,20,5.405405,922,76.641729,728,85.345838,3,0.750000
30,21,5.675676,957,79.551122,758,88.862837,3,0.750000
271,22,5.945946,957,79.551122,758,88.862837,3,0.750000
1,23,6.216216,978,81.296758,762,89.331770,3,0.750000
134,24,6.486486,978,81.296758,762,89.331770,3,0.750000
95,25,6.756757,978,81.296758,762,89.331770,3,0.750000
