TestcaseNumber,TestcaseCount,TestcaseRatio,StatementCount,StatementRatio,BranchCount,BranchRatio,FaultCount,FaultRatio
127,1,0.270270,681,56.608479,575,67.409144,1,0.250000
188,2,0.540541,736,61.180382,617,72.332943,1,0.250000
65,3,0.810811,745,61.928512,619,72.567409,1,0.250000
70,4,1.081081,780,64.837905,639,74.912075,1,0.250000
22,5,1.351351,807,67.082294,645,75.615475,1,0.250000
143,6,1.621622,822,68.329177,662,77.608441,1,0.250000
35,7,1.891892,844,70.157938,664,77.842907,1,0.250000
212,8,2.162162,844,70.157938,664,77.842907,1,0.250000
332,9,2.432432,891,74.064838,698,81.828839,1,0.250000
261,10,2.702703,892,74.147963,698,81.828839,2,0.500000
38,11,2.972973,895,74.397340,698,81.828839,2,0.500000
50,12,3.243243,898,74.646717,700,82.063306,3,0.750000
207,13,3.513514,941,78.221114,724,84.876905,3,0.750000
86,14,3.783784,941,78.221114,724,84.876905,3,0.750000
36,15,4.054054,942,78.304239,728,85.345838,3,0.750000
128,16,4.324324,942,78.304239,728,85.345838,3,0.750000
196,17,4.594595,943,78.387365,728,85.345838,3,0.750000
124,18,4.864865,943,78.387365,728,85.345838,3,0.750000
91,19,5.135135,943,78.387365,728,85.345838,3,0.750000
293,20,5.405405,943,78.387365,728,85.345838,3,0.750000
