TestcaseNumber,TestcaseCount,TestcaseRatio,StatementCount,StatementRatio,BranchCount,BranchRatio,FaultCount,FaultRatio
345,1,0.270270,519,43.142145,420,49.237984,0,0.000000
88,2,0.540541,585,48.628429,494,57.913247,0,0.000000
177,3,0.810811,766,63.674148,621,72.801876,1,0.250000
164,4,1.081081,813,67.581047,653,76.553341,1,0.250000
344,5,1.351351,824,68.495428,665,77.960141,1,0.250000
145,6,1.621622,824,68.495428,665,77.960141,1,0.250000
56,7,1.891892,824,68.495428,665,77.960141,2,0.500000
131,8,2.162162,829,68.911056,671,78.663540,2,0.500000
64,9,2.432432,838,69.659185,673,78.898007,2,0.500000
222,10,2.702703,868,72.152951,687,80.539273,2,0.500000
288,11,2.972973,874,72.651704,695,81.477140,2,0.500000
97,12,3.243243,893,74.231089,707,82.883939,2,0.500000
139,13,3.513514,903,75.062344,717,84.056272,2,0.500000
188,14,3.783784,913,75.893599,730,85.580305,2,0.500000
130,15,4.054054,913,75.893599,730,85.580305,2,0.500000
22,16,4.324324,939,78.054863,736,86.283705,2,0.500000
351,17,4.594595,939,78.054863,736,86.283705,2,0.500000
51,18,4.864865,961,79.883624,753,88.276671,3,0.750000
287,19,5.135135,961,79.883624,755,88.511137,3,0.750000
113,20,5.405405,961,79.883624,755,88.511137,3,0.750000
