TestcaseNumber,TestcaseCount,TestcaseRatio,StatementCount,StatementRatio,BranchCount,BranchRatio,FaultCount,FaultRatio
29,1,0.270270,596,49.542810,478,56.037515,0,0.000000
56,2,0.540541,664,55.195345,544,63.774912,1,0.250000
299,3,0.810811,731,60.764755,584,68.464244,2,0.500000
142,4,1.081081,816,67.830424,655,76.787808,2,0.500000
49,5,1.351351,848,70.490441,679,79.601407,3,0.750000
348,6,1.621622,876,72.817955,699,81.946073,3,0.750000
57,7,1.891892,876,72.817955,699,81.946073,3,0.750000
316,8,2.162162,877,72.901081,699,81.946073,3,0.750000
154,9,2.432432,881,73.233583,701,82.180539,3,0.750000
326,10,2.702703,898,74.646717,722,84.642438,3,0.750000
64,11,2.972973,906,75.311721,724,84.876905,3,0.750000
179,12,3.243243,906,75.311721,724,84.876905,3,0.750000
148,13,3.513514,912,75.810474,724,84.876905,3,0.750000
291,14,3.783784,915,76.059850,724,84.876905,3,0.750000
243,15,4.054054,915,76.059850,724,84.876905,3,0.750000
312,16,4.324324,915,76.059850,724,84.876905,3,0.750000
192,17,4.594595,918,76.309227,726,85.111372,3,0.750000
118,18,4.864865,918,76.309227,726,85.111372,3,0.750000
242,19,5.135135,918,76.309227,726,85.111372,3,0.750000
14,20,5.405405,920,76.475478,728,85.345838,3,0.750000
40,21,5.675676,920,76.475478,728,85.345838,3,0.750000
139,22,5.945946,930,77.306733,738,86.518171,3,0.750000
294,23,6.216216,930,77.306733,738,86.518171,3,0.750000
311,24,6.486486,930,77.306733,738,86.518171,3,0.750000
213,25,6.756757,930,77.306733,738,86.518171,3,0.750000
20,26,7.027027,958,79.634248,740,86.752638,3,0.750000
