TestcaseNumber,TestcaseCount,TestcaseRatio,StatementCount,StatementRatio,BranchCount,BranchRatio,FaultCount,FaultRatio
329,1,0.270270,646,53.699086,505,59.202814,1,0.250000
310,2,0.540541,646,53.699086,505,59.202814,1,0.250000
190,3,0.810811,689,57.273483,568,66.588511,1,0.250000
281,4,1.081081,738,61.346633,598,70.105510,2,0.500000
120,5,1.351351,739,61.429759,598,70.105510,2,0.500000
248,6,1.621622,759,63.092269,604,70.808910,2,0.500000
127,7,1.891892,802,66.666667,645,75.615475,2,0.500000
68,8,2.162162,830,68.994181,661,77.491208,2,0.500000
78,9,2.432432,836,69.492934,661,77.491208,2,0.500000
272,10,2.702703,837,69.576060,661,77.491208,2,0.500000
208,11,2.972973,844,70.157938,663,77.725674,2,0.500000
324,12,3.243243,847,70.407315,671,78.663540,2,0.500000
304,13,3.513514,852,70.822943,671,78.663540,2,0.500000
3,14,3.783784,856,71.155445,671,78.663540,2,0.500000
178,15,4.054054,856,71.155445,671,78.663540,2,0.500000
7,16,4.324324,856,71.155445,671,78.663540,2,0.500000
276,17,4.594595,881,73.233583,696,81.594373,2,0.500000
67,18,4.864865,886,73.649210,698,81.828839,2,0.500000
74,19,5.135135,886,73.649210,698,81.828839,2,0.500000
105,20,5.405405,886,73.649210,698,81.828839,2,0.500000
316,21,5.675676,886,73.649210,698,81.828839,2,0.500000
110,22,5.945946,887,73.732336,700,82.063306,2,0.500000
367,23,6.216216,894,74.314214,700,82.063306,2,0.500000
134,24,6.486486,894,74.314214,700,82.063306,2,0.500000
205,25,6.756757,894,74.314214,700,82.063306,2,0.500000
234,26,7.027027,894,74.314214,700,82.063306,2,0.500000
314,27,7.297297,940,78.137988,732,85.814771,3,0.750000
280,28,7.567568,940,78.137988,732,85.814771,3,0.750000
282,29,7.837838,940,78.137988,732,85.814771,3,0.750000
43,30,8.108108,940,78.137988,732,85.814771,3,0.750000
109,31,8.378378,940,78.137988,732,85.814771,3,0.750000
108,32,8.648649,940,78.137988,732,85.814771,3,0.750000
354,33,8.918919,940,78.137988,732,85.814771,3,0.750000
204,34,9.189189,940,78.137988,732,85.814771,3,0.750000
363,35,9.459459,1006,83.624273,760,89.097304,3,0.750000
129,36,9.729730,1006,83.624273,760,89.097304,3,0.750000
39,37,10.000000,1015,84.372402,764,89.566237,3,0.750000
294,38,10.270270,1015,84.372402,764,89.566237,3,0.750000
92,39,10.540541,1015,84.372402,764,89.566237,3,0.750000
