TestcaseNumber,TestcaseCount,TestcaseRatio,StatementCount,StatementRatio,BranchCount,BranchRatio,FaultCount,FaultRatio
212,1,0.270270,651,54.114713,544,63.774912,0,0.000000
241,2,0.540541,704,58.520366,576,67.526377,0,0.000000
319,3,0.810811,719,59.767249,586,68.698710,1,0.250000
10,4,1.081081,748,62.177889,592,69.402110,1,0.250000
120,5,1.351351,781,64.921031,616,72.215709,2,0.500000
159,6,1.621622,784,65.170407,618,72.450176,2,0.500000
183,7,1.891892,784,65.170407,618,72.450176,2,0.500000
44,8,2.162162,811,67.414796,630,73.856975,2,0.500000
49,9,2.432432,811,67.414796,630,73.856975,2,0.500000
267,10,2.702703,812,67.497922,632,74.091442,2,0.500000
259,11,2.972973,867,72.069825,681,79.835873,2,0.500000
203,12,3.243243,921,76.558603,717,84.056272,2,0.500000
107,13,3.513514,926,76.974231,723,84.759672,2,0.500000
293,14,3.783784,926,76.974231,723,84.759672,2,0.500000
48,15,4.054054,926,76.974231,723,84.759672,2,0.500000
113,16,4.324324,932,77.472984,725,84.994138,2,0.500000
88,17,4.594595,936,77.805486,727,85.228605,2,0.500000
47,18,4.864865,936,77.805486,727,85.228605,2,0.500000
38,19,5.135135,947,78.719867,727,85.228605,2,0.500000
176,20,5.405405,947,78.719867,727,85.228605,2,0.500000
169,21,5.675676,948,78.802993,729,85.463072,2,0.500000
346,22,5.945946,950,78.969244,729,85.463072,2,0.500000
317,23,6.216216,950,78.969244,729,85.463072,2,0.500000
72,24,6.486486,950,78.969244,729,85.463072,2,0.500000
135,25,6.756757,950,78.969244,729,85.463072,2,0.500000
297,26,7.027027,960,79.800499,742,86.987104,3,0.750000
252,27,7.297297,960,79.800499,742,86.987104,3,0.750000
210,28,7.567568,966,80.299252,746,87.456038,3,0.750000
27,29,7.837838,992,82.460515,772,90.504103,3,0.750000
28,30,8.108108,998,82.959268,774,90.738570,3,0.750000
261,31,8.378378,1004,83.458022,778,91.207503,3,0.750000
326,32,8.648649,1005,83.541147,778,91.207503,3,0.750000
322,33,8.918919,1005,83.541147,778,91.207503,3,0.750000
15,34,9.189189,1011,84.039900,778,91.207503,3,0.750000
13,35,9.459459,1013,84.206151,780,91.441970,3,0.750000
363,36,9.729730,1077,89.526185,808,94.724502,3,0.750000
362,37,10.000000,1097,91.188695,823,96.483001,3,0.750000
