TestcaseNumber,TestcaseCount,TestcaseRatio,StatementCount,StatementRatio,BranchCount,BranchRatio,FaultCount,FaultRatio
255,1,0.270270,504,41.895262,402,47.127784,0,0.000000
137,2,0.540541,620,51.537822,495,58.030481,1,0.250000
250,3,0.810811,702,58.354115,539,63.188746,1,0.250000
355,4,1.081081,712,59.185370,564,66.119578,1,0.250000
175,5,1.351351,727,60.432253,580,67.995311,1,0.250000
278,6,1.621622,813,67.581047,649,76.084408,2,0.500000
310,7,1.891892,819,68.079800,653,76.553341,3,0.750000
225,8,2.162162,834,69.326683,667,78.194607,3,0.750000
363,9,2.432432,910,75.644223,706,82.766706,3,0.750000
106,10,2.702703,935,77.722361,726,85.111372,3,0.750000
89,11,2.972973,962,79.966750,746,87.456038,3,0.750000
235,12,3.243243,963,80.049875,746,87.456038,3,0.750000
77,13,3.513514,985,81.878637,754,88.393904,3,0.750000
334,14,3.783784,1004,83.458022,766,89.800703,3,0.750000
289,15,4.054054,1004,83.458022,766,89.800703,3,0.750000
168,16,4.324324,1005,83.541147,766,89.800703,3,0.750000
164,17,4.594595,1005,83.541147,766,89.800703,3,0.750000
64,18,4.864865,1005,83.541147,766,89.800703,3,0.750000
28,19,5.135135,1029,85.536160,780,91.441970,3,0.750000
256,20,5.405405,1029,85.536160,780,91.441970,3,0.750000
240,21,5.675676,1029,85.536160,780,91.441970,3,0.750000
67,22,5.945946,1029,85.536160,780,91.441970,3,0.750000
165,23,6.216216,1029,85.536160,780,91.441970,3,0.750000
7,24,6.486486,1029,85.536160,780,91.441970,3,0.750000
341,25,6.756757,1029,85.536160,780,91.441970,3,0.750000
