TestcaseNumber,TestcaseCount,TestcaseRatio,StatementCount,StatementRatio,BranchCount,BranchRatio,FaultCount,FaultRatio
211,1,0.270270,550,45.719036,449,52.637749,1,0.250000
49,2,0.540541,603,50.124688,487,57.092614,2,0.500000
126,3,0.810811,733,60.931006,609,71.395076,2,0.500000
9,4,1.081081,737,61.263508,609,71.395076,2,0.500000
336,5,1.351351,752,62.510391,621,72.801876,2,0.500000
275,6,1.621622,765,63.591022,634,74.325909,2,0.500000
34,7,1.891892,785,65.253533,636,74.560375,2,0.500000
281,8,2.162162,830,68.994181,662,77.608441,2,0.500000
212,9,2.432432,843,70.074813,670,78.546307,2,0.500000
183,10,2.702703,843,70.074813,670,78.546307,2,0.500000
153,11,2.972973,847,70.407315,672,78.780774,2,0.500000
88,12,3.243243,847,70.407315,672,78.780774,2,0.500000
130,13,3.513514,893,74.231089,704,82.532239,3,0.750000
158,14,3.783784,896,74.480466,706,82.766706,3,0.750000
273,15,4.054054,896,74.480466,706,82.766706,3,0.750000
99,16,4.324324,896,74.480466,706,82.766706,3,0.750000
77,17,4.594595,902,74.979219,706,82.766706,3,0.750000
122,18,4.864865,902,74.979219,706,82.766706,3,0.750000
362,19,5.135135,922,76.641729,721,84.525205,3,0.750000
60,20,5.405405,922,76.641729,721,84.525205,3,0.750000
368,21,5.675676,925,76.891106,721,84.525205,3,0.750000
16,22,5.945946,925,76.891106,721,84.525205,4,1.000000
327,23,6.216216,925,76.891106,721,84.525205,4,1.000000
83,24,6.486486,925,76.891106,721,84.525205,4,1.000000
157,25,6.756757,925,76.891106,721,84.525205,4,1.000000
300,26,7.027027,928,77.140482,723,84.759672,4,1.000000
111,27,7.297297,928,77.140482,723,84.759672,4,1.000000
351,28,7.567568,937,77.888612,729,85.463072,4,1.000000
338,29,7.837838,938,77.971737,729,85.463072,4,1.000000
127,30,8.108108,938,77.971737,729,85.463072,4,1.000000
