TestcaseNumber,TestcaseCount,TestcaseRatio,StatementCount,StatementRatio,BranchCount,BranchRatio,FaultCount,FaultRatio
23,1,0.270270,477,39.650873,366,42.907386,0,0.000000
16,2,0.540541,477,39.650873,366,42.907386,1,0.250000
179,3,0.810811,689,57.273483,537,62.954279,2,0.500000
271,4,1.081081,743,61.762261,569,66.705744,2,0.500000
220,5,1.351351,769,63.923525,606,71.043376,2,0.500000
17,6,1.621622,776,64.505403,608,71.277843,2,0.500000
213,7,1.891892,777,64.588529,608,71.277843,2,0.500000
157,8,2.162162,783,65.087282,612,71.746776,3,0.750000
10,9,2.432432,809,67.248545,616,72.215709,3,0.750000
144,10,2.702703,809,67.248545,616,72.215709,3,0.750000
254,11,2.972973,814,67.664173,616,72.215709,3,0.750000
107,12,3.243243,830,68.994181,626,73.388042,3,0.750000
26,13,3.513514,864,71.820449,661,77.491208,3,0.750000
250,14,3.783784,872,72.485453,661,77.491208,3,0.750000
56,15,4.054054,918,76.309227,693,81.242673,4,1.000000
57,16,4.324324,918,76.309227,693,81.242673,4,1.000000
6,17,4.594595,918,76.309227,693,81.242673,4,1.000000
298,18,4.864865,923,76.724855,693,81.242673,4,1.000000
60,19,5.135135,937,77.888612,705,82.649472,4,1.000000
219,20,5.405405,937,77.888612,705,82.649472,4,1.000000
160,21,5.675676,968,80.465503,733,85.932005,4,1.000000
91,22,5.945946,968,80.465503,733,85.932005,4,1.000000
303,23,6.216216,980,81.463009,739,86.635404,4,1.000000
286,24,6.486486,980,81.463009,741,86.869871,4,1.000000
328,25,6.756757,980,81.463009,741,86.869871,4,1.000000
348,26,7.027027,994,82.626766,758,88.862837,4,1.000000
180,27,7.297297,994,82.626766,758,88.862837,4,1.000000
113,28,7.567568,994,82.626766,760,89.097304,4,1.000000
29,29,7.837838,1002,83.291771,764,89.566237,4,1.000000
155,30,8.108108,1002,83.291771,764,89.566237,4,1.000000
264,31,8.378378,1010,83.956775,766,89.800703,4,1.000000
70,32,8.648649,1010,83.956775,766,89.800703,4,1.000000
110,33,8.918919,1011,84.039900,768,90.035170,4,1.000000
195,34,9.189189,1011,84.039900,768,90.035170,4,1.000000
49,35,9.459459,1011,84.039900,768,90.035170,4,1.000000
36,36,9.729730,1015,84.372402,772,90.504103,4,1.000000
242,37,10.000000,1015,84.372402,772,90.504103,4,1.000000
188,38,10.270270,1015,84.372402,772,90.504103,4,1.000000
323,39,10.540541,1015,84.372402,772,90.504103,4,1.000000
84,40,10.810811,1015,84.372402,772,90.504103,4,1.000000
20,41,11.081081,1021,84.871155,772,90.504103,4,1.000000
331,42,11.351351,1021,84.871155,772,90.504103,4,1.000000
