TestcaseNumber,TestcaseCount,TestcaseRatio,StatementCount,StatementRatio,BranchCount,BranchRatio,FaultCount,FaultRatio
106,1,0.270270,408,33.915212,359,42.086753,0,0.000000
184,2,0.540541,753,62.593516,619,72.567409,0,0.000000
24,3,0.810811,768,63.840399,619,72.567409,0,0.000000
267,4,1.081081,769,63.923525,621,72.801876,0,0.000000
169,5,1.351351,800,66.500416,645,75.615475,0,0.000000
165,6,1.621622,850,70.656692,677,79.366940,2,0.500000
339,7,1.891892,850,70.656692,677,79.366940,2,0.500000
337,8,2.162162,860,71.487947,679,79.601407,2,0.500000
359,9,2.432432,860,71.487947,679,79.601407,2,0.500000
352,10,2.702703,874,72.651704,694,81.359906,2,0.500000
214,11,2.972973,874,72.651704,694,81.359906,2,0.500000
13,12,3.243243,876,72.817955,696,81.594373,2,0.500000
239,13,3.513514,876,72.817955,696,81.594373,2,0.500000
54,14,3.783784,897,74.563591,708,83.001172,2,0.500000
15,15,4.054054,922,76.641729,710,83.235639,2,0.500000
321,16,4.324324,922,76.641729,710,83.235639,2,0.500000
361,17,4.594595,922,76.641729,710,83.235639,2,0.500000
63,18,4.864865,922,76.641729,710,83.235639,2,0.500000
59,19,5.135135,922,76.641729,710,83.235639,2,0.500000
62,20,5.405405,922,76.641729,710,83.235639,2,0.500000
357,21,5.675676,922,76.641729,710,83.235639,2,0.500000
138,22,5.945946,932,77.472984,720,84.407972,2,0.500000
130,23,6.216216,932,77.472984,720,84.407972,2,0.500000
315,24,6.486486,932,77.472984,720,84.407972,2,0.500000
136,25,6.756757,932,77.472984,720,84.407972,2,0.500000
340,26,7.027027,933,77.556110,720,84.407972,2,0.500000
277,27,7.297297,950,78.969244,736,86.283705,2,0.500000
191,28,7.567568,954,79.301746,738,86.518171,2,0.500000
211,29,7.837838,960,79.800499,740,86.752638,2,0.500000
20,30,8.108108,963,80.049875,740,86.752638,2,0.500000
322,31,8.378378,963,80.049875,740,86.752638,2,0.500000
175,32,8.648649,963,80.049875,740,86.752638,2,0.500000
252,33,8.918919,963,80.049875,740,86.752638,2,0.500000
287,34,9.189189,963,80.049875,740,86.752638,2,0.500000
254,35,9.459459,963,80.049875,740,86.752638,2,0.500000
228,36,9.729730,968,80.465503,744,87.221571,3,0.750000
194,37,10.000000,971,80.714879,746,87.456038,3,0.750000
97,38,10.270270,971,80.714879,746,87.456038,3,0.750000
166,39,10.540541,971,80.714879,746,87.456038,3,0.750000
236,40,10.810811,971,80.714879,746,87.456038,3,0.750000
265,41,11.081081,971,80.714879,746,87.456038,3,0.750000
121,42,11.351351,971,80.714879,746,87.456038,3,0.750000
111,43,11.621622,971,80.714879,746,87.456038,3,0.750000
