TestcaseNumber,TestcaseCount,TestcaseRatio,StatementCount,StatementRatio,BranchCount,BranchRatio,FaultCount,FaultRatio
351,1,0.270270,428,35.577722,345,40.445487,1,0.250000
29,2,0.540541,658,54.696592,524,61.430246,1,0.250000
81,3,0.810811,712,59.185370,572,67.057444,2,0.500000
2,4,1.081081,732,60.847880,572,67.057444,2,0.500000
12,5,1.351351,732,60.847880,572,67.057444,3,0.750000
195,6,1.621622,788,65.502909,610,71.512309,4,1.000000
137,7,1.891892,806,66.999169,622,72.919109,4,1.000000
278,8,2.162162,841,69.908562,657,77.022274,4,1.000000
292,9,2.432432,842,69.991687,657,77.022274,4,1.000000
358,10,2.702703,842,69.991687,657,77.022274,4,1.000000
300,11,2.972973,850,70.656692,659,77.256741,4,1.000000
208,12,3.243243,850,70.656692,659,77.256741,4,1.000000
319,13,3.513514,855,71.072319,667,78.194607,4,1.000000
15,14,3.783784,880,73.150457,669,78.429074,4,1.000000
143,15,4.054054,910,75.644223,695,81.477140,4,1.000000
65,16,4.324324,910,75.644223,695,81.477140,4,1.000000
259,17,4.594595,948,78.802993,725,84.994138,4,1.000000
39,18,4.864865,952,79.135495,729,85.463072,4,1.000000
362,19,5.135135,982,81.629260,757,88.745604,4,1.000000
324,20,5.405405,982,81.629260,757,88.745604,4,1.000000
38,21,5.675676,982,81.629260,757,88.745604,4,1.000000
347,22,5.945946,988,82.128013,761,89.214537,4,1.000000
136,23,6.216216,988,82.128013,761,89.214537,4,1.000000
