TestcaseNumber,TestcaseCount,TestcaseRatio,StatementCount,StatementRatio,BranchCount,BranchRatio,FaultCount,FaultRatio
152,1,0.270270,675,56.109726,556,65.181712,0,0.000000
142,2,0.540541,737,61.263508,609,71.395076,0,0.000000
158,3,0.810811,743,61.762261,613,71.864009,1,0.250000
343,4,1.081081,772,64.172901,625,73.270809,1,0.250000
114,5,1.351351,772,64.172901,625,73.270809,1,0.250000
110,6,1.621622,773,64.256027,627,73.505275,1,0.250000
250,7,1.891892,792,65.835411,629,73.739742,1,0.250000
325,8,2.162162,803,66.749792,643,75.381008,2,0.500000
73,9,2.432432,803,66.749792,643,75.381008,2,0.500000
6,10,2.702703,805,66.916043,643,75.381008,2,0.500000
276,11,2.972973,845,70.241064,675,79.132474,2,0.500000
253,12,3.243243,845,70.241064,675,79.132474,2,0.500000
55,13,3.513514,845,70.241064,675,79.132474,2,0.500000
77,14,3.783784,845,70.241064,675,79.132474,2,0.500000
228,15,4.054054,847,70.407315,677,79.366940,2,0.500000
222,16,4.324324,847,70.407315,677,79.366940,2,0.500000
188,17,4.594595,857,71.238570,688,80.656506,2,0.500000
15,18,4.864865,863,71.737323,688,80.656506,2,0.500000
177,19,5.135135,863,71.737323,688,80.656506,2,0.500000
80,20,5.405405,863,71.737323,688,80.656506,2,0.500000
280,21,5.675676,882,73.316708,700,82.063306,2,0.500000
52,22,5.945946,882,73.316708,700,82.063306,2,0.500000
282,23,6.216216,890,73.981712,702,82.297773,2,0.500000
341,24,6.486486,890,73.981712,702,82.297773,2,0.500000
307,25,6.756757,890,73.981712,702,82.297773,2,0.500000
