TestcaseNumber,TestcaseCount,TestcaseRatio,StatementCount,StatementRatio,BranchCount,BranchRatio,FaultCount,FaultRatio
195,1,0.270270,653,54.280964,519,60.844080,1,0.250000
172,2,0.540541,685,56.940981,549,64.361079,1,0.250000
2,3,0.810811,705,58.603491,549,64.361079,1,0.250000
201,4,1.081081,762,63.341646,589,69.050410,1,0.250000
367,5,1.351351,790,65.669160,591,69.284877,1,0.250000
349,6,1.621622,854,70.989194,646,75.732708,1,0.250000
301,7,1.891892,868,72.152951,673,78.898007,2,0.500000
21,8,2.162162,889,73.898587,679,79.601407,2,0.500000
28,9,2.432432,913,75.893599,693,81.242673,2,0.500000
365,10,2.702703,918,76.309227,695,81.477140,2,0.500000
11,11,2.972973,936,77.805486,699,81.946073,2,0.500000
32,12,3.243243,940,78.137988,705,82.649472,2,0.500000
335,13,3.513514,989,82.211139,731,85.697538,2,0.500000
31,14,3.783784,997,82.876143,733,85.932005,2,0.500000
363,15,4.054054,1071,89.027431,772,90.504103,2,0.500000
356,16,4.324324,1081,89.858687,778,91.207503,2,0.500000
25,17,4.594595,1084,90.108063,778,91.207503,2,0.500000
231,18,4.864865,1094,90.939318,784,91.910903,2,0.500000
23,19,5.135135,1104,91.770574,784,91.910903,2,0.500000
3,20,5.405405,1108,92.103076,784,91.910903,2,0.500000
38,21,5.675676,1111,92.352452,784,91.910903,2,0.500000
39,22,5.945946,1116,92.768080,790,92.614302,2,0.500000
18,23,6.216216,1117,92.851205,792,92.848769,2,0.500000
27,24,6.486486,1128,93.765586,808,94.724502,2,0.500000
20,25,6.756757,1134,94.264339,808,94.724502,2,0.500000
366,26,7.027027,1157,96.176226,827,96.951934,2,0.500000
351,27,7.297297,1162,96.591854,833,97.655334,3,0.750000
368,28,7.567568,1165,96.841230,833,97.655334,3,0.750000
133,29,7.837838,1168,97.090607,837,98.124267,3,0.750000
17,30,8.108108,1172,97.423109,837,98.124267,3,0.750000
347,31,8.378378,1176,97.755611,839,98.358734,3,0.750000
113,32,8.648649,1182,98.254364,839,98.358734,3,0.750000
227,33,8.918919,1186,98.586866,839,98.358734,3,0.750000
13,34,9.189189,1187,98.669992,839,98.358734,3,0.750000
22,35,9.459459,1190,98.919368,839,98.358734,3,0.750000
138,36,9.729730,1195,99.334996,845,99.062134,3,0.750000
364,37,10.000000,1196,99.418121,845,99.062134,3,0.750000
258,38,10.270270,1201,99.833749,849,99.531067,3,0.750000
362,39,10.540541,1202,99.916874,849,99.531067,3,0.750000
277,40,10.810811,1203,100.000000,849,99.531067,3,0.750000
