TestcaseNumber,TestcaseCount,TestcaseRatio,StatementCount,StatementRatio,BranchCount,BranchRatio,FaultCount,FaultRatio
265,1,0.270270,514,42.726517,408,47.831184,1,0.250000
138,2,0.540541,594,49.376559,485,56.858148,1,0.250000
86,3,0.810811,625,51.953450,509,59.671747,2,0.500000
184,4,1.081081,751,62.427265,611,71.629543,2,0.500000
31,5,1.351351,780,64.837905,615,72.098476,2,0.500000
30,6,1.621622,812,67.497922,641,75.146542,2,0.500000
226,7,1.891892,835,69.409809,660,77.373974,2,0.500000
25,8,2.162162,856,71.155445,666,78.077374,2,0.500000
363,9,2.432432,922,76.641729,694,81.359906,2,0.500000
59,10,2.702703,968,80.465503,726,85.111372,3,0.750000
267,11,2.972973,1000,83.125520,754,88.393904,3,0.750000
349,12,3.243243,1040,86.450540,784,91.910903,3,0.750000
200,13,3.513514,1064,88.445553,801,93.903869,3,0.750000
352,14,3.783784,1083,90.024938,813,95.310668,3,0.750000
11,15,4.054054,1099,91.354946,817,95.779601,3,0.750000
2,16,4.324324,1119,93.017456,817,95.779601,3,0.750000
211,17,4.594595,1120,93.100582,819,96.014068,3,0.750000
17,18,4.864865,1124,93.433084,819,96.014068,3,0.750000
362,19,5.135135,1125,93.516209,819,96.014068,3,0.750000
32,20,5.405405,1129,93.848712,825,96.717468,3,0.750000
368,21,5.675676,1132,94.098088,825,96.717468,3,0.750000
342,22,5.945946,1135,94.347465,827,96.951934,3,0.750000
15,23,6.216216,1141,94.846218,827,96.951934,3,0.750000
37,24,6.486486,1144,95.095594,827,96.951934,3,0.750000
22,25,6.756757,1152,95.760599,827,96.951934,3,0.750000
23,26,7.027027,1160,96.425603,827,96.951934,3,0.750000
364,27,7.297297,1161,96.508728,827,96.951934,3,0.750000
369,28,7.567568,1173,97.506234,831,97.420868,3,0.750000
367,29,7.837838,1177,97.838736,831,97.420868,3,0.750000
3,30,8.108108,1181,98.171239,831,97.420868,3,0.750000
173,31,8.378378,1183,98.337490,831,97.420868,3,0.750000
36,32,8.648649,1184,98.420615,837,98.124267,3,0.750000
210,33,8.918919,1187,98.669992,839,98.358734,3,0.750000
225,34,9.189189,1190,98.919368,843,98.827667,3,0.750000
258,35,9.459459,1197,99.501247,847,99.296600,3,0.750000
29,36,9.729730,1199,99.667498,849,99.531067,3,0.750000
277,37,10.000000,1200,99.750623,849,99.531067,3,0.750000
18,38,10.270270,1201,99.833749,851,99.765533,3,0.750000
14,39,10.540541,1202,99.916874,851,99.765533,3,0.750000
347,40,10.810811,1203,100.000000,851,99.765533,3,0.750000
