TestcaseNumber,TestcaseCount,TestcaseRatio,StatementCount,StatementRatio,BranchCount,BranchRatio,FaultCount,FaultRatio
5,1,0.467290,54,5.118483,55,6.159015,0,0.000000
132,2,0.934579,516,48.909953,417,46.696529,1,0.200000
29,3,1.401869,542,51.374408,431,48.264278,1,0.200000
163,4,1.869159,577,54.691943,459,51.399776,1,0.200000
119,5,2.336449,577,54.691943,459,51.399776,1,0.200000
193,6,2.803738,579,54.881517,459,51.399776,1,0.200000
98,7,3.271028,579,54.881517,459,51.399776,1,0.200000
50,8,3.738318,639,60.568720,523,58.566629,1,0.200000
198,9,4.205607,639,60.568720,523,58.566629,1,0.200000
102,10,4.672897,639,60.568720,523,58.566629,1,0.200000
99,11,5.140187,639,60.568720,523,58.566629,1,0.200000
67,12,5.607477,640,60.663507,525,58.790594,1,0.200000
115,13,6.074766,672,63.696682,559,62.597984,1,0.200000
61,14,6.542056,672,63.696682,559,62.597984,1,0.200000
27,15,7.009346,672,63.696682,559,62.597984,1,0.200000
137,16,7.476636,672,63.696682,559,62.597984,1,0.200000
