TestcaseNumber,TestcaseCount,TestcaseRatio,StatementCount,StatementRatio,BranchCount,BranchRatio,FaultCount,FaultRatio
41,1,0.467290,186,17.630332,189,21.164614,0,0.000000
84,2,0.934579,641,60.758294,527,59.014558,1,0.200000
74,3,1.401869,644,61.042654,529,59.238522,1,0.200000
30,4,1.869159,673,63.791469,543,60.806271,1,0.200000
39,5,2.336449,685,64.928910,557,62.374020,1,0.200000
78,6,2.803738,685,64.928910,557,62.374020,1,0.200000
27,7,3.271028,685,64.928910,557,62.374020,1,0.200000
42,8,3.738318,685,64.928910,557,62.374020,2,0.400000
54,9,4.205607,685,64.928910,557,62.374020,2,0.400000
175,10,4.672897,718,68.056872,593,66.405375,2,0.400000
135,11,5.140187,718,68.056872,593,66.405375,2,0.400000
162,12,5.607477,718,68.056872,593,66.405375,2,0.400000
152,13,6.074766,718,68.056872,593,66.405375,2,0.400000
26,14,6.542056,718,68.056872,593,66.405375,2,0.400000
194,15,7.009346,718,68.056872,593,66.405375,2,0.400000
209,16,7.476636,718,68.056872,593,66.405375,2,0.400000
