TestcaseNumber,TestcaseCount,TestcaseRatio,StatementCount,StatementRatio,BranchCount,BranchRatio,FaultCount,FaultRatio
28,1,0.467290,76,7.203791,85,9.518477,0,0.000000
214,2,0.934579,76,7.203791,85,9.518477,0,0.000000
194,3,1.401869,526,49.857820,435,48.712206,1,0.200000
24,4,1.869159,526,49.857820,435,48.712206,1,0.200000
143,5,2.336449,560,53.080569,457,51.175812,1,0.200000
147,6,2.803738,561,53.175355,459,51.399776,1,0.200000
44,7,3.271028,561,53.175355,459,51.399776,1,0.200000
94,8,3.738318,563,53.364929,459,51.399776,1,0.200000
21,9,4.205607,563,53.364929,459,51.399776,2,0.400000
157,10,4.672897,563,53.364929,459,51.399776,2,0.400000
166,11,5.140187,595,56.398104,493,55.207167,2,0.400000
43,12,5.607477,688,65.213270,575,64.389698,2,0.400000
149,13,6.074766,688,65.213270,575,64.389698,2,0.400000
201,14,6.542056,688,65.213270,575,64.389698,2,0.400000
119,15,7.009346,688,65.213270,575,64.389698,2,0.400000
185,16,7.476636,689,65.308057,575,64.389698,2,0.400000
