TestcaseNumber,TestcaseCount,TestcaseRatio,StatementCount,StatementRatio,BranchCount,BranchRatio,FaultCount,FaultRatio
17,1,0.467290,132,12.511848,139,15.565510,1,0.200000
122,2,0.934579,614,58.199052,503,56.326988,2,0.400000
71,3,1.401869,618,58.578199,507,56.774916,2,0.400000
44,4,1.869159,619,58.672986,513,57.446809,2,0.400000
203,5,2.336449,620,58.767773,513,57.446809,2,0.400000
208,6,2.803738,620,58.767773,513,57.446809,2,0.400000
113,7,3.271028,620,58.767773,513,57.446809,2,0.400000
108,8,3.738318,620,58.767773,513,57.446809,2,0.400000
87,9,4.205607,620,58.767773,513,57.446809,2,0.400000
175,10,4.672897,652,61.800948,547,61.254199,2,0.400000
209,11,5.140187,652,61.800948,547,61.254199,2,0.400000
179,12,5.607477,652,61.800948,547,61.254199,2,0.400000
171,13,6.074766,652,61.800948,547,61.254199,2,0.400000
58,14,6.542056,652,61.800948,547,61.254199,2,0.400000
48,15,7.009346,655,62.085308,547,61.254199,2,0.400000
153,16,7.476636,655,62.085308,547,61.254199,2,0.400000
38,17,7.943925,655,62.085308,547,61.254199,4,0.800000
106,18,8.411215,656,62.180095,547,61.254199,4,0.800000
92,19,8.878505,656,62.180095,547,61.254199,4,0.800000
80,20,9.345794,656,62.180095,547,61.254199,4,0.800000
89,21,9.813084,656,62.180095,547,61.254199,4,0.800000
74,22,10.280374,656,62.180095,547,61.254199,4,0.800000
