TestcaseNumber,TestcaseCount,TestcaseRatio,StatementCount,StatementRatio,BranchCount,BranchRatio,FaultCount,FaultRatio
196,1,0.467290,527,49.952607,447,50.055991,1,0.200000
109,2,0.934579,564,53.459716,475,53.191489,1,0.200000
176,3,1.401869,564,53.459716,475,53.191489,1,0.200000
138,4,1.869159,566,53.649289,475,53.191489,1,0.200000
208,5,2.336449,566,53.649289,475,53.191489,1,0.200000
38,6,2.803738,566,53.649289,475,53.191489,3,0.600000
107,7,3.271028,566,53.649289,475,53.191489,3,0.600000
44,8,3.738318,566,53.649289,475,53.191489,3,0.600000
58,9,4.205607,566,53.649289,475,53.191489,3,0.600000
88,10,4.672897,567,53.744076,477,53.415454,3,0.600000
183,11,5.140187,569,53.933649,479,53.639418,3,0.600000
33,12,5.607477,595,56.398104,493,55.207167,3,0.600000
165,13,6.074766,596,56.492891,493,55.207167,3,0.600000
16,14,6.542056,656,62.180095,549,61.478163,4,0.800000
