TestcaseNumber,TestcaseCount,TestcaseRatio,StatementCount,StatementRatio,BranchCount,BranchRatio,FaultCount,FaultRatio
50,1,0.467290,125,11.848341,155,17.357223,0,0.000000
109,2,0.934579,562,53.270142,485,54.311310,1,0.200000
34,3,1.401869,564,53.459716,487,54.535274,1,0.200000
147,4,1.869159,567,53.744076,489,54.759239,1,0.200000
72,5,2.336449,567,53.744076,489,54.759239,1,0.200000
14,6,2.803738,593,56.208531,503,56.326988,1,0.200000
114,7,3.271028,593,56.208531,503,56.326988,1,0.200000
122,8,3.738318,623,59.052133,523,58.566629,1,0.200000
145,9,4.205607,655,62.085308,557,62.374020,1,0.200000
97,10,4.672897,655,62.085308,557,62.374020,1,0.200000
105,11,5.140187,655,62.085308,557,62.374020,1,0.200000
125,12,5.607477,655,62.085308,557,62.374020,1,0.200000
95,13,6.074766,655,62.085308,557,62.374020,1,0.200000
136,14,6.542056,656,62.180095,557,62.374020,1,0.200000
