TestcaseNumber,TestcaseCount,TestcaseRatio,StatementCount,StatementRatio,BranchCount,BranchRatio,FaultCount,FaultRatio
112,1,0.467290,501,47.488152,415,46.472564,1,0.200000
23,2,0.934579,532,50.426540,441,49.384099,1,0.200000
59,3,1.401869,534,50.616114,441,49.384099,1,0.200000
3,4,1.869159,541,51.279621,443,49.608063,1,0.200000
5,5,2.336449,553,52.417062,443,49.608063,1,0.200000
126,6,2.803738,585,55.450237,477,53.415454,1,0.200000
16,7,3.271028,668,63.317536,545,61.030235,2,0.400000
125,8,3.738318,670,63.507109,547,61.254199,2,0.400000
113,9,4.205607,671,63.601896,547,61.254199,2,0.400000
95,10,4.672897,671,63.601896,547,61.254199,2,0.400000
34,11,5.140187,671,63.601896,547,61.254199,2,0.400000
20,12,5.607477,671,63.601896,547,61.254199,3,0.600000
82,13,6.074766,671,63.601896,547,61.254199,3,0.600000
104,14,6.542056,671,63.601896,547,61.254199,3,0.600000
183,15,7.009346,671,63.601896,547,61.254199,3,0.600000
52,16,7.476636,683,64.739336,565,63.269877,3,0.600000
188,17,7.943925,683,64.739336,565,63.269877,3,0.600000
177,18,8.411215,683,64.739336,565,63.269877,3,0.600000
103,19,8.878505,683,64.739336,565,63.269877,3,0.600000
106,20,9.345794,683,64.739336,565,63.269877,3,0.600000
77,21,9.813084,683,64.739336,565,63.269877,3,0.600000
