TestcaseNumber,TestcaseCount,TestcaseRatio,StatementCount,StatementRatio,BranchCount,BranchRatio,FaultCount,FaultRatio
51,1,0.467290,71,6.729858,64,7.166853,0,0.000000
155,2,0.934579,553,52.417062,457,51.175812,1,0.200000
100,3,1.401869,593,56.208531,491,54.983203,1,0.200000
20,4,1.869159,593,56.208531,491,54.983203,2,0.400000
71,5,2.336449,594,56.303318,493,55.207167,2,0.400000
94,6,2.803738,594,56.303318,493,55.207167,2,0.400000
97,7,3.271028,594,56.303318,493,55.207167,2,0.400000
17,8,3.738318,654,61.990521,549,61.478163,3,0.600000
41,9,4.205607,766,72.606635,635,71.108623,3,0.600000
147,10,4.672897,766,72.606635,635,71.108623,3,0.600000
7,11,5.140187,768,72.796209,635,71.108623,3,0.600000
193,12,5.607477,769,72.890995,635,71.108623,3,0.600000
93,13,6.074766,769,72.890995,635,71.108623,3,0.600000
164,14,6.542056,769,72.890995,635,71.108623,3,0.600000
191,15,7.009346,769,72.890995,635,71.108623,3,0.600000
42,16,7.476636,769,72.890995,635,71.108623,3,0.600000
28,17,7.943925,769,72.890995,635,71.108623,3,0.600000
178,18,8.411215,769,72.890995,635,71.108623,3,0.600000
38,19,8.878505,769,72.890995,635,71.108623,4,0.800000
197,20,9.345794,769,72.890995,635,71.108623,4,0.800000
129,21,9.813084,769,72.890995,635,71.108623,4,0.800000
