TestcaseNumber,TestcaseCount,TestcaseRatio,StatementCount,StatementRatio,BranchCount,BranchRatio,FaultCount,FaultRatio
56,1,0.467290,532,50.426540,441,49.384099,1,0.200000
209,2,0.934579,566,53.649289,475,53.191489,1,0.200000
6,3,1.401869,616,58.388626,535,59.910414,1,0.200000
77,4,1.869159,616,58.388626,535,59.910414,1,0.200000
69,5,2.336449,617,58.483412,537,60.134378,1,0.200000
156,6,2.803738,617,58.483412,537,60.134378,1,0.200000
57,7,3.271028,617,58.483412,537,60.134378,1,0.200000
68,8,3.738318,617,58.483412,537,60.134378,1,0.200000
73,9,4.205607,619,58.672986,539,60.358343,1,0.200000
40,10,4.672897,619,58.672986,539,60.358343,2,0.400000
172,11,5.140187,619,58.672986,539,60.358343,2,0.400000
17,12,5.607477,680,64.454976,587,65.733483,3,0.600000
113,13,6.074766,680,64.454976,587,65.733483,3,0.600000
70,14,6.542056,680,64.454976,587,65.733483,3,0.600000
36,15,7.009346,689,65.308057,591,66.181411,3,0.600000
7,16,7.476636,689,65.308057,591,66.181411,3,0.600000
