TestcaseNumber,TestcaseCount,TestcaseRatio,StatementCount,StatementRatio,BranchCount,BranchRatio,FaultCount,FaultRatio
207,1,0.467290,496,47.014218,421,47.144457,0,0.000000
95,2,0.934579,565,53.554502,477,53.415454,1,0.200000
116,3,1.401869,566,53.649289,477,53.415454,1,0.200000
74,4,1.869159,569,53.933649,479,53.639418,1,0.200000
4,5,2.336449,586,55.545024,481,53.863382,1,0.200000
168,6,2.803738,586,55.545024,481,53.863382,1,0.200000
155,7,3.271028,586,55.545024,481,53.863382,1,0.200000
206,8,3.738318,586,55.545024,481,53.863382,1,0.200000
46,9,4.205607,614,58.199052,509,56.998880,1,0.200000
99,10,4.672897,614,58.199052,509,56.998880,1,0.200000
25,11,5.140187,614,58.199052,509,56.998880,1,0.200000
10,12,5.607477,614,58.199052,509,56.998880,2,0.400000
79,13,6.074766,614,58.199052,509,56.998880,2,0.400000
180,14,6.542056,614,58.199052,509,56.998880,2,0.400000
52,15,7.009346,614,58.199052,511,57.222844,2,0.400000
71,16,7.476636,614,58.199052,511,57.222844,2,0.400000
78,17,7.943925,614,58.199052,511,57.222844,2,0.400000
213,18,8.411215,615,58.293839,511,57.222844,2,0.400000
47,19,8.878505,615,58.293839,511,57.222844,2,0.400000
175,20,9.345794,615,58.293839,511,57.222844,2,0.400000
165,21,9.813084,615,58.293839,511,57.222844,2,0.400000
