TestcaseNumber,TestcaseCount,TestcaseRatio,StatementCount,StatementRatio,BranchCount,BranchRatio,FaultCount,FaultRatio
137,1,0.467290,530,50.236967,441,49.384099,0,0.000000
116,2,0.934579,566,53.649289,475,53.191489,1,0.200000
90,3,1.401869,567,53.744076,477,53.415454,1,0.200000
122,4,1.869159,567,53.744076,477,53.415454,1,0.200000
192,5,2.336449,567,53.744076,477,53.415454,1,0.200000
45,6,2.803738,567,53.744076,477,53.415454,1,0.200000
47,7,3.271028,567,53.744076,477,53.415454,2,0.400000
57,8,3.738318,567,53.744076,477,53.415454,2,0.400000
80,9,4.205607,567,53.744076,477,53.415454,2,0.400000
208,10,4.672897,567,53.744076,477,53.415454,2,0.400000
95,11,5.140187,569,53.933649,479,53.639418,2,0.400000
129,12,5.607477,569,53.933649,479,53.639418,2,0.400000
128,13,6.074766,569,53.933649,479,53.639418,2,0.400000
89,14,6.542056,569,53.933649,479,53.639418,2,0.400000
62,15,7.009346,569,53.933649,479,53.639418,2,0.400000
148,16,7.476636,569,53.933649,479,53.639418,2,0.400000
26,17,7.943925,595,56.398104,493,55.207167,2,0.400000
105,18,8.411215,595,56.398104,493,55.207167,2,0.400000
136,19,8.878505,595,56.398104,493,55.207167,2,0.400000
182,20,9.345794,595,56.398104,493,55.207167,2,0.400000
