TestcaseNumber,TestcaseCount,TestcaseRatio,StatementCount,StatementRatio,BranchCount,BranchRatio,FaultCount,FaultRatio
8,1,0.467290,0,0.000000,0,0.000000,1,0.200000
111,2,0.934579,500,47.393365,413,46.248600,2,0.400000
191,3,1.401869,501,47.488152,419,46.920493,2,0.400000
193,4,1.869159,502,47.582938,419,46.920493,2,0.400000
90,5,2.336449,507,48.056872,425,47.592385,2,0.400000
133,6,2.803738,507,48.056872,425,47.592385,2,0.400000
211,7,3.271028,507,48.056872,425,47.592385,2,0.400000
58,8,3.738318,537,50.900474,445,49.832027,2,0.400000
88,9,4.205607,537,50.900474,445,49.832027,2,0.400000
157,10,4.672897,537,50.900474,445,49.832027,2,0.400000
53,11,5.140187,537,50.900474,445,49.832027,2,0.400000
159,12,5.607477,537,50.900474,445,49.832027,2,0.400000
16,13,6.074766,620,58.767773,513,57.446809,3,0.600000
129,14,6.542056,620,58.767773,513,57.446809,3,0.600000
158,15,7.009346,620,58.767773,513,57.446809,3,0.600000
76,16,7.476636,652,61.800948,547,61.254199,3,0.600000
