TestcaseNumber,TestcaseCount,TestcaseRatio,StatementCount,StatementRatio,BranchCount,BranchRatio,FaultCount,FaultRatio
195,1,0.467290,525,49.763033,443,49.608063,1,0.200000
180,2,0.934579,563,53.364929,477,53.415454,1,0.200000
70,3,1.401869,568,53.838863,479,53.639418,1,0.200000
173,4,1.869159,569,53.933649,479,53.639418,1,0.200000
102,5,2.336449,569,53.933649,479,53.639418,1,0.200000
110,6,2.803738,569,53.933649,479,53.639418,1,0.200000
186,7,3.271028,570,54.028436,479,53.639418,1,0.200000
54,8,3.738318,596,56.492891,493,55.207167,1,0.200000
72,9,4.205607,596,56.492891,493,55.207167,1,0.200000
198,10,4.672897,596,56.492891,493,55.207167,1,0.200000
113,11,5.140187,596,56.492891,493,55.207167,1,0.200000
89,12,5.607477,596,56.492891,493,55.207167,1,0.200000
174,13,6.074766,596,56.492891,493,55.207167,1,0.200000
206,14,6.542056,596,56.492891,493,55.207167,1,0.200000
202,15,7.009346,596,56.492891,493,55.207167,1,0.200000
208,16,7.476636,596,56.492891,493,55.207167,1,0.200000
201,17,7.943925,596,56.492891,493,55.207167,1,0.200000
