TestcaseNumber,TestcaseCount,TestcaseRatio,StatementCount,StatementRatio,BranchCount,BranchRatio,FaultCount,FaultRatio
9,1,0.467290,95,9.004739,105,11.758119,0,0.000000
204,2,0.934579,573,54.312796,475,53.191489,1,0.200000
99,3,1.401869,580,54.976303,475,53.191489,1,0.200000
33,4,1.869159,582,55.165877,475,53.191489,1,0.200000
55,5,2.336449,617,58.483412,511,57.222844,1,0.200000
118,6,2.803738,617,58.483412,511,57.222844,1,0.200000
154,7,3.271028,618,58.578199,513,57.446809,1,0.200000
191,8,3.738318,618,58.578199,513,57.446809,1,0.200000
24,9,4.205607,618,58.578199,513,57.446809,1,0.200000
75,10,4.672897,618,58.578199,513,57.446809,1,0.200000
148,11,5.140187,618,58.578199,513,57.446809,1,0.200000
92,12,5.607477,618,58.578199,513,57.446809,1,0.200000
96,13,6.074766,619,58.672986,513,57.446809,1,0.200000
155,14,6.542056,619,58.672986,513,57.446809,1,0.200000
