TestcaseNumber,TestcaseCount,TestcaseRatio,StatementCount,StatementRatio,BranchCount,BranchRatio,FaultCount,FaultRatio
187,1,0.467290,498,47.203791,421,47.144457,0,0.000000
157,2,0.934579,530,50.236967,441,49.384099,0,0.000000
1,3,1.401869,541,51.279621,443,49.608063,0,0.000000
96,4,1.869159,577,54.691943,477,53.415454,1,0.200000
77,5,2.336449,577,54.691943,477,53.415454,1,0.200000
195,6,2.803738,579,54.881517,479,53.639418,1,0.200000
182,7,3.271028,579,54.881517,479,53.639418,1,0.200000
5,8,3.738318,596,56.492891,481,53.863382,1,0.200000
181,9,4.205607,596,56.492891,481,53.863382,1,0.200000
128,10,4.672897,596,56.492891,481,53.863382,1,0.200000
101,11,5.140187,596,56.492891,481,53.863382,1,0.200000
115,12,5.607477,596,56.492891,481,53.863382,1,0.200000
189,13,6.074766,596,56.492891,481,53.863382,1,0.200000
151,14,6.542056,597,56.587678,483,54.087346,1,0.200000
91,15,7.009346,597,56.587678,483,54.087346,1,0.200000
17,16,7.476636,680,64.454976,551,61.702128,2,0.400000
137,17,7.943925,680,64.454976,551,61.702128,2,0.400000
102,18,8.411215,680,64.454976,551,61.702128,2,0.400000
169,19,8.878505,680,64.454976,551,61.702128,2,0.400000
