TestcaseNumber,TestcaseCount,TestcaseRatio,StatementCount,StatementRatio,BranchCount,BranchRatio,FaultCount,FaultRatio
16,1,0.467290,132,12.511848,139,15.565510,1,0.200000
171,2,0.934579,585,55.450237,489,54.759239,2,0.400000
53,3,1.401869,585,55.450237,489,54.759239,3,0.600000
200,4,1.869159,617,58.483412,513,57.446809,3,0.600000
177,5,2.336449,617,58.483412,513,57.446809,3,0.600000
212,6,2.803738,617,58.483412,513,57.446809,3,0.600000
71,7,3.271028,619,58.672986,513,57.446809,3,0.600000
112,8,3.738318,619,58.672986,513,57.446809,3,0.600000
100,9,4.205607,619,58.672986,513,57.446809,3,0.600000
214,10,4.672897,619,58.672986,513,57.446809,3,0.600000
135,11,5.140187,651,61.706161,547,61.254199,3,0.600000
29,12,5.607477,654,61.990521,549,61.478163,3,0.600000
130,13,6.074766,654,61.990521,549,61.478163,3,0.600000
161,14,6.542056,654,61.990521,549,61.478163,3,0.600000
146,15,7.009346,655,62.085308,549,61.478163,3,0.600000
89,16,7.476636,655,62.085308,549,61.478163,3,0.600000
