TestcaseNumber,TestcaseCount,TestcaseRatio,StatementCount,StatementRatio,BranchCount,BranchRatio,FaultCount,FaultRatio
103,1,0.467290,527,49.952607,433,48.488242,1,0.200000
206,2,0.934579,562,53.270142,477,53.415454,1,0.200000
50,3,1.401869,622,58.957346,541,60.582307,1,0.200000
9,4,1.869159,668,63.317536,575,64.389698,1,0.200000
203,5,2.336449,668,63.317536,575,64.389698,1,0.200000
178,6,2.803738,672,63.696682,575,64.389698,1,0.200000
162,7,3.271028,674,63.886256,575,64.389698,1,0.200000
119,8,3.738318,674,63.886256,575,64.389698,1,0.200000
72,9,4.205607,675,63.981043,577,64.613662,1,0.200000
86,10,4.672897,675,63.981043,577,64.613662,1,0.200000
160,11,5.140187,675,63.981043,577,64.613662,1,0.200000
55,12,5.607477,676,64.075829,577,64.613662,1,0.200000
121,13,6.074766,676,64.075829,577,64.613662,1,0.200000
166,14,6.542056,676,64.075829,577,64.613662,1,0.200000
114,15,7.009346,676,64.075829,577,64.613662,1,0.200000
134,16,7.476636,676,64.075829,577,64.613662,1,0.200000
78,17,7.943925,676,64.075829,577,64.613662,1,0.200000
184,18,8.411215,676,64.075829,577,64.613662,1,0.200000
137,19,8.878505,676,64.075829,577,64.613662,1,0.200000
