TestcaseNumber,TestcaseCount,TestcaseRatio,StatementCount,StatementRatio,BranchCount,BranchRatio,FaultCount,FaultRatio
18,1,0.467290,132,12.511848,139,15.565510,1,0.200000
15,2,0.934579,583,55.260664,491,54.983203,2,0.400000
118,3,1.401869,618,58.578199,511,57.222844,2,0.400000
6,4,1.869159,646,61.232227,551,61.702128,2,0.400000
98,5,2.336449,646,61.232227,551,61.702128,2,0.400000
53,6,2.803738,646,61.232227,551,61.702128,3,0.600000
113,7,3.271028,648,61.421801,553,61.926092,3,0.600000
105,8,3.738318,680,64.454976,587,65.733483,3,0.600000
29,9,4.205607,683,64.739336,589,65.957447,3,0.600000
73,10,4.672897,683,64.739336,589,65.957447,3,0.600000
39,11,5.140187,695,65.876777,603,67.525196,3,0.600000
110,12,5.607477,695,65.876777,603,67.525196,3,0.600000
50,13,6.074766,755,71.563981,667,74.692049,3,0.600000
194,14,6.542056,755,71.563981,667,74.692049,3,0.600000
137,15,7.009346,755,71.563981,667,74.692049,3,0.600000
107,16,7.476636,755,71.563981,667,74.692049,3,0.600000
130,17,7.943925,755,71.563981,667,74.692049,3,0.600000
77,18,8.411215,755,71.563981,667,74.692049,3,0.600000
