TestcaseNumber,TestcaseCount,TestcaseRatio,StatementCount,StatementRatio,BranchCount,BranchRatio,FaultCount,FaultRatio
204,1,0.467290,525,49.763033,441,49.384099,1,0.200000
74,2,0.934579,532,50.426540,443,49.608063,1,0.200000
147,3,1.401869,535,50.710900,443,49.608063,1,0.200000
98,4,1.869159,535,50.710900,443,49.608063,1,0.200000
63,5,2.336449,537,50.900474,445,49.832027,1,0.200000
5,6,2.803738,554,52.511848,447,50.055991,1,0.200000
27,7,3.271028,580,54.976303,461,51.623740,1,0.200000
28,8,3.738318,580,54.976303,461,51.623740,1,0.200000
21,9,4.205607,580,54.976303,461,51.623740,2,0.400000
187,10,4.672897,580,54.976303,461,51.623740,2,0.400000
110,11,5.140187,580,54.976303,461,51.623740,2,0.400000
14,12,5.607477,580,54.976303,461,51.623740,2,0.400000
153,13,6.074766,580,54.976303,461,51.623740,2,0.400000
191,14,6.542056,580,54.976303,461,51.623740,2,0.400000
114,15,7.009346,580,54.976303,461,51.623740,2,0.400000
51,16,7.476636,580,54.976303,461,51.623740,2,0.400000
170,17,7.943925,580,54.976303,461,51.623740,2,0.400000
81,18,8.411215,580,54.976303,461,51.623740,2,0.400000
94,19,8.878505,580,54.976303,461,51.623740,2,0.400000
69,20,9.345794,580,54.976303,461,51.623740,2,0.400000
163,21,9.813084,580,54.976303,461,51.623740,2,0.400000
