TestcaseNumber,TestcaseCount,TestcaseRatio,StatementCount,StatementRatio,BranchCount,BranchRatio,FaultCount,FaultRatio
204,1,0.467290,525,49.763033,441,49.384099,1,0.200000
213,2,0.934579,530,50.236967,443,49.608063,1,0.200000
125,3,1.401869,564,53.459716,477,53.415454,1,0.200000
92,4,1.869159,567,53.744076,479,53.639418,1,0.200000
73,5,2.336449,569,53.933649,479,53.639418,1,0.200000
23,6,2.803738,569,53.933649,479,53.639418,1,0.200000
172,7,3.271028,569,53.933649,479,53.639418,1,0.200000
116,8,3.738318,570,54.028436,479,53.639418,1,0.200000
194,9,4.205607,570,54.028436,479,53.639418,1,0.200000
112,10,4.672897,570,54.028436,479,53.639418,1,0.200000
122,11,5.140187,570,54.028436,479,53.639418,1,0.200000
187,12,5.607477,570,54.028436,479,53.639418,1,0.200000
65,13,6.074766,570,54.028436,479,53.639418,1,0.200000
156,14,6.542056,570,54.028436,479,53.639418,1,0.200000
34,15,7.009346,570,54.028436,479,53.639418,1,0.200000
196,16,7.476636,570,54.028436,479,53.639418,1,0.200000
161,17,7.943925,570,54.028436,479,53.639418,1,0.200000
56,18,8.411215,570,54.028436,479,53.639418,1,0.200000
7,19,8.878505,572,54.218009,479,53.639418,1,0.200000
91,20,9.345794,572,54.218009,479,53.639418,1,0.200000
43,21,9.813084,665,63.033175,561,62.821948,1,0.200000
3,22,10.280374,672,63.696682,563,63.045913,1,0.200000
