TestcaseNumber,TestcaseCount,TestcaseRatio,StatementCount,StatementRatio,BranchCount,BranchRatio,FaultCount,FaultRatio
16,1,0.467290,132,12.511848,139,15.565510,1,0.200000
3,2,0.934579,139,13.175355,141,15.789474,1,0.200000
38,3,1.401869,139,13.175355,141,15.789474,3,0.600000
76,4,1.869159,622,58.957346,511,57.222844,4,0.800000
1,5,2.336449,633,60.000000,513,57.446809,4,0.800000
63,6,2.803738,664,62.938389,543,60.806271,4,0.800000
80,7,3.271028,668,63.317536,543,60.806271,4,0.800000
73,8,3.738318,669,63.412322,545,61.030235,4,0.800000
45,9,4.205607,670,63.507109,551,61.702128,4,0.800000
122,10,4.672897,670,63.507109,551,61.702128,4,0.800000
95,11,5.140187,671,63.601896,551,61.702128,4,0.800000
188,12,5.607477,671,63.601896,551,61.702128,4,0.800000
172,13,6.074766,671,63.601896,551,61.702128,4,0.800000
13,14,6.542056,671,63.601896,551,61.702128,4,0.800000
61,15,7.009346,671,63.601896,551,61.702128,4,0.800000
78,16,7.476636,671,63.601896,551,61.702128,4,0.800000
143,17,7.943925,671,63.601896,551,61.702128,4,0.800000
85,18,8.411215,671,63.601896,551,61.702128,4,0.800000
206,19,8.878505,671,63.601896,551,61.702128,4,0.800000
83,20,9.345794,671,63.601896,551,61.702128,4,0.800000
129,21,9.813084,671,63.601896,551,61.702128,4,0.800000
110,22,10.280374,671,63.601896,551,61.702128,4,0.800000
