TestcaseNumber,TestcaseCount,TestcaseRatio,StatementCount,StatementRatio,BranchCount,BranchRatio,FaultCount,FaultRatio
125,1,0.467290,496,47.014218,417,46.696529,1,0.200000
132,2,0.934579,532,50.426540,451,50.503919,1,0.200000
87,3,1.401869,535,50.710900,453,50.727884,1,0.200000
137,4,1.869159,568,53.838863,479,53.639418,1,0.200000
197,5,2.336449,568,53.838863,479,53.639418,1,0.200000
4,6,2.803738,585,55.450237,481,53.863382,1,0.200000
133,7,3.271028,586,55.545024,481,53.863382,1,0.200000
63,8,3.738318,586,55.545024,481,53.863382,1,0.200000
148,9,4.205607,586,55.545024,481,53.863382,1,0.200000
167,10,4.672897,586,55.545024,481,53.863382,1,0.200000
122,11,5.140187,586,55.545024,481,53.863382,1,0.200000
103,12,5.607477,586,55.545024,481,53.863382,1,0.200000
48,13,6.074766,589,55.829384,481,53.863382,1,0.200000
34,14,6.542056,589,55.829384,481,53.863382,1,0.200000
