TestcaseNumber,TestcaseCount,TestcaseRatio,StatementCount,StatementRatio,BranchCount,BranchRatio,FaultCount,FaultRatio
189,1,0.467290,500,47.393365,421,47.144457,1,0.200000
203,2,0.934579,532,50.426540,443,49.608063,1,0.200000
85,3,1.401869,569,53.933649,479,53.639418,1,0.200000
141,4,1.869159,569,53.933649,479,53.639418,1,0.200000
98,5,2.336449,569,53.933649,479,53.639418,1,0.200000
152,6,2.803738,569,53.933649,479,53.639418,1,0.200000
161,7,3.271028,569,53.933649,479,53.639418,1,0.200000
17,8,3.738318,652,61.800948,547,61.254199,2,0.400000
176,9,4.205607,653,61.895735,547,61.254199,2,0.400000
206,10,4.672897,653,61.895735,547,61.254199,2,0.400000
149,11,5.140187,653,61.895735,547,61.254199,2,0.400000
90,12,5.607477,653,61.895735,547,61.254199,2,0.400000
163,13,6.074766,653,61.895735,547,61.254199,2,0.400000
24,14,6.542056,656,62.180095,549,61.478163,2,0.400000
110,15,7.009346,656,62.180095,549,61.478163,2,0.400000
124,16,7.476636,656,62.180095,549,61.478163,2,0.400000
16,17,7.943925,656,62.180095,549,61.478163,2,0.400000
47,18,8.411215,656,62.180095,549,61.478163,3,0.600000
116,19,8.878505,656,62.180095,549,61.478163,3,0.600000
200,20,9.345794,656,62.180095,549,61.478163,3,0.600000
118,21,9.813084,656,62.180095,549,61.478163,3,0.600000
