TestcaseNumber,TestcaseCount,TestcaseRatio,StatementCount,StatementRatio,BranchCount,BranchRatio,FaultCount,FaultRatio
42,1,0.467290,0,0.000000,0,0.000000,1,0.200000
153,2,0.934579,499,47.298578,421,47.144457,2,0.400000
205,3,1.401869,531,50.331754,455,50.951848,2,0.400000
68,4,1.869159,539,51.090047,459,51.399776,2,0.400000
162,5,2.336449,569,53.933649,479,53.639418,2,0.400000
93,6,2.803738,569,53.933649,479,53.639418,2,0.400000
48,7,3.271028,572,54.218009,479,53.639418,2,0.400000
167,8,3.738318,572,54.218009,479,53.639418,2,0.400000
197,9,4.205607,572,54.218009,479,53.639418,2,0.400000
11,10,4.672897,572,54.218009,479,53.639418,2,0.400000
136,11,5.140187,573,54.312796,479,53.639418,2,0.400000
158,12,5.607477,573,54.312796,479,53.639418,2,0.400000
3,13,6.074766,580,54.976303,481,53.863382,2,0.400000
18,14,6.542056,663,62.843602,549,61.478163,3,0.600000
188,15,7.009346,663,62.843602,549,61.478163,3,0.600000
189,16,7.476636,663,62.843602,549,61.478163,3,0.600000
208,17,7.943925,663,62.843602,549,61.478163,3,0.600000
202,18,8.411215,663,62.843602,549,61.478163,3,0.600000
120,19,8.878505,663,62.843602,549,61.478163,3,0.600000
