TestcaseNumber,TestcaseCount,TestcaseRatio,StatementCount,StatementRatio,BranchCount,BranchRatio,FaultCount,FaultRatio
6,1,0.467290,524,49.668246,449,50.279955,1,0.200000
31,2,0.934579,537,50.900474,451,50.503919,1,0.200000
83,3,1.401869,593,56.208531,499,55.879059,1,0.200000
104,4,1.869159,595,56.398104,499,55.879059,1,0.200000
29,5,2.336449,595,56.398104,499,55.879059,1,0.200000
176,6,2.803738,628,59.526066,539,60.358343,1,0.200000
205,7,3.271028,629,59.620853,539,60.358343,1,0.200000
105,8,3.738318,629,59.620853,539,60.358343,1,0.200000
24,9,4.205607,629,59.620853,539,60.358343,1,0.200000
20,10,4.672897,629,59.620853,539,60.358343,2,0.400000
65,11,5.140187,630,59.715640,541,60.582307,2,0.400000
93,12,5.607477,630,59.715640,541,60.582307,2,0.400000
71,13,6.074766,630,59.715640,541,60.582307,2,0.400000
179,14,6.542056,630,59.715640,541,60.582307,2,0.400000
26,15,7.009346,630,59.715640,541,60.582307,2,0.400000
98,16,7.476636,630,59.715640,541,60.582307,2,0.400000
146,17,7.943925,630,59.715640,541,60.582307,2,0.400000
70,18,8.411215,630,59.715640,541,60.582307,2,0.400000
44,19,8.878505,630,59.715640,541,60.582307,2,0.400000
177,20,9.345794,630,59.715640,541,60.582307,2,0.400000
202,21,9.813084,630,59.715640,541,60.582307,2,0.400000
209,22,10.280374,630,59.715640,541,60.582307,2,0.400000
84,23,10.747664,630,59.715640,541,60.582307,2,0.400000
