TestcaseNumber,TestcaseCount,TestcaseRatio,StatementCount,StatementRatio,BranchCount,BranchRatio,FaultCount,FaultRatio
10,1,0.467290,0,0.000000,0,0.000000,1,0.200000
72,2,0.934579,504,47.772512,417,46.696529,2,0.400000
60,3,1.401869,534,50.616114,437,48.936170,2,0.400000
22,4,1.869159,560,53.080569,451,50.503919,2,0.400000
7,5,2.336449,563,53.364929,457,51.175812,2,0.400000
210,6,2.803738,563,53.364929,457,51.175812,2,0.400000
65,7,3.271028,596,56.492891,493,55.207167,2,0.400000
57,8,3.738318,596,56.492891,493,55.207167,2,0.400000
123,9,4.205607,597,56.587678,493,55.207167,2,0.400000
21,10,4.672897,597,56.587678,493,55.207167,2,0.400000
100,11,5.140187,597,56.587678,493,55.207167,2,0.400000
183,12,5.607477,597,56.587678,493,55.207167,2,0.400000
136,13,6.074766,598,56.682464,493,55.207167,2,0.400000
76,14,6.542056,598,56.682464,493,55.207167,2,0.400000
