TestcaseNumber,TestcaseCount,TestcaseRatio,StatementCount,StatementRatio,BranchCount,BranchRatio,FaultCount,FaultRatio
47,1,0.467290,0,0.000000,0,0.000000,1,0.200000
107,2,0.934579,499,47.298578,415,46.472564,1,0.200000
120,3,1.401869,531,50.331754,435,48.712206,2,0.400000
163,4,1.869159,536,50.805687,443,49.608063,2,0.400000
92,5,2.336449,537,50.900474,445,49.832027,2,0.400000
50,6,2.803738,597,56.587678,509,56.998880,2,0.400000
211,7,3.271028,597,56.587678,509,56.998880,2,0.400000
20,8,3.738318,597,56.587678,509,56.998880,2,0.400000
93,9,4.205607,597,56.587678,509,56.998880,2,0.400000
10,10,4.672897,597,56.587678,509,56.998880,2,0.400000
158,11,5.140187,597,56.587678,509,56.998880,2,0.400000
29,12,5.607477,623,59.052133,523,58.566629,2,0.400000
23,13,6.074766,623,59.052133,523,58.566629,2,0.400000
102,14,6.542056,623,59.052133,523,58.566629,2,0.400000
