TestcaseNumber,TestcaseCount,TestcaseRatio,StatementCount,StatementRatio,BranchCount,BranchRatio,FaultCount,FaultRatio
53,1,0.467290,0,0.000000,0,0.000000,1,0.200000
98,2,0.934579,531,50.331754,435,48.712206,2,0.400000
142,3,1.401869,534,50.616114,441,49.384099,2,0.400000
97,4,1.869159,534,50.616114,441,49.384099,2,0.400000
61,5,2.336449,535,50.710900,443,49.608063,2,0.400000
115,6,2.803738,567,53.744076,477,53.415454,2,0.400000
209,7,3.271028,567,53.744076,477,53.415454,2,0.400000
90,8,3.738318,568,53.838863,479,53.639418,2,0.400000
89,9,4.205607,568,53.838863,479,53.639418,2,0.400000
135,10,4.672897,568,53.838863,479,53.639418,2,0.400000
87,11,5.140187,568,53.838863,479,53.639418,2,0.400000
49,12,5.607477,698,66.161137,603,67.525196,2,0.400000
67,13,6.074766,698,66.161137,603,67.525196,2,0.400000
156,14,6.542056,699,66.255924,603,67.525196,2,0.400000
65,15,7.009346,699,66.255924,603,67.525196,2,0.400000
