TestcaseNumber,TestcaseCount,TestcaseRatio,StatementCount,StatementRatio,BranchCount,BranchRatio,FaultCount,FaultRatio
92,1,0.467290,502,47.582938,417,46.696529,1,0.200000
178,2,0.934579,535,50.710900,443,49.608063,1,0.200000
209,3,1.401869,535,50.710900,443,49.608063,1,0.200000
97,4,1.869159,535,50.710900,443,49.608063,1,0.200000
58,5,2.336449,535,50.710900,443,49.608063,1,0.200000
184,6,2.803738,535,50.710900,443,49.608063,1,0.200000
118,7,3.271028,535,50.710900,443,49.608063,1,0.200000
110,8,3.738318,535,50.710900,443,49.608063,1,0.200000
10,9,4.205607,535,50.710900,443,49.608063,2,0.400000
167,10,4.672897,535,50.710900,443,49.608063,2,0.400000
126,11,5.140187,567,53.744076,477,53.415454,2,0.400000
94,12,5.607477,567,53.744076,477,53.415454,2,0.400000
27,13,6.074766,593,56.208531,491,54.983203,2,0.400000
156,14,6.542056,593,56.208531,491,54.983203,2,0.400000
84,15,7.009346,593,56.208531,491,54.983203,2,0.400000
162,16,7.476636,593,56.208531,491,54.983203,2,0.400000
200,17,7.943925,593,56.208531,491,54.983203,2,0.400000
82,18,8.411215,593,56.208531,491,54.983203,2,0.400000
182,19,8.878505,593,56.208531,491,54.983203,2,0.400000
