TestcaseNumber,TestcaseCount,TestcaseRatio,StatementCount,StatementRatio,BranchCount,BranchRatio,FaultCount,FaultRatio
30,1,0.467290,76,7.203791,85,9.518477,0,0.000000
75,2,0.934579,554,52.511848,451,50.503919,1,0.200000
15,3,1.401869,592,56.113744,493,55.207167,1,0.200000
173,4,1.869159,593,56.208531,493,55.207167,1,0.200000
135,5,2.336449,595,56.398104,493,55.207167,1,0.200000
142,6,2.803738,595,56.398104,493,55.207167,1,0.200000
214,7,3.271028,595,56.398104,493,55.207167,1,0.200000
159,8,3.738318,595,56.398104,493,55.207167,1,0.200000
185,9,4.205607,595,56.398104,493,55.207167,1,0.200000
90,10,4.672897,595,56.398104,493,55.207167,1,0.200000
79,11,5.140187,595,56.398104,493,55.207167,1,0.200000
162,12,5.607477,595,56.398104,493,55.207167,1,0.200000
43,13,6.074766,688,65.213270,575,64.389698,1,0.200000
121,14,6.542056,688,65.213270,575,64.389698,1,0.200000
14,15,7.009346,688,65.213270,575,64.389698,1,0.200000
158,16,7.476636,688,65.213270,575,64.389698,1,0.200000
148,17,7.943925,688,65.213270,575,64.389698,1,0.200000
115,18,8.411215,688,65.213270,575,64.389698,1,0.200000
