TestcaseNumber,TestcaseCount,TestcaseRatio,StatementCount,StatementRatio,BranchCount,BranchRatio,FaultCount,FaultRatio
169,1,0.467290,501,47.488152,423,47.368421,1,0.200000
211,2,0.934579,502,47.582938,425,47.592385,1,0.200000
37,3,1.401869,518,49.099526,445,49.832027,1,0.200000
183,4,1.869159,551,52.227488,465,52.071669,1,0.200000
30,5,2.336449,577,54.691943,479,53.639418,1,0.200000
187,6,2.803738,577,54.691943,479,53.639418,1,0.200000
71,7,3.271028,579,54.881517,479,53.639418,1,0.200000
130,8,3.738318,579,54.881517,479,53.639418,1,0.200000
196,9,4.205607,611,57.914692,513,57.446809,1,0.200000
143,10,4.672897,611,57.914692,513,57.446809,1,0.200000
15,11,5.140187,611,57.914692,513,57.446809,1,0.200000
168,12,5.607477,611,57.914692,513,57.446809,1,0.200000
16,13,6.074766,671,63.601896,569,63.717805,2,0.400000
204,14,6.542056,671,63.601896,569,63.717805,2,0.400000
166,15,7.009346,671,63.601896,569,63.717805,2,0.400000
175,16,7.476636,672,63.696682,569,63.717805,2,0.400000
18,17,7.943925,672,63.696682,569,63.717805,2,0.400000
20,18,8.411215,672,63.696682,569,63.717805,3,0.600000
