TestcaseNumber,TestcaseCount,TestcaseRatio,StatementCount,StatementRatio,BranchCount,BranchRatio,FaultCount,FaultRatio
23,1,0.467290,525,49.763033,441,49.384099,1,0.200000
131,2,0.934579,531,50.331754,443,49.608063,1,0.200000
125,3,1.401869,563,53.364929,477,53.415454,1,0.200000
117,4,1.869159,563,53.364929,477,53.415454,1,0.200000
108,5,2.336449,565,53.554502,477,53.415454,1,0.200000
111,6,2.803738,565,53.554502,477,53.415454,1,0.200000
87,7,3.271028,568,53.838863,479,53.639418,1,0.200000
191,8,3.738318,568,53.838863,479,53.639418,1,0.200000
33,9,4.205607,594,56.303318,493,55.207167,1,0.200000
169,10,4.672897,594,56.303318,493,55.207167,1,0.200000
177,11,5.140187,594,56.303318,493,55.207167,1,0.200000
180,12,5.607477,594,56.303318,493,55.207167,1,0.200000
58,13,6.074766,594,56.303318,493,55.207167,1,0.200000
95,14,6.542056,594,56.303318,493,55.207167,1,0.200000
158,15,7.009346,594,56.303318,493,55.207167,1,0.200000
81,16,7.476636,594,56.303318,493,55.207167,1,0.200000
114,17,7.943925,594,56.303318,493,55.207167,1,0.200000
126,18,8.411215,595,56.398104,493,55.207167,1,0.200000
80,19,8.878505,595,56.398104,493,55.207167,1,0.200000
35,20,9.345794,605,57.345972,497,55.655095,2,0.400000
135,21,9.813084,605,57.345972,497,55.655095,2,0.400000
99,22,10.280374,605,57.345972,497,55.655095,2,0.400000
41,23,10.747664,717,67.962085,583,65.285554,2,0.400000
