TestcaseNumber,TestcaseCount,TestcaseRatio,StatementCount,StatementRatio,BranchCount,BranchRatio,FaultCount,FaultRatio
45,1,0.467290,494,46.824645,400,44.792833,1,0.200000
107,2,0.934579,502,47.582938,421,47.144457,1,0.200000
11,3,1.401869,502,47.582938,421,47.144457,2,0.400000
96,4,1.869159,564,53.459716,475,53.191489,2,0.400000
135,5,2.336449,568,53.838863,477,53.415454,2,0.400000
86,6,2.803738,569,53.933649,479,53.639418,2,0.400000
15,7,3.271028,569,53.933649,479,53.639418,2,0.400000
133,8,3.738318,570,54.028436,479,53.639418,2,0.400000
212,9,4.205607,570,54.028436,479,53.639418,2,0.400000
43,10,4.672897,663,62.843602,561,62.821948,2,0.400000
119,11,5.140187,663,62.843602,561,62.821948,2,0.400000
37,12,5.607477,679,64.360190,581,65.061590,2,0.400000
16,13,6.074766,762,72.227488,649,72.676372,3,0.600000
180,14,6.542056,762,72.227488,649,72.676372,3,0.600000
71,15,7.009346,762,72.227488,649,72.676372,3,0.600000
205,16,7.476636,762,72.227488,649,72.676372,3,0.600000
118,17,7.943925,762,72.227488,649,72.676372,3,0.600000
