TestcaseNumber,TestcaseCount,TestcaseRatio,StatementCount,StatementRatio,BranchCount,BranchRatio,FaultCount,FaultRatio
205,1,0.467290,495,46.919431,423,47.368421,1,0.200000
191,2,0.934579,531,50.331754,453,50.727884,1,0.200000
121,3,1.401869,563,53.364929,473,52.967525,1,0.200000
58,4,1.869159,567,53.744076,477,53.415454,1,0.200000
194,5,2.336449,567,53.744076,477,53.415454,1,0.200000
133,6,2.803738,568,53.838863,477,53.415454,1,0.200000
119,7,3.271028,568,53.838863,477,53.415454,1,0.200000
60,8,3.738318,568,53.838863,477,53.415454,1,0.200000
4,9,4.205607,585,55.450237,479,53.639418,1,0.200000
42,10,4.672897,585,55.450237,479,53.639418,2,0.400000
111,11,5.140187,585,55.450237,479,53.639418,2,0.400000
201,12,5.607477,585,55.450237,479,53.639418,2,0.400000
178,13,6.074766,585,55.450237,479,53.639418,2,0.400000
127,14,6.542056,585,55.450237,479,53.639418,2,0.400000
61,15,7.009346,585,55.450237,479,53.639418,2,0.400000
35,16,7.476636,595,56.398104,483,54.087346,3,0.600000
206,17,7.943925,596,56.492891,483,54.087346,3,0.600000
98,18,8.411215,596,56.492891,483,54.087346,3,0.600000
