TestcaseNumber,TestcaseCount,TestcaseRatio,StatementCount,StatementRatio,BranchCount,BranchRatio,FaultCount,FaultRatio
160,1,0.467290,530,50.236967,441,49.384099,1,0.200000
41,2,0.934579,642,60.853081,527,59.014558,1,0.200000
46,3,1.401869,671,63.601896,557,62.374020,1,0.200000
39,4,1.869159,683,64.739336,571,63.941769,1,0.200000
186,5,2.336449,717,67.962085,605,67.749160,1,0.200000
4,6,2.803738,734,69.573460,607,67.973124,1,0.200000
49,7,3.271028,838,79.431280,711,79.619261,1,0.200000
18,8,3.738318,921,87.298578,779,87.234043,2,0.400000
1,9,4.205607,932,88.341232,781,87.458007,2,0.400000
6,10,4.672897,960,90.995261,821,91.937290,2,0.400000
35,11,5.140187,967,91.658768,823,92.161254,3,0.600000
43,12,5.607477,1024,97.061611,873,97.760358,3,0.600000
9,13,6.074766,1030,97.630332,879,98.432251,3,0.600000
50,14,6.542056,1037,98.293839,887,99.328108,3,0.600000
37,15,7.009346,1041,98.672986,891,99.776036,3,0.600000
165,16,7.476636,1043,98.862559,893,100.000000,3,0.600000
83,17,7.943925,1046,99.146919,893,100.000000,3,0.600000
48,18,8.411215,1049,99.431280,893,100.000000,3,0.600000
51,19,8.878505,1051,99.620853,893,100.000000,3,0.600000
36,20,9.345794,1053,99.810427,893,100.000000,3,0.600000
3,21,9.813084,1055,100.000000,893,100.000000,3,0.600000
