TestcaseNumber,TestcaseCount,TestcaseRatio,StatementCount,StatementRatio,BranchCount,BranchRatio,FaultCount,FaultRatio
226,1,0.270270,613,40.039190,559,43.132716,0,0.000000
130,2,0.540541,873,57.021555,803,61.959877,0,0.000000
366,3,0.810811,1087,70.999347,989,76.311728,0,0.000000
361,4,1.081081,1171,76.485957,1079,83.256173,0,0.000000
30,5,1.351351,1268,82.821685,1168,90.123457,0,0.000000
241,6,1.621622,1303,85.107773,1190,91.820988,0,0.000000
18,7,1.891892,1311,85.630307,1196,92.283951,0,0.000000
26,8,2.162162,1321,86.283475,1208,93.209877,0,0.000000
162,9,2.432432,1346,87.916395,1224,94.444444,0,0.000000
39,10,2.702703,1373,89.679948,1238,95.524691,0,0.000000
21,11,2.972973,1389,90.725016,1240,95.679012,0,0.000000
284,12,3.243243,1399,91.378184,1244,95.987654,0,0.000000
203,13,3.513514,1405,91.770085,1252,96.604938,0,0.000000
228,14,3.783784,1420,92.749837,1262,97.376543,0,0.000000
220,15,4.054054,1430,93.403005,1266,97.685185,0,0.000000
335,16,4.324324,1441,94.121489,1270,97.993827,0,0.000000
4,17,4.594595,1452,94.839974,1274,98.302469,0,0.000000
32,18,4.864865,1454,94.970607,1276,98.456790,0,0.000000
325,19,5.135135,1454,94.970607,1278,98.611111,0,0.000000
297,20,5.405405,1454,94.970607,1282,98.919753,0,0.000000
35,21,5.675676,1458,95.231875,1286,99.228395,0,0.000000
337,22,5.945946,1461,95.427825,1288,99.382716,0,0.000000
167,23,6.216216,1462,95.493142,1290,99.537037,0,0.000000
44,24,6.486486,1463,95.558459,1292,99.691358,0,0.000000
210,25,6.756757,1469,95.950359,1294,99.845679,0,0.000000
159,26,7.027027,1473,96.211626,1296,100.000000,0,0.000000
