TestcaseNumber,TestcaseCount,TestcaseRatio,StatementCount,StatementRatio,BranchCount,BranchRatio,FaultCount,FaultRatio
97,1,0.270270,636,41.541476,559,43.132716,0,0.000000
330,2,0.540541,844,55.127368,736,56.790123,0,0.000000
366,3,0.810811,1074,70.150229,943,72.762346,0,0.000000
289,4,1.081081,1123,73.350751,975,75.231481,0,0.000000
30,5,1.351351,1249,81.580666,1102,85.030864,0,0.000000
136,6,1.621622,1264,82.560418,1112,85.802469,0,0.000000
361,7,1.891892,1344,87.785761,1196,92.283951,0,0.000000
297,8,2.162162,1368,89.353364,1222,94.290123,0,0.000000
111,9,2.432432,1374,89.745265,1232,95.061728,0,0.000000
316,10,2.702703,1382,90.267799,1238,95.524691,0,0.000000
324,11,2.972973,1382,90.267799,1240,95.679012,0,0.000000
35,12,3.243243,1386,90.529066,1244,95.987654,0,0.000000
251,13,3.513514,1392,90.920967,1252,96.604938,0,0.000000
11,14,3.783784,1403,91.639451,1256,96.913580,0,0.000000
26,15,4.054054,1407,91.900718,1260,97.222222,0,0.000000
32,16,4.324324,1409,92.031352,1262,97.376543,0,0.000000
23,17,4.594595,1428,93.272371,1264,97.530864,0,0.000000
351,18,4.864865,1441,94.121489,1276,98.456790,0,0.000000
200,19,5.135135,1447,94.513390,1278,98.611111,0,0.000000
163,20,5.405405,1452,94.839974,1282,98.919753,0,0.000000
165,21,5.675676,1453,94.905291,1286,99.228395,0,0.000000
346,22,5.945946,1460,95.362508,1290,99.537037,0,0.000000
18,23,6.216216,1460,95.362508,1292,99.691358,0,0.000000
195,24,6.486486,1464,95.623775,1294,99.845679,0,0.000000
302,25,6.756757,1466,95.754409,1296,100.000000,0,0.000000
