TestcaseNumber,TestcaseCount,TestcaseRatio,StatementCount,StatementRatio,BranchCount,BranchRatio,FaultCount,FaultRatio
281,1,0.270270,629,41.084259,547,42.206790,0,0.000000
128,2,0.540541,878,57.348138,799,61.651235,0,0.000000
165,3,0.810811,888,58.001306,813,62.731481,0,0.000000
200,4,1.081081,958,62.573481,903,69.675926,0,0.000000
361,5,1.351351,1042,68.060091,993,76.620370,0,0.000000
30,6,1.621622,1231,80.404964,1150,88.734568,0,0.000000
349,7,1.891892,1287,84.062704,1186,91.512346,0,0.000000
35,8,2.162162,1308,85.434357,1190,91.820988,0,0.000000
366,9,2.432432,1357,88.634879,1222,94.290123,0,0.000000
4,10,2.702703,1368,89.353364,1226,94.598765,0,0.000000
112,11,2.972973,1399,91.378184,1246,96.141975,0,0.000000
235,12,3.243243,1404,91.704768,1250,96.450617,0,0.000000
346,13,3.513514,1411,92.161986,1254,96.759259,0,0.000000
231,14,3.783784,1420,92.749837,1262,97.376543,0,0.000000
71,15,4.054054,1429,93.337688,1264,97.530864,0,0.000000
276,16,4.324324,1435,93.729589,1268,97.839506,0,0.000000
21,17,4.594595,1447,94.513390,1270,97.993827,0,0.000000
18,18,4.864865,1455,95.035924,1276,98.456790,0,0.000000
206,19,5.135135,1459,95.297191,1280,98.765432,0,0.000000
26,20,5.405405,1461,95.427825,1284,99.074074,0,0.000000
171,21,5.675676,1464,95.623775,1288,99.382716,0,0.000000
297,22,5.945946,1464,95.623775,1292,99.691358,0,0.000000
32,23,6.216216,1466,95.754409,1294,99.845679,0,0.000000
306,24,6.486486,1466,95.754409,1296,100.000000,0,0.000000
