TestcaseNumber,TestcaseCount,TestcaseRatio,StatementCount,StatementRatio,BranchCount,BranchRatio,FaultCount,FaultRatio
27,1,0.270270,713,46.570869,609,46.990741,0,0.000000
26,2,0.540541,775,50.620509,710,54.783951,0,0.000000
282,3,0.810811,850,55.519268,752,58.024691,0,0.000000
126,4,1.081081,897,58.589157,801,61.805556,0,0.000000
225,5,1.351351,940,61.397779,829,63.966049,0,0.000000
56,6,1.621622,964,62.965382,851,65.663580,0,0.000000
30,7,1.891892,1117,72.958850,994,76.697531,0,0.000000
366,8,2.162162,1246,81.384716,1120,86.419753,0,0.000000
361,9,2.432432,1326,86.610059,1204,92.901235,0,0.000000
134,10,2.702703,1358,88.700196,1226,94.598765,0,0.000000
351,11,2.972973,1371,89.549314,1238,95.524691,0,0.000000
347,12,3.243243,1397,91.247551,1252,96.604938,0,0.000000
297,13,3.513514,1397,91.247551,1256,96.913580,0,0.000000
109,14,3.783784,1409,92.031352,1262,97.376543,0,0.000000
171,15,4.054054,1416,92.488570,1268,97.839506,0,0.000000
185,16,4.324324,1423,92.945787,1270,97.993827,0,0.000000
18,17,4.594595,1423,92.945787,1272,98.148148,0,0.000000
142,18,4.864865,1429,93.337688,1276,98.456790,0,0.000000
35,19,5.135135,1433,93.598955,1280,98.765432,0,0.000000
32,20,5.405405,1435,93.729589,1282,98.919753,0,0.000000
1,21,5.675676,1449,94.644024,1286,99.228395,0,0.000000
301,22,5.945946,1453,94.905291,1288,99.382716,0,0.000000
23,23,6.216216,1472,96.146310,1290,99.537037,0,0.000000
129,24,6.486486,1472,96.146310,1292,99.691358,0,0.000000
328,25,6.756757,1476,96.407577,1294,99.845679,0,0.000000
307,26,7.027027,1476,96.407577,1296,100.000000,0,0.000000
