TestcaseNumber,TestcaseCount,TestcaseRatio,StatementCount,StatementRatio,BranchCount,BranchRatio,FaultCount,FaultRatio
327,1,0.270270,847,55.323318,771,59.490741,0,0.000000
202,2,0.540541,953,62.246897,897,69.212963,0,0.000000
366,3,0.810811,1123,73.350751,1009,77.854938,0,0.000000
349,4,1.081081,1179,77.008491,1045,80.632716,0,0.000000
351,5,1.351351,1192,77.857609,1057,81.558642,0,0.000000
108,6,1.621622,1199,78.314827,1061,81.867284,0,0.000000
26,7,1.891892,1246,81.384716,1091,84.182099,0,0.000000
361,8,2.162162,1322,86.348792,1175,90.663580,0,0.000000
214,9,2.432432,1324,86.479425,1183,91.280864,0,0.000000
29,10,2.702703,1368,89.353364,1236,95.370370,0,0.000000
317,11,2.972973,1407,91.900718,1262,97.376543,0,0.000000
337,12,3.243243,1417,92.553886,1266,97.685185,0,0.000000
170,13,3.513514,1419,92.684520,1268,97.839506,0,0.000000
18,14,3.783784,1419,92.684520,1270,97.993827,0,0.000000
32,15,4.054054,1421,92.815153,1272,98.148148,0,0.000000
297,16,4.324324,1421,92.815153,1276,98.456790,0,0.000000
343,17,4.594595,1428,93.272371,1278,98.611111,0,0.000000
1,18,4.864865,1442,94.186806,1282,98.919753,0,0.000000
21,19,5.135135,1454,94.970607,1284,99.074074,0,0.000000
325,20,5.405405,1454,94.970607,1286,99.228395,0,0.000000
33,21,5.675676,1457,95.166558,1290,99.537037,0,0.000000
315,22,5.945946,1458,95.231875,1294,99.845679,0,0.000000
310,23,6.216216,1464,95.623775,1296,100.000000,0,0.000000
