TestcaseNumber,TestcaseCount,TestcaseRatio,StatementCount,StatementRatio,BranchCount,BranchRatio,FaultCount,FaultRatio
37,1,0.270270,609,39.777923,511,39.429012,0,0.000000
167,2,0.540541,829,54.147616,750,57.870370,0,0.000000
148,3,0.810811,932,60.875245,829,63.966049,0,0.000000
202,4,1.081081,998,65.186153,919,70.910494,0,0.000000
320,5,1.351351,1005,65.643370,921,71.064815,0,0.000000
226,6,1.621622,1015,66.296538,927,71.527778,0,0.000000
87,7,1.891892,1021,66.688439,929,71.682099,0,0.000000
339,8,2.162162,1029,67.210973,929,71.682099,0,0.000000
147,9,2.432432,1029,67.210973,929,71.682099,0,0.000000
288,10,2.702703,1054,68.843893,941,72.608025,0,0.000000
236,11,2.972973,1054,68.843893,941,72.608025,0,0.000000
219,12,3.243243,1054,68.843893,941,72.608025,0,0.000000
200,13,3.513514,1054,68.843893,941,72.608025,0,0.000000
136,14,3.783784,1061,69.301110,943,72.762346,0,0.000000
35,15,4.054054,1065,69.562378,947,73.070988,0,0.000000
286,16,4.324324,1065,69.562378,949,73.225309,0,0.000000
150,17,4.594595,1065,69.562378,949,73.225309,0,0.000000
191,18,4.864865,1065,69.562378,949,73.225309,0,0.000000
69,19,5.135135,1065,69.562378,949,73.225309,0,0.000000
260,20,5.405405,1065,69.562378,949,73.225309,0,0.000000
293,21,5.675676,1065,69.562378,949,73.225309,0,0.000000
318,22,5.945946,1065,69.562378,949,73.225309,0,0.000000
266,23,6.216216,1065,69.562378,949,73.225309,0,0.000000
197,24,6.486486,1091,71.260614,965,74.459877,0,0.000000
214,25,6.756757,1091,71.260614,971,74.922840,0,0.000000
253,26,7.027027,1091,71.260614,971,74.922840,0,0.000000
232,27,7.297297,1091,71.260614,971,74.922840,0,0.000000
316,28,7.567568,1113,72.697583,991,76.466049,0,0.000000
117,29,7.837838,1113,72.697583,991,76.466049,0,0.000000
198,30,8.108108,1113,72.697583,991,76.466049,0,0.000000
225,31,8.378378,1114,72.762900,991,76.466049,0,0.000000
234,32,8.648649,1114,72.762900,991,76.466049,0,0.000000
303,33,8.918919,1114,72.762900,991,76.466049,0,0.000000
