TestcaseNumber,TestcaseCount,TestcaseRatio,StatementCount,StatementRatio,BranchCount,BranchRatio,FaultCount,FaultRatio
61,1,0.270270,620,40.496408,553,42.669753,0,0.000000
32,2,0.540541,728,47.550621,620,47.839506,0,0.000000
320,3,0.810811,775,50.620509,648,50.000000,0,0.000000
17,4,1.081081,787,51.404311,654,50.462963,0,0.000000
183,5,1.351351,791,51.665578,654,50.462963,0,0.000000
327,6,1.621622,929,60.679295,811,62.577160,0,0.000000
49,7,1.891892,938,61.267146,813,62.731481,0,0.000000
24,8,2.162162,950,62.050947,813,62.731481,0,0.000000
198,9,2.432432,989,64.598302,835,64.429012,0,0.000000
23,10,2.702703,1000,65.316786,837,64.583333,0,0.000000
274,11,2.972973,1006,65.708687,845,65.200617,0,0.000000
101,12,3.243243,1006,65.708687,845,65.200617,0,0.000000
212,13,3.513514,1006,65.708687,851,65.663580,0,0.000000
333,14,3.783784,1041,67.994775,889,68.595679,0,0.000000
322,15,4.054054,1041,67.994775,889,68.595679,0,0.000000
220,16,4.324324,1060,69.235794,901,69.521605,0,0.000000
297,17,4.594595,1060,69.235794,905,69.830247,0,0.000000
316,18,4.864865,1064,69.497061,911,70.293210,0,0.000000
74,19,5.135135,1064,69.497061,911,70.293210,0,0.000000
63,20,5.405405,1064,69.497061,911,70.293210,0,0.000000
18,21,5.675676,1064,69.497061,913,70.447531,0,0.000000
39,22,5.945946,1088,71.064664,925,71.373457,0,0.000000
55,23,6.216216,1089,71.129980,925,71.373457,0,0.000000
335,24,6.486486,1089,71.129980,925,71.373457,0,0.000000
301,25,6.756757,1093,71.391248,927,71.527778,0,0.000000
