TestcaseNumber,TestcaseCount,TestcaseRatio,StatementCount,StatementRatio,BranchCount,BranchRatio,FaultCount,FaultRatio
93,1,0.270270,574,37.491835,494,38.117284,0,0.000000
172,2,0.540541,760,49.640758,629,48.533951,0,0.000000
243,3,0.810811,768,50.163292,633,48.842593,0,0.000000
320,4,1.081081,790,51.600261,649,50.077160,0,0.000000
89,5,1.351351,822,53.690398,686,52.932099,0,0.000000
231,6,1.621622,866,56.564337,722,55.709877,0,0.000000
58,7,1.891892,866,56.564337,722,55.709877,0,0.000000
199,8,2.162162,877,57.282822,730,56.327160,0,0.000000
45,9,2.432432,900,58.785108,740,57.098765,0,0.000000
291,10,2.702703,902,58.915741,744,57.407407,0,0.000000
290,11,2.972973,902,58.915741,744,57.407407,0,0.000000
212,12,3.243243,902,58.915741,750,57.870370,0,0.000000
245,13,3.513514,902,58.915741,750,57.870370,0,0.000000
353,14,3.783784,933,60.940562,770,59.413580,0,0.000000
339,15,4.054054,1025,66.949706,895,69.058642,0,0.000000
157,16,4.324324,1025,66.949706,895,69.058642,0,0.000000
96,17,4.594595,1028,67.145656,895,69.058642,0,0.000000
307,18,4.864865,1030,67.276290,897,69.212963,0,0.000000
147,19,5.135135,1030,67.276290,897,69.212963,0,0.000000
75,20,5.405405,1030,67.276290,897,69.212963,0,0.000000
318,21,5.675676,1030,67.276290,897,69.212963,0,0.000000
78,22,5.945946,1036,67.668191,897,69.212963,0,0.000000
163,23,6.216216,1037,67.733508,897,69.212963,0,0.000000
167,24,6.486486,1048,68.451992,913,70.447531,0,0.000000
293,25,6.756757,1048,68.451992,913,70.447531,0,0.000000
74,26,7.027027,1048,68.451992,913,70.447531,0,0.000000
366,27,7.297297,1261,82.364468,1099,84.799383,0,0.000000
299,28,7.567568,1261,82.364468,1099,84.799383,0,0.000000
12,29,7.837838,1261,82.364468,1099,84.799383,0,0.000000
123,30,8.108108,1261,82.364468,1099,84.799383,0,0.000000
295,31,8.378378,1261,82.364468,1099,84.799383,0,0.000000
71,32,8.648649,1261,82.364468,1099,84.799383,0,0.000000
108,33,8.918919,1261,82.364468,1099,84.799383,0,0.000000
275,34,9.189189,1261,82.364468,1099,84.799383,0,0.000000
241,35,9.459459,1261,82.364468,1099,84.799383,0,0.000000
321,36,9.729730,1261,82.364468,1099,84.799383,0,0.000000
22,37,10.000000,1278,83.474853,1101,84.953704,0,0.000000
281,38,10.270270,1278,83.474853,1101,84.953704,0,0.000000
288,39,10.540541,1280,83.605487,1103,85.108025,0,0.000000
235,40,10.810811,1280,83.605487,1103,85.108025,0,0.000000
