TestcaseNumber,TestcaseCount,TestcaseRatio,StatementCount,StatementRatio,BranchCount,BranchRatio,FaultCount,FaultRatio
300,1,0.270270,698,45.591117,596,45.987654,0,0.000000
64,2,0.540541,724,47.289353,618,47.685185,0,0.000000
141,3,0.810811,763,49.836708,640,49.382716,0,0.000000
113,4,1.081081,899,58.719791,793,61.188272,0,0.000000
196,5,1.351351,930,60.744611,811,62.577160,0,0.000000
127,6,1.621622,943,61.593730,821,63.348765,0,0.000000
100,7,1.891892,943,61.593730,821,63.348765,0,0.000000
319,8,2.162162,956,62.442848,837,64.583333,0,0.000000
181,9,2.432432,956,62.442848,837,64.583333,0,0.000000
96,10,2.702703,974,63.618550,851,65.663580,0,0.000000
259,11,2.972973,989,64.598302,863,66.589506,0,0.000000
221,12,3.243243,989,64.598302,863,66.589506,0,0.000000
270,13,3.513514,989,64.598302,863,66.589506,0,0.000000
331,14,3.783784,989,64.598302,863,66.589506,0,0.000000
191,15,4.054054,1000,65.316786,863,66.589506,0,0.000000
5,16,4.324324,1017,66.427172,863,66.589506,0,0.000000
8,17,4.594595,1017,66.427172,863,66.589506,0,0.000000
208,18,4.864865,1018,66.492489,865,66.743827,0,0.000000
38,19,5.135135,1021,66.688439,865,66.743827,0,0.000000
172,20,5.405405,1022,66.753756,865,66.743827,0,0.000000
370,21,5.675676,1022,66.753756,865,66.743827,0,0.000000
193,22,5.945946,1032,67.406924,869,67.052469,0,0.000000
