TestcaseNumber,TestcaseCount,TestcaseRatio,StatementCount,StatementRatio,BranchCount,BranchRatio,FaultCount,FaultRatio
193,1,0.270270,699,45.656434,581,44.830247,0,0.000000
311,2,0.540541,700,45.721750,581,44.830247,0,0.000000
258,3,0.810811,769,50.228609,627,48.379630,0,0.000000
57,4,1.081081,812,53.037231,659,50.848765,0,0.000000
200,5,1.351351,890,58.131940,763,58.873457,0,0.000000
346,6,1.621622,901,58.850425,779,60.108025,0,0.000000
247,7,1.891892,906,59.177008,785,60.570988,0,0.000000
85,8,2.162162,906,59.177008,785,60.570988,0,0.000000
207,9,2.432432,954,62.312214,840,64.814815,0,0.000000
145,10,2.702703,954,62.312214,840,64.814815,0,0.000000
166,11,2.972973,1057,69.039843,975,75.231481,0,0.000000
268,12,3.243243,1057,69.039843,975,75.231481,0,0.000000
227,13,3.513514,1062,69.366427,977,75.385802,0,0.000000
68,14,3.783784,1066,69.627694,979,75.540123,0,0.000000
231,15,4.054054,1066,69.627694,979,75.540123,0,0.000000
357,16,4.324324,1066,69.627694,979,75.540123,0,0.000000
67,17,4.594595,1073,70.084912,981,75.694444,0,0.000000
163,18,4.864865,1078,70.411496,981,75.694444,0,0.000000
338,19,5.135135,1084,70.803396,987,76.157407,0,0.000000
286,20,5.405405,1084,70.803396,987,76.157407,0,0.000000
281,21,5.675676,1093,71.391248,987,76.157407,0,0.000000
275,22,5.945946,1093,71.391248,987,76.157407,0,0.000000
110,23,6.216216,1093,71.391248,987,76.157407,0,0.000000
31,24,6.486486,1116,72.893534,987,76.157407,0,0.000000
364,25,6.756757,1123,73.350751,987,76.157407,0,0.000000
138,26,7.027027,1123,73.350751,987,76.157407,0,0.000000
233,27,7.297297,1123,73.350751,987,76.157407,0,0.000000
244,28,7.567568,1125,73.481385,991,76.466049,0,0.000000
355,29,7.837838,1125,73.481385,991,76.466049,0,0.000000
117,30,8.108108,1126,73.546702,993,76.620370,0,0.000000
370,31,8.378378,1126,73.546702,993,76.620370,0,0.000000
174,32,8.648649,1129,73.742652,993,76.620370,0,0.000000
37,33,8.918919,1132,73.938602,993,76.620370,0,0.000000
72,34,9.189189,1132,73.938602,993,76.620370,0,0.000000
315,35,9.459459,1133,74.003919,997,76.929012,0,0.000000
