TestcaseNumber,TestcaseCount,TestcaseRatio,StatementCount,StatementRatio,BranchCount,BranchRatio,FaultCount,FaultRatio
233,1,0.270270,596,38.928805,531,40.972222,0,0.000000
108,2,0.540541,625,40.822992,565,43.595679,0,0.000000
355,3,0.810811,667,43.566297,587,45.293210,0,0.000000
3,4,1.081081,671,43.827564,587,45.293210,0,0.000000
14,5,1.351351,679,44.350098,587,45.293210,0,0.000000
260,6,1.621622,735,48.007838,629,48.533951,0,0.000000
119,7,1.891892,950,62.050947,843,65.046296,0,0.000000
57,8,2.162162,950,62.050947,843,65.046296,0,0.000000
365,9,2.432432,957,62.508165,843,65.046296,0,0.000000
211,10,2.702703,981,64.075767,851,65.663580,0,0.000000
216,11,2.972973,984,64.271718,851,65.663580,0,0.000000
28,12,3.243243,1014,66.231221,865,66.743827,0,0.000000
293,13,3.513514,1020,66.623122,867,66.898148,0,0.000000
274,14,3.783784,1020,66.623122,867,66.898148,0,0.000000
258,15,4.054054,1035,67.602874,879,67.824074,0,0.000000
75,16,4.324324,1035,67.602874,879,67.824074,0,0.000000
5,17,4.594595,1052,68.713259,879,67.824074,0,0.000000
363,18,4.864865,1052,68.713259,879,67.824074,0,0.000000
283,19,5.135135,1052,68.713259,879,67.824074,0,0.000000
149,20,5.405405,1079,70.476813,893,68.904321,0,0.000000
282,21,5.675676,1079,70.476813,893,68.904321,0,0.000000
151,22,5.945946,1079,70.476813,893,68.904321,0,0.000000
9,23,6.216216,1079,70.476813,893,68.904321,0,0.000000
27,24,6.486486,1101,71.913782,909,70.138889,0,0.000000
262,25,6.756757,1119,73.089484,923,71.219136,0,0.000000
172,26,7.027027,1122,73.285434,923,71.219136,0,0.000000
339,27,7.297297,1126,73.546702,925,71.373457,0,0.000000
1,28,7.567568,1140,74.461137,929,71.682099,0,0.000000
330,29,7.837838,1140,74.461137,929,71.682099,0,0.000000
236,30,8.108108,1140,74.461137,929,71.682099,0,0.000000
369,31,8.378378,1144,74.722404,929,71.682099,0,0.000000
280,32,8.648649,1144,74.722404,929,71.682099,0,0.000000
53,33,8.918919,1144,74.722404,929,71.682099,0,0.000000
320,34,9.189189,1144,74.722404,929,71.682099,0,0.000000
33,35,9.459459,1147,74.918354,933,71.990741,0,0.000000
331,36,9.729730,1147,74.918354,933,71.990741,0,0.000000
21,37,10.000000,1159,75.702155,935,72.145062,0,0.000000
