TestcaseNumber,TestcaseCount,TestcaseRatio,StatementCount,StatementRatio,BranchCount,BranchRatio,FaultCount,FaultRatio
300,1,0.270270,698,45.591117,596,45.987654,0,0.000000
57,2,0.540541,731,47.746571,628,48.456790,0,0.000000
305,3,0.810811,750,48.987590,636,49.074074,0,0.000000
146,4,1.081081,754,49.248857,640,49.382716,0,0.000000
209,5,1.351351,775,50.620509,658,50.771605,0,0.000000
317,6,1.621622,855,55.845852,722,55.709877,0,0.000000
353,7,1.891892,855,55.845852,722,55.709877,0,0.000000
260,8,2.162162,865,56.499020,736,56.790123,0,0.000000
100,9,2.432432,875,57.152188,740,57.098765,0,0.000000
315,10,2.702703,947,61.854997,855,65.972222,0,0.000000
187,11,2.972973,987,64.467668,883,68.132716,0,0.000000
126,12,3.243243,1011,66.035271,899,69.367284,0,0.000000
109,13,3.513514,1019,66.557805,899,69.367284,0,0.000000
261,14,3.783784,1019,66.557805,899,69.367284,0,0.000000
82,15,4.054054,1022,66.753756,899,69.367284,0,0.000000
145,16,4.324324,1022,66.753756,899,69.367284,0,0.000000
104,17,4.594595,1025,66.949706,899,69.367284,0,0.000000
167,18,4.864865,1025,66.949706,899,69.367284,0,0.000000
215,19,5.135135,1025,66.949706,905,69.830247,0,0.000000
298,20,5.405405,1025,66.949706,905,69.830247,0,0.000000
67,21,5.675676,1025,66.949706,905,69.830247,0,0.000000
136,22,5.945946,1025,66.949706,905,69.830247,0,0.000000
369,23,6.216216,1036,67.668191,905,69.830247,0,0.000000
