TestcaseNumber,TestcaseCount,TestcaseRatio,StatementCount,StatementRatio,BranchCount,BranchRatio,FaultCount,FaultRatio
36,1,0.270270,500,32.658393,446,34.413580,0,0.000000
336,2,0.540541,715,46.701502,587,45.293210,0,0.000000
40,3,0.810811,793,51.796212,660,50.925926,0,0.000000
22,4,1.081081,816,53.298498,662,51.080247,0,0.000000
273,5,1.351351,831,54.278250,664,51.234568,0,0.000000
42,6,1.621622,831,54.278250,664,51.234568,0,0.000000
280,7,1.891892,849,55.453952,678,52.314815,0,0.000000
296,8,2.162162,949,61.985630,784,60.493827,0,0.000000
127,9,2.432432,986,64.402351,810,62.500000,0,0.000000
175,10,2.702703,990,64.663619,812,62.654321,0,0.000000
249,11,2.972973,991,64.728935,812,62.654321,0,0.000000
150,12,3.243243,1011,66.035271,855,65.972222,0,0.000000
216,13,3.513514,1011,66.035271,855,65.972222,0,0.000000
161,14,3.783784,1012,66.100588,855,65.972222,0,0.000000
86,15,4.054054,1018,66.492489,857,66.126543,0,0.000000
252,16,4.324324,1018,66.492489,857,66.126543,0,0.000000
192,17,4.594595,1022,66.753756,859,66.280864,0,0.000000
314,18,4.864865,1032,67.406924,871,67.206790,0,0.000000
360,19,5.135135,1085,70.868713,951,73.379630,0,0.000000
164,20,5.405405,1085,70.868713,951,73.379630,0,0.000000
281,21,5.675676,1085,70.868713,951,73.379630,0,0.000000
187,22,5.945946,1085,70.868713,951,73.379630,0,0.000000
254,23,6.216216,1085,70.868713,951,73.379630,0,0.000000
324,24,6.486486,1085,70.868713,953,73.533951,0,0.000000
156,25,6.756757,1085,70.868713,953,73.533951,0,0.000000
368,26,7.027027,1092,71.325931,953,73.533951,0,0.000000
50,27,7.297297,1092,71.325931,953,73.533951,0,0.000000
34,28,7.567568,1093,71.391248,953,73.533951,0,0.000000
303,29,7.837838,1118,73.024167,963,74.305556,0,0.000000
