TestcaseNumber,TestcaseCount,TestcaseRatio,StatementCount,StatementRatio,BranchCount,BranchRatio,FaultCount,FaultRatio
63,1,0.270270,630,41.149575,561,43.287037,0,0.000000
276,2,0.540541,702,45.852384,609,46.990741,0,0.000000
263,3,0.810811,708,46.244285,619,47.762346,0,0.000000
237,4,1.081081,735,48.007838,641,49.459877,0,0.000000
124,5,1.351351,854,55.780536,716,55.246914,0,0.000000
100,6,1.621622,871,56.890921,730,56.327160,0,0.000000
35,7,1.891892,894,58.393207,734,56.635802,0,0.000000
333,8,2.162162,998,65.186153,873,67.361111,0,0.000000
212,9,2.432432,1002,65.447420,881,67.978395,0,0.000000
176,10,2.702703,1002,65.447420,881,67.978395,0,0.000000
123,11,2.972973,1031,67.341607,901,69.521605,0,0.000000
205,12,3.243243,1037,67.733508,909,70.138889,0,0.000000
232,13,3.513514,1037,67.733508,909,70.138889,0,0.000000
148,14,3.783784,1046,68.321359,913,70.447531,0,0.000000
264,15,4.054054,1046,68.321359,913,70.447531,0,0.000000
312,16,4.324324,1046,68.321359,913,70.447531,0,0.000000
60,17,4.594595,1046,68.321359,913,70.447531,0,0.000000
272,18,4.864865,1049,68.517309,913,70.447531,0,0.000000
283,19,5.135135,1057,69.039843,913,70.447531,0,0.000000
247,20,5.405405,1058,69.105160,913,70.447531,0,0.000000
77,21,5.675676,1058,69.105160,913,70.447531,0,0.000000
18,22,5.945946,1058,69.105160,915,70.601852,0,0.000000
311,23,6.216216,1062,69.366427,917,70.756173,0,0.000000
289,24,6.486486,1067,69.693011,921,71.064815,0,0.000000
33,25,6.756757,1067,69.693011,921,71.064815,0,0.000000
73,26,7.027027,1067,69.693011,921,71.064815,0,0.000000
169,27,7.297297,1070,69.888961,925,71.373457,0,0.000000
171,28,7.567568,1070,69.888961,925,71.373457,0,0.000000
288,29,7.837838,1072,70.019595,925,71.373457,0,0.000000
194,30,8.108108,1072,70.019595,925,71.373457,0,0.000000
173,31,8.378378,1072,70.019595,925,71.373457,0,0.000000
352,32,8.648649,1072,70.019595,925,71.373457,0,0.000000
191,33,8.918919,1072,70.019595,927,71.527778,0,0.000000
188,34,9.189189,1072,70.019595,927,71.527778,0,0.000000
198,35,9.459459,1072,70.019595,927,71.527778,0,0.000000
306,36,9.729730,1072,70.019595,929,71.682099,0,0.000000
209,37,10.000000,1072,70.019595,929,71.682099,0,0.000000
25,38,10.270270,1086,70.934030,931,71.836420,0,0.000000
