TestcaseNumber,TestcaseCount,TestcaseRatio,StatementCount,StatementRatio,BranchCount,BranchRatio,FaultCount,FaultRatio
369,1,0.270270,17,1.110385,9,0.694444,0,0.000000
248,2,0.540541,502,32.789027,438,33.796296,0,0.000000
158,3,0.810811,742,48.465056,593,45.756173,0,0.000000
23,4,1.081081,774,50.555193,603,46.527778,0,0.000000
286,5,1.351351,785,51.273677,611,47.145062,0,0.000000
96,6,1.621622,841,54.931417,674,52.006173,0,0.000000
7,7,1.891892,844,55.127368,674,52.006173,0,0.000000
55,8,2.162162,873,57.021555,696,53.703704,0,0.000000
330,9,2.432432,950,62.050947,778,60.030864,0,0.000000
189,10,2.702703,991,64.728935,831,64.120370,0,0.000000
221,11,2.972973,1010,65.969954,843,65.046296,0,0.000000
344,12,3.243243,1034,67.537557,857,66.126543,0,0.000000
51,13,3.513514,1087,70.999347,937,72.299383,0,0.000000
98,14,3.783784,1087,70.999347,937,72.299383,0,0.000000
115,15,4.054054,1087,70.999347,937,72.299383,0,0.000000
231,16,4.324324,1087,70.999347,937,72.299383,0,0.000000
255,17,4.594595,1087,70.999347,937,72.299383,0,0.000000
153,18,4.864865,1087,70.999347,937,72.299383,0,0.000000
335,19,5.135135,1091,71.260614,943,72.762346,0,0.000000
302,20,5.405405,1093,71.391248,945,72.916667,0,0.000000
37,21,5.675676,1097,71.652515,947,73.070988,0,0.000000
271,22,5.945946,1097,71.652515,947,73.070988,0,0.000000
