TestcaseNumber,TestcaseCount,TestcaseRatio,StatementCount,StatementRatio,BranchCount,BranchRatio,FaultCount,FaultRatio
177,1,0.270270,674,44.023514,545,42.052469,0,0.000000
314,2,0.540541,849,55.453952,760,58.641975,0,0.000000
329,3,0.810811,882,57.609406,782,60.339506,0,0.000000
62,4,1.081081,925,60.418027,831,64.120370,0,0.000000
71,5,1.351351,946,61.789680,841,64.891975,0,0.000000
114,6,1.621622,955,62.377531,847,65.354938,0,0.000000
76,7,1.891892,961,62.769432,849,65.509259,0,0.000000
213,8,2.162162,969,63.291966,855,65.972222,0,0.000000
353,9,2.432432,969,63.291966,855,65.972222,0,0.000000
202,10,2.702703,1029,67.210973,941,72.608025,0,0.000000
6,11,2.972973,1029,67.210973,941,72.608025,0,0.000000
336,12,3.243243,1040,67.929458,943,72.762346,0,0.000000
156,13,3.513514,1040,67.929458,943,72.762346,0,0.000000
173,14,3.783784,1040,67.929458,945,72.916667,0,0.000000
175,15,4.054054,1040,67.929458,945,72.916667,0,0.000000
79,16,4.324324,1040,67.929458,945,72.916667,0,0.000000
84,17,4.594595,1040,67.929458,945,72.916667,0,0.000000
256,18,4.864865,1046,68.321359,951,73.379630,0,0.000000
17,19,5.135135,1053,68.778576,953,73.533951,0,0.000000
366,20,5.405405,1213,79.229262,1055,81.404321,0,0.000000
302,21,5.675676,1213,79.229262,1055,81.404321,0,0.000000
51,22,5.945946,1213,79.229262,1055,81.404321,0,0.000000
240,23,6.216216,1213,79.229262,1055,81.404321,0,0.000000
61,24,6.486486,1213,79.229262,1055,81.404321,0,0.000000
101,25,6.756757,1213,79.229262,1055,81.404321,0,0.000000
260,26,7.027027,1217,79.490529,1063,82.021605,0,0.000000
75,27,7.297297,1217,79.490529,1063,82.021605,0,0.000000
365,28,7.567568,1224,79.947747,1063,82.021605,0,0.000000
356,29,7.837838,1224,79.947747,1063,82.021605,0,0.000000
281,30,8.108108,1224,79.947747,1063,82.021605,0,0.000000
294,31,8.378378,1249,81.580666,1079,83.256173,0,0.000000
325,32,8.648649,1257,82.103201,1087,83.873457,0,0.000000
262,33,8.918919,1257,82.103201,1087,83.873457,0,0.000000
185,34,9.189189,1258,82.168517,1089,84.027778,0,0.000000
215,35,9.459459,1258,82.168517,1089,84.027778,0,0.000000
188,36,9.729730,1261,82.364468,1089,84.027778,0,0.000000
196,37,10.000000,1261,82.364468,1089,84.027778,0,0.000000
283,38,10.270270,1261,82.364468,1089,84.027778,0,0.000000
317,39,10.540541,1265,82.625735,1095,84.490741,0,0.000000
