TestcaseNumber,TestcaseCount,TestcaseRatio,StatementCount,StatementRatio,BranchCount,BranchRatio,FaultCount,FaultRatio
270,1,0.270270,579,37.818419,478,36.882716,0,0.000000
368,2,0.540541,586,38.275637,478,36.882716,0,0.000000
365,3,0.810811,586,38.275637,478,36.882716,0,0.000000
328,4,1.081081,755,49.314174,619,47.762346,0,0.000000
204,5,1.351351,790,51.600261,672,51.851852,0,0.000000
86,6,1.621622,790,51.600261,672,51.851852,0,0.000000
26,7,1.891892,926,60.483344,813,62.731481,0,0.000000
48,8,2.162162,933,60.940562,817,63.040123,0,0.000000
243,9,2.432432,950,62.050947,821,63.348765,0,0.000000
155,10,2.702703,978,63.879817,847,65.354938,0,0.000000
350,11,2.972973,1002,65.447420,869,67.052469,0,0.000000
19,12,3.243243,1002,65.447420,869,67.052469,0,0.000000
101,13,3.513514,1010,65.969954,869,67.052469,0,0.000000
242,14,3.783784,1010,65.969954,869,67.052469,0,0.000000
89,15,4.054054,1035,67.602874,885,68.287037,0,0.000000
99,16,4.324324,1035,67.602874,885,68.287037,0,0.000000
78,17,4.594595,1035,67.602874,885,68.287037,0,0.000000
265,18,4.864865,1035,67.602874,885,68.287037,0,0.000000
92,19,5.135135,1035,67.602874,885,68.287037,0,0.000000
102,20,5.405405,1035,67.602874,885,68.287037,0,0.000000
244,21,5.675676,1061,69.301110,901,69.521605,0,0.000000
79,22,5.945946,1061,69.301110,901,69.521605,0,0.000000
133,23,6.216216,1062,69.366427,901,69.521605,0,0.000000
