TestcaseNumber,TestcaseCount,TestcaseRatio,StatementCount,StatementRatio,BranchCount,BranchRatio,FaultCount,FaultRatio
126,1,0.270270,726,47.419987,628,48.456790,0,0.000000
296,2,0.540541,834,54.474200,748,57.716049,0,0.000000
19,3,0.810811,841,54.931417,750,57.870370,0,0.000000
130,4,1.081081,877,57.282822,803,61.959877,0,0.000000
253,5,1.351351,935,61.071195,841,64.891975,0,0.000000
32,6,1.621622,954,62.312214,843,65.046296,0,0.000000
353,7,1.891892,972,63.487916,857,66.126543,0,0.000000
209,8,2.162162,980,64.010451,863,66.589506,0,0.000000
24,9,2.432432,992,64.794252,863,66.589506,0,0.000000
334,10,2.702703,1003,65.512737,871,67.206790,0,0.000000
295,11,2.972973,1004,65.578054,871,67.206790,0,0.000000
101,12,3.243243,1016,66.361855,873,67.361111,0,0.000000
53,13,3.513514,1017,66.427172,873,67.361111,0,0.000000
11,14,3.783784,1028,67.145656,877,67.669753,0,0.000000
190,15,4.054054,1032,67.406924,881,67.978395,0,0.000000
230,16,4.324324,1053,68.778576,899,69.367284,0,0.000000
148,17,4.594595,1053,68.778576,899,69.367284,0,0.000000
356,18,4.864865,1075,70.215545,907,69.984568,0,0.000000
245,19,5.135135,1077,70.346179,911,70.293210,0,0.000000
246,20,5.405405,1078,70.411496,911,70.293210,0,0.000000
75,21,5.675676,1078,70.411496,911,70.293210,0,0.000000
227,22,5.945946,1079,70.476813,911,70.293210,0,0.000000
