TestcaseNumber,TestcaseCount,TestcaseRatio,StatementCount,StatementRatio,BranchCount,BranchRatio,FaultCount,FaultRatio
195,1,0.270270,699,45.656434,581,44.830247,0,0.000000
283,2,0.540541,730,47.681254,595,45.910494,0,0.000000
177,3,0.810811,754,49.248857,607,46.836420,0,0.000000
233,4,1.081081,792,51.730895,652,50.308642,0,0.000000
89,5,1.351351,802,52.384063,666,51.388889,0,0.000000
273,6,1.621622,807,52.710647,668,51.543210,0,0.000000
363,7,1.891892,814,53.167864,668,51.543210,0,0.000000
333,8,2.162162,942,61.528413,833,64.274691,0,0.000000
168,9,2.432432,986,64.402351,865,66.743827,0,0.000000
18,10,2.702703,986,64.402351,867,66.898148,0,0.000000
284,11,2.972973,1006,65.708687,873,67.361111,0,0.000000
139,12,3.243243,1011,66.035271,879,67.824074,0,0.000000
323,13,3.513514,1011,66.035271,879,67.824074,0,0.000000
270,14,3.783784,1017,66.427172,879,67.824074,0,0.000000
193,15,4.054054,1017,66.427172,879,67.824074,0,0.000000
22,16,4.324324,1035,67.602874,881,67.978395,0,0.000000
77,17,4.594595,1035,67.602874,881,67.978395,0,0.000000
105,18,4.864865,1035,67.602874,881,67.978395,0,0.000000
220,19,5.135135,1048,68.451992,893,68.904321,0,0.000000
