TestcaseNumber,TestcaseCount,TestcaseRatio,StatementCount,StatementRatio,BranchCount,BranchRatio,FaultCount,FaultRatio
117,1,0.270270,816,53.298498,745,57.484568,0,0.000000
367,2,0.540541,823,53.755715,745,57.484568,0,0.000000
246,3,0.810811,829,54.147616,751,57.947531,0,0.000000
59,4,1.081081,857,55.976486,777,59.953704,0,0.000000
35,5,1.351351,881,57.544089,781,60.262346,0,0.000000
103,6,1.621622,909,59.372959,797,61.496914,0,0.000000
163,7,1.891892,935,61.071195,813,62.731481,0,0.000000
182,8,2.162162,942,61.528413,815,62.885802,0,0.000000
306,9,2.432432,960,62.704115,837,64.583333,0,0.000000
46,10,2.702703,978,63.879817,845,65.200617,0,0.000000
303,11,2.972973,986,64.402351,849,65.509259,0,0.000000
234,12,3.243243,986,64.402351,849,65.509259,0,0.000000
289,13,3.513514,993,64.859569,855,65.972222,0,0.000000
7,14,3.783784,993,64.859569,855,65.972222,0,0.000000
134,15,4.054054,1025,66.949706,877,67.669753,0,0.000000
298,16,4.324324,1025,66.949706,877,67.669753,0,0.000000
137,17,4.594595,1026,67.015023,879,67.824074,0,0.000000
164,18,4.864865,1036,67.668191,891,68.750000,0,0.000000
50,19,5.135135,1042,68.060091,893,68.904321,0,0.000000
317,20,5.405405,1045,68.256042,897,69.212963,0,0.000000
266,21,5.675676,1047,68.386675,897,69.212963,0,0.000000
132,22,5.945946,1047,68.386675,897,69.212963,0,0.000000
153,23,6.216216,1047,68.386675,897,69.212963,0,0.000000
72,24,6.486486,1047,68.386675,897,69.212963,0,0.000000
338,25,6.756757,1051,68.647943,897,69.212963,0,0.000000
131,26,7.027027,1051,68.647943,897,69.212963,0,0.000000
104,27,7.297297,1051,68.647943,897,69.212963,0,0.000000
84,28,7.567568,1055,68.909210,899,69.367284,0,0.000000
287,29,7.837838,1055,68.909210,899,69.367284,0,0.000000
300,30,8.108108,1055,68.909210,899,69.367284,0,0.000000
344,31,8.378378,1059,69.170477,903,69.675926,0,0.000000
94,32,8.648649,1059,69.170477,903,69.675926,0,0.000000
183,33,8.918919,1059,69.170477,903,69.675926,0,0.000000
120,34,9.189189,1059,69.170477,903,69.675926,0,0.000000
47,35,9.459459,1059,69.170477,903,69.675926,0,0.000000
78,36,9.729730,1065,69.562378,903,69.675926,0,0.000000
