TestcaseNumber,TestcaseCount,TestcaseRatio,StatementCount,StatementRatio,BranchCount,BranchRatio,FaultCount,FaultRatio
294,1,0.270270,594,38.798171,514,39.660494,0,0.000000
210,2,0.540541,742,48.465056,638,49.228395,0,0.000000
174,3,0.810811,769,50.228609,656,50.617284,0,0.000000
105,4,1.081081,804,52.514696,666,51.388889,0,0.000000
232,5,1.351351,804,52.514696,666,51.388889,0,0.000000
270,6,1.621622,848,55.388635,692,53.395062,0,0.000000
213,7,1.891892,856,55.911169,698,53.858025,0,0.000000
112,8,2.162162,949,61.985630,825,63.657407,0,0.000000
91,9,2.432432,950,62.050947,825,63.657407,0,0.000000
146,10,2.702703,950,62.050947,825,63.657407,0,0.000000
70,11,2.972973,950,62.050947,825,63.657407,0,0.000000
97,12,3.243243,968,63.226649,839,64.737654,0,0.000000
109,13,3.513514,972,63.487916,845,65.200617,0,0.000000
219,14,3.783784,972,63.487916,845,65.200617,0,0.000000
370,15,4.054054,972,63.487916,845,65.200617,0,0.000000
122,16,4.324324,978,63.879817,847,65.354938,0,0.000000
49,17,4.594595,978,63.879817,847,65.354938,0,0.000000
17,18,4.864865,985,64.337035,849,65.509259,0,0.000000
164,19,5.135135,1019,66.557805,883,68.132716,0,0.000000
359,20,5.405405,1019,66.557805,883,68.132716,0,0.000000
13,21,5.675676,1027,67.080340,883,68.132716,0,0.000000
307,22,5.945946,1035,67.602874,891,68.750000,0,0.000000
81,23,6.216216,1038,67.798824,891,68.750000,0,0.000000
47,24,6.486486,1039,67.864141,893,68.904321,0,0.000000
143,25,6.756757,1048,68.451992,905,69.830247,0,0.000000
350,26,7.027027,1048,68.451992,905,69.830247,0,0.000000
296,27,7.297297,1048,68.451992,907,69.984568,0,0.000000
136,28,7.567568,1048,68.451992,907,69.984568,0,0.000000
361,29,7.837838,1124,73.416068,991,76.466049,0,0.000000
25,30,8.108108,1138,74.330503,993,76.620370,0,0.000000
12,31,8.378378,1155,75.440888,993,76.620370,0,0.000000
166,32,8.648649,1155,75.440888,993,76.620370,0,0.000000
52,33,8.918919,1155,75.440888,993,76.620370,0,0.000000
211,34,9.189189,1155,75.440888,993,76.620370,0,0.000000
22,35,9.459459,1163,75.963423,993,76.620370,0,0.000000
94,36,9.729730,1167,76.224690,995,76.774691,0,0.000000
63,37,10.000000,1167,76.224690,995,76.774691,0,0.000000
