TestcaseNumber,TestcaseCount,TestcaseRatio,StatementCount,StatementRatio,BranchCount,BranchRatio,FaultCount,FaultRatio
224,1,0.270270,612,39.973873,555,42.824074,0,0.000000
290,2,0.540541,765,49.967342,652,50.308642,0,0.000000
305,3,0.810811,769,50.228609,654,50.462963,0,0.000000
57,4,1.081081,797,52.057479,678,52.314815,0,0.000000
247,5,1.351351,802,52.384063,684,52.777778,0,0.000000
197,6,1.621622,910,59.438276,784,60.493827,0,0.000000
36,7,1.891892,944,61.659046,796,61.419753,0,0.000000
139,8,2.162162,953,62.246897,800,61.728395,0,0.000000
189,9,2.432432,989,64.598302,851,65.663580,0,0.000000
96,10,2.702703,1020,66.623122,871,67.206790,0,0.000000
170,11,2.972973,1024,66.884389,877,67.669753,0,0.000000
277,12,3.243243,1040,67.929458,891,68.750000,0,0.000000
24,13,3.513514,1051,68.647943,891,68.750000,0,0.000000
180,14,3.783784,1051,68.647943,891,68.750000,0,0.000000
44,15,4.054054,1052,68.713259,893,68.904321,0,0.000000
94,16,4.324324,1056,68.974526,895,69.058642,0,0.000000
64,17,4.594595,1056,68.974526,895,69.058642,0,0.000000
286,18,4.864865,1056,68.974526,895,69.058642,0,0.000000
219,19,5.135135,1056,68.974526,895,69.058642,0,0.000000
318,20,5.405405,1056,68.974526,895,69.058642,0,0.000000
328,21,5.675676,1062,69.366427,897,69.212963,0,0.000000
314,22,5.945946,1072,70.019595,909,70.138889,0,0.000000
9,23,6.216216,1072,70.019595,909,70.138889,0,0.000000
344,24,6.486486,1072,70.019595,909,70.138889,0,0.000000
270,25,6.756757,1078,70.411496,909,70.138889,0,0.000000
228,26,7.027027,1078,70.411496,909,70.138889,0,0.000000
217,27,7.297297,1078,70.411496,909,70.138889,0,0.000000
159,28,7.567568,1078,70.411496,909,70.138889,0,0.000000
336,29,7.837838,1078,70.411496,909,70.138889,0,0.000000
87,30,8.108108,1078,70.411496,909,70.138889,0,0.000000
368,31,8.378378,1085,70.868713,909,70.138889,0,0.000000
