TestcaseNumber,TestcaseCount,TestcaseRatio,StatementCount,StatementRatio,BranchCount,BranchRatio,FaultCount,FaultRatio
338,1,0.270270,678,44.284781,555,42.824074,0,0.000000
320,2,0.540541,684,44.676682,555,42.824074,0,0.000000
251,3,0.810811,751,49.052907,603,46.527778,0,0.000000
308,4,1.081081,908,59.307642,797,61.496914,0,0.000000
319,5,1.351351,922,60.222077,803,61.959877,0,0.000000
256,6,1.621622,928,60.613978,805,62.114198,0,0.000000
254,7,1.891892,928,60.613978,805,62.114198,0,0.000000
224,8,2.162162,931,60.809928,813,62.731481,0,0.000000
352,9,2.432432,962,62.834749,833,64.274691,0,0.000000
107,10,2.702703,966,63.096016,837,64.583333,0,0.000000
169,11,2.972973,970,63.357283,843,65.046296,0,0.000000
98,12,3.243243,970,63.357283,843,65.046296,0,0.000000
364,13,3.513514,977,63.814500,843,65.046296,0,0.000000
177,14,3.783784,977,63.814500,843,65.046296,0,0.000000
87,15,4.054054,977,63.814500,843,65.046296,0,0.000000
3,16,4.324324,981,64.075767,843,65.046296,0,0.000000
197,17,4.594595,1007,65.774004,859,66.280864,0,0.000000
248,18,4.864865,1007,65.774004,859,66.280864,0,0.000000
305,19,5.135135,1007,65.774004,859,66.280864,0,0.000000
328,20,5.405405,1011,66.035271,861,66.435185,0,0.000000
317,21,5.675676,1011,66.035271,861,66.435185,0,0.000000
79,22,5.945946,1025,66.949706,861,66.435185,0,0.000000
249,23,6.216216,1025,66.949706,861,66.435185,0,0.000000
43,24,6.486486,1025,66.949706,861,66.435185,0,0.000000
289,25,6.756757,1025,66.949706,861,66.435185,0,0.000000
21,26,7.027027,1037,67.733508,863,66.589506,0,0.000000
300,27,7.297297,1041,67.994775,865,66.743827,0,0.000000
290,28,7.567568,1042,68.060091,865,66.743827,0,0.000000
266,29,7.837838,1042,68.060091,865,66.743827,0,0.000000
