TestcaseNumber,TestcaseCount,TestcaseRatio,StatementCount,StatementRatio,BranchCount,BranchRatio,FaultCount,FaultRatio
72,1,0.270270,590,38.536904,541,41.743827,0,0.000000
193,2,0.540541,754,49.248857,648,50.000000,0,0.000000
153,3,0.810811,865,56.499020,785,60.570988,0,0.000000
56,4,1.081081,889,58.066623,807,62.268519,0,0.000000
272,5,1.351351,897,58.589157,809,62.422840,0,0.000000
308,6,1.621622,897,58.589157,809,62.422840,0,0.000000
287,7,1.891892,907,59.242325,811,62.577160,0,0.000000
340,8,2.162162,909,59.372959,813,62.731481,0,0.000000
358,9,2.432432,909,59.372959,813,62.731481,0,0.000000
130,10,2.702703,923,60.287394,829,63.966049,0,0.000000
136,11,2.972973,931,60.809928,833,64.274691,0,0.000000
148,12,3.243243,950,62.050947,839,64.737654,0,0.000000
218,13,3.513514,950,62.050947,839,64.737654,0,0.000000
260,14,3.783784,977,63.814500,857,66.126543,0,0.000000
71,15,4.054054,981,64.075767,859,66.280864,0,0.000000
354,16,4.324324,981,64.075767,859,66.280864,0,0.000000
342,17,4.594595,982,64.141084,861,66.435185,0,0.000000
344,18,4.864865,982,64.141084,861,66.435185,0,0.000000
337,19,5.135135,985,64.337035,863,66.589506,0,0.000000
127,20,5.405405,1010,65.969954,879,67.824074,0,0.000000
322,21,5.675676,1010,65.969954,879,67.824074,0,0.000000
247,22,5.945946,1010,65.969954,879,67.824074,0,0.000000
188,23,6.216216,1010,65.969954,879,67.824074,0,0.000000
351,24,6.486486,1023,66.819073,891,68.750000,0,0.000000
364,25,6.756757,1030,67.276290,891,68.750000,0,0.000000
