TestcaseNumber,TestcaseCount,TestcaseRatio,StatementCount,StatementRatio,BranchCount,BranchRatio,FaultCount,FaultRatio
198,1,0.270270,795,51.926845,706,54.475309,0,0.000000
183,2,0.540541,810,52.906597,708,54.629630,0,0.000000
59,3,0.810811,844,55.127368,732,56.481481,0,0.000000
203,4,1.081081,859,56.107120,750,57.870370,0,0.000000
23,5,1.351351,880,57.478772,752,58.024691,0,0.000000
347,6,1.621622,942,61.528413,802,61.882716,0,0.000000
32,7,1.891892,961,62.769432,804,62.037037,0,0.000000
21,8,2.162162,964,62.965382,804,62.037037,0,0.000000
131,9,2.432432,993,64.859569,857,66.126543,0,0.000000
282,10,2.702703,994,64.924886,857,66.126543,0,0.000000
150,11,2.972973,1024,66.884389,873,67.361111,0,0.000000
180,12,3.243243,1024,66.884389,873,67.361111,0,0.000000
250,13,3.513514,1024,66.884389,873,67.361111,0,0.000000
249,14,3.783784,1024,66.884389,873,67.361111,0,0.000000
281,15,4.054054,1050,68.582626,889,68.595679,0,0.000000
346,16,4.324324,1054,68.843893,891,68.750000,0,0.000000
57,17,4.594595,1057,69.039843,891,68.750000,0,0.000000
135,18,4.864865,1058,69.105160,893,68.904321,0,0.000000
84,19,5.135135,1062,69.366427,895,69.058642,0,0.000000
166,20,5.405405,1062,69.366427,895,69.058642,0,0.000000
313,21,5.675676,1063,69.431744,895,69.058642,0,0.000000
18,22,5.945946,1063,69.431744,897,69.212963,0,0.000000
272,23,6.216216,1066,69.627694,897,69.212963,0,0.000000
6,24,6.486486,1066,69.627694,897,69.212963,0,0.000000
99,25,6.756757,1066,69.627694,897,69.212963,0,0.000000
263,26,7.027027,1066,69.627694,897,69.212963,0,0.000000
155,27,7.297297,1066,69.627694,899,69.367284,0,0.000000
327,28,7.567568,1066,69.627694,899,69.367284,0,0.000000
