TestcaseNumber,TestcaseCount,TestcaseRatio,StatementCount,StatementRatio,BranchCount,BranchRatio,FaultCount,FaultRatio
336,1,0.270270,664,43.370346,543,41.898148,0,0.000000
140,2,0.540541,733,47.877204,613,47.299383,0,0.000000
369,3,0.810811,744,48.595689,613,47.299383,0,0.000000
283,4,1.081081,776,50.685826,625,48.225309,0,0.000000
197,5,1.351351,886,57.870673,752,58.024691,0,0.000000
355,6,1.621622,892,58.262573,752,58.024691,0,0.000000
304,7,1.891892,892,58.262573,752,58.024691,0,0.000000
19,8,2.162162,896,58.523841,756,58.333333,0,0.000000
18,9,2.432432,897,58.589157,760,58.641975,0,0.000000
103,10,2.702703,897,58.589157,760,58.641975,0,0.000000
277,11,2.972973,914,59.699543,772,59.567901,0,0.000000
309,12,3.243243,974,63.618550,843,65.046296,0,0.000000
205,13,3.513514,1010,65.969954,869,67.052469,0,0.000000
27,14,3.783784,1056,68.974526,895,69.058642,0,0.000000
4,15,4.054054,1076,70.280862,899,69.367284,0,0.000000
45,16,4.324324,1077,70.346179,901,69.521605,0,0.000000
349,17,4.594595,1081,70.607446,903,69.675926,0,0.000000
353,18,4.864865,1081,70.607446,903,69.675926,0,0.000000
43,19,5.135135,1087,70.999347,903,69.675926,0,0.000000
228,20,5.405405,1093,71.391248,907,69.984568,0,0.000000
22,21,5.675676,1110,72.501633,909,70.138889,0,0.000000
163,22,5.945946,1110,72.501633,909,70.138889,0,0.000000
70,23,6.216216,1110,72.501633,909,70.138889,0,0.000000
28,24,6.486486,1116,72.893534,913,70.447531,0,0.000000
346,25,6.756757,1116,72.893534,913,70.447531,0,0.000000
185,26,7.027027,1117,72.958850,917,70.756173,0,0.000000
348,27,7.297297,1117,72.958850,917,70.756173,0,0.000000
342,28,7.567568,1117,72.958850,917,70.756173,0,0.000000
105,29,7.837838,1117,72.958850,917,70.756173,0,0.000000
144,30,8.108108,1117,72.958850,917,70.756173,0,0.000000
123,31,8.378378,1117,72.958850,917,70.756173,0,0.000000
