TestcaseNumber,TestcaseCount,TestcaseRatio,StatementCount,StatementRatio,BranchCount,BranchRatio,FaultCount,FaultRatio
110,1,0.270270,565,36.903984,488,37.654321,0,0.000000
247,2,0.540541,576,37.622469,494,38.117284,0,0.000000
159,3,0.810811,746,48.726323,627,48.379630,0,0.000000
102,4,1.081081,759,49.575441,631,48.688272,0,0.000000
271,5,1.351351,789,51.534944,639,49.305556,0,0.000000
266,6,1.621622,814,53.167864,647,49.922840,0,0.000000
173,7,1.891892,827,54.016982,659,50.848765,0,0.000000
337,8,2.162162,827,54.016982,659,50.848765,0,0.000000
70,9,2.432432,827,54.016982,659,50.848765,0,0.000000
318,10,2.702703,829,54.147616,659,50.848765,0,0.000000
46,11,2.972973,833,54.408883,661,51.003086,0,0.000000
261,12,3.243243,867,56.629654,695,53.626543,0,0.000000
152,13,3.513514,971,63.422600,847,65.354938,0,0.000000
142,14,3.783784,971,63.422600,847,65.354938,0,0.000000
75,15,4.054054,971,63.422600,847,65.354938,0,0.000000
63,16,4.324324,989,64.598302,861,66.435185,0,0.000000
370,17,4.594595,989,64.598302,861,66.435185,0,0.000000
154,18,4.864865,989,64.598302,861,66.435185,0,0.000000
265,19,5.135135,989,64.598302,861,66.435185,0,0.000000
302,20,5.405405,989,64.598302,861,66.435185,0,0.000000
194,21,5.675676,989,64.598302,861,66.435185,0,0.000000
326,22,5.945946,997,65.120836,867,66.898148,0,0.000000
319,23,6.216216,997,65.120836,867,66.898148,0,0.000000
145,24,6.486486,997,65.120836,867,66.898148,0,0.000000
4,25,6.756757,1017,66.427172,871,67.206790,0,0.000000
164,26,7.027027,1027,67.080340,883,68.132716,0,0.000000
255,27,7.297297,1027,67.080340,883,68.132716,0,0.000000
251,28,7.567568,1035,67.602874,883,68.132716,0,0.000000
216,29,7.837838,1035,67.602874,883,68.132716,0,0.000000
309,30,8.108108,1035,67.602874,883,68.132716,0,0.000000
85,31,8.378378,1035,67.602874,883,68.132716,0,0.000000
246,32,8.648649,1036,67.668191,883,68.132716,0,0.000000
108,33,8.918919,1036,67.668191,883,68.132716,0,0.000000
165,34,9.189189,1037,67.733508,885,68.287037,0,0.000000
328,35,9.459459,1037,67.733508,885,68.287037,0,0.000000
138,36,9.729730,1038,67.798824,887,68.441358,0,0.000000
283,37,10.000000,1038,67.798824,887,68.441358,0,0.000000
132,38,10.270270,1039,67.864141,889,68.595679,0,0.000000
233,39,10.540541,1065,69.562378,905,69.830247,0,0.000000
