TestcaseNumber,TestcaseCount,TestcaseRatio,StatementCount,StatementRatio,BranchCount,BranchRatio,FaultCount,FaultRatio
268,1,0.270270,290,18.941868,227,17.515432,0,0.000000
14,2,0.540541,298,19.464402,227,17.515432,0,0.000000
244,3,0.810811,337,22.011757,261,20.138889,0,0.000000
166,4,1.081081,851,55.584585,764,58.950617,0,0.000000
337,5,1.351351,866,56.564337,772,59.567901,0,0.000000
111,6,1.621622,910,59.438276,792,61.111111,0,0.000000
67,7,1.891892,910,59.438276,792,61.111111,0,0.000000
201,8,2.162162,911,59.503592,794,61.265432,0,0.000000
27,9,2.432432,957,62.508165,820,63.271605,0,0.000000
5,10,2.702703,974,63.618550,820,63.271605,0,0.000000
134,11,2.972973,1015,66.296538,867,66.898148,0,0.000000
136,12,3.243243,1015,66.296538,867,66.898148,0,0.000000
62,13,3.513514,1015,66.296538,867,66.898148,0,0.000000
278,14,3.783784,1024,66.884389,873,67.361111,0,0.000000
95,15,4.054054,1029,67.210973,875,67.515432,0,0.000000
296,16,4.324324,1029,67.210973,877,67.669753,0,0.000000
32,17,4.594595,1031,67.341607,879,67.824074,0,0.000000
263,18,4.864865,1031,67.341607,879,67.824074,0,0.000000
189,19,5.135135,1068,69.758328,909,70.138889,0,0.000000
8,20,5.405405,1068,69.758328,909,70.138889,0,0.000000
143,21,5.675676,1068,69.758328,909,70.138889,0,0.000000
178,22,5.945946,1068,69.758328,909,70.138889,0,0.000000
329,23,6.216216,1074,70.150229,911,70.293210,0,0.000000
287,24,6.486486,1074,70.150229,911,70.293210,0,0.000000
155,25,6.756757,1074,70.150229,911,70.293210,0,0.000000
256,26,7.027027,1074,70.150229,911,70.293210,0,0.000000
91,27,7.297297,1099,71.783148,927,71.527778,0,0.000000
