TestcaseNumber,TestcaseCount,TestcaseRatio,StatementCount,StatementRatio,BranchCount,BranchRatio,FaultCount,FaultRatio
102,1,0.270270,599,39.124755,518,39.969136,0,0.000000
189,2,0.540541,869,56.760287,789,60.879630,0,0.000000
112,3,0.810811,894,58.393207,795,61.342593,0,0.000000
324,4,1.081081,896,58.523841,797,61.496914,0,0.000000
158,5,1.351351,907,59.242325,801,61.805556,0,0.000000
101,6,1.621622,907,59.242325,801,61.805556,0,0.000000
49,7,1.891892,907,59.242325,801,61.805556,0,0.000000
114,8,2.162162,907,59.242325,801,61.805556,0,0.000000
224,9,2.432432,915,59.764860,807,62.268519,0,0.000000
180,10,2.702703,921,60.156760,809,62.422840,0,0.000000
171,11,2.972973,943,61.593730,833,64.274691,0,0.000000
72,12,3.243243,943,61.593730,833,64.274691,0,0.000000
35,13,3.513514,964,62.965382,837,64.583333,0,0.000000
349,14,3.783784,1010,65.969954,865,66.743827,0,0.000000
122,15,4.054054,1010,65.969954,865,66.743827,0,0.000000
56,16,4.324324,1034,67.537557,887,68.441358,0,0.000000
303,17,4.594595,1042,68.060091,891,68.750000,0,0.000000
190,18,4.864865,1042,68.060091,891,68.750000,0,0.000000
306,19,5.135135,1042,68.060091,891,68.750000,0,0.000000
326,20,5.405405,1042,68.060091,891,68.750000,0,0.000000
76,21,5.675676,1042,68.060091,891,68.750000,0,0.000000
256,22,5.945946,1042,68.060091,891,68.750000,0,0.000000
244,23,6.216216,1044,68.190725,891,68.750000,0,0.000000
132,24,6.486486,1044,68.190725,891,68.750000,0,0.000000
254,25,6.756757,1044,68.190725,891,68.750000,0,0.000000
47,26,7.027027,1045,68.256042,893,68.904321,0,0.000000
4,27,7.297297,1056,68.974526,897,69.212963,0,0.000000
30,28,7.567568,1246,81.384716,1054,81.327160,0,0.000000
42,29,7.837838,1246,81.384716,1054,81.327160,0,0.000000
292,30,8.108108,1246,81.384716,1054,81.327160,0,0.000000
266,31,8.378378,1246,81.384716,1054,81.327160,0,0.000000
219,32,8.648649,1246,81.384716,1054,81.327160,0,0.000000
282,33,8.918919,1246,81.384716,1054,81.327160,0,0.000000
110,34,9.189189,1250,81.645983,1058,81.635802,0,0.000000
257,35,9.459459,1250,81.645983,1058,81.635802,0,0.000000
314,36,9.729730,1260,82.299151,1070,82.561728,0,0.000000
