TestcaseNumber,TestcaseCount,TestcaseRatio,StatementCount,StatementRatio,BranchCount,BranchRatio,FaultCount,FaultRatio
32,1,0.270270,530,34.617897,467,36.033951,0,0.000000
159,2,0.540541,721,47.093403,583,44.984568,0,0.000000
39,3,0.810811,762,49.771391,613,47.299383,0,0.000000
360,4,1.081081,901,58.850425,789,60.879630,0,0.000000
62,5,1.351351,957,62.508165,848,65.432099,0,0.000000
266,6,1.621622,962,62.834749,850,65.586420,0,0.000000
271,7,1.891892,995,64.990202,868,66.975309,0,0.000000
288,8,2.162162,1004,65.578054,868,66.975309,0,0.000000
233,9,2.432432,1030,67.276290,884,68.209877,0,0.000000
275,10,2.702703,1030,67.276290,884,68.209877,0,0.000000
146,11,2.972973,1034,67.537557,888,68.518519,0,0.000000
183,12,3.243243,1034,67.537557,888,68.518519,0,0.000000
355,13,3.513514,1041,67.994775,890,68.672840,0,0.000000
175,14,3.783784,1041,67.994775,892,68.827160,0,0.000000
339,15,4.054054,1061,69.301110,935,72.145062,0,0.000000
309,16,4.324324,1064,69.497061,935,72.145062,0,0.000000
80,17,4.594595,1067,69.693011,935,72.145062,0,0.000000
114,18,4.864865,1067,69.693011,935,72.145062,0,0.000000
246,19,5.135135,1068,69.758328,935,72.145062,0,0.000000
282,20,5.405405,1069,69.823645,935,72.145062,0,0.000000
125,21,5.675676,1069,69.823645,935,72.145062,0,0.000000
303,22,5.945946,1074,70.150229,937,72.299383,0,0.000000
294,23,6.216216,1074,70.150229,937,72.299383,0,0.000000
263,24,6.486486,1074,70.150229,937,72.299383,0,0.000000
307,25,6.756757,1074,70.150229,939,72.453704,0,0.000000
186,26,7.027027,1074,70.150229,939,72.453704,0,0.000000
177,27,7.297297,1074,70.150229,939,72.453704,0,0.000000
207,28,7.567568,1080,70.542129,947,73.070988,0,0.000000
74,29,7.837838,1080,70.542129,947,73.070988,0,0.000000
86,30,8.108108,1080,70.542129,947,73.070988,0,0.000000
227,31,8.378378,1080,70.542129,947,73.070988,0,0.000000
301,32,8.648649,1080,70.542129,947,73.070988,0,0.000000
34,33,8.918919,1081,70.607446,947,73.070988,0,0.000000
