TestcaseNumber,TestcaseCount,TestcaseRatio,StatementCount,StatementRatio,BranchCount,BranchRatio,FaultCount,FaultRatio
75,1,0.270270,599,39.124755,545,42.052469,0,0.000000
175,2,0.540541,734,47.942521,634,48.919753,0,0.000000
369,3,0.810811,745,48.661006,634,48.919753,0,0.000000
292,4,1.081081,780,50.947093,654,50.462963,0,0.000000
51,5,1.351351,921,60.156760,857,66.126543,0,0.000000
6,6,1.621622,921,60.156760,857,66.126543,0,0.000000
204,7,1.891892,954,62.312214,879,67.824074,0,0.000000
20,8,2.162162,979,63.945134,881,67.978395,0,0.000000
155,9,2.432432,996,65.055519,893,68.904321,0,0.000000
170,10,2.702703,1005,65.643370,903,69.675926,0,0.000000
157,11,2.972973,1009,65.904637,905,69.830247,0,0.000000
27,12,3.243243,1056,68.974526,933,71.990741,0,0.000000
220,13,3.513514,1075,70.215545,945,72.916667,0,0.000000
90,14,3.783784,1105,72.175049,963,74.305556,0,0.000000
63,15,4.054054,1105,72.175049,963,74.305556,0,0.000000
341,16,4.324324,1106,72.240366,963,74.305556,0,0.000000
245,17,4.594595,1129,73.742652,975,75.231481,0,0.000000
319,18,4.864865,1129,73.742652,975,75.231481,0,0.000000
9,19,5.135135,1129,73.742652,975,75.231481,0,0.000000
260,20,5.405405,1159,75.702155,1003,77.391975,0,0.000000
344,21,5.675676,1160,75.767472,1005,77.546296,0,0.000000
46,22,5.945946,1160,75.767472,1005,77.546296,0,0.000000
327,23,6.216216,1168,76.290007,1005,77.546296,0,0.000000
144,24,6.486486,1168,76.290007,1005,77.546296,0,0.000000
65,25,6.756757,1168,76.290007,1005,77.546296,0,0.000000
340,26,7.027027,1168,76.290007,1005,77.546296,0,0.000000
324,27,7.297297,1168,76.290007,1007,77.700617,0,0.000000
17,28,7.567568,1175,76.747224,1009,77.854938,0,0.000000
73,29,7.837838,1175,76.747224,1009,77.854938,0,0.000000
