TestcaseNumber,TestcaseCount,TestcaseRatio,StatementCount,StatementRatio,BranchCount,BranchRatio,FaultCount,FaultRatio
313,1,0.270270,790,51.600261,688,53.086420,0,0.000000
166,2,0.540541,882,57.609406,807,62.268519,0,0.000000
55,3,0.810811,882,57.609406,807,62.268519,0,0.000000
338,4,1.081081,900,58.785108,817,63.040123,0,0.000000
150,5,1.351351,947,61.854997,845,65.200617,0,0.000000
165,6,1.621622,951,62.116264,849,65.509259,0,0.000000
100,7,1.891892,958,62.573481,851,65.663580,0,0.000000
261,8,2.162162,985,64.337035,871,67.206790,0,0.000000
348,9,2.432432,985,64.337035,871,67.206790,0,0.000000
180,10,2.702703,985,64.337035,871,67.206790,0,0.000000
89,11,2.972973,993,64.859569,871,67.206790,0,0.000000
284,12,3.243243,993,64.859569,871,67.206790,0,0.000000
212,13,3.513514,993,64.859569,877,67.669753,0,0.000000
339,14,3.783784,993,64.859569,877,67.669753,0,0.000000
82,15,4.054054,996,65.055519,877,67.669753,0,0.000000
327,16,4.324324,996,65.055519,879,67.824074,0,0.000000
156,17,4.594595,1006,65.708687,883,68.132716,0,0.000000
308,18,4.864865,1006,65.708687,883,68.132716,0,0.000000
134,19,5.135135,1025,66.949706,899,69.367284,0,0.000000
9,20,5.405405,1025,66.949706,899,69.367284,0,0.000000
51,21,5.675676,1078,70.411496,979,75.540123,0,0.000000
169,22,5.945946,1082,70.672763,983,75.848765,0,0.000000
103,23,6.216216,1082,70.672763,983,75.848765,0,0.000000
81,24,6.486486,1082,70.672763,983,75.848765,0,0.000000
232,25,6.756757,1082,70.672763,983,75.848765,0,0.000000
230,26,7.027027,1091,71.260614,991,76.466049,0,0.000000
25,27,7.297297,1105,72.175049,993,76.620370,0,0.000000
297,28,7.567568,1105,72.175049,997,76.929012,0,0.000000
10,29,7.837838,1125,73.481385,1001,77.237654,0,0.000000
