TestcaseNumber,TestcaseCount,TestcaseRatio,StatementCount,StatementRatio,BranchCount,BranchRatio,FaultCount,FaultRatio
136,1,0.270270,691,45.133899,579,44.675926,0,0.000000
217,2,0.540541,742,48.465056,632,48.765432,0,0.000000
316,3,0.810811,814,53.167864,682,52.623457,0,0.000000
242,4,1.081081,814,53.167864,682,52.623457,0,0.000000
151,5,1.351351,920,60.091444,819,63.194444,0,0.000000
189,6,1.621622,923,60.287394,821,63.348765,0,0.000000
205,7,1.891892,927,60.548661,825,63.657407,0,0.000000
104,8,2.162162,949,61.985630,833,64.274691,0,0.000000
369,9,2.432432,960,62.704115,833,64.274691,0,0.000000
273,10,2.702703,960,62.704115,833,64.274691,0,0.000000
317,11,2.972973,960,62.704115,833,64.274691,0,0.000000
17,12,3.243243,967,63.161332,835,64.429012,0,0.000000
224,13,3.513514,974,63.618550,841,64.891975,0,0.000000
41,14,3.783784,974,63.618550,841,64.891975,0,0.000000
363,15,4.054054,974,63.618550,841,64.891975,0,0.000000
276,16,4.324324,1012,66.100588,871,67.206790,0,0.000000
348,17,4.594595,1019,66.557805,875,67.515432,0,0.000000
36,18,4.864865,1039,67.864141,877,67.669753,0,0.000000
270,19,5.135135,1039,67.864141,877,67.669753,0,0.000000
69,20,5.405405,1039,67.864141,877,67.669753,0,0.000000
199,21,5.675676,1047,68.386675,879,67.824074,0,0.000000
235,22,5.945946,1047,68.386675,879,67.824074,0,0.000000
19,23,6.216216,1047,68.386675,879,67.824074,0,0.000000
287,24,6.486486,1048,68.451992,879,67.824074,0,0.000000
240,25,6.756757,1048,68.451992,879,67.824074,0,0.000000
