TestcaseNumber,TestcaseCount,TestcaseRatio,StatementCount,StatementRatio,BranchCount,BranchRatio,FaultCount,FaultRatio
48,1,0.270270,580,37.883736,508,39.197531,0,0.000000
300,2,0.540541,736,48.073155,626,48.302469,0,0.000000
333,3,0.810811,889,58.066623,813,62.731481,0,0.000000
163,4,1.081081,926,60.483344,835,64.429012,0,0.000000
119,5,1.351351,932,60.875245,841,64.891975,0,0.000000
86,6,1.621622,932,60.875245,841,64.891975,0,0.000000
95,7,1.891892,945,61.724363,843,65.046296,0,0.000000
23,8,2.162162,969,63.291966,845,65.200617,0,0.000000
113,9,2.432432,988,64.532985,851,65.663580,0,0.000000
116,10,2.702703,988,64.532985,851,65.663580,0,0.000000
282,11,2.972973,992,64.794252,853,65.817901,0,0.000000
353,12,3.243243,1010,65.969954,867,66.898148,0,0.000000
14,13,3.513514,1018,66.492489,867,66.898148,0,0.000000
326,14,3.783784,1026,67.015023,873,67.361111,0,0.000000
43,15,4.054054,1026,67.015023,873,67.361111,0,0.000000
359,16,4.324324,1026,67.015023,873,67.361111,0,0.000000
156,17,4.594595,1026,67.015023,873,67.361111,0,0.000000
145,18,4.864865,1026,67.015023,873,67.361111,0,0.000000
347,19,5.135135,1049,68.517309,889,68.595679,0,0.000000
148,20,5.405405,1049,68.517309,889,68.595679,0,0.000000
365,21,5.675676,1056,68.974526,889,68.595679,0,0.000000
