TestcaseNumber,TestcaseCount,TestcaseRatio,StatementCount,StatementRatio,BranchCount,BranchRatio,FaultCount,FaultRatio
203,1,0.270270,643,41.998694,551,42.515432,0,0.000000
281,2,0.540541,705,46.048334,608,46.913580,0,0.000000
360,3,0.810811,909,59.372959,830,64.043210,0,0.000000
318,4,1.081081,943,61.593730,852,65.740741,0,0.000000
89,5,1.351351,971,63.422600,868,66.975309,0,0.000000
163,6,1.621622,976,63.749184,872,67.283951,0,0.000000
181,7,1.891892,976,63.749184,872,67.283951,0,0.000000
132,8,2.162162,977,63.814500,874,67.438272,0,0.000000
245,9,2.432432,1003,65.512737,888,68.518519,0,0.000000
137,10,2.702703,1003,65.512737,888,68.518519,0,0.000000
258,11,2.972973,1022,66.753756,906,69.907407,0,0.000000
71,12,3.243243,1022,66.753756,906,69.907407,0,0.000000
73,13,3.513514,1022,66.753756,906,69.907407,0,0.000000
13,14,3.783784,1030,67.276290,906,69.907407,0,0.000000
85,15,4.054054,1063,69.431744,928,71.604938,0,0.000000
37,16,4.324324,1083,70.738080,928,71.604938,0,0.000000
110,17,4.594595,1083,70.738080,928,71.604938,0,0.000000
90,18,4.864865,1086,70.934030,928,71.604938,0,0.000000
3,19,5.135135,1090,71.195297,928,71.604938,0,0.000000
39,20,5.405405,1091,71.260614,928,71.604938,0,0.000000
165,21,5.675676,1121,73.220118,985,76.003086,0,0.000000
301,22,5.945946,1125,73.481385,987,76.157407,0,0.000000
278,23,6.216216,1125,73.481385,987,76.157407,0,0.000000
