TestcaseNumber,TestcaseCount,TestcaseRatio,StatementCount,StatementRatio,BranchCount,BranchRatio,FaultCount,FaultRatio
38,1,0.270270,609,39.777923,511,39.429012,0,0.000000
128,2,0.540541,795,51.926845,716,55.246914,0,0.000000
358,3,0.810811,795,51.926845,716,55.246914,0,0.000000
307,4,1.081081,862,56.303070,760,58.641975,0,0.000000
159,5,1.351351,895,58.458524,782,60.339506,0,0.000000
114,6,1.621622,928,60.613978,819,63.194444,0,0.000000
13,7,1.891892,936,61.136512,819,63.194444,0,0.000000
231,8,2.162162,951,62.116264,835,64.429012,0,0.000000
60,9,2.432432,969,63.291966,849,65.509259,0,0.000000
52,10,2.702703,987,64.467668,857,66.126543,0,0.000000
297,11,2.972973,987,64.467668,861,66.435185,0,0.000000
58,12,3.243243,987,64.467668,861,66.435185,0,0.000000
289,13,3.513514,1013,66.165905,873,67.361111,0,0.000000
351,14,3.783784,1017,66.427172,877,67.669753,0,0.000000
74,15,4.054054,1027,67.080340,889,68.595679,0,0.000000
120,16,4.324324,1027,67.080340,889,68.595679,0,0.000000
50,17,4.594595,1027,67.080340,889,68.595679,0,0.000000
34,18,4.864865,1029,67.210973,889,68.595679,0,0.000000
89,19,5.135135,1047,68.386675,899,69.367284,0,0.000000
33,20,5.405405,1050,68.582626,903,69.675926,0,0.000000
323,21,5.675676,1050,68.582626,903,69.675926,0,0.000000
303,22,5.945946,1058,69.105160,907,69.984568,0,0.000000
212,23,6.216216,1060,69.235794,913,70.447531,0,0.000000
204,24,6.486486,1061,69.301110,915,70.601852,0,0.000000
11,25,6.756757,1072,70.019595,919,70.910494,0,0.000000
8,26,7.027027,1072,70.019595,919,70.910494,0,0.000000
350,27,7.297297,1072,70.019595,919,70.910494,0,0.000000
276,28,7.567568,1079,70.476813,921,71.064815,0,0.000000
29,29,7.837838,1241,81.058132,1054,81.327160,0,0.000000
95,30,8.108108,1241,81.058132,1054,81.327160,0,0.000000
274,31,8.378378,1241,81.058132,1054,81.327160,0,0.000000
319,32,8.648649,1248,81.515349,1058,81.635802,0,0.000000
354,33,8.918919,1248,81.515349,1058,81.635802,0,0.000000
158,34,9.189189,1248,81.515349,1058,81.635802,0,0.000000
