TestcaseNumber,TestcaseCount,TestcaseRatio,StatementCount,StatementRatio,BranchCount,BranchRatio,FaultCount,FaultRatio
281,1,0.270270,629,41.084259,547,42.206790,0,0.000000
94,2,0.540541,670,43.762247,587,45.293210,0,0.000000
191,3,0.810811,920,60.091444,833,64.274691,0,0.000000
327,4,1.081081,920,60.091444,833,64.274691,0,0.000000
101,5,1.351351,930,60.744611,835,64.429012,0,0.000000
248,6,1.621622,951,62.116264,835,64.429012,0,0.000000
51,7,1.891892,1010,65.969954,917,70.756173,0,0.000000
184,8,2.162162,1022,66.753756,917,70.756173,0,0.000000
32,9,2.432432,1024,66.884389,919,70.910494,0,0.000000
266,10,2.702703,1046,68.321359,927,71.527778,0,0.000000
338,11,2.972973,1050,68.582626,929,71.682099,0,0.000000
139,12,3.243243,1051,68.647943,931,71.836420,0,0.000000
362,13,3.513514,1052,68.713259,933,71.990741,1,1.000000
23,14,3.783784,1071,69.954278,935,72.145062,1,1.000000
161,15,4.054054,1097,71.652515,951,73.379630,1,1.000000
293,16,4.324324,1097,71.652515,951,73.379630,1,1.000000
145,17,4.594595,1097,71.652515,951,73.379630,1,1.000000
11,18,4.864865,1108,72.370999,955,73.688272,1,1.000000
141,19,5.135135,1117,72.958850,967,74.614198,1,1.000000
250,20,5.405405,1117,72.958850,967,74.614198,1,1.000000
73,21,5.675676,1117,72.958850,967,74.614198,1,1.000000
178,22,5.945946,1117,72.958850,967,74.614198,1,1.000000
370,23,6.216216,1117,72.958850,967,74.614198,1,1.000000
138,24,6.486486,1117,72.958850,967,74.614198,1,1.000000
318,25,6.756757,1120,73.154801,967,74.614198,1,1.000000
9,26,7.027027,1120,73.154801,967,74.614198,1,1.000000
246,27,7.297297,1121,73.220118,967,74.614198,1,1.000000
237,28,7.567568,1121,73.220118,967,74.614198,1,1.000000
262,29,7.837838,1121,73.220118,967,74.614198,1,1.000000
212,30,8.108108,1121,73.220118,973,75.077160,1,1.000000
99,31,8.378378,1121,73.220118,973,75.077160,1,1.000000
175,32,8.648649,1121,73.220118,975,75.231481,1,1.000000
34,33,8.918919,1122,73.285434,975,75.231481,1,1.000000
