TestcaseNumber,TestcaseCount,TestcaseRatio,StatementCount,StatementRatio,BranchCount,BranchRatio,FaultCount,FaultRatio
349,1,0.270270,344,22.468975,269,20.756173,0,0.000000
370,2,0.540541,344,22.468975,269,20.756173,0,0.000000
174,3,0.810811,727,47.485304,589,45.447531,0,0.000000
260,4,1.081081,772,50.424559,623,48.070988,0,0.000000
350,5,1.351351,772,50.424559,623,48.070988,0,0.000000
330,6,1.621622,890,58.131940,778,60.030864,0,0.000000
7,7,1.891892,908,59.307642,778,60.030864,0,0.000000
43,8,2.162162,956,62.442848,806,62.191358,0,0.000000
281,9,2.432432,982,64.141084,820,63.271605,0,0.000000
2,10,2.702703,986,64.402351,820,63.271605,0,0.000000
336,11,2.972973,986,64.402351,820,63.271605,0,0.000000
311,12,3.243243,992,64.794252,822,63.425926,0,0.000000
352,13,3.513514,998,65.186153,822,63.425926,0,0.000000
210,14,3.783784,1005,65.643370,826,63.734568,0,0.000000
167,15,4.054054,1035,67.602874,883,68.132716,0,0.000000
80,16,4.324324,1041,67.994775,883,68.132716,0,0.000000
242,17,4.594595,1041,67.994775,883,68.132716,0,0.000000
297,18,4.864865,1049,68.517309,893,68.904321,0,0.000000
120,19,5.135135,1049,68.517309,893,68.904321,0,0.000000
44,20,5.405405,1050,68.582626,895,69.058642,0,0.000000
84,21,5.675676,1050,68.582626,895,69.058642,0,0.000000
70,22,5.945946,1055,68.909210,897,69.212963,0,0.000000
