TestcaseNumber,TestcaseCount,TestcaseRatio,StatementCount,StatementRatio,BranchCount,BranchRatio,FaultCount,FaultRatio
60,1,0.270270,615,40.169824,553,42.669753,0,0.000000
317,2,0.540541,721,47.093403,618,47.685185,0,0.000000
262,3,0.810811,728,47.550621,628,48.456790,0,0.000000
284,4,1.081081,756,49.379491,638,49.228395,0,0.000000
244,5,1.351351,763,49.836708,644,49.691358,0,0.000000
184,6,1.621622,923,60.287394,823,63.503086,0,0.000000
277,7,1.891892,978,63.879817,857,66.126543,0,0.000000
312,8,2.162162,979,63.945134,857,66.126543,0,0.000000
228,9,2.432432,985,64.337035,859,66.280864,0,0.000000
310,10,2.702703,990,64.663619,861,66.435185,0,0.000000
123,11,2.972973,992,64.794252,863,66.589506,0,0.000000
167,12,3.243243,1033,67.472240,905,69.830247,0,0.000000
235,13,3.513514,1033,67.472240,905,69.830247,0,0.000000
17,14,3.783784,1040,67.929458,907,69.984568,0,0.000000
350,15,4.054054,1040,67.929458,907,69.984568,0,0.000000
66,16,4.324324,1047,68.386675,909,70.138889,0,0.000000
279,17,4.594595,1048,68.451992,909,70.138889,0,0.000000
246,18,4.864865,1049,68.517309,909,70.138889,0,0.000000
174,19,5.135135,1053,68.778576,909,70.138889,0,0.000000
334,20,5.405405,1053,68.778576,909,70.138889,0,0.000000
266,21,5.675676,1053,68.778576,909,70.138889,0,0.000000
