TestcaseNumber,TestcaseCount,TestcaseRatio,StatementCount,StatementRatio,BranchCount,BranchRatio,FaultCount,FaultRatio
370,1,0.270270,0,0.000000,0,0.000000,0,0.000000
260,2,0.540541,398,25.996081,307,23.688272,0,0.000000
151,3,0.810811,917,59.895493,833,64.274691,0,0.000000
60,4,1.081081,935,61.071195,847,65.354938,0,0.000000
266,5,1.351351,940,61.397779,849,65.509259,0,0.000000
193,6,1.621622,956,62.442848,853,65.817901,0,0.000000
37,7,1.891892,978,63.879817,855,65.972222,0,0.000000
168,8,2.162162,986,64.402351,861,66.435185,0,0.000000
186,9,2.432432,992,64.794252,863,66.589506,0,0.000000
53,10,2.702703,1013,66.165905,879,67.824074,0,0.000000
222,11,2.972973,1026,67.015023,891,68.750000,0,0.000000
204,12,3.243243,1027,67.080340,891,68.750000,0,0.000000
240,13,3.513514,1027,67.080340,891,68.750000,0,0.000000
117,14,3.783784,1030,67.276290,893,68.904321,0,0.000000
44,15,4.054054,1031,67.341607,895,69.058642,0,0.000000
208,16,4.324324,1037,67.733508,897,69.212963,0,0.000000
113,17,4.594595,1037,67.733508,897,69.212963,0,0.000000
261,18,4.864865,1037,67.733508,897,69.212963,0,0.000000
82,19,5.135135,1037,67.733508,897,69.212963,0,0.000000
337,20,5.405405,1044,68.190725,899,69.367284,0,0.000000
9,21,5.675676,1044,68.190725,899,69.367284,0,0.000000
94,22,5.945946,1044,68.190725,899,69.367284,0,0.000000
