TestcaseNumber,TestcaseCount,TestcaseRatio,StatementCount,StatementRatio,BranchCount,BranchRatio,FaultCount,FaultRatio
227,1,0.270270,618,40.365774,559,43.132716,0,0.000000
362,2,0.540541,806,52.645330,732,56.481481,1,1.000000
7,3,0.810811,827,54.016982,734,56.635802,1,1.000000
317,4,1.081081,897,58.589157,784,60.493827,1,1.000000
193,5,1.351351,907,59.242325,788,60.802469,1,1.000000
139,6,1.621622,923,60.287394,800,61.728395,1,1.000000
224,7,1.891892,931,60.809928,804,62.037037,1,1.000000
97,8,2.162162,942,61.528413,806,62.191358,1,1.000000
86,9,2.432432,942,61.528413,806,62.191358,1,1.000000
60,10,2.702703,942,61.528413,806,62.191358,1,1.000000
329,11,2.972973,942,61.528413,806,62.191358,1,1.000000
252,12,3.243243,950,62.050947,810,62.500000,1,1.000000
258,13,3.513514,1003,65.512737,846,65.277778,1,1.000000
330,14,3.783784,1051,68.647943,904,69.753086,1,1.000000
278,15,4.054054,1078,70.411496,932,71.913580,1,1.000000
103,16,4.324324,1078,70.411496,932,71.913580,1,1.000000
67,17,4.594595,1078,70.411496,932,71.913580,1,1.000000
36,18,4.864865,1081,70.607446,932,71.913580,1,1.000000
339,19,5.135135,1105,72.175049,977,75.385802,1,1.000000
200,20,5.405405,1111,72.566950,979,75.540123,1,1.000000
113,21,5.675676,1111,72.566950,979,75.540123,1,1.000000
