TestcaseNumber,TestcaseCount,TestcaseRatio,StatementCount,StatementRatio,BranchCount,BranchRatio,FaultCount,FaultRatio
86,1,0.270270,562,36.708034,494,38.117284,0,0.000000
255,2,0.540541,595,38.863488,508,39.197531,0,0.000000
289,3,0.810811,752,49.118223,619,47.762346,0,0.000000
65,4,1.081081,772,50.424559,633,48.842593,0,0.000000
15,5,1.351351,797,52.057479,635,48.996914,0,0.000000
90,6,1.621622,847,55.323318,690,53.240741,0,0.000000
92,7,1.891892,875,57.152188,714,55.092593,0,0.000000
43,8,2.162162,894,58.393207,720,55.555556,0,0.000000
259,9,2.432432,916,59.830176,738,56.944444,0,0.000000
201,10,2.702703,921,60.156760,744,57.407407,0,0.000000
229,11,2.972973,921,60.156760,746,57.561728,0,0.000000
176,12,3.243243,927,60.548661,746,57.561728,0,0.000000
50,13,3.513514,927,60.548661,746,57.561728,0,0.000000
355,14,3.783784,927,60.548661,746,57.561728,0,0.000000
157,15,4.054054,927,60.548661,746,57.561728,0,0.000000
276,16,4.324324,929,60.679295,746,57.561728,0,0.000000
91,17,4.594595,937,61.201829,746,57.561728,0,0.000000
310,18,4.864865,937,61.201829,746,57.561728,0,0.000000
227,19,5.135135,937,61.201829,746,57.561728,0,0.000000
58,20,5.405405,937,61.201829,746,57.561728,0,0.000000
170,21,5.675676,990,64.663619,790,60.956790,0,0.000000
133,22,5.945946,990,64.663619,790,60.956790,0,0.000000
280,23,6.216216,990,64.663619,790,60.956790,0,0.000000
319,24,6.486486,990,64.663619,792,61.111111,0,0.000000
148,25,6.756757,1059,69.170477,899,69.367284,0,0.000000
6,26,7.027027,1059,69.170477,899,69.367284,0,0.000000
169,27,7.297297,1059,69.170477,899,69.367284,0,0.000000
268,28,7.567568,1059,69.170477,899,69.367284,0,0.000000
32,29,7.837838,1061,69.301110,901,69.521605,0,0.000000
40,30,8.108108,1061,69.301110,901,69.521605,0,0.000000
235,31,8.378378,1061,69.301110,901,69.521605,0,0.000000
306,32,8.648649,1061,69.301110,903,69.675926,0,0.000000
5,33,8.918919,1061,69.301110,903,69.675926,0,0.000000
18,34,9.189189,1061,69.301110,905,69.830247,0,0.000000
357,35,9.459459,1061,69.301110,905,69.830247,0,0.000000
359,36,9.729730,1061,69.301110,905,69.830247,0,0.000000
75,37,10.000000,1061,69.301110,905,69.830247,0,0.000000
330,38,10.270270,1061,69.301110,905,69.830247,0,0.000000
339,39,10.540541,1061,69.301110,905,69.830247,0,0.000000
312,40,10.810811,1061,69.301110,905,69.830247,0,0.000000
33,41,11.081081,1064,69.497061,909,70.138889,0,0.000000
68,42,11.351351,1064,69.497061,909,70.138889,0,0.000000
115,43,11.621622,1064,69.497061,911,70.293210,0,0.000000
