TestcaseNumber,TestcaseCount,TestcaseRatio,StatementCount,StatementRatio,BranchCount,BranchRatio,FaultCount,FaultRatio
324,1,0.270270,770,50.293926,655,50.540123,0,0.000000
230,2,0.540541,820,53.559765,703,54.243827,0,0.000000
82,3,0.810811,840,54.866101,748,57.716049,0,0.000000
83,4,1.081081,852,55.649902,750,57.870370,0,0.000000
206,5,1.351351,899,58.719791,790,60.956790,0,0.000000
78,6,1.621622,905,59.111692,790,60.956790,0,0.000000
65,7,1.891892,919,60.026127,792,61.111111,0,0.000000
190,8,2.162162,943,61.593730,837,64.583333,0,0.000000
184,9,2.432432,943,61.593730,837,64.583333,0,0.000000
147,10,2.702703,946,61.789680,839,64.737654,0,0.000000
203,11,2.972973,970,63.357283,861,66.435185,0,0.000000
126,12,3.243243,994,64.924886,877,67.669753,0,0.000000
151,13,3.513514,994,64.924886,879,67.824074,0,0.000000
329,14,3.783784,998,65.186153,881,67.978395,0,0.000000
102,15,4.054054,998,65.186153,881,67.978395,0,0.000000
80,16,4.324324,998,65.186153,881,67.978395,0,0.000000
258,17,4.594595,1023,66.819073,893,68.904321,0,0.000000
284,18,4.864865,1027,67.080340,895,69.058642,0,0.000000
46,19,5.135135,1028,67.145656,897,69.212963,0,0.000000
318,20,5.405405,1034,67.537557,897,69.212963,0,0.000000
38,21,5.675676,1054,68.843893,897,69.212963,0,0.000000
123,22,5.945946,1054,68.843893,897,69.212963,0,0.000000
114,23,6.216216,1054,68.843893,897,69.212963,0,0.000000
178,24,6.486486,1054,68.843893,897,69.212963,0,0.000000
200,25,6.756757,1113,72.697583,981,75.694444,0,0.000000
149,26,7.027027,1113,72.697583,981,75.694444,0,0.000000
7,27,7.297297,1113,72.697583,981,75.694444,0,0.000000
131,28,7.567568,1123,73.350751,993,76.620370,0,0.000000
317,29,7.837838,1126,73.546702,997,76.929012,0,0.000000
143,30,8.108108,1129,73.742652,1001,77.237654,0,0.000000
93,31,8.378378,1130,73.807969,1001,77.237654,0,0.000000
122,32,8.648649,1130,73.807969,1001,77.237654,0,0.000000
58,33,8.918919,1130,73.807969,1001,77.237654,0,0.000000
