TestcaseNumber,TestcaseCount,TestcaseRatio,StatementCount,StatementRatio,BranchCount,BranchRatio,FaultCount,FaultRatio
178,1,0.270270,675,44.088831,551,42.515432,0,0.000000
11,2,0.540541,695,45.395167,555,42.824074,0,0.000000
88,3,0.810811,770,50.293926,644,49.691358,0,0.000000
23,4,1.081081,795,51.926845,646,49.845679,0,0.000000
142,5,1.351351,821,53.625082,664,51.234568,0,0.000000
329,6,1.621622,854,55.780536,686,52.932099,0,0.000000
323,7,1.891892,854,55.780536,686,52.932099,0,0.000000
284,8,2.162162,854,55.780536,688,53.086420,0,0.000000
148,9,2.432432,985,64.337035,839,64.737654,0,0.000000
41,10,2.702703,989,64.598302,841,64.891975,0,0.000000
187,11,2.972973,989,64.598302,843,65.046296,0,0.000000
303,12,3.243243,994,64.924886,845,65.200617,0,0.000000
132,13,3.513514,1013,66.165905,861,66.435185,0,0.000000
179,14,3.783784,1013,66.165905,861,66.435185,0,0.000000
331,15,4.054054,1015,66.296538,861,66.435185,0,0.000000
92,16,4.324324,1039,67.864141,883,68.132716,0,0.000000
190,17,4.594595,1042,68.060091,885,68.287037,0,0.000000
210,18,4.864865,1052,68.713259,889,68.595679,0,0.000000
45,19,5.135135,1053,68.778576,891,68.750000,0,0.000000
171,20,5.405405,1056,68.974526,895,69.058642,0,0.000000
137,21,5.675676,1056,68.974526,895,69.058642,0,0.000000
322,22,5.945946,1056,68.974526,895,69.058642,0,0.000000
174,23,6.216216,1059,69.170477,895,69.058642,0,0.000000
188,24,6.486486,1059,69.170477,895,69.058642,0,0.000000
2,25,6.756757,1063,69.431744,895,69.058642,0,0.000000
293,26,7.027027,1063,69.431744,895,69.058642,0,0.000000
