TestcaseNumber,TestcaseCount,TestcaseRatio,StatementCount,StatementRatio,BranchCount,BranchRatio,FaultCount,FaultRatio
16,1,0.270270,250,16.329197,170,13.117284,0,0.000000
137,2,0.540541,691,45.133899,577,44.521605,0,0.000000
128,3,0.810811,844,55.127368,758,58.487654,0,0.000000
101,4,1.081081,857,55.976486,764,58.950617,0,0.000000
36,5,1.351351,881,57.544089,766,59.104938,0,0.000000
227,6,1.621622,933,60.940562,825,63.657407,0,0.000000
343,7,1.891892,973,63.553233,843,65.046296,0,0.000000
188,8,2.162162,985,64.337035,853,65.817901,0,0.000000
208,9,2.432432,985,64.337035,853,65.817901,0,0.000000
225,10,2.702703,985,64.337035,853,65.817901,0,0.000000
62,11,2.972973,1003,65.512737,867,66.898148,0,0.000000
111,12,3.243243,1007,65.774004,873,67.361111,0,0.000000
298,13,3.513514,1008,65.839321,875,67.515432,0,0.000000
197,14,3.783784,1034,67.537557,891,68.750000,0,0.000000
159,15,4.054054,1044,68.190725,895,69.058642,0,0.000000
219,16,4.324324,1044,68.190725,895,69.058642,0,0.000000
358,17,4.594595,1044,68.190725,895,69.058642,0,0.000000
60,18,4.864865,1044,68.190725,895,69.058642,0,0.000000
165,19,5.135135,1045,68.256042,897,69.212963,0,0.000000
200,20,5.405405,1104,72.109732,981,75.694444,0,0.000000
164,21,5.675676,1104,72.109732,981,75.694444,0,0.000000
136,22,5.945946,1104,72.109732,981,75.694444,0,0.000000
314,23,6.216216,1105,72.175049,981,75.694444,0,0.000000
309,24,6.486486,1105,72.175049,981,75.694444,0,0.000000
254,25,6.756757,1105,72.175049,981,75.694444,0,0.000000
148,26,7.027027,1105,72.175049,981,75.694444,0,0.000000
252,27,7.297297,1105,72.175049,981,75.694444,0,0.000000
364,28,7.567568,1112,72.632266,981,75.694444,0,0.000000
151,29,7.837838,1112,72.632266,981,75.694444,0,0.000000
198,30,8.108108,1112,72.632266,981,75.694444,0,0.000000
186,31,8.378378,1112,72.632266,981,75.694444,0,0.000000
89,32,8.648649,1112,72.632266,981,75.694444,0,0.000000
231,33,8.918919,1121,73.220118,989,76.311728,0,0.000000
129,34,9.189189,1121,73.220118,989,76.311728,0,0.000000
