TestcaseNumber,TestcaseCount,TestcaseRatio,StatementCount,StatementRatio,BranchCount,BranchRatio,FaultCount,FaultRatio
128,1,0.270270,774,50.555193,714,55.092593,0,0.000000
123,2,0.540541,847,55.323318,764,58.950617,0,0.000000
242,3,0.810811,868,56.694971,774,59.722222,0,0.000000
94,4,1.081081,882,57.609406,782,60.339506,0,0.000000
309,5,1.351351,919,60.026127,829,63.966049,0,0.000000
60,6,1.621622,950,62.050947,849,65.509259,0,0.000000
283,7,1.891892,958,62.573481,849,65.509259,0,0.000000
9,8,2.162162,958,62.573481,849,65.509259,0,0.000000
12,9,2.432432,975,63.683867,849,65.509259,0,0.000000
83,10,2.702703,975,63.683867,849,65.509259,0,0.000000
284,11,2.972973,997,65.120836,859,66.280864,0,0.000000
317,12,3.243243,1001,65.382103,865,66.743827,0,0.000000
62,13,3.513514,1001,65.382103,865,66.743827,0,0.000000
4,14,3.783784,1012,66.100588,869,67.052469,0,0.000000
29,15,4.054054,1174,76.681907,1008,77.777778,0,0.000000
343,16,4.324324,1190,77.726976,1020,78.703704,0,0.000000
2,17,4.594595,1194,77.988243,1020,78.703704,0,0.000000
282,18,4.864865,1195,78.053560,1020,78.703704,0,0.000000
175,19,5.135135,1198,78.249510,1022,78.858025,0,0.000000
39,20,5.405405,1202,78.510777,1024,79.012346,0,0.000000
358,21,5.675676,1202,78.510777,1024,79.012346,0,0.000000
365,22,5.945946,1209,78.967995,1024,79.012346,0,0.000000
258,23,6.216216,1244,81.254082,1052,81.172840,0,0.000000
6,24,6.486486,1244,81.254082,1052,81.172840,0,0.000000
217,25,6.756757,1244,81.254082,1052,81.172840,0,0.000000
367,26,7.027027,1244,81.254082,1052,81.172840,0,0.000000
116,27,7.297297,1244,81.254082,1052,81.172840,0,0.000000
