TestcaseNumber,TestcaseCount,TestcaseRatio,StatementCount,StatementRatio,BranchCount,BranchRatio,FaultCount,FaultRatio
77,1,0.270270,630,41.149575,547,42.206790,0,0.000000
310,2,0.540541,763,49.836708,634,48.919753,0,0.000000
262,3,0.810811,786,51.338994,650,50.154321,0,0.000000
275,4,1.081081,849,55.453952,712,54.938272,0,0.000000
61,5,1.351351,849,55.453952,712,54.938272,0,0.000000
156,6,1.621622,853,55.715219,712,54.938272,0,0.000000
261,7,1.891892,898,58.654474,746,57.561728,0,0.000000
71,8,2.162162,907,59.242325,752,58.024691,0,0.000000
294,9,2.432432,932,60.875245,768,59.259259,0,0.000000
350,10,2.702703,932,60.875245,768,59.259259,0,0.000000
325,11,2.972973,975,63.683867,828,63.888889,0,0.000000
130,12,3.243243,1008,65.839321,883,68.132716,0,0.000000
92,13,3.513514,1011,66.035271,883,68.132716,0,0.000000
57,14,3.783784,1011,66.035271,883,68.132716,0,0.000000
288,15,4.054054,1015,66.296538,883,68.132716,0,0.000000
163,16,4.324324,1023,66.819073,885,68.287037,0,0.000000
100,17,4.594595,1023,66.819073,885,68.287037,0,0.000000
137,18,4.864865,1024,66.884389,887,68.441358,0,0.000000
120,19,5.135135,1024,66.884389,887,68.441358,0,0.000000
184,20,5.405405,1025,66.949706,889,68.595679,0,0.000000
76,21,5.675676,1025,66.949706,889,68.595679,0,0.000000
291,22,5.945946,1025,66.949706,889,68.595679,0,0.000000
358,23,6.216216,1025,66.949706,889,68.595679,0,0.000000
175,24,6.486486,1025,66.949706,891,68.750000,0,0.000000
219,25,6.756757,1025,66.949706,891,68.750000,0,0.000000
297,26,7.027027,1025,66.949706,895,69.058642,0,0.000000
