TestcaseNumber,TestcaseCount,TestcaseRatio,StatementCount,StatementRatio,BranchCount,BranchRatio,FaultCount,FaultRatio
303,1,0.270270,719,46.962769,602,46.450617,0,0.000000
7,2,0.540541,736,48.073155,602,46.450617,0,0.000000
225,3,0.810811,785,51.273677,650,50.154321,0,0.000000
263,4,1.081081,820,53.559765,672,51.851852,0,0.000000
115,5,1.351351,926,60.483344,803,61.959877,0,0.000000
256,6,1.621622,947,61.854997,821,63.348765,0,0.000000
369,7,1.891892,958,62.573481,821,63.348765,0,0.000000
301,8,2.162162,958,62.573481,821,63.348765,0,0.000000
43,9,2.432432,958,62.573481,821,63.348765,0,0.000000
101,10,2.702703,976,63.749184,825,63.657407,0,0.000000
122,11,2.972973,976,63.749184,825,63.657407,0,0.000000
336,12,3.243243,982,64.141084,825,63.657407,0,0.000000
239,13,3.513514,1006,65.708687,847,65.354938,0,0.000000
272,14,3.783784,1006,65.708687,847,65.354938,0,0.000000
156,15,4.054054,1010,65.969954,849,65.509259,0,0.000000
279,16,4.324324,1014,66.231221,855,65.972222,0,0.000000
120,17,4.594595,1014,66.231221,855,65.972222,0,0.000000
45,18,4.864865,1015,66.296538,857,66.126543,0,0.000000
110,19,5.135135,1019,66.557805,861,66.435185,0,0.000000
84,20,5.405405,1019,66.557805,861,66.435185,0,0.000000
288,21,5.675676,1019,66.557805,861,66.435185,0,0.000000
142,22,5.945946,1021,66.688439,861,66.435185,0,0.000000
63,23,6.216216,1021,66.688439,861,66.435185,0,0.000000
81,24,6.486486,1021,66.688439,861,66.435185,0,0.000000
317,25,6.756757,1025,66.949706,867,66.898148,0,0.000000
346,26,7.027027,1025,66.949706,867,66.898148,0,0.000000
342,27,7.297297,1025,66.949706,867,66.898148,0,0.000000
135,28,7.567568,1025,66.949706,867,66.898148,0,0.000000
214,29,7.837838,1025,66.949706,873,67.361111,0,0.000000
138,30,8.108108,1026,67.015023,875,67.515432,0,0.000000
104,31,8.378378,1026,67.015023,875,67.515432,0,0.000000
286,32,8.648649,1026,67.015023,875,67.515432,0,0.000000
5,33,8.918919,1026,67.015023,875,67.515432,0,0.000000
132,34,9.189189,1026,67.015023,875,67.515432,0,0.000000
47,35,9.459459,1026,67.015023,875,67.515432,0,0.000000
151,36,9.729730,1034,67.537557,883,68.132716,0,0.000000
15,37,10.000000,1037,67.733508,883,68.132716,0,0.000000
328,38,10.270270,1037,67.733508,883,68.132716,0,0.000000
271,39,10.540541,1037,67.733508,883,68.132716,0,0.000000
44,40,10.810811,1037,67.733508,883,68.132716,0,0.000000
268,41,11.081081,1037,67.733508,883,68.132716,0,0.000000
177,42,11.351351,1037,67.733508,883,68.132716,0,0.000000
