TestcaseNumber,TestcaseCount,TestcaseRatio,StatementCount,StatementRatio,BranchCount,BranchRatio,FaultCount,FaultRatio
286,1,0.270270,292,19.072502,229,17.669753,0,0.000000
350,2,0.540541,345,22.534291,269,20.756173,0,0.000000
27,3,0.810811,751,49.052907,643,49.614198,0,0.000000
363,4,1.081081,758,49.510124,643,49.614198,0,0.000000
260,5,1.351351,809,52.841280,671,51.774691,0,0.000000
228,6,1.621622,874,57.086871,735,56.712963,0,0.000000
234,7,1.891892,929,60.679295,806,62.191358,0,0.000000
98,8,2.162162,985,64.337035,842,64.969136,0,0.000000
82,9,2.432432,990,64.663619,844,65.123457,0,0.000000
357,10,2.702703,995,64.990202,846,65.277778,0,0.000000
358,11,2.972973,995,64.990202,846,65.277778,0,0.000000
121,12,3.243243,1018,66.492489,854,65.895062,0,0.000000
33,13,3.513514,1038,67.798824,858,66.203704,0,0.000000
89,14,3.783784,1051,68.647943,860,66.358025,0,0.000000
119,15,4.054054,1071,69.954278,905,69.830247,0,0.000000
6,16,4.324324,1071,69.954278,905,69.830247,0,0.000000
185,17,4.594595,1086,70.934030,915,70.601852,0,0.000000
128,18,4.864865,1096,71.587198,927,71.527778,0,0.000000
308,19,5.135135,1096,71.587198,927,71.527778,0,0.000000
282,20,5.405405,1103,72.044415,929,71.682099,0,0.000000
122,21,5.675676,1103,72.044415,929,71.682099,0,0.000000
53,22,5.945946,1103,72.044415,929,71.682099,0,0.000000
99,23,6.216216,1103,72.044415,929,71.682099,0,0.000000
354,24,6.486486,1103,72.044415,929,71.682099,0,0.000000
124,25,6.756757,1103,72.044415,929,71.682099,0,0.000000
167,26,7.027027,1103,72.044415,929,71.682099,0,0.000000
9,27,7.297297,1103,72.044415,929,71.682099,0,0.000000
218,28,7.567568,1103,72.044415,929,71.682099,0,0.000000
169,29,7.837838,1108,72.370999,935,72.145062,0,0.000000
