TestcaseNumber,TestcaseCount,TestcaseRatio,StatementCount,StatementRatio,BranchCount,BranchRatio,FaultCount,FaultRatio
25,1,0.270270,545,35.597649,446,34.413580,0,0.000000
73,2,0.540541,610,39.843240,543,41.898148,0,0.000000
242,3,0.810811,655,42.782495,569,43.904321,0,0.000000
29,4,1.081081,986,64.402351,890,68.672840,0,0.000000
6,5,1.351351,991,64.728935,894,68.981481,0,0.000000
298,6,1.621622,1001,65.382103,898,69.290123,0,0.000000
273,7,1.891892,1040,67.929458,920,70.987654,0,0.000000
22,8,2.162162,1049,68.517309,920,70.987654,0,0.000000
234,9,2.432432,1078,70.411496,940,72.530864,0,0.000000
221,10,2.702703,1110,72.501633,958,73.919753,0,0.000000
17,11,2.972973,1117,72.958850,960,74.074074,0,0.000000
27,12,3.243243,1144,74.722404,982,75.771605,0,0.000000
244,13,3.513514,1170,76.420640,998,77.006173,0,0.000000
23,14,3.783784,1178,76.943174,998,77.006173,0,0.000000
200,15,4.054054,1264,82.560418,1106,85.339506,0,0.000000
186,16,4.324324,1274,83.213586,1112,85.802469,0,0.000000
226,17,4.594595,1279,83.540170,1116,86.111111,0,0.000000
151,18,4.864865,1279,83.540170,1118,86.265432,0,0.000000
8,19,5.135135,1296,84.650555,1118,86.265432,0,0.000000
104,20,5.405405,1296,84.650555,1118,86.265432,0,0.000000
64,21,5.675676,1296,84.650555,1118,86.265432,0,0.000000
173,22,5.945946,1303,85.107773,1118,86.265432,0,0.000000
220,23,6.216216,1303,85.107773,1118,86.265432,0,0.000000
47,24,6.486486,1304,85.173089,1120,86.419753,0,0.000000
70,25,6.756757,1304,85.173089,1120,86.419753,0,0.000000
349,26,7.027027,1310,85.564990,1124,86.728395,0,0.000000
190,27,7.297297,1310,85.564990,1124,86.728395,0,0.000000
4,28,7.567568,1318,86.087524,1126,86.882716,0,0.000000
292,29,7.837838,1324,86.479425,1128,87.037037,0,0.000000
42,30,8.108108,1324,86.479425,1128,87.037037,0,0.000000
74,31,8.378378,1324,86.479425,1128,87.037037,0,0.000000
146,32,8.648649,1324,86.479425,1128,87.037037,0,0.000000
276,33,8.918919,1325,86.544742,1128,87.037037,0,0.000000
3,34,9.189189,1329,86.806009,1128,87.037037,0,0.000000
283,35,9.459459,1329,86.806009,1128,87.037037,0,0.000000
149,36,9.729730,1329,86.806009,1128,87.037037,0,0.000000
117,37,10.000000,1329,86.806009,1128,87.037037,0,0.000000
