TestcaseNumber,TestcaseCount,TestcaseRatio,StatementCount,StatementRatio,BranchCount,BranchRatio,FaultCount,FaultRatio
24,1,0.270270,551,35.989549,446,34.413580,0,0.000000
254,2,0.540541,600,39.190072,500,38.580247,0,0.000000
28,3,0.810811,713,46.570869,575,44.367284,0,0.000000
347,4,1.081081,752,49.118223,607,46.836420,0,0.000000
201,5,1.351351,836,54.604833,679,52.391975,0,0.000000
319,6,1.621622,852,55.649902,689,53.163580,0,0.000000
136,7,1.891892,855,55.845852,689,53.163580,0,0.000000
359,8,2.162162,855,55.845852,689,53.163580,0,0.000000
109,9,2.432432,866,56.564337,691,53.317901,0,0.000000
323,10,2.702703,867,56.629654,691,53.317901,0,0.000000
349,11,2.972973,901,58.850425,713,55.015432,0,0.000000
154,12,3.243243,1010,65.969954,869,67.052469,0,0.000000
264,13,3.513514,1010,65.969954,869,67.052469,0,0.000000
12,14,3.783784,1027,67.080340,869,67.052469,0,0.000000
206,15,4.054054,1059,69.170477,891,68.750000,0,0.000000
183,16,4.324324,1059,69.170477,891,68.750000,0,0.000000
362,17,4.594595,1119,73.089484,979,75.540123,1,1.000000
235,18,4.864865,1120,73.154801,979,75.540123,1,1.000000
76,19,5.135135,1129,73.742652,979,75.540123,1,1.000000
276,20,5.405405,1144,74.722404,991,76.466049,1,1.000000
185,21,5.675676,1147,74.918354,993,76.620370,1,1.000000
140,22,5.945946,1151,75.179621,995,76.774691,1,1.000000
124,23,6.216216,1151,75.179621,995,76.774691,1,1.000000
8,24,6.486486,1151,75.179621,995,76.774691,1,1.000000
151,25,6.756757,1151,75.179621,995,76.774691,1,1.000000
299,26,7.027027,1151,75.179621,995,76.774691,1,1.000000
3,27,7.297297,1155,75.440888,995,76.774691,1,1.000000
192,28,7.567568,1155,75.440888,995,76.774691,1,1.000000
190,29,7.837838,1155,75.440888,995,76.774691,1,1.000000
127,30,8.108108,1155,75.440888,995,76.774691,1,1.000000
344,31,8.378378,1155,75.440888,995,76.774691,1,1.000000
168,32,8.648649,1158,75.636839,1001,77.237654,1,1.000000
290,33,8.918919,1158,75.636839,1001,77.237654,1,1.000000
345,34,9.189189,1158,75.636839,1001,77.237654,1,1.000000
102,35,9.459459,1158,75.636839,1001,77.237654,1,1.000000
346,36,9.729730,1158,75.636839,1001,77.237654,1,1.000000
