TestcaseNumber,TestcaseCount,TestcaseRatio,StatementCount,StatementRatio,BranchCount,BranchRatio,FaultCount,FaultRatio
191,1,0.270270,852,55.649902,783,60.416667,0,0.000000
28,2,0.540541,890,58.131940,797,61.496914,0,0.000000
170,3,0.810811,935,61.071195,829,63.966049,0,0.000000
60,4,1.081081,935,61.071195,829,63.966049,0,0.000000
295,5,1.351351,960,62.704115,845,65.200617,0,0.000000
220,6,1.621622,982,64.141084,857,66.126543,0,0.000000
147,7,1.891892,984,64.271718,859,66.280864,0,0.000000
185,8,2.162162,985,64.337035,863,66.589506,0,0.000000
214,9,2.432432,990,64.663619,871,67.206790,0,0.000000
231,10,2.702703,1002,65.447420,879,67.824074,0,0.000000
155,11,2.972973,1002,65.447420,879,67.824074,0,0.000000
74,12,3.243243,1002,65.447420,879,67.824074,0,0.000000
304,13,3.513514,1003,65.512737,879,67.824074,0,0.000000
222,14,3.783784,1003,65.512737,879,67.824074,0,0.000000
58,15,4.054054,1027,67.080340,901,69.521605,0,0.000000
298,16,4.324324,1027,67.080340,901,69.521605,0,0.000000
163,17,4.594595,1035,67.602874,903,69.675926,0,0.000000
10,18,4.864865,1055,68.909210,907,69.984568,0,0.000000
96,19,5.135135,1055,68.909210,907,69.984568,0,0.000000
294,20,5.405405,1055,68.909210,907,69.984568,0,0.000000
120,21,5.675676,1055,68.909210,907,69.984568,0,0.000000
85,22,5.945946,1059,69.170477,909,70.138889,0,0.000000
52,23,6.216216,1059,69.170477,909,70.138889,0,0.000000
34,24,6.486486,1069,69.823645,909,70.138889,0,0.000000
230,25,6.756757,1069,69.823645,909,70.138889,0,0.000000
290,26,7.027027,1091,71.260614,919,70.910494,0,0.000000
148,27,7.297297,1091,71.260614,919,70.910494,0,0.000000
275,28,7.567568,1091,71.260614,919,70.910494,0,0.000000
169,29,7.837838,1091,71.260614,919,70.910494,0,0.000000
159,30,8.108108,1091,71.260614,919,70.910494,0,0.000000
208,31,8.378378,1092,71.325931,921,71.064815,0,0.000000
137,32,8.648649,1092,71.325931,921,71.064815,0,0.000000
237,33,8.918919,1092,71.325931,921,71.064815,0,0.000000
