TestcaseNumber,TestcaseCount,TestcaseRatio,StatementCount,StatementRatio,BranchCount,BranchRatio,FaultCount,FaultRatio
82,1,0.270270,594,38.798171,541,41.743827,0,0.000000
232,2,0.540541,628,41.018942,557,42.978395,0,0.000000
156,3,0.810811,770,50.293926,646,49.845679,0,0.000000
76,4,1.081081,789,51.534944,652,50.308642,0,0.000000
135,5,1.351351,812,53.037231,670,51.697531,0,0.000000
8,6,1.621622,833,54.408883,670,51.697531,0,0.000000
248,7,1.891892,847,55.323318,682,52.623457,0,0.000000
296,8,2.162162,953,62.246897,802,61.882716,0,0.000000
131,9,2.432432,983,64.206401,857,66.126543,0,0.000000
34,10,2.702703,985,64.337035,857,66.126543,0,0.000000
88,11,2.972973,985,64.337035,857,66.126543,0,0.000000
341,12,3.243243,986,64.402351,857,66.126543,0,0.000000
246,13,3.513514,988,64.532985,859,66.280864,0,0.000000
144,14,3.783784,988,64.532985,859,66.280864,0,0.000000
349,15,4.054054,1015,66.296538,877,67.669753,0,0.000000
290,16,4.324324,1018,66.492489,877,67.669753,0,0.000000
196,17,4.594595,1018,66.492489,877,67.669753,0,0.000000
241,18,4.864865,1018,66.492489,877,67.669753,0,0.000000
319,19,5.135135,1025,66.949706,881,67.978395,0,0.000000
330,20,5.405405,1025,66.949706,881,67.978395,0,0.000000
153,21,5.675676,1034,67.537557,891,68.750000,0,0.000000
266,22,5.945946,1038,67.798824,893,68.904321,0,0.000000
56,23,6.216216,1038,67.798824,893,68.904321,0,0.000000
164,24,6.486486,1038,67.798824,893,68.904321,0,0.000000
166,25,6.756757,1038,67.798824,893,68.904321,0,0.000000
182,26,7.027027,1038,67.798824,893,68.904321,0,0.000000
359,27,7.297297,1038,67.798824,893,68.904321,0,0.000000
345,28,7.567568,1039,67.864141,895,69.058642,0,0.000000
