TestcaseNumber,TestcaseCount,TestcaseRatio,StatementCount,StatementRatio,BranchCount,BranchRatio,FaultCount,FaultRatio
286,1,0.270270,292,19.072502,229,17.669753,0,0.000000
307,2,0.540541,774,50.555193,657,50.694444,0,0.000000
265,3,0.810811,801,52.318746,691,53.317901,0,0.000000
116,4,1.081081,865,56.499020,785,60.570988,0,0.000000
214,5,1.351351,876,57.217505,799,61.651235,0,0.000000
269,6,1.621622,876,57.217505,799,61.651235,0,0.000000
234,7,1.891892,901,58.850425,815,62.885802,0,0.000000
87,8,2.162162,907,59.242325,817,63.040123,0,0.000000
186,9,2.432432,928,60.613978,827,63.811728,0,0.000000
17,10,2.702703,935,61.071195,829,63.966049,0,0.000000
367,11,2.972973,942,61.528413,829,63.966049,0,0.000000
240,12,3.243243,960,62.704115,843,65.046296,0,0.000000
29,13,3.513514,1122,73.285434,976,75.308642,0,0.000000
72,14,3.783784,1122,73.285434,976,75.308642,0,0.000000
134,15,4.054054,1123,73.350751,978,75.462963,0,0.000000
93,16,4.324324,1161,75.832789,1002,77.314815,0,0.000000
289,17,4.594595,1185,77.400392,1014,78.240741,0,0.000000
334,18,4.864865,1188,77.596342,1018,78.549383,0,0.000000
320,19,5.135135,1190,77.726976,1018,78.549383,0,0.000000
173,20,5.405405,1190,77.726976,1020,78.703704,0,0.000000
170,21,5.675676,1191,77.792293,1020,78.703704,0,0.000000
349,22,5.945946,1197,78.184193,1026,79.166667,0,0.000000
295,23,6.216216,1197,78.184193,1026,79.166667,0,0.000000
306,24,6.486486,1197,78.184193,1026,79.166667,0,0.000000
251,25,6.756757,1214,79.294579,1026,79.166667,0,0.000000
305,26,7.027027,1214,79.294579,1026,79.166667,0,0.000000
96,27,7.297297,1214,79.294579,1026,79.166667,0,0.000000
324,28,7.567568,1214,79.294579,1026,79.166667,0,0.000000
149,29,7.837838,1214,79.294579,1026,79.166667,0,0.000000
309,30,8.108108,1214,79.294579,1026,79.166667,0,0.000000
192,31,8.378378,1214,79.294579,1026,79.166667,0,0.000000
267,32,8.648649,1214,79.294579,1026,79.166667,0,0.000000
47,33,8.918919,1215,79.359895,1028,79.320988,0,0.000000
33,34,9.189189,1218,79.555846,1032,79.629630,0,0.000000
276,35,9.459459,1231,80.404964,1044,80.555556,0,0.000000
243,36,9.729730,1231,80.404964,1044,80.555556,0,0.000000
125,37,10.000000,1232,80.470281,1044,80.555556,0,0.000000
