TestcaseNumber,TestcaseCount,TestcaseRatio,StatementCount,StatementRatio,BranchCount,BranchRatio,FaultCount,FaultRatio
276,1,0.270270,379,24.755062,289,22.299383,0,0.000000
98,2,0.540541,689,45.003266,605,46.682099,0,0.000000
128,3,0.810811,932,60.875245,839,64.737654,0,0.000000
295,4,1.081081,936,61.136512,839,64.737654,0,0.000000
341,5,1.351351,941,61.463096,841,64.891975,0,0.000000
75,6,1.621622,961,62.769432,855,65.972222,0,0.000000
14,7,1.891892,969,63.291966,855,65.972222,0,0.000000
166,8,2.162162,969,63.291966,855,65.972222,0,0.000000
214,9,2.432432,971,63.422600,863,66.589506,0,0.000000
35,10,2.702703,992,64.794252,867,66.898148,0,0.000000
172,11,2.972973,1003,65.512737,869,67.052469,0,0.000000
140,12,3.243243,1008,65.839321,873,67.361111,0,0.000000
54,13,3.513514,1008,65.839321,873,67.361111,0,0.000000
116,14,3.783784,1037,67.733508,897,69.212963,0,0.000000
358,15,4.054054,1037,67.733508,897,69.212963,0,0.000000
248,16,4.324324,1037,67.733508,897,69.212963,0,0.000000
206,17,4.594595,1043,68.125408,905,69.830247,0,0.000000
51,18,4.864865,1102,71.979099,987,76.157407,0,0.000000
361,19,5.135135,1186,77.465709,1077,83.101852,0,0.000000
301,20,5.405405,1190,77.726976,1079,83.256173,0,0.000000
291,21,5.675676,1190,77.726976,1079,83.256173,0,0.000000
88,22,5.945946,1190,77.726976,1079,83.256173,0,0.000000
175,23,6.216216,1190,77.726976,1081,83.410494,0,0.000000
370,24,6.486486,1190,77.726976,1081,83.410494,0,0.000000
328,25,6.756757,1194,77.988243,1083,83.564815,0,0.000000
264,26,7.027027,1194,77.988243,1083,83.564815,0,0.000000
25,27,7.297297,1208,78.902678,1085,83.719136,0,0.000000
34,28,7.567568,1208,78.902678,1085,83.719136,0,0.000000
