TestcaseNumber,TestcaseCount,TestcaseRatio,StatementCount,StatementRatio,BranchCount,BranchRatio,FaultCount,FaultRatio
346,1,0.270270,591,38.602221,506,39.043210,0,0.000000
91,2,0.540541,665,43.435663,585,45.138889,0,0.000000
47,3,0.810811,676,44.154148,587,45.293210,0,0.000000
4,4,1.081081,696,45.460483,591,45.601852,0,0.000000
10,5,1.351351,696,45.460483,591,45.601852,0,0.000000
162,6,1.621622,900,58.785108,762,58.796296,0,0.000000
262,7,1.891892,936,61.136512,784,60.493827,0,0.000000
55,8,2.162162,936,61.136512,784,60.493827,0,0.000000
304,9,2.432432,939,61.332462,784,60.493827,0,0.000000
112,10,2.702703,973,63.553233,829,63.966049,0,0.000000
334,11,2.972973,980,64.010451,835,64.429012,0,0.000000
114,12,3.243243,980,64.010451,835,64.429012,0,0.000000
295,13,3.513514,980,64.010451,835,64.429012,0,0.000000
188,14,3.783784,998,65.186153,853,65.817901,0,0.000000
271,15,4.054054,998,65.186153,853,65.817901,0,0.000000
12,16,4.324324,1006,65.708687,853,65.817901,0,0.000000
337,17,4.594595,1011,66.035271,857,66.126543,0,0.000000
363,18,4.864865,1018,66.492489,857,66.126543,0,0.000000
266,19,5.135135,1023,66.819073,859,66.280864,0,0.000000
16,20,5.405405,1023,66.819073,859,66.280864,0,0.000000
226,21,5.675676,1024,66.884389,859,66.280864,0,0.000000
278,22,5.945946,1052,68.713259,887,68.441358,0,0.000000
34,23,6.216216,1054,68.843893,887,68.441358,0,0.000000
351,24,6.486486,1067,69.693011,899,69.367284,0,0.000000
293,25,6.756757,1068,69.758328,899,69.367284,0,0.000000
124,26,7.027027,1068,69.758328,899,69.367284,0,0.000000
237,27,7.297297,1068,69.758328,899,69.367284,0,0.000000
245,28,7.567568,1068,69.758328,899,69.367284,0,0.000000
20,29,7.837838,1074,70.150229,899,69.367284,0,0.000000
59,30,8.108108,1074,70.150229,899,69.367284,0,0.000000
250,31,8.378378,1074,70.150229,899,69.367284,0,0.000000
286,32,8.648649,1074,70.150229,899,69.367284,0,0.000000
38,33,8.918919,1074,70.150229,899,69.367284,0,0.000000
27,34,9.189189,1121,73.220118,927,71.527778,0,0.000000
348,35,9.459459,1121,73.220118,927,71.527778,0,0.000000
56,36,9.729730,1121,73.220118,927,71.527778,0,0.000000
24,37,10.000000,1132,73.938602,927,71.527778,0,0.000000
297,38,10.270270,1132,73.938602,931,71.836420,0,0.000000
