TestcaseNumber,TestcaseCount,TestcaseRatio,StatementCount,StatementRatio,BranchCount,BranchRatio,FaultCount,FaultRatio
207,1,0.270270,657,42.913129,572,44.135802,0,0.000000
27,2,0.540541,856,55.911169,748,57.716049,0,0.000000
325,3,0.810811,886,57.870673,770,59.413580,0,0.000000
270,4,1.081081,920,60.091444,790,60.956790,0,0.000000
70,5,1.351351,954,62.312214,806,62.191358,0,0.000000
191,6,1.621622,981,64.075767,851,65.663580,0,0.000000
235,7,1.891892,1007,65.774004,867,66.898148,0,0.000000
223,8,2.162162,1020,66.623122,879,67.824074,0,0.000000
217,9,2.432432,1023,66.819073,881,67.978395,0,0.000000
206,10,2.702703,1023,66.819073,881,67.978395,0,0.000000
253,11,2.972973,1023,66.819073,881,67.978395,0,0.000000
84,12,3.243243,1033,67.472240,885,68.287037,0,0.000000
123,13,3.513514,1033,67.472240,885,68.287037,0,0.000000
40,14,3.783784,1036,67.668191,885,68.287037,0,0.000000
225,15,4.054054,1043,68.125408,891,68.750000,0,0.000000
154,16,4.324324,1043,68.125408,891,68.750000,0,0.000000
30,17,4.594595,1187,77.531025,1020,78.703704,0,0.000000
335,18,4.864865,1190,77.726976,1024,79.012346,0,0.000000
230,19,5.135135,1190,77.726976,1026,79.166667,0,0.000000
297,20,5.405405,1214,79.294579,1052,81.172840,0,0.000000
129,21,5.675676,1224,79.947747,1064,82.098765,0,0.000000
96,22,5.945946,1224,79.947747,1064,82.098765,0,0.000000
368,23,6.216216,1231,80.404964,1064,82.098765,0,0.000000
334,24,6.486486,1232,80.470281,1064,82.098765,0,0.000000
305,25,6.756757,1232,80.470281,1064,82.098765,0,0.000000
140,26,7.027027,1236,80.731548,1070,82.561728,0,0.000000
265,27,7.297297,1243,81.188766,1072,82.716049,0,0.000000
33,28,7.567568,1263,82.495101,1076,83.024691,0,0.000000
65,29,7.837838,1263,82.495101,1076,83.024691,0,0.000000
79,30,8.108108,1263,82.495101,1076,83.024691,0,0.000000
353,31,8.378378,1263,82.495101,1076,83.024691,0,0.000000
228,32,8.648649,1263,82.495101,1076,83.024691,0,0.000000
181,33,8.918919,1263,82.495101,1076,83.024691,0,0.000000
160,34,9.189189,1263,82.495101,1076,83.024691,0,0.000000
299,35,9.459459,1263,82.495101,1076,83.024691,0,0.000000
295,36,9.729730,1263,82.495101,1076,83.024691,0,0.000000
120,37,10.000000,1263,82.495101,1076,83.024691,0,0.000000
179,38,10.270270,1263,82.495101,1076,83.024691,0,0.000000
197,39,10.540541,1263,82.495101,1076,83.024691,0,0.000000
167,40,10.810811,1264,82.560418,1080,83.333333,0,0.000000
249,41,11.081081,1264,82.560418,1080,83.333333,0,0.000000
