TestcaseNumber,TestcaseCount,TestcaseRatio,StatementCount,StatementRatio,BranchCount,BranchRatio,FaultCount,FaultRatio
204,1,0.270270,705,46.048334,624,48.148148,0,0.000000
31,2,0.540541,730,47.681254,624,48.148148,0,0.000000
234,3,0.810811,789,51.534944,658,50.771605,0,0.000000
60,4,1.081081,793,51.796212,658,50.771605,0,0.000000
211,5,1.351351,832,54.343566,682,52.623457,0,0.000000
368,6,1.621622,839,54.800784,682,52.623457,0,0.000000
291,7,1.891892,889,58.066623,714,55.092593,0,0.000000
172,8,2.162162,897,58.589157,716,55.246914,0,0.000000
43,9,2.432432,903,58.981058,716,55.246914,0,0.000000
109,10,2.702703,906,59.177008,718,55.401235,0,0.000000
163,11,2.972973,979,63.945134,800,61.728395,0,0.000000
269,12,3.243243,979,63.945134,802,61.882716,0,0.000000
113,13,3.513514,999,65.251470,847,65.354938,0,0.000000
129,14,3.783784,1033,67.472240,881,67.978395,0,0.000000
244,15,4.054054,1038,67.798824,883,68.132716,0,0.000000
162,16,4.324324,1038,67.798824,883,68.132716,0,0.000000
84,17,4.594595,1048,68.451992,887,68.441358,0,0.000000
159,18,4.864865,1048,68.451992,887,68.441358,0,0.000000
5,19,5.135135,1048,68.451992,887,68.441358,0,0.000000
270,20,5.405405,1051,68.647943,887,68.441358,0,0.000000
310,21,5.675676,1051,68.647943,887,68.441358,0,0.000000
130,22,5.945946,1051,68.647943,887,68.441358,0,0.000000
111,23,6.216216,1051,68.647943,887,68.441358,0,0.000000
288,24,6.486486,1057,69.039843,893,68.904321,0,0.000000
9,25,6.756757,1057,69.039843,893,68.904321,0,0.000000
282,26,7.027027,1058,69.105160,893,68.904321,0,0.000000
345,27,7.297297,1062,69.366427,895,69.058642,0,0.000000
283,28,7.567568,1062,69.366427,895,69.058642,0,0.000000
155,29,7.837838,1070,69.888961,901,69.521605,0,0.000000
72,30,8.108108,1070,69.888961,901,69.521605,0,0.000000
307,31,8.378378,1070,69.888961,903,69.675926,0,0.000000
237,32,8.648649,1070,69.888961,903,69.675926,0,0.000000
156,33,8.918919,1070,69.888961,903,69.675926,0,0.000000
185,34,9.189189,1071,69.954278,905,69.830247,0,0.000000
61,35,9.459459,1071,69.954278,905,69.830247,0,0.000000
83,36,9.729730,1071,69.954278,905,69.830247,0,0.000000
369,37,10.000000,1075,70.215545,905,69.830247,0,0.000000
