TestcaseNumber,TestcaseCount,TestcaseRatio,StatementCount,StatementRatio,BranchCount,BranchRatio,FaultCount,FaultRatio
235,1,0.270270,597,38.994121,535,41.280864,0,0.000000
353,2,0.540541,654,42.717178,571,44.058642,0,0.000000
206,3,0.810811,704,45.983018,608,46.913580,0,0.000000
368,4,1.081081,711,46.440235,608,46.913580,0,0.000000
138,5,1.351351,783,51.143044,660,50.925926,0,0.000000
199,6,1.621622,807,52.710647,670,51.697531,0,0.000000
74,7,1.891892,824,53.821032,684,52.777778,0,0.000000
340,8,2.162162,826,53.951666,684,52.777778,0,0.000000
52,9,2.432432,826,53.951666,684,52.777778,0,0.000000
263,10,2.702703,826,53.951666,686,52.932099,0,0.000000
32,11,2.972973,845,55.192685,688,53.086420,0,0.000000
142,12,3.243243,880,57.478772,708,54.629630,0,0.000000
29,13,3.513514,1128,73.677335,968,74.691358,0,0.000000
75,14,3.783784,1128,73.677335,968,74.691358,0,0.000000
337,15,4.054054,1131,73.873285,970,74.845679,0,0.000000
133,16,4.324324,1132,73.938602,970,74.845679,0,0.000000
283,17,4.594595,1132,73.938602,970,74.845679,0,0.000000
80,18,4.864865,1163,75.963423,990,76.388889,0,0.000000
315,19,5.135135,1204,78.641411,1030,79.475309,0,0.000000
45,20,5.405405,1205,78.706728,1032,79.629630,0,0.000000
132,21,5.675676,1205,78.706728,1032,79.629630,0,0.000000
48,22,5.945946,1215,79.359895,1036,79.938272,0,0.000000
113,23,6.216216,1221,79.751796,1038,80.092593,0,0.000000
282,24,6.486486,1221,79.751796,1038,80.092593,0,0.000000
