TestcaseNumber,TestcaseCount,TestcaseRatio,StatementCount,StatementRatio,BranchCount,BranchRatio,FaultCount,FaultRatio
352,1,0.270270,633,41.345526,547,42.206790,0,0.000000
45,2,0.540541,679,44.350098,585,45.138889,0,0.000000
317,3,0.810811,784,51.208361,656,50.617284,0,0.000000
149,4,1.081081,913,59.634226,817,63.040123,0,0.000000
155,5,1.351351,920,60.091444,823,63.503086,0,0.000000
38,6,1.621622,943,61.593730,825,63.657407,0,0.000000
118,7,1.891892,947,61.854997,829,63.966049,0,0.000000
161,8,2.162162,973,63.553233,845,65.200617,0,0.000000
195,9,2.432432,983,64.206401,849,65.509259,0,0.000000
85,10,2.702703,983,64.206401,849,65.509259,0,0.000000
54,11,2.972973,983,64.206401,849,65.509259,0,0.000000
236,12,3.243243,1007,65.774004,871,67.206790,0,0.000000
28,13,3.513514,1037,67.733508,885,68.287037,0,0.000000
365,14,3.783784,1044,68.190725,885,68.287037,0,0.000000
5,15,4.054054,1044,68.190725,885,68.287037,0,0.000000
296,16,4.324324,1044,68.190725,887,68.441358,0,0.000000
145,17,4.594595,1044,68.190725,887,68.441358,0,0.000000
215,18,4.864865,1057,69.039843,897,69.212963,0,0.000000
99,19,5.135135,1057,69.039843,897,69.212963,0,0.000000
230,20,5.405405,1066,69.627694,907,69.984568,0,0.000000
175,21,5.675676,1076,70.280862,909,70.138889,0,0.000000
315,22,5.945946,1087,70.999347,923,71.219136,0,0.000000
159,23,6.216216,1087,70.999347,923,71.219136,0,0.000000
21,24,6.486486,1099,71.783148,925,71.373457,0,0.000000
281,25,6.756757,1100,71.848465,925,71.373457,0,0.000000
13,26,7.027027,1108,72.370999,925,71.373457,0,0.000000
262,27,7.297297,1109,72.436316,925,71.373457,0,0.000000
26,28,7.567568,1132,73.938602,945,72.916667,0,0.000000
129,29,7.837838,1132,73.938602,945,72.916667,0,0.000000
320,30,8.108108,1135,74.134553,945,72.916667,0,0.000000
228,31,8.378378,1135,74.134553,945,72.916667,0,0.000000
369,32,8.648649,1139,74.395820,945,72.916667,0,0.000000
61,33,8.918919,1139,74.395820,945,72.916667,0,0.000000
81,34,9.189189,1139,74.395820,945,72.916667,0,0.000000
