TestcaseNumber,TestcaseCount,TestcaseRatio,StatementCount,StatementRatio,BranchCount,BranchRatio,FaultCount,FaultRatio
363,1,0.270270,13,0.849118,9,0.694444,0,0.000000
233,2,0.540541,603,39.386022,531,40.972222,0,0.000000
263,3,0.810811,665,43.435663,569,43.904321,0,0.000000
240,4,1.081081,669,43.696930,573,44.212963,0,0.000000
156,5,1.351351,803,52.449379,662,51.080247,0,0.000000
96,6,1.621622,819,53.494448,678,52.314815,0,0.000000
318,7,1.891892,845,55.192685,694,53.549383,0,0.000000
197,8,2.162162,917,59.895493,776,59.876543,0,0.000000
161,9,2.432432,917,59.895493,776,59.876543,0,0.000000
334,10,2.702703,921,60.156760,782,60.339506,0,0.000000
303,11,2.972973,946,61.789680,792,61.111111,0,0.000000
202,12,3.243243,1030,67.276290,904,69.753086,0,0.000000
73,13,3.513514,1030,67.276290,904,69.753086,0,0.000000
67,14,3.783784,1030,67.276290,904,69.753086,0,0.000000
65,15,4.054054,1030,67.276290,904,69.753086,0,0.000000
55,16,4.324324,1030,67.276290,904,69.753086,0,0.000000
38,17,4.594595,1050,68.582626,904,69.753086,0,0.000000
63,18,4.864865,1050,68.582626,904,69.753086,0,0.000000
291,19,5.135135,1056,68.974526,912,70.370370,0,0.000000
191,20,5.405405,1095,71.521881,961,74.151235,0,0.000000
36,21,5.675676,1095,71.521881,961,74.151235,0,0.000000
147,22,5.945946,1095,71.521881,961,74.151235,0,0.000000
252,23,6.216216,1101,71.913782,961,74.151235,0,0.000000
286,24,6.486486,1101,71.913782,961,74.151235,0,0.000000
137,25,6.756757,1101,71.913782,961,74.151235,0,0.000000
