TestcaseNumber,TestcaseCount,TestcaseRatio,StatementCount,StatementRatio,BranchCount,BranchRatio,FaultCount,FaultRatio
225,1,0.270270,617,40.300457,555,42.824074,0,0.000000
107,2,0.540541,642,41.933377,567,43.750000,0,0.000000
16,3,0.810811,642,41.933377,567,43.750000,0,0.000000
327,4,1.081081,891,58.197257,797,61.496914,0,0.000000
211,5,1.351351,909,59.372959,807,62.268519,0,0.000000
181,6,1.621622,913,59.634226,807,62.268519,0,0.000000
94,7,1.891892,948,61.920314,835,64.429012,0,0.000000
244,8,2.162162,950,62.050947,841,64.891975,0,0.000000
173,9,2.432432,957,62.508165,845,65.200617,0,0.000000
128,10,2.702703,967,63.161332,857,66.126543,0,0.000000
313,11,2.972973,993,64.859569,873,67.361111,0,0.000000
185,12,3.243243,1013,66.165905,881,67.978395,0,0.000000
312,13,3.513514,1014,66.231221,881,67.978395,0,0.000000
73,14,3.783784,1014,66.231221,881,67.978395,0,0.000000
114,15,4.054054,1014,66.231221,881,67.978395,0,0.000000
81,16,4.324324,1014,66.231221,881,67.978395,0,0.000000
247,17,4.594595,1014,66.231221,881,67.978395,0,0.000000
150,18,4.864865,1014,66.231221,881,67.978395,0,0.000000
236,19,5.135135,1014,66.231221,881,67.978395,0,0.000000
295,20,5.405405,1014,66.231221,881,67.978395,0,0.000000
209,21,5.675676,1014,66.231221,881,67.978395,0,0.000000
36,22,5.945946,1034,67.537557,881,67.978395,0,0.000000
308,23,6.216216,1034,67.537557,881,67.978395,0,0.000000
343,24,6.486486,1037,67.733508,885,68.287037,0,0.000000
178,25,6.756757,1037,67.733508,885,68.287037,0,0.000000
