TestcaseNumber,TestcaseCount,TestcaseRatio,StatementCount,StatementRatio,BranchCount,BranchRatio,FaultCount,FaultRatio
142,1,0.270270,691,45.133899,585,45.138889,0,0.000000
30,2,0.540541,1018,66.492489,910,70.216049,0,0.000000
223,3,0.810811,1079,70.476813,950,73.302469,0,0.000000
294,4,1.081081,1104,72.109732,966,74.537037,0,0.000000
284,5,1.351351,1110,72.501633,970,74.845679,0,0.000000
58,6,1.621622,1134,74.069236,992,76.543210,0,0.000000
104,7,1.891892,1137,74.265186,992,76.543210,0,0.000000
161,8,2.162162,1142,74.591770,996,76.851852,0,0.000000
80,9,2.432432,1145,74.787720,996,76.851852,0,0.000000
332,10,2.702703,1178,76.943174,1034,79.783951,0,0.000000
84,11,2.972973,1188,77.596342,1038,80.092593,0,0.000000
27,12,3.243243,1189,77.661659,1038,80.092593,0,0.000000
271,13,3.513514,1197,78.184193,1038,80.092593,0,0.000000
123,14,3.783784,1197,78.184193,1038,80.092593,0,0.000000
31,15,4.054054,1220,79.686479,1038,80.092593,0,0.000000
318,16,4.324324,1235,80.666231,1040,80.246914,0,0.000000
136,17,4.594595,1235,80.666231,1040,80.246914,0,0.000000
256,18,4.864865,1236,80.731548,1040,80.246914,0,0.000000
261,19,5.135135,1236,80.731548,1040,80.246914,0,0.000000
45,20,5.405405,1237,80.796865,1042,80.401235,0,0.000000
235,21,5.675676,1237,80.796865,1042,80.401235,0,0.000000
