TestcaseNumber,TestcaseCount,TestcaseRatio,StatementCount,StatementRatio,BranchCount,BranchRatio,FaultCount,FaultRatio
61,1,0.270270,620,40.496408,553,42.669753,0,0.000000
285,2,0.540541,660,43.109079,569,43.904321,0,0.000000
160,3,0.810811,873,57.021555,746,57.561728,0,0.000000
55,4,1.081081,878,57.348138,750,57.870370,0,0.000000
69,5,1.351351,881,57.544089,750,57.870370,0,0.000000
258,6,1.621622,903,58.981058,770,59.413580,0,0.000000
209,7,1.891892,923,60.287394,788,60.802469,0,0.000000
241,8,2.162162,923,60.287394,788,60.802469,0,0.000000
281,9,2.432432,924,60.352711,788,60.802469,0,0.000000
335,10,2.702703,928,60.613978,794,61.265432,0,0.000000
51,11,2.972973,1030,67.276290,939,72.453704,0,0.000000
193,12,3.243243,1035,67.602874,941,72.608025,0,0.000000
179,13,3.513514,1037,67.733508,943,72.762346,0,0.000000
139,14,3.783784,1041,67.994775,945,72.916667,0,0.000000
5,15,4.054054,1058,69.105160,945,72.916667,0,0.000000
99,16,4.324324,1058,69.105160,945,72.916667,0,0.000000
84,17,4.594595,1058,69.105160,945,72.916667,0,0.000000
173,18,4.864865,1061,69.301110,947,73.070988,0,0.000000
312,19,5.135135,1061,69.301110,947,73.070988,0,0.000000
259,20,5.405405,1062,69.366427,947,73.070988,0,0.000000
237,21,5.675676,1086,70.934030,969,74.768519,0,0.000000
133,22,5.945946,1086,70.934030,969,74.768519,0,0.000000
221,23,6.216216,1094,71.456564,971,74.922840,0,0.000000
1,24,6.486486,1108,72.370999,975,75.231481,0,0.000000
154,25,6.756757,1111,72.566950,975,75.231481,0,0.000000
274,26,7.027027,1114,72.762900,975,75.231481,0,0.000000
293,27,7.297297,1114,72.762900,975,75.231481,0,0.000000
200,28,7.567568,1120,73.154801,979,75.540123,0,0.000000
162,29,7.837838,1120,73.154801,979,75.540123,0,0.000000
151,30,8.108108,1128,73.677335,985,76.003086,0,0.000000
144,31,8.378378,1128,73.677335,985,76.003086,0,0.000000
3,32,8.648649,1132,73.938602,985,76.003086,0,0.000000
88,33,8.918919,1132,73.938602,985,76.003086,0,0.000000
351,34,9.189189,1132,73.938602,985,76.003086,0,0.000000
273,35,9.459459,1132,73.938602,985,76.003086,0,0.000000
181,36,9.729730,1132,73.938602,985,76.003086,0,0.000000
