TestcaseNumber,TestcaseCount,TestcaseRatio,StatementCount,StatementRatio,BranchCount,BranchRatio,FaultCount,FaultRatio
257,1,0.270270,633,41.345526,579,44.675926,0,0.000000
97,2,0.540541,725,47.354670,635,48.996914,0,0.000000
259,3,0.810811,788,51.469628,671,51.774691,0,0.000000
23,4,1.081081,814,53.167864,673,51.929012,0,0.000000
169,5,1.351351,881,57.544089,712,54.938272,0,0.000000
351,6,1.621622,905,59.111692,734,56.635802,0,0.000000
173,7,1.891892,960,62.704115,780,60.185185,0,0.000000
243,8,2.162162,960,62.704115,780,60.185185,0,0.000000
126,9,2.432432,973,63.553233,790,60.956790,0,0.000000
369,10,2.702703,984,64.271718,790,60.956790,0,0.000000
220,11,2.972973,992,64.794252,792,61.111111,0,0.000000
88,12,3.243243,995,64.990202,792,61.111111,0,0.000000
192,13,3.513514,1000,65.316786,794,61.265432,0,0.000000
365,14,3.783784,1000,65.316786,794,61.265432,0,0.000000
336,15,4.054054,1001,65.382103,794,61.265432,0,0.000000
212,16,4.324324,1005,65.643370,802,61.882716,0,0.000000
15,17,4.594595,1025,66.949706,802,61.882716,0,0.000000
301,18,4.864865,1029,67.210973,804,62.037037,0,0.000000
53,19,5.135135,1029,67.210973,804,62.037037,0,0.000000
