TestcaseNumber,TestcaseCount,TestcaseRatio,StatementCount,StatementRatio,BranchCount,BranchRatio,FaultCount,FaultRatio
167,1,0.270270,808,52.775963,748,57.716049,0,0.000000
251,2,0.540541,857,55.976486,770,59.413580,0,0.000000
304,3,0.810811,900,58.785108,813,62.731481,0,0.000000
176,4,1.081081,905,59.111692,815,62.885802,0,0.000000
164,5,1.351351,906,59.177008,817,63.040123,0,0.000000
131,6,1.621622,906,59.177008,817,63.040123,0,0.000000
219,7,1.891892,917,59.895493,819,63.194444,0,0.000000
66,8,2.162162,928,60.613978,821,63.348765,0,0.000000
254,9,2.432432,956,62.442848,841,64.891975,0,0.000000
246,10,2.702703,957,62.508165,841,64.891975,0,0.000000
264,11,2.972973,957,62.508165,841,64.891975,0,0.000000
359,12,3.243243,957,62.508165,841,64.891975,0,0.000000
289,13,3.513514,960,62.704115,841,64.891975,0,0.000000
115,14,3.783784,980,64.010451,851,65.663580,0,0.000000
10,15,4.054054,991,64.728935,855,65.972222,0,0.000000
116,16,4.324324,991,64.728935,855,65.972222,0,0.000000
30,17,4.594595,1189,77.661659,1018,78.549383,0,0.000000
63,18,4.864865,1207,78.837361,1032,79.629630,0,0.000000
80,19,5.135135,1210,79.033312,1032,79.629630,0,0.000000
354,20,5.405405,1210,79.033312,1032,79.629630,0,0.000000
29,21,5.675676,1211,79.098628,1032,79.629630,0,0.000000
181,22,5.945946,1211,79.098628,1032,79.629630,0,0.000000
240,23,6.216216,1211,79.098628,1032,79.629630,0,0.000000
193,24,6.486486,1221,79.751796,1036,79.938272,0,0.000000
223,25,6.756757,1234,80.600914,1048,80.864198,0,0.000000
258,26,7.027027,1255,81.972567,1064,82.098765,0,0.000000
137,27,7.297297,1255,81.972567,1064,82.098765,0,0.000000
341,28,7.567568,1255,81.972567,1064,82.098765,0,0.000000
335,29,7.837838,1259,82.233834,1070,82.561728,0,0.000000
325,30,8.108108,1259,82.233834,1072,82.716049,0,0.000000
135,31,8.378378,1259,82.233834,1072,82.716049,0,0.000000
43,32,8.648649,1259,82.233834,1072,82.716049,0,0.000000
178,33,8.918919,1259,82.233834,1072,82.716049,0,0.000000
2,34,9.189189,1263,82.495101,1072,82.716049,0,0.000000
147,35,9.459459,1263,82.495101,1072,82.716049,0,0.000000
233,36,9.729730,1268,82.821685,1072,82.716049,0,0.000000
