TestcaseNumber,TestcaseCount,TestcaseRatio,StatementCount,StatementRatio,BranchCount,BranchRatio,FaultCount,FaultRatio
285,1,0.270270,328,21.423906,247,19.058642,0,0.000000
39,2,0.540541,706,46.113651,569,43.904321,0,0.000000
256,3,0.810811,825,53.886349,684,52.777778,0,0.000000
212,4,1.081081,850,55.519268,710,54.783951,0,0.000000
367,5,1.351351,857,55.976486,710,54.783951,0,0.000000
202,6,1.621622,954,62.312214,824,63.580247,0,0.000000
150,7,1.891892,1042,68.060091,933,71.990741,0,0.000000
99,8,2.162162,1060,69.235794,947,73.070988,0,0.000000
66,9,2.432432,1067,69.693011,949,73.225309,0,0.000000
77,10,2.702703,1067,69.693011,949,73.225309,0,0.000000
236,11,2.972973,1067,69.693011,949,73.225309,0,0.000000
174,12,3.243243,1071,69.954278,949,73.225309,0,0.000000
180,13,3.513514,1071,69.954278,949,73.225309,0,0.000000
63,14,3.783784,1071,69.954278,949,73.225309,0,0.000000
360,15,4.054054,1071,69.954278,949,73.225309,0,0.000000
97,16,4.324324,1071,69.954278,949,73.225309,0,0.000000
20,17,4.594595,1074,70.150229,949,73.225309,0,0.000000
257,18,4.864865,1074,70.150229,949,73.225309,0,0.000000
362,19,5.135135,1075,70.215545,949,73.225309,1,1.000000
303,20,5.405405,1076,70.280862,949,73.225309,1,1.000000
268,21,5.675676,1076,70.280862,949,73.225309,1,1.000000
179,22,5.945946,1076,70.280862,949,73.225309,1,1.000000
357,23,6.216216,1076,70.280862,949,73.225309,1,1.000000
207,24,6.486486,1081,70.607446,955,73.688272,1,1.000000
