TestcaseNumber,TestcaseCount,TestcaseRatio,StatementCount,StatementRatio,BranchCount,BranchRatio,FaultCount,FaultRatio
12,1,0.270270,198,12.932724,115,8.873457,0,0.000000
194,2,0.540541,717,46.832136,581,44.830247,0,0.000000
167,3,0.810811,879,57.413455,780,60.185185,0,0.000000
78,4,1.081081,923,60.287394,825,63.657407,0,0.000000
132,5,1.351351,951,62.116264,841,64.891975,0,0.000000
276,6,1.621622,1012,66.100588,883,68.132716,0,0.000000
3,7,1.891892,1016,66.361855,883,68.132716,0,0.000000
147,8,2.162162,1016,66.361855,883,68.132716,0,0.000000
275,9,2.432432,1017,66.427172,885,68.287037,0,0.000000
318,10,2.702703,1032,67.406924,887,68.441358,0,0.000000
159,11,2.972973,1032,67.406924,887,68.441358,0,0.000000
207,12,3.243243,1037,67.733508,893,68.904321,0,0.000000
117,13,3.513514,1041,67.994775,897,69.212963,0,0.000000
311,14,3.783784,1041,67.994775,897,69.212963,0,0.000000
307,15,4.054054,1049,68.517309,905,69.830247,0,0.000000
17,16,4.324324,1056,68.974526,907,69.984568,0,0.000000
237,17,4.594595,1056,68.974526,907,69.984568,0,0.000000
175,18,4.864865,1056,68.974526,907,69.984568,0,0.000000
37,19,5.135135,1059,69.170477,907,69.984568,0,0.000000
196,20,5.405405,1063,69.431744,907,69.984568,0,0.000000
174,21,5.675676,1063,69.431744,907,69.984568,0,0.000000
39,22,5.945946,1066,69.627694,913,70.447531,0,0.000000
157,23,6.216216,1066,69.627694,913,70.447531,0,0.000000
274,24,6.486486,1066,69.627694,913,70.447531,0,0.000000
91,25,6.756757,1075,70.215545,913,70.447531,0,0.000000
263,26,7.027027,1075,70.215545,913,70.447531,0,0.000000
114,27,7.297297,1075,70.215545,913,70.447531,0,0.000000
192,28,7.567568,1075,70.215545,913,70.447531,0,0.000000
