TestcaseNumber,TestcaseCount,TestcaseRatio,StatementCount,StatementRatio,BranchCount,BranchRatio,FaultCount,FaultRatio
130,1,0.270270,775,50.620509,718,55.401235,0,0.000000
243,2,0.540541,843,55.062051,758,58.487654,0,0.000000
210,3,0.810811,859,56.107120,770,59.413580,0,0.000000
37,4,1.081081,879,57.413455,770,59.413580,0,0.000000
290,5,1.351351,931,60.809928,802,61.882716,0,0.000000
327,6,1.621622,963,62.900065,841,64.891975,0,0.000000
53,7,1.891892,991,64.728935,857,66.126543,0,0.000000
355,8,2.162162,991,64.728935,857,66.126543,0,0.000000
224,9,2.432432,997,65.120836,861,66.435185,0,0.000000
123,10,2.702703,1003,65.512737,863,66.589506,0,0.000000
84,11,2.972973,1007,65.774004,865,66.743827,0,0.000000
293,12,3.243243,1007,65.774004,865,66.743827,0,0.000000
41,13,3.513514,1026,67.015023,871,67.206790,0,0.000000
211,14,3.783784,1030,67.276290,875,67.515432,0,0.000000
116,15,4.054054,1030,67.276290,875,67.515432,0,0.000000
164,16,4.324324,1030,67.276290,875,67.515432,0,0.000000
305,17,4.594595,1032,67.406924,877,67.669753,0,0.000000
98,18,4.864865,1050,68.582626,891,68.750000,0,0.000000
340,19,5.135135,1050,68.582626,891,68.750000,0,0.000000
311,20,5.405405,1050,68.582626,891,68.750000,0,0.000000
341,21,5.675676,1050,68.582626,891,68.750000,0,0.000000
