TestcaseNumber,TestcaseCount,TestcaseRatio,StatementCount,StatementRatio,BranchCount,BranchRatio,FaultCount,FaultRatio
268,1,0.270270,290,18.941868,227,17.515432,0,0.000000
34,2,0.540541,612,39.973873,515,39.737654,0,0.000000
56,3,0.810811,691,45.133899,573,44.212963,0,0.000000
182,4,1.081081,738,48.203788,597,46.064815,0,0.000000
273,5,1.351351,781,51.012410,621,47.916667,0,0.000000
338,6,1.621622,800,52.253429,637,49.151235,0,0.000000
207,7,1.891892,854,55.780536,698,53.858025,0,0.000000
335,8,2.162162,898,58.654474,740,57.098765,0,0.000000
139,9,2.432432,909,59.372959,746,57.561728,0,0.000000
72,10,2.702703,909,59.372959,746,57.561728,0,0.000000
341,11,2.972973,909,59.372959,746,57.561728,0,0.000000
103,12,3.243243,909,59.372959,746,57.561728,0,0.000000
361,13,3.513514,1013,66.165905,864,66.666667,0,0.000000
231,14,3.783784,1034,67.537557,880,67.901235,0,0.000000
348,15,4.054054,1080,70.542129,908,70.061728,0,0.000000
312,16,4.324324,1104,72.109732,942,72.685185,0,0.000000
151,17,4.594595,1130,73.807969,987,76.157407,0,0.000000
253,18,4.864865,1130,73.807969,987,76.157407,0,0.000000
90,19,5.135135,1130,73.807969,987,76.157407,0,0.000000
162,20,5.405405,1130,73.807969,987,76.157407,0,0.000000
355,21,5.675676,1130,73.807969,987,76.157407,0,0.000000
