TestcaseNumber,TestcaseCount,TestcaseRatio,StatementCount,StatementRatio,BranchCount,BranchRatio,FaultCount,FaultRatio
175,1,0.270270,664,43.370346,551,42.515432,0,0.000000
350,2,0.540541,689,45.003266,573,44.212963,0,0.000000
164,3,0.810811,827,54.016982,756,58.333333,0,0.000000
316,4,1.081081,899,58.719791,821,63.348765,0,0.000000
104,5,1.351351,927,60.548661,829,63.966049,0,0.000000
60,6,1.621622,927,60.548661,829,63.966049,0,0.000000
21,7,1.891892,939,61.332462,831,64.120370,0,0.000000
190,8,2.162162,974,63.618550,857,66.126543,0,0.000000
285,9,2.432432,982,64.141084,859,66.280864,0,0.000000
27,10,2.702703,1029,67.210973,887,68.441358,0,0.000000
238,11,2.972973,1029,67.210973,887,68.441358,0,0.000000
219,12,3.243243,1029,67.210973,887,68.441358,0,0.000000
58,13,3.513514,1029,67.210973,887,68.441358,0,0.000000
355,14,3.783784,1029,67.210973,887,68.441358,0,0.000000
357,15,4.054054,1029,67.210973,887,68.441358,0,0.000000
138,16,4.324324,1029,67.210973,887,68.441358,0,0.000000
328,17,4.594595,1039,67.864141,891,68.750000,0,0.000000
360,18,4.864865,1101,71.913782,975,75.231481,0,0.000000
334,19,5.135135,1101,71.913782,975,75.231481,0,0.000000
186,20,5.405405,1107,72.305683,975,75.231481,0,0.000000
197,21,5.675676,1133,74.003919,991,76.466049,0,0.000000
153,22,5.945946,1133,74.003919,991,76.466049,0,0.000000
240,23,6.216216,1133,74.003919,991,76.466049,0,0.000000
176,24,6.486486,1133,74.003919,991,76.466049,0,0.000000
68,25,6.756757,1133,74.003919,991,76.466049,0,0.000000
33,26,7.027027,1153,75.310255,995,76.774691,0,0.000000
13,27,7.297297,1161,75.832789,995,76.774691,0,0.000000
241,28,7.567568,1161,75.832789,995,76.774691,0,0.000000
2,29,7.837838,1165,76.094056,995,76.774691,0,0.000000
198,30,8.108108,1165,76.094056,995,76.774691,0,0.000000
70,31,8.378378,1165,76.094056,995,76.774691,0,0.000000
283,32,8.648649,1165,76.094056,995,76.774691,0,0.000000
333,33,8.918919,1166,76.159373,997,76.929012,0,0.000000
208,34,9.189189,1166,76.159373,997,76.929012,0,0.000000
75,35,9.459459,1166,76.159373,997,76.929012,0,0.000000
260,36,9.729730,1176,76.812541,1009,77.854938,0,0.000000
370,37,10.000000,1176,76.812541,1009,77.854938,0,0.000000
101,38,10.270270,1176,76.812541,1009,77.854938,0,0.000000
25,39,10.540541,1181,77.139125,1009,77.854938,0,0.000000
