TestcaseNumber,TestcaseCount,TestcaseRatio,StatementCount,StatementRatio,BranchCount,BranchRatio,FaultCount,FaultRatio
356,1,0.270270,298,19.464402,235,18.132716,0,0.000000
58,2,0.540541,602,39.320705,520,40.123457,0,0.000000
344,3,0.810811,647,42.259961,562,43.364198,0,0.000000
189,4,1.081081,919,60.026127,825,63.657407,0,0.000000
56,5,1.351351,919,60.026127,825,63.657407,0,0.000000
256,6,1.621622,926,60.483344,827,63.811728,0,0.000000
152,7,1.891892,930,60.744611,827,63.811728,0,0.000000
145,8,2.162162,933,60.940562,829,63.966049,0,0.000000
69,9,2.432432,933,60.940562,829,63.966049,0,0.000000
164,10,2.702703,943,61.593730,841,64.891975,0,0.000000
278,11,2.972973,950,62.050947,849,65.509259,0,0.000000
259,12,3.243243,990,64.663619,877,67.669753,0,0.000000
90,13,3.513514,990,64.663619,877,67.669753,0,0.000000
6,14,3.783784,990,64.663619,877,67.669753,0,0.000000
88,15,4.054054,990,64.663619,877,67.669753,0,0.000000
107,16,4.324324,990,64.663619,877,67.669753,0,0.000000
231,17,4.594595,990,64.663619,877,67.669753,0,0.000000
37,18,4.864865,1010,65.969954,877,67.669753,0,0.000000
338,19,5.135135,1010,65.969954,877,67.669753,0,0.000000
254,20,5.405405,1010,65.969954,877,67.669753,0,0.000000
100,21,5.675676,1017,66.427172,879,67.824074,0,0.000000
253,22,5.945946,1036,67.668191,885,68.287037,0,0.000000
265,23,6.216216,1036,67.668191,885,68.287037,0,0.000000
66,24,6.486486,1036,67.668191,885,68.287037,0,0.000000
172,25,6.756757,1040,67.929458,885,68.287037,0,0.000000
331,26,7.027027,1040,67.929458,885,68.287037,0,0.000000
40,27,7.297297,1040,67.929458,885,68.287037,0,0.000000
249,28,7.567568,1040,67.929458,885,68.287037,0,0.000000
276,29,7.837838,1041,67.994775,885,68.287037,0,0.000000
319,30,8.108108,1041,67.994775,887,68.441358,0,0.000000
277,31,8.378378,1043,68.125408,887,68.441358,0,0.000000
230,32,8.648649,1043,68.125408,887,68.441358,0,0.000000
334,33,8.918919,1065,69.562378,907,69.984568,0,0.000000
140,34,9.189189,1065,69.562378,907,69.984568,0,0.000000
20,35,9.459459,1068,69.758328,907,69.984568,0,0.000000
250,36,9.729730,1068,69.758328,907,69.984568,0,0.000000
248,37,10.000000,1068,69.758328,907,69.984568,0,0.000000
