TestcaseNumber,TestcaseCount,TestcaseRatio,StatementCount,StatementRatio,BranchCount,BranchRatio,FaultCount,FaultRatio
255,1,0.270270,587,38.340954,498,38.425926,0,0.000000
32,2,0.540541,688,44.937949,561,43.287037,0,0.000000
306,3,0.810811,824,53.821032,695,53.626543,0,0.000000
197,4,1.081081,869,56.760287,742,57.253086,0,0.000000
37,5,1.351351,875,57.152188,744,57.407407,0,0.000000
369,6,1.621622,886,57.870673,744,57.407407,0,0.000000
159,7,1.891892,896,58.523841,748,57.716049,0,0.000000
66,8,2.162162,921,60.156760,770,59.413580,0,0.000000
208,9,2.432432,922,60.222077,772,59.567901,0,0.000000
83,10,2.702703,930,60.744611,772,59.567901,0,0.000000
236,11,2.972973,957,62.508165,794,61.265432,0,0.000000
370,12,3.243243,957,62.508165,794,61.265432,0,0.000000
168,13,3.513514,994,64.924886,822,63.425926,0,0.000000
70,14,3.783784,1015,66.296538,830,64.043210,0,0.000000
59,15,4.054054,1015,66.296538,830,64.043210,0,0.000000
287,16,4.324324,1016,66.361855,830,64.043210,0,0.000000
139,17,4.594595,1016,66.361855,830,64.043210,0,0.000000
156,18,4.864865,1016,66.361855,830,64.043210,0,0.000000
209,19,5.135135,1020,66.623122,834,64.351852,0,0.000000
214,20,5.405405,1020,66.623122,840,64.814815,0,0.000000
90,21,5.675676,1020,66.623122,840,64.814815,0,0.000000
86,22,5.945946,1020,66.623122,840,64.814815,0,0.000000
300,23,6.216216,1025,66.949706,842,64.969136,0,0.000000
130,24,6.486486,1054,68.843893,895,69.058642,0,0.000000
39,25,6.756757,1064,69.497061,907,69.984568,0,0.000000
268,26,7.027027,1064,69.497061,907,69.984568,0,0.000000
137,27,7.297297,1064,69.497061,907,69.984568,0,0.000000
313,28,7.567568,1064,69.497061,907,69.984568,0,0.000000
103,29,7.837838,1064,69.497061,907,69.984568,0,0.000000
230,30,8.108108,1073,70.084912,915,70.601852,0,0.000000
317,31,8.378378,1073,70.084912,915,70.601852,0,0.000000
206,32,8.648649,1073,70.084912,915,70.601852,0,0.000000
114,33,8.918919,1080,70.542129,919,70.910494,0,0.000000
