TestcaseNumber,TestcaseCount,TestcaseRatio,StatementCount,StatementRatio,BranchCount,BranchRatio,FaultCount,FaultRatio
170,1,0.270270,735,48.007838,638,49.228395,0,0.000000
14,2,0.540541,743,48.530372,638,49.228395,0,0.000000
203,3,0.810811,788,51.469628,672,51.851852,0,0.000000
40,4,1.081081,822,53.690398,692,53.395062,0,0.000000
282,5,1.351351,841,54.931417,698,53.858025,0,0.000000
288,6,1.621622,911,59.503592,756,58.333333,0,0.000000
354,7,1.891892,911,59.503592,756,58.333333,0,0.000000
43,8,2.162162,911,59.503592,756,58.333333,0,0.000000
107,9,2.432432,915,59.764860,758,58.487654,0,0.000000
118,10,2.702703,980,64.010451,861,66.435185,0,0.000000
327,11,2.972973,998,65.186153,867,66.898148,0,0.000000
251,12,3.243243,1016,66.361855,867,66.898148,0,0.000000
346,13,3.513514,1023,66.819073,871,67.206790,0,0.000000
66,14,3.783784,1023,66.819073,871,67.206790,0,0.000000
210,15,4.054054,1029,67.210973,873,67.361111,0,0.000000
176,16,4.324324,1029,67.210973,873,67.361111,0,0.000000
85,17,4.594595,1033,67.472240,875,67.515432,0,0.000000
34,18,4.864865,1034,67.537557,875,67.515432,0,0.000000
54,19,5.135135,1052,68.713259,883,68.132716,0,0.000000
227,20,5.405405,1053,68.778576,883,68.132716,0,0.000000
88,21,5.675676,1059,69.170477,891,68.750000,0,0.000000
305,22,5.945946,1059,69.170477,891,68.750000,0,0.000000
12,23,6.216216,1059,69.170477,891,68.750000,0,0.000000
82,24,6.486486,1059,69.170477,891,68.750000,0,0.000000
92,25,6.756757,1059,69.170477,891,68.750000,0,0.000000
298,26,7.027027,1059,69.170477,891,68.750000,0,0.000000
20,27,7.297297,1065,69.562378,891,68.750000,0,0.000000
11,28,7.567568,1076,70.280862,895,69.058642,0,0.000000
171,29,7.837838,1076,70.280862,897,69.212963,0,0.000000
110,30,8.108108,1076,70.280862,897,69.212963,0,0.000000
175,31,8.378378,1076,70.280862,897,69.212963,0,0.000000
108,32,8.648649,1076,70.280862,897,69.212963,0,0.000000
269,33,8.918919,1076,70.280862,897,69.212963,0,0.000000
9,34,9.189189,1076,70.280862,897,69.212963,0,0.000000
129,35,9.459459,1086,70.934030,909,70.138889,0,0.000000
244,36,9.729730,1086,70.934030,909,70.138889,0,0.000000
134,37,10.000000,1086,70.934030,909,70.138889,0,0.000000
333,38,10.270270,1087,70.999347,911,70.293210,0,0.000000
273,39,10.540541,1087,70.999347,911,70.293210,0,0.000000
165,40,10.810811,1087,70.999347,911,70.293210,0,0.000000
169,41,11.081081,1087,70.999347,911,70.293210,0,0.000000
4,42,11.351351,1087,70.999347,911,70.293210,0,0.000000
