TestcaseNumber,TestcaseCount,TestcaseRatio,StatementCount,StatementRatio,BranchCount,BranchRatio,FaultCount,FaultRatio
268,1,0.270270,290,18.941868,227,17.515432,0,0.000000
23,2,0.540541,572,37.361202,462,35.648148,0,0.000000
307,3,0.810811,788,51.469628,657,50.694444,0,0.000000
43,4,1.081081,857,55.976486,740,57.098765,0,0.000000
52,5,1.351351,878,57.348138,748,57.716049,0,0.000000
332,6,1.621622,952,62.181581,839,64.737654,0,0.000000
164,7,1.891892,956,62.442848,839,64.737654,0,0.000000
277,8,2.162162,1013,66.165905,873,67.361111,0,0.000000
88,9,2.432432,1013,66.165905,873,67.361111,0,0.000000
205,10,2.702703,1037,67.733508,895,69.058642,0,0.000000
140,11,2.972973,1044,68.190725,901,69.521605,0,0.000000
111,12,3.243243,1044,68.190725,903,69.675926,0,0.000000
315,13,3.513514,1045,68.256042,905,69.830247,0,0.000000
254,14,3.783784,1048,68.451992,905,69.830247,0,0.000000
273,15,4.054054,1048,68.451992,905,69.830247,0,0.000000
305,16,4.324324,1048,68.451992,905,69.830247,0,0.000000
345,17,4.594595,1049,68.517309,907,69.984568,0,0.000000
364,18,4.864865,1056,68.974526,907,69.984568,0,0.000000
182,19,5.135135,1056,68.974526,907,69.984568,0,0.000000
231,20,5.405405,1062,69.366427,909,70.138889,0,0.000000
179,21,5.675676,1062,69.366427,909,70.138889,0,0.000000
236,22,5.945946,1062,69.366427,909,70.138889,0,0.000000
3,23,6.216216,1066,69.627694,909,70.138889,0,0.000000
288,24,6.486486,1069,69.823645,909,70.138889,0,0.000000
324,25,6.756757,1069,69.823645,909,70.138889,0,0.000000
341,26,7.027027,1069,69.823645,909,70.138889,0,0.000000
271,27,7.297297,1069,69.823645,909,70.138889,0,0.000000
27,28,7.567568,1115,72.828217,935,72.145062,0,0.000000
35,29,7.837838,1136,74.199869,939,72.453704,0,0.000000
200,30,8.108108,1195,78.053560,1025,79.089506,0,0.000000
177,31,8.378378,1195,78.053560,1025,79.089506,0,0.000000
104,32,8.648649,1195,78.053560,1025,79.089506,0,0.000000
272,33,8.918919,1195,78.053560,1025,79.089506,0,0.000000
