TestcaseNumber,TestcaseCount,TestcaseRatio,StatementCount,StatementRatio,BranchCount,BranchRatio,FaultCount,FaultRatio
304,1,0.270270,645,42.129327,550,42.438272,0,0.000000
94,2,0.540541,685,44.741999,588,45.370370,0,0.000000
131,3,0.810811,853,55.715219,783,60.416667,0,0.000000
72,4,1.081081,870,56.825604,795,61.342593,0,0.000000
295,5,1.351351,895,58.458524,811,62.577160,0,0.000000
77,6,1.621622,947,61.854997,837,64.583333,0,0.000000
285,7,1.891892,969,63.291966,847,65.354938,0,0.000000
218,8,2.162162,969,63.291966,847,65.354938,0,0.000000
151,9,2.432432,978,63.879817,857,66.126543,0,0.000000
339,10,2.702703,978,63.879817,857,66.126543,0,0.000000
98,11,2.972973,996,65.055519,871,67.206790,0,0.000000
123,12,3.243243,1002,65.447420,873,67.361111,0,0.000000
207,13,3.513514,1008,65.839321,881,67.978395,0,0.000000
221,14,3.783784,1021,66.688439,893,68.904321,0,0.000000
124,15,4.054054,1021,66.688439,893,68.904321,0,0.000000
9,16,4.324324,1021,66.688439,893,68.904321,0,0.000000
253,17,4.594595,1021,66.688439,893,68.904321,0,0.000000
74,18,4.864865,1021,66.688439,893,68.904321,0,0.000000
300,19,5.135135,1025,66.949706,895,69.058642,0,0.000000
120,20,5.405405,1025,66.949706,895,69.058642,0,0.000000
335,21,5.675676,1028,67.145656,899,69.367284,0,0.000000
282,22,5.945946,1035,67.602874,901,69.521605,0,0.000000
143,23,6.216216,1044,68.190725,913,70.447531,0,0.000000
68,24,6.486486,1044,68.190725,913,70.447531,0,0.000000
173,25,6.756757,1047,68.386675,913,70.447531,0,0.000000
78,26,7.027027,1047,68.386675,913,70.447531,0,0.000000
106,27,7.297297,1047,68.386675,913,70.447531,0,0.000000
261,28,7.567568,1048,68.451992,913,70.447531,0,0.000000
296,29,7.837838,1048,68.451992,915,70.601852,0,0.000000
65,30,8.108108,1048,68.451992,915,70.601852,0,0.000000
257,31,8.378378,1048,68.451992,915,70.601852,0,0.000000
48,32,8.648649,1048,68.451992,915,70.601852,0,0.000000
346,33,8.918919,1049,68.517309,917,70.756173,0,0.000000
215,34,9.189189,1049,68.517309,923,71.219136,0,0.000000
216,35,9.459459,1049,68.517309,923,71.219136,0,0.000000
75,36,9.729730,1049,68.517309,923,71.219136,0,0.000000
241,37,10.000000,1049,68.517309,923,71.219136,0,0.000000
114,38,10.270270,1049,68.517309,925,71.373457,0,0.000000
2,39,10.540541,1053,68.778576,925,71.373457,0,0.000000
121,40,10.810811,1053,68.778576,925,71.373457,0,0.000000
369,41,11.081081,1064,69.497061,925,71.373457,0,0.000000
