TestcaseNumber,TestcaseCount,TestcaseRatio,StatementCount,StatementRatio,BranchCount,BranchRatio,FaultCount,FaultRatio
265,1,0.270270,595,38.863488,500,38.580247,0,0.000000
20,2,0.540541,620,40.496408,502,38.734568,0,0.000000
86,3,0.810811,651,42.521228,530,40.895062,0,0.000000
83,4,1.081081,689,45.003266,575,44.367284,0,0.000000
318,5,1.351351,798,52.122796,662,51.080247,0,0.000000
178,6,1.621622,816,53.298498,662,51.080247,0,0.000000
60,7,1.891892,847,55.323318,682,52.623457,0,0.000000
256,8,2.162162,890,58.131940,718,55.401235,0,0.000000
239,9,2.432432,914,59.699543,740,57.098765,0,0.000000
219,10,2.702703,914,59.699543,740,57.098765,0,0.000000
282,11,2.972973,917,59.895493,740,57.098765,0,0.000000
7,12,3.243243,917,59.895493,740,57.098765,0,0.000000
233,13,3.513514,946,61.789680,756,58.333333,0,0.000000
290,14,3.783784,965,63.030699,766,59.104938,0,0.000000
111,15,4.054054,969,63.291966,772,59.567901,0,0.000000
33,16,4.324324,972,63.487916,776,59.876543,0,0.000000
320,17,4.594595,978,63.879817,782,60.339506,0,0.000000
1,18,4.864865,989,64.598302,786,60.648148,0,0.000000
129,19,5.135135,1053,68.778576,891,68.750000,0,0.000000
212,20,5.405405,1053,68.778576,897,69.212963,0,0.000000
130,21,5.675676,1053,68.778576,897,69.212963,0,0.000000
216,22,5.945946,1053,68.778576,897,69.212963,0,0.000000
369,23,6.216216,1064,69.497061,897,69.212963,0,0.000000
187,24,6.486486,1073,70.084912,899,69.367284,0,0.000000
53,25,6.756757,1073,70.084912,899,69.367284,0,0.000000
167,26,7.027027,1074,70.150229,901,69.521605,0,0.000000
34,27,7.297297,1075,70.215545,901,69.521605,0,0.000000
166,28,7.567568,1075,70.215545,901,69.521605,0,0.000000
157,29,7.837838,1079,70.476813,903,69.675926,0,0.000000
74,30,8.108108,1079,70.476813,903,69.675926,0,0.000000
222,31,8.378378,1092,71.325931,915,70.601852,0,0.000000
349,32,8.648649,1094,71.456564,917,70.756173,0,0.000000
66,33,8.918919,1094,71.456564,917,70.756173,0,0.000000
183,34,9.189189,1094,71.456564,917,70.756173,0,0.000000
199,35,9.459459,1101,71.913782,921,71.064815,0,0.000000
