TestcaseNumber,TestcaseCount,TestcaseRatio,StatementCount,StatementRatio,BranchCount,BranchRatio,FaultCount,FaultRatio
285,1,0.270270,328,21.423906,247,19.058642,0,0.000000
48,2,0.540541,623,40.692358,524,40.432099,0,0.000000
97,3,0.810811,702,45.852384,603,46.527778,0,0.000000
348,4,1.081081,736,48.073155,631,48.688272,0,0.000000
63,5,1.351351,744,48.595689,635,48.996914,0,0.000000
15,6,1.621622,848,55.388635,696,53.703704,0,0.000000
356,7,1.891892,848,55.388635,696,53.703704,0,0.000000
51,8,2.162162,999,65.251470,911,70.293210,0,0.000000
215,9,2.432432,1011,66.035271,923,71.219136,0,0.000000
250,10,2.702703,1016,66.361855,925,71.373457,0,0.000000
207,11,2.972973,1028,67.145656,933,71.990741,0,0.000000
316,12,3.243243,1033,67.472240,937,72.299383,0,0.000000
25,13,3.513514,1047,68.386675,939,72.453704,0,0.000000
281,14,3.783784,1048,68.451992,939,72.453704,0,0.000000
165,15,4.054054,1090,71.195297,981,75.694444,0,0.000000
256,16,4.324324,1091,71.260614,981,75.694444,0,0.000000
120,17,4.594595,1091,71.260614,981,75.694444,0,0.000000
339,18,4.864865,1091,71.260614,981,75.694444,0,0.000000
176,19,5.135135,1091,71.260614,981,75.694444,0,0.000000
102,20,5.405405,1101,71.913782,983,75.848765,0,0.000000
179,21,5.675676,1101,71.913782,983,75.848765,0,0.000000
337,22,5.945946,1104,72.109732,983,75.848765,0,0.000000
3,23,6.216216,1108,72.370999,983,75.848765,0,0.000000
135,24,6.486486,1108,72.370999,983,75.848765,0,0.000000
109,25,6.756757,1108,72.370999,983,75.848765,0,0.000000
357,26,7.027027,1108,72.370999,983,75.848765,0,0.000000
119,27,7.297297,1113,72.697583,985,76.003086,0,0.000000
269,28,7.567568,1113,72.697583,985,76.003086,0,0.000000
31,29,7.837838,1119,73.089484,985,76.003086,0,0.000000
