TestcaseNumber,TestcaseCount,TestcaseRatio,StatementCount,StatementRatio,BranchCount,BranchRatio,FaultCount,FaultRatio
104,1,0.270270,338,22.077074,261,20.138889,0,0.000000
158,2,0.540541,738,48.203788,597,46.064815,0,0.000000
366,3,0.810811,1001,65.382103,838,64.660494,0,0.000000
323,4,1.081081,1005,65.643370,838,64.660494,0,0.000000
2,5,1.351351,1009,65.904637,838,64.660494,0,0.000000
156,6,1.621622,1009,65.904637,838,64.660494,0,0.000000
239,7,1.891892,1037,67.733508,862,66.512346,0,0.000000
49,8,2.162162,1105,72.175049,958,73.919753,0,0.000000
17,9,2.432432,1117,72.958850,964,74.382716,0,0.000000
6,10,2.702703,1117,72.958850,964,74.382716,0,0.000000
129,11,2.972973,1126,73.546702,980,75.617284,0,0.000000
289,12,3.243243,1135,74.134553,988,76.234568,0,0.000000
37,13,3.513514,1138,74.330503,988,76.234568,0,0.000000
122,14,3.783784,1138,74.330503,988,76.234568,0,0.000000
180,15,4.054054,1138,74.330503,988,76.234568,0,0.000000
115,16,4.324324,1170,76.420640,1025,79.089506,0,0.000000
173,17,4.594595,1177,76.877858,1029,79.398148,0,0.000000
282,18,4.864865,1184,77.335075,1031,79.552469,0,0.000000
89,19,5.135135,1217,79.490529,1047,80.787037,0,0.000000
113,20,5.405405,1217,79.490529,1047,80.787037,0,0.000000
58,21,5.675676,1217,79.490529,1047,80.787037,0,0.000000
166,22,5.945946,1217,79.490529,1047,80.787037,0,0.000000
318,23,6.216216,1218,79.555846,1047,80.787037,0,0.000000
62,24,6.486486,1236,80.731548,1061,81.867284,0,0.000000
176,25,6.756757,1236,80.731548,1061,81.867284,0,0.000000
288,26,7.027027,1242,81.123449,1067,82.330247,0,0.000000
221,27,7.297297,1255,81.972567,1079,83.256173,0,0.000000
302,28,7.567568,1255,81.972567,1079,83.256173,0,0.000000
116,29,7.837838,1258,82.168517,1079,83.256173,0,0.000000
