TestcaseNumber,TestcaseCount,TestcaseRatio,StatementCount,StatementRatio,BranchCount,BranchRatio,FaultCount,FaultRatio
101,1,0.270270,608,39.712606,514,39.660494,0,0.000000
331,2,0.540541,820,53.559765,712,54.938272,0,0.000000
210,3,0.810811,836,54.604833,722,55.709877,0,0.000000
208,4,1.081081,846,55.258001,736,56.790123,0,0.000000
305,5,1.351351,872,56.956238,744,57.407407,0,0.000000
21,6,1.621622,888,58.001306,746,57.561728,0,0.000000
299,7,1.891892,919,60.026127,766,59.104938,0,0.000000
9,8,2.162162,919,60.026127,766,59.104938,0,0.000000
33,9,2.432432,939,61.332462,770,59.413580,0,0.000000
242,10,2.702703,939,61.332462,770,59.413580,0,0.000000
71,11,2.972973,946,61.789680,774,59.722222,0,0.000000
281,12,3.243243,947,61.854997,776,59.876543,0,0.000000
226,13,3.513514,982,64.141084,802,61.882716,0,0.000000
169,14,3.783784,986,64.402351,808,62.345679,0,0.000000
190,15,4.054054,1006,65.708687,853,65.817901,0,0.000000
292,16,4.324324,1012,66.100588,855,65.972222,0,0.000000
306,17,4.594595,1020,66.623122,863,66.589506,0,0.000000
347,18,4.864865,1024,66.884389,869,67.052469,0,0.000000
297,19,5.135135,1048,68.451992,895,69.058642,0,0.000000
68,20,5.405405,1048,68.451992,895,69.058642,0,0.000000
341,21,5.675676,1048,68.451992,895,69.058642,0,0.000000
244,22,5.945946,1049,68.517309,897,69.212963,0,0.000000
300,23,6.216216,1049,68.517309,897,69.212963,0,0.000000
143,24,6.486486,1049,68.517309,897,69.212963,0,0.000000
48,25,6.756757,1053,68.778576,899,69.367284,0,0.000000
153,26,7.027027,1053,68.778576,899,69.367284,0,0.000000
178,27,7.297297,1053,68.778576,899,69.367284,0,0.000000
232,28,7.567568,1053,68.778576,899,69.367284,0,0.000000
275,29,7.837838,1053,68.778576,899,69.367284,0,0.000000
288,30,8.108108,1062,69.366427,899,69.367284,0,0.000000
78,31,8.378378,1062,69.366427,899,69.367284,0,0.000000
329,32,8.648649,1062,69.366427,899,69.367284,0,0.000000
6,33,8.918919,1062,69.366427,899,69.367284,0,0.000000
266,34,9.189189,1062,69.366427,899,69.367284,0,0.000000
123,35,9.459459,1062,69.366427,899,69.367284,0,0.000000
248,36,9.729730,1062,69.366427,899,69.367284,0,0.000000
