TestcaseNumber,TestcaseCount,TestcaseRatio,StatementCount,StatementRatio,BranchCount,BranchRatio,FaultCount,FaultRatio
171,1,0.270270,739,48.269105,642,49.537037,0,0.000000
360,2,0.540541,885,57.805356,826,63.734568,0,0.000000
85,3,0.810811,918,59.960810,848,65.432099,0,0.000000
220,4,1.081081,952,62.181581,866,66.820988,0,0.000000
88,5,1.351351,982,64.141084,884,68.209877,0,0.000000
77,6,1.621622,990,64.663619,884,68.209877,0,0.000000
38,7,1.891892,1013,66.165905,886,68.364198,0,0.000000
332,8,2.162162,1069,69.823645,961,74.151235,0,0.000000
233,9,2.432432,1071,69.954278,961,74.151235,0,0.000000
108,10,2.702703,1075,70.215545,965,74.459877,0,0.000000
127,11,2.972973,1075,70.215545,965,74.459877,0,0.000000
222,12,3.243243,1075,70.215545,965,74.459877,0,0.000000
125,13,3.513514,1075,70.215545,965,74.459877,0,0.000000
322,14,3.783784,1075,70.215545,965,74.459877,0,0.000000
260,15,4.054054,1102,71.979099,983,75.848765,0,0.000000
181,16,4.324324,1102,71.979099,983,75.848765,0,0.000000
300,17,4.594595,1106,72.240366,985,76.003086,0,0.000000
15,18,4.864865,1111,72.566950,987,76.157407,0,0.000000
206,19,5.135135,1112,72.632266,989,76.311728,0,0.000000
309,20,5.405405,1116,72.893534,991,76.466049,0,0.000000
287,21,5.675676,1118,73.024167,991,76.466049,0,0.000000
1,22,5.945946,1129,73.742652,995,76.774691,0,0.000000
37,23,6.216216,1129,73.742652,995,76.774691,0,0.000000
312,24,6.486486,1129,73.742652,995,76.774691,0,0.000000
17,25,6.756757,1133,74.003919,995,76.774691,0,0.000000
126,26,7.027027,1133,74.003919,995,76.774691,0,0.000000
81,27,7.297297,1133,74.003919,995,76.774691,0,0.000000
295,28,7.567568,1133,74.003919,995,76.774691,0,0.000000
229,29,7.837838,1133,74.003919,995,76.774691,0,0.000000
