TestcaseNumber,TestcaseCount,TestcaseRatio,StatementCount,StatementRatio,BranchCount,BranchRatio,FaultCount,FaultRatio
289,1,0.270270,685,44.741999,559,43.132716,0,0.000000
42,2,0.540541,771,50.359242,656,50.617284,0,0.000000
45,3,0.810811,784,51.208361,658,50.771605,0,0.000000
178,4,1.081081,801,52.318746,664,51.234568,0,0.000000
19,5,1.351351,801,52.318746,664,51.234568,0,0.000000
269,6,1.621622,801,52.318746,666,51.388889,0,0.000000
365,7,1.891892,808,52.775963,666,51.388889,0,0.000000
248,8,2.162162,835,54.539517,678,52.314815,0,0.000000
306,9,2.432432,915,59.764860,768,59.259259,0,0.000000
159,10,2.702703,925,60.418027,772,59.567901,0,0.000000
336,11,2.972973,940,61.397779,776,59.876543,0,0.000000
366,12,3.243243,1148,74.983671,981,75.694444,0,0.000000
270,13,3.513514,1148,74.983671,981,75.694444,0,0.000000
145,14,3.783784,1148,74.983671,981,75.694444,0,0.000000
206,15,4.054054,1172,76.551274,1003,77.391975,0,0.000000
64,16,4.324324,1172,76.551274,1003,77.391975,0,0.000000
341,17,4.594595,1172,76.551274,1003,77.391975,0,0.000000
162,18,4.864865,1197,78.184193,1019,78.626543,0,0.000000
12,19,5.135135,1197,78.184193,1019,78.626543,0,0.000000
332,20,5.405405,1238,80.862182,1075,82.947531,0,0.000000
37,21,5.675676,1241,81.058132,1075,82.947531,0,0.000000
271,22,5.945946,1249,81.580666,1075,82.947531,0,0.000000
334,23,6.216216,1252,81.776617,1079,83.256173,0,0.000000
