TestcaseNumber,TestcaseCount,TestcaseRatio,StatementCount,StatementRatio,BranchCount,BranchRatio,FaultCount,FaultRatio
183,1,0.270270,625,40.822992,519,40.046296,0,0.000000
62,2,0.540541,735,48.007838,636,49.074074,0,0.000000
308,3,0.810811,877,57.282822,801,61.805556,0,0.000000
174,4,1.081081,892,58.262573,807,62.268519,0,0.000000
137,5,1.351351,906,59.177008,811,62.577160,0,0.000000
26,6,1.621622,953,62.246897,841,64.891975,0,0.000000
198,7,1.891892,984,64.271718,859,66.280864,0,0.000000
12,8,2.162162,1001,65.382103,859,66.280864,0,0.000000
133,9,2.432432,1004,65.578054,861,66.435185,0,0.000000
179,10,2.702703,1008,65.839321,863,66.589506,0,0.000000
312,11,2.972973,1008,65.839321,863,66.589506,0,0.000000
291,12,3.243243,1029,67.210973,875,67.515432,0,0.000000
199,13,3.513514,1048,68.451992,881,67.978395,0,0.000000
227,14,3.783784,1052,68.713259,885,68.287037,0,0.000000
142,15,4.054054,1054,68.843893,887,68.441358,0,0.000000
366,16,4.324324,1260,82.299151,1081,83.410494,0,0.000000
33,17,4.594595,1263,82.495101,1085,83.719136,0,0.000000
288,18,4.864865,1269,82.887002,1085,83.719136,0,0.000000
226,19,5.135135,1270,82.952319,1085,83.719136,0,0.000000
162,20,5.405405,1270,82.952319,1085,83.719136,0,0.000000
258,21,5.675676,1283,83.801437,1097,84.645062,0,0.000000
212,22,5.945946,1283,83.801437,1103,85.108025,0,0.000000
4,23,6.216216,1294,84.519922,1107,85.416667,0,0.000000
167,24,6.486486,1319,86.152841,1135,87.577160,0,0.000000
209,25,6.756757,1319,86.152841,1135,87.577160,0,0.000000
72,26,7.027027,1319,86.152841,1135,87.577160,0,0.000000
161,27,7.297297,1319,86.152841,1135,87.577160,0,0.000000
225,28,7.567568,1319,86.152841,1135,87.577160,0,0.000000
84,29,7.837838,1329,86.806009,1139,87.885802,0,0.000000
203,30,8.108108,1329,86.806009,1139,87.885802,0,0.000000
23,31,8.378378,1348,88.047028,1141,88.040123,0,0.000000
208,32,8.648649,1348,88.047028,1141,88.040123,0,0.000000
95,33,8.918919,1348,88.047028,1141,88.040123,0,0.000000
