TestcaseNumber,TestcaseCount,TestcaseRatio,StatementCount,StatementRatio,BranchCount,BranchRatio,FaultCount,FaultRatio
229,1,0.270270,570,37.230568,500,38.580247,0,0.000000
287,2,0.540541,593,38.732854,506,39.043210,0,0.000000
77,3,0.810811,664,43.370346,579,44.675926,0,0.000000
63,4,1.081081,715,46.701502,613,47.299383,0,0.000000
167,5,1.351351,955,62.377531,853,65.817901,0,0.000000
26,6,1.621622,1011,66.035271,891,68.750000,0,0.000000
111,7,1.891892,1015,66.296538,895,69.058642,0,0.000000
88,8,2.162162,1042,68.060091,911,70.293210,0,0.000000
1,9,2.432432,1065,69.562378,915,70.601852,0,0.000000
199,10,2.702703,1074,70.150229,919,70.910494,0,0.000000
135,11,2.972973,1075,70.215545,921,71.064815,0,0.000000
35,12,3.243243,1087,70.999347,925,71.373457,0,0.000000
270,13,3.513514,1087,70.999347,925,71.373457,0,0.000000
193,14,3.783784,1091,71.260614,927,71.527778,0,0.000000
195,15,4.054054,1091,71.260614,927,71.527778,0,0.000000
212,16,4.324324,1095,71.521881,935,72.145062,0,0.000000
57,17,4.594595,1095,71.521881,935,72.145062,0,0.000000
172,18,4.864865,1105,72.175049,937,72.299383,0,0.000000
147,19,5.135135,1105,72.175049,937,72.299383,0,0.000000
154,20,5.405405,1109,72.436316,941,72.608025,0,0.000000
182,21,5.675676,1109,72.436316,941,72.608025,0,0.000000
245,22,5.945946,1128,73.677335,951,73.379630,0,0.000000
7,23,6.216216,1128,73.677335,951,73.379630,0,0.000000
310,24,6.486486,1128,73.677335,951,73.379630,0,0.000000
106,25,6.756757,1128,73.677335,951,73.379630,0,0.000000
320,26,7.027027,1129,73.742652,951,73.379630,0,0.000000
75,27,7.297297,1129,73.742652,951,73.379630,0,0.000000
