TestcaseNumber,TestcaseCount,TestcaseRatio,StatementCount,StatementRatio,BranchCount,BranchRatio,FaultCount,FaultRatio
34,1,0.270270,551,35.989549,481,37.114198,0,0.000000
106,2,0.540541,672,43.892880,555,42.824074,0,0.000000
8,3,0.810811,673,43.958197,555,42.824074,0,0.000000
64,4,1.081081,743,48.530372,595,45.910494,0,0.000000
352,5,1.351351,792,51.730895,650,50.154321,0,0.000000
291,6,1.621622,844,55.127368,694,53.549383,0,0.000000
70,7,1.891892,844,55.127368,694,53.549383,0,0.000000
356,8,2.162162,844,55.127368,694,53.549383,0,0.000000
330,9,2.432432,949,61.985630,794,61.265432,0,0.000000
149,10,2.702703,987,64.467668,845,65.200617,0,0.000000
2,11,2.972973,991,64.728935,845,65.200617,0,0.000000
148,12,3.243243,991,64.728935,845,65.200617,0,0.000000
18,13,3.513514,992,64.794252,849,65.509259,0,0.000000
333,14,3.783784,1027,67.080340,885,68.287037,0,0.000000
95,15,4.054054,1040,67.929458,887,68.441358,0,0.000000
348,16,4.324324,1042,68.060091,889,68.595679,0,0.000000
5,17,4.594595,1042,68.060091,889,68.595679,0,0.000000
124,18,4.864865,1042,68.060091,889,68.595679,0,0.000000
81,19,5.135135,1045,68.256042,889,68.595679,0,0.000000
311,20,5.405405,1051,68.647943,891,68.750000,0,0.000000
182,21,5.675676,1051,68.647943,891,68.750000,0,0.000000
79,22,5.945946,1051,68.647943,891,68.750000,0,0.000000
316,23,6.216216,1054,68.843893,895,69.058642,0,0.000000
307,24,6.486486,1054,68.843893,897,69.212963,0,0.000000
339,25,6.756757,1054,68.843893,897,69.212963,0,0.000000
301,26,7.027027,1058,69.105160,899,69.367284,0,0.000000
363,27,7.297297,1065,69.562378,899,69.367284,0,0.000000
359,28,7.567568,1065,69.562378,899,69.367284,0,0.000000
145,29,7.837838,1065,69.562378,899,69.367284,0,0.000000
302,30,8.108108,1065,69.562378,899,69.367284,0,0.000000
299,31,8.378378,1065,69.562378,899,69.367284,0,0.000000
335,32,8.648649,1065,69.562378,899,69.367284,0,0.000000
11,33,8.918919,1076,70.280862,903,69.675926,0,0.000000
