TestcaseNumber,TestcaseCount,TestcaseRatio,StatementCount,StatementRatio,BranchCount,BranchRatio,FaultCount,FaultRatio
194,1,0.270270,699,45.656434,581,44.830247,0,0.000000
57,2,0.540541,742,48.465056,613,47.299383,0,0.000000
266,3,0.810811,769,50.228609,623,48.070988,0,0.000000
274,4,1.081081,850,55.519268,716,55.246914,0,0.000000
46,5,1.351351,864,56.433703,728,56.172840,0,0.000000
115,6,1.621622,938,61.267146,831,64.120370,0,0.000000
203,7,1.891892,943,61.593730,837,64.583333,0,0.000000
334,8,2.162162,966,63.096016,857,66.126543,0,0.000000
98,9,2.432432,966,63.096016,857,66.126543,0,0.000000
291,10,2.702703,973,63.553233,863,66.589506,0,0.000000
121,11,2.972973,973,63.553233,863,66.589506,0,0.000000
49,12,3.243243,973,63.553233,863,66.589506,0,0.000000
166,13,3.513514,985,64.337035,875,67.515432,0,0.000000
137,14,3.783784,992,64.794252,877,67.669753,0,0.000000
163,15,4.054054,1018,66.492489,893,68.904321,0,0.000000
134,16,4.324324,1018,66.492489,893,68.904321,0,0.000000
44,17,4.594595,1018,66.492489,893,68.904321,0,0.000000
354,18,4.864865,1018,66.492489,893,68.904321,0,0.000000
353,19,5.135135,1018,66.492489,893,68.904321,0,0.000000
150,20,5.405405,1026,67.015023,899,69.367284,0,0.000000
106,21,5.675676,1026,67.015023,899,69.367284,0,0.000000
319,22,5.945946,1026,67.015023,901,69.521605,0,0.000000
305,23,6.216216,1026,67.015023,901,69.521605,0,0.000000
53,24,6.486486,1026,67.015023,901,69.521605,0,0.000000
143,25,6.756757,1028,67.145656,903,69.675926,0,0.000000
88,26,7.027027,1028,67.145656,903,69.675926,0,0.000000
206,27,7.297297,1028,67.145656,903,69.675926,0,0.000000
192,28,7.567568,1028,67.145656,903,69.675926,0,0.000000
181,29,7.837838,1028,67.145656,903,69.675926,0,0.000000
