TestcaseNumber,TestcaseCount,TestcaseRatio,StatementCount,StatementRatio,BranchCount,BranchRatio,FaultCount,FaultRatio
120,1,0.270270,703,45.917701,589,45.447531,0,0.000000
324,2,0.540541,816,53.298498,707,54.552469,0,0.000000
222,3,0.810811,861,56.237753,752,58.024691,0,0.000000
271,4,1.081081,883,57.674722,766,59.104938,0,0.000000
185,5,1.351351,907,59.242325,813,62.731481,0,0.000000
85,6,1.621622,911,59.503592,815,62.885802,0,0.000000
178,7,1.891892,918,59.960810,817,63.040123,0,0.000000
96,8,2.162162,936,61.136512,831,64.120370,0,0.000000
282,9,2.432432,943,61.593730,833,64.274691,0,0.000000
21,10,2.702703,959,62.638798,835,64.429012,0,0.000000
18,11,2.972973,960,62.704115,839,64.737654,0,0.000000
231,12,3.243243,966,63.096016,847,65.354938,0,0.000000
193,13,3.513514,966,63.096016,847,65.354938,0,0.000000
365,14,3.783784,973,63.553233,847,65.354938,0,0.000000
241,15,4.054054,973,63.553233,847,65.354938,0,0.000000
329,16,4.324324,973,63.553233,847,65.354938,0,0.000000
210,17,4.594595,980,64.010451,851,65.663580,0,0.000000
295,18,4.864865,1005,65.643370,867,66.898148,0,0.000000
279,19,5.135135,1050,68.582626,901,69.521605,0,0.000000
148,20,5.405405,1050,68.582626,901,69.521605,0,0.000000
359,21,5.675676,1050,68.582626,901,69.521605,0,0.000000
97,22,5.945946,1050,68.582626,901,69.521605,0,0.000000
157,23,6.216216,1050,68.582626,901,69.521605,0,0.000000
67,24,6.486486,1050,68.582626,901,69.521605,0,0.000000
253,25,6.756757,1050,68.582626,901,69.521605,0,0.000000
36,26,7.027027,1070,69.888961,901,69.521605,0,0.000000
32,27,7.297297,1072,70.019595,903,69.675926,0,0.000000
209,28,7.567568,1076,70.280862,907,69.984568,0,0.000000
131,29,7.837838,1086,70.934030,919,70.910494,0,0.000000
181,30,8.108108,1086,70.934030,919,70.910494,0,0.000000
180,31,8.378378,1086,70.934030,919,70.910494,0,0.000000
264,32,8.648649,1086,70.934030,919,70.910494,0,0.000000
244,33,8.918919,1086,70.934030,919,70.910494,0,0.000000
315,34,9.189189,1086,70.934030,919,70.910494,0,0.000000
140,35,9.459459,1086,70.934030,919,70.910494,0,0.000000
337,36,9.729730,1089,71.129980,919,70.910494,0,0.000000
90,37,10.000000,1089,71.129980,919,70.910494,0,0.000000
137,38,10.270270,1089,71.129980,919,70.910494,0,0.000000
334,39,10.540541,1092,71.325931,923,71.219136,0,0.000000
258,40,10.810811,1093,71.391248,923,71.219136,0,0.000000
