TestcaseNumber,TestcaseCount,TestcaseRatio,StatementCount,StatementRatio,BranchCount,BranchRatio,FaultCount,FaultRatio
186,1,0.270270,862,56.303070,789,60.879630,0,0.000000
94,2,0.540541,890,58.131940,813,62.731481,0,0.000000
240,3,0.810811,908,59.307642,827,63.811728,0,0.000000
25,4,1.081081,923,60.287394,829,63.966049,0,0.000000
148,5,1.351351,934,61.005879,829,63.966049,0,0.000000
211,6,1.621622,966,63.096016,841,64.891975,0,0.000000
95,7,1.891892,968,63.226649,841,64.891975,0,0.000000
16,8,2.162162,968,63.226649,841,64.891975,0,0.000000
62,9,2.432432,968,63.226649,841,64.891975,0,0.000000
281,10,2.702703,968,63.226649,843,65.046296,0,0.000000
100,11,2.972973,972,63.487916,845,65.200617,0,0.000000
69,12,3.243243,993,64.859569,853,65.817901,0,0.000000
63,13,3.513514,993,64.859569,853,65.817901,0,0.000000
32,14,3.783784,1013,66.165905,855,65.972222,0,0.000000
33,15,4.054054,1016,66.361855,859,66.280864,0,0.000000
111,16,4.324324,1016,66.361855,861,66.435185,0,0.000000
138,17,4.594595,1016,66.361855,861,66.435185,0,0.000000
135,18,4.864865,1017,66.427172,863,66.589506,0,0.000000
260,19,5.135135,1028,67.145656,875,67.515432,0,0.000000
314,20,5.405405,1038,67.798824,887,68.441358,0,0.000000
329,21,5.675676,1044,68.190725,889,68.595679,0,0.000000
226,22,5.945946,1048,68.451992,889,68.595679,0,0.000000
355,23,6.216216,1048,68.451992,889,68.595679,0,0.000000
208,24,6.486486,1048,68.451992,889,68.595679,0,0.000000
110,25,6.756757,1048,68.451992,889,68.595679,0,0.000000
104,26,7.027027,1048,68.451992,889,68.595679,0,0.000000
175,27,7.297297,1051,68.647943,889,68.595679,0,0.000000
198,28,7.567568,1076,70.280862,905,69.830247,0,0.000000
190,29,7.837838,1076,70.280862,907,69.984568,0,0.000000
142,30,8.108108,1076,70.280862,907,69.984568,0,0.000000
14,31,8.378378,1084,70.803396,907,69.984568,0,0.000000
28,32,8.648649,1114,72.762900,921,71.064815,0,0.000000
345,33,8.918919,1115,72.828217,923,71.219136,0,0.000000
57,34,9.189189,1115,72.828217,923,71.219136,0,0.000000
92,35,9.459459,1115,72.828217,923,71.219136,0,0.000000
86,36,9.729730,1115,72.828217,923,71.219136,0,0.000000
145,37,10.000000,1115,72.828217,923,71.219136,0,0.000000
105,38,10.270270,1115,72.828217,923,71.219136,0,0.000000
304,39,10.540541,1115,72.828217,923,71.219136,0,0.000000
