TestcaseNumber,TestcaseCount,TestcaseRatio,StatementCount,StatementRatio,BranchCount,BranchRatio,FaultCount,FaultRatio
283,1,0.270270,602,39.320705,502,38.734568,0,0.000000
121,2,0.540541,734,47.942521,603,46.527778,0,0.000000
330,3,0.810811,851,55.584585,734,56.635802,0,0.000000
197,4,1.081081,852,55.649902,734,56.635802,0,0.000000
279,5,1.351351,903,58.981058,776,59.876543,0,0.000000
322,6,1.621622,907,59.242325,776,59.876543,0,0.000000
1,7,1.891892,930,60.744611,780,60.185185,0,0.000000
260,8,2.162162,930,60.744611,780,60.185185,0,0.000000
100,9,2.432432,935,61.071195,784,60.493827,0,0.000000
203,10,2.702703,946,61.789680,790,60.956790,0,0.000000
302,11,2.972973,950,62.050947,792,61.111111,0,0.000000
142,12,3.243243,957,62.508165,796,61.419753,0,0.000000
187,13,3.513514,1016,66.361855,869,67.052469,0,0.000000
242,14,3.783784,1016,66.361855,869,67.052469,0,0.000000
74,15,4.054054,1016,66.361855,869,67.052469,0,0.000000
63,16,4.324324,1034,67.537557,883,68.132716,0,0.000000
213,17,4.594595,1034,67.537557,889,68.595679,0,0.000000
364,18,4.864865,1041,67.994775,889,68.595679,0,0.000000
308,19,5.135135,1044,68.190725,891,68.750000,0,0.000000
98,20,5.405405,1044,68.190725,891,68.750000,0,0.000000
280,21,5.675676,1044,68.190725,891,68.750000,0,0.000000
307,22,5.945946,1044,68.190725,893,68.904321,0,0.000000
113,23,6.216216,1044,68.190725,893,68.904321,0,0.000000
94,24,6.486486,1048,68.451992,895,69.058642,0,0.000000
