TestcaseNumber,TestcaseCount,TestcaseRatio,StatementCount,StatementRatio,BranchCount,BranchRatio,FaultCount,FaultRatio
145,1,0.270270,632,41.280209,541,41.743827,0,0.000000
129,2,0.540541,775,50.620509,714,55.092593,0,0.000000
110,3,0.810811,849,55.453952,770,59.413580,0,0.000000
6,4,1.081081,850,55.519268,770,59.413580,0,0.000000
172,5,1.351351,865,56.499020,772,59.567901,0,0.000000
361,6,1.621622,955,62.377531,885,68.287037,0,0.000000
67,7,1.891892,955,62.377531,885,68.287037,0,0.000000
255,8,2.162162,983,64.206401,905,69.830247,0,0.000000
149,9,2.432432,1006,65.708687,917,70.756173,0,0.000000
331,10,2.702703,1038,67.798824,935,72.145062,0,0.000000
224,11,2.972973,1046,68.321359,941,72.608025,0,0.000000
283,12,3.243243,1054,68.843893,941,72.608025,0,0.000000
175,13,3.513514,1054,68.843893,941,72.608025,0,0.000000
214,14,3.783784,1056,68.974526,949,73.225309,0,0.000000
48,15,4.054054,1066,69.627694,953,73.533951,0,0.000000
257,16,4.324324,1066,69.627694,953,73.533951,0,0.000000
155,17,4.594595,1066,69.627694,955,73.688272,0,0.000000
242,18,4.864865,1066,69.627694,955,73.688272,0,0.000000
39,19,5.135135,1107,72.305683,969,74.768519,0,0.000000
366,20,5.405405,1302,85.042456,1153,88.966049,0,0.000000
171,21,5.675676,1324,86.479425,1173,90.509259,0,0.000000
187,22,5.945946,1324,86.479425,1173,90.509259,0,0.000000
309,23,6.216216,1324,86.479425,1173,90.509259,0,0.000000
115,24,6.486486,1324,86.479425,1173,90.509259,0,0.000000
360,25,6.756757,1324,86.479425,1173,90.509259,0,0.000000
293,26,7.027027,1324,86.479425,1173,90.509259,0,0.000000
259,27,7.297297,1338,87.393860,1185,91.435185,0,0.000000
269,28,7.567568,1338,87.393860,1185,91.435185,0,0.000000
169,29,7.837838,1338,87.393860,1185,91.435185,0,0.000000
138,30,8.108108,1339,87.459177,1187,91.589506,0,0.000000
211,31,8.378378,1345,87.851078,1189,91.743827,0,0.000000
315,32,8.648649,1346,87.916395,1191,91.898148,0,0.000000
84,33,8.918919,1346,87.916395,1191,91.898148,0,0.000000
32,34,9.189189,1348,88.047028,1193,92.052469,0,0.000000
320,35,9.459459,1351,88.242978,1193,92.052469,0,0.000000
350,36,9.729730,1351,88.242978,1193,92.052469,0,0.000000
271,37,10.000000,1351,88.242978,1193,92.052469,0,0.000000
35,38,10.270270,1355,88.504246,1197,92.361111,0,0.000000
92,39,10.540541,1355,88.504246,1197,92.361111,0,0.000000
333,40,10.810811,1355,88.504246,1197,92.361111,0,0.000000
