TestcaseNumber,TestcaseCount,TestcaseRatio,StatementCount,StatementRatio,BranchCount,BranchRatio,FaultCount,FaultRatio
197,1,0.270270,791,51.665578,698,53.858025,0,0.000000
291,2,0.540541,853,55.715219,746,57.561728,0,0.000000
122,3,0.810811,860,56.172436,748,57.716049,0,0.000000
232,4,1.081081,873,57.021555,752,58.024691,0,0.000000
226,5,1.351351,886,57.870673,760,58.641975,0,0.000000
166,6,1.621622,955,62.377531,847,65.354938,0,0.000000
172,7,1.891892,963,62.900065,849,65.509259,0,0.000000
155,8,2.162162,972,63.487916,859,66.280864,0,0.000000
370,9,2.432432,972,63.487916,859,66.280864,0,0.000000
6,10,2.702703,972,63.487916,859,66.280864,0,0.000000
59,11,2.972973,972,63.487916,859,66.280864,0,0.000000
50,12,3.243243,972,63.487916,859,66.280864,0,0.000000
224,13,3.513514,972,63.487916,859,66.280864,0,0.000000
32,14,3.783784,991,64.728935,861,66.435185,0,0.000000
178,15,4.054054,995,64.990202,863,66.589506,0,0.000000
300,16,4.324324,1000,65.316786,865,66.743827,0,0.000000
145,17,4.594595,1000,65.316786,865,66.743827,0,0.000000
12,18,4.864865,1000,65.316786,865,66.743827,0,0.000000
121,19,5.135135,1000,65.316786,865,66.743827,0,0.000000
177,20,5.405405,1000,65.316786,865,66.743827,0,0.000000
294,21,5.675676,1000,65.316786,865,66.743827,0,0.000000
106,22,5.945946,1000,65.316786,865,66.743827,0,0.000000
