TestcaseNumber,TestcaseCount,TestcaseRatio,StatementCount,StatementRatio,BranchCount,BranchRatio,FaultCount,FaultRatio
198,1,0.270270,795,51.926845,706,54.475309,0,0.000000
287,2,0.540541,810,52.906597,710,54.783951,0,0.000000
183,3,0.810811,825,53.886349,712,54.938272,0,0.000000
245,4,1.081081,850,55.519268,726,56.018519,0,0.000000
313,5,1.351351,857,55.976486,726,56.018519,0,0.000000
190,6,1.621622,905,59.111692,791,61.033951,0,0.000000
283,7,1.891892,913,59.634226,799,61.651235,0,0.000000
131,8,2.162162,957,62.508165,847,65.354938,0,0.000000
364,9,2.432432,964,62.965382,847,65.354938,0,0.000000
10,10,2.702703,984,64.271718,851,65.663580,0,0.000000
56,11,2.972973,987,64.467668,851,65.663580,0,0.000000
95,12,3.243243,991,64.728935,853,65.817901,0,0.000000
119,13,3.513514,991,64.728935,853,65.817901,0,0.000000
296,14,3.783784,991,64.728935,855,65.972222,0,0.000000
167,15,4.054054,994,64.924886,863,66.589506,0,0.000000
64,16,4.324324,994,64.924886,863,66.589506,0,0.000000
111,17,4.594595,998,65.186153,867,66.898148,0,0.000000
326,18,4.864865,1007,65.774004,873,67.361111,0,0.000000
184,19,5.135135,1026,67.015023,879,67.824074,0,0.000000
27,20,5.405405,1073,70.084912,907,69.984568,0,0.000000
330,21,5.675676,1073,70.084912,907,69.984568,0,0.000000
23,22,5.945946,1093,71.391248,909,70.138889,0,0.000000
214,23,6.216216,1093,71.391248,915,70.601852,0,0.000000
255,24,6.486486,1093,71.391248,915,70.601852,0,0.000000
327,25,6.756757,1093,71.391248,915,70.601852,0,0.000000
192,26,7.027027,1099,71.783148,917,70.756173,0,0.000000
68,27,7.297297,1099,71.783148,917,70.756173,0,0.000000
43,28,7.567568,1099,71.783148,917,70.756173,0,0.000000
205,29,7.837838,1118,73.024167,933,71.990741,0,0.000000
305,30,8.108108,1118,73.024167,933,71.990741,0,0.000000
35,31,8.378378,1130,73.807969,937,72.299383,0,0.000000
300,32,8.648649,1134,74.069236,939,72.453704,0,0.000000
362,33,8.918919,1188,77.596342,1021,78.780864,1,1.000000
343,34,9.189189,1195,78.053560,1029,79.398148,1,1.000000
249,35,9.459459,1195,78.053560,1029,79.398148,1,1.000000
85,36,9.729730,1195,78.053560,1029,79.398148,1,1.000000
115,37,10.000000,1195,78.053560,1029,79.398148,1,1.000000
33,38,10.270270,1195,78.053560,1029,79.398148,1,1.000000
53,39,10.540541,1195,78.053560,1029,79.398148,1,1.000000
110,40,10.810811,1195,78.053560,1029,79.398148,1,1.000000
