TestcaseNumber,TestcaseCount,TestcaseRatio,StatementCount,StatementRatio,BranchCount,BranchRatio,FaultCount,FaultRatio
103,1,0.270270,609,39.777923,518,39.969136,0,0.000000
279,2,0.540541,661,43.174396,560,43.209877,0,0.000000
108,3,0.810811,692,45.199216,586,45.216049,0,0.000000
138,4,1.081081,781,51.012410,655,50.540123,0,0.000000
253,5,1.351351,829,54.147616,681,52.546296,0,0.000000
49,6,1.621622,922,60.222077,802,61.882716,0,0.000000
168,7,1.891892,962,62.834749,847,65.354938,0,0.000000
314,8,2.162162,983,64.206401,869,67.052469,0,0.000000
21,9,2.432432,995,64.990202,871,67.206790,0,0.000000
131,10,2.702703,996,65.055519,871,67.206790,0,0.000000
90,11,2.972973,1023,66.819073,887,68.441358,0,0.000000
326,12,3.243243,1035,67.602874,897,69.212963,0,0.000000
329,13,3.513514,1039,67.864141,899,69.367284,0,0.000000
249,14,3.783784,1056,68.974526,899,69.367284,0,0.000000
362,15,4.054054,1111,72.566950,981,75.694444,1,1.000000
357,16,4.324324,1115,72.828217,983,75.848765,1,1.000000
307,17,4.594595,1115,72.828217,985,76.003086,1,1.000000
203,18,4.864865,1115,72.828217,985,76.003086,1,1.000000
65,19,5.135135,1115,72.828217,985,76.003086,1,1.000000
31,20,5.405405,1121,73.220118,985,76.003086,1,1.000000
42,21,5.675676,1121,73.220118,985,76.003086,1,1.000000
75,22,5.945946,1121,73.220118,985,76.003086,1,1.000000
338,23,6.216216,1121,73.220118,985,76.003086,1,1.000000
236,24,6.486486,1121,73.220118,985,76.003086,1,1.000000
126,25,6.756757,1121,73.220118,985,76.003086,1,1.000000
18,26,7.027027,1121,73.220118,987,76.157407,1,1.000000
16,27,7.297297,1121,73.220118,987,76.157407,1,1.000000
14,28,7.567568,1129,73.742652,987,76.157407,1,1.000000
209,29,7.837838,1129,73.742652,987,76.157407,1,1.000000
204,30,8.108108,1129,73.742652,987,76.157407,1,1.000000
104,31,8.378378,1129,73.742652,987,76.157407,1,1.000000
306,32,8.648649,1129,73.742652,987,76.157407,1,1.000000
293,33,8.918919,1129,73.742652,987,76.157407,1,1.000000
336,34,9.189189,1132,73.938602,987,76.157407,1,1.000000
11,35,9.459459,1143,74.657087,991,76.466049,1,1.000000
140,36,9.729730,1143,74.657087,991,76.466049,1,1.000000
248,37,10.000000,1143,74.657087,991,76.466049,1,1.000000
340,38,10.270270,1143,74.657087,991,76.466049,1,1.000000
217,39,10.540541,1143,74.657087,991,76.466049,1,1.000000
186,40,10.810811,1143,74.657087,991,76.466049,1,1.000000
299,41,11.081081,1143,74.657087,991,76.466049,1,1.000000
