TestcaseNumber,TestcaseCount,TestcaseRatio,StatementCount,StatementRatio,BranchCount,BranchRatio,FaultCount,FaultRatio
349,1,0.270270,344,22.468975,269,20.756173,0,0.000000
123,2,0.540541,760,49.640758,625,48.225309,0,0.000000
29,3,0.810811,1028,67.145656,914,70.524691,0,0.000000
284,4,1.081081,1039,67.864141,920,70.987654,0,0.000000
172,5,1.351351,1082,70.672763,956,73.765432,0,0.000000
30,6,1.621622,1119,73.089484,980,75.617284,0,0.000000
100,7,1.891892,1122,73.285434,980,75.617284,0,0.000000
206,8,2.162162,1158,75.636839,1006,77.623457,0,0.000000
13,9,2.432432,1166,76.159373,1006,77.623457,0,0.000000
256,10,2.702703,1168,76.290007,1006,77.623457,0,0.000000
1,11,2.972973,1191,77.792293,1010,77.932099,0,0.000000
152,12,3.243243,1201,78.445460,1018,78.549383,0,0.000000
321,13,3.513514,1205,78.706728,1020,78.703704,0,0.000000
138,14,3.783784,1205,78.706728,1020,78.703704,0,0.000000
288,15,4.054054,1211,79.098628,1020,78.703704,0,0.000000
242,16,4.324324,1211,79.098628,1020,78.703704,0,0.000000
22,17,4.594595,1228,80.209014,1022,78.858025,0,0.000000
253,18,4.864865,1228,80.209014,1022,78.858025,0,0.000000
70,19,5.135135,1228,80.209014,1022,78.858025,0,0.000000
84,20,5.405405,1228,80.209014,1022,78.858025,0,0.000000
187,21,5.675676,1228,80.209014,1024,79.012346,0,0.000000
255,22,5.945946,1228,80.209014,1024,79.012346,0,0.000000
289,23,6.216216,1228,80.209014,1024,79.012346,0,0.000000
261,24,6.486486,1252,81.776617,1046,80.709877,0,0.000000
47,25,6.756757,1253,81.841933,1048,80.864198,0,0.000000
37,26,7.027027,1261,82.364468,1048,80.864198,0,0.000000
94,27,7.297297,1261,82.364468,1048,80.864198,0,0.000000
360,28,7.567568,1314,85.826257,1126,86.882716,0,0.000000
44,29,7.837838,1314,85.826257,1126,86.882716,0,0.000000
149,30,8.108108,1314,85.826257,1126,86.882716,0,0.000000
153,31,8.378378,1314,85.826257,1126,86.882716,0,0.000000
66,32,8.648649,1314,85.826257,1126,86.882716,0,0.000000
147,33,8.918919,1314,85.826257,1126,86.882716,0,0.000000
196,34,9.189189,1314,85.826257,1126,86.882716,0,0.000000
303,35,9.459459,1319,86.152841,1128,87.037037,0,0.000000
363,36,9.729730,1326,86.610059,1128,87.037037,0,0.000000
313,37,10.000000,1327,86.675376,1128,87.037037,0,0.000000
24,38,10.270270,1330,86.871326,1128,87.037037,0,0.000000
220,39,10.540541,1343,87.720444,1140,87.962963,0,0.000000
6,40,10.810811,1343,87.720444,1140,87.962963,0,0.000000
