TestcaseNumber,TestcaseCount,TestcaseRatio,StatementCount,StatementRatio,BranchCount,BranchRatio,FaultCount,FaultRatio
144,1,0.270270,634,41.410843,545,42.052469,0,0.000000
350,2,0.540541,659,43.043762,567,43.750000,0,0.000000
337,3,0.810811,718,46.897453,615,47.453704,0,0.000000
358,4,1.081081,718,46.897453,615,47.453704,0,0.000000
133,5,1.351351,793,51.796212,676,52.160494,0,0.000000
308,6,1.621622,927,60.548661,831,64.120370,0,0.000000
157,7,1.891892,937,61.201829,835,64.429012,0,0.000000
343,8,2.162162,969,63.291966,853,65.817901,0,0.000000
238,9,2.432432,973,63.553233,857,66.126543,0,0.000000
311,10,2.702703,973,63.553233,857,66.126543,0,0.000000
173,11,2.972973,973,63.553233,857,66.126543,0,0.000000
29,12,3.243243,1135,74.134553,996,76.851852,0,0.000000
141,13,3.513514,1141,74.526453,1000,77.160494,0,0.000000
80,14,3.783784,1147,74.918354,1002,77.314815,0,0.000000
194,15,4.054054,1147,74.918354,1002,77.314815,0,0.000000
195,16,4.324324,1147,74.918354,1002,77.314815,0,0.000000
220,17,4.594595,1160,75.767472,1014,78.240741,0,0.000000
66,18,4.864865,1160,75.767472,1014,78.240741,0,0.000000
170,19,5.135135,1164,76.028739,1020,78.703704,0,0.000000
345,20,5.405405,1164,76.028739,1020,78.703704,0,0.000000
327,21,5.675676,1172,76.551274,1020,78.703704,0,0.000000
224,22,5.945946,1172,76.551274,1020,78.703704,0,0.000000
235,23,6.216216,1198,78.249510,1036,79.938272,0,0.000000
200,24,6.486486,1258,82.168517,1122,86.574074,0,0.000000
256,25,6.756757,1258,82.168517,1122,86.574074,0,0.000000
8,26,7.027027,1275,83.278903,1122,86.574074,0,0.000000
37,27,7.297297,1278,83.474853,1122,86.574074,0,0.000000
189,28,7.567568,1278,83.474853,1122,86.574074,0,0.000000
322,29,7.837838,1278,83.474853,1122,86.574074,0,0.000000
241,30,8.108108,1278,83.474853,1122,86.574074,0,0.000000
266,31,8.378378,1278,83.474853,1122,86.574074,0,0.000000
68,32,8.648649,1278,83.474853,1122,86.574074,0,0.000000
148,33,8.918919,1278,83.474853,1122,86.574074,0,0.000000
147,34,9.189189,1278,83.474853,1122,86.574074,0,0.000000
325,35,9.459459,1278,83.474853,1124,86.728395,0,0.000000
30,36,9.729730,1306,85.303723,1140,87.962963,0,0.000000
252,37,10.000000,1306,85.303723,1140,87.962963,0,0.000000
