TestcaseNumber,TestcaseCount,TestcaseRatio,StatementCount,StatementRatio,BranchCount,BranchRatio,FaultCount,FaultRatio
161,1,0.270270,791,51.665578,696,53.703704,0,0.000000
282,2,0.540541,818,53.429131,712,54.938272,0,0.000000
178,3,0.810811,832,54.343566,720,55.555556,0,0.000000
251,4,1.081081,879,57.413455,740,57.098765,0,0.000000
255,5,1.351351,911,59.503592,760,58.641975,0,0.000000
31,6,1.621622,917,59.895493,760,58.641975,0,0.000000
261,7,1.891892,941,61.463096,782,60.339506,0,0.000000
49,8,2.162162,968,63.226649,829,63.966049,0,0.000000
271,9,2.432432,1005,65.643370,849,65.509259,0,0.000000
360,10,2.702703,1067,69.693011,935,72.145062,0,0.000000
16,11,2.972973,1067,69.693011,935,72.145062,0,0.000000
85,12,3.243243,1071,69.954278,937,72.299383,0,0.000000
63,13,3.513514,1089,71.129980,951,73.379630,0,0.000000
208,14,3.783784,1090,71.195297,953,73.533951,0,0.000000
324,15,4.054054,1090,71.195297,955,73.688272,0,0.000000
339,16,4.324324,1091,71.260614,957,73.842593,0,0.000000
106,17,4.594595,1091,71.260614,957,73.842593,0,0.000000
92,18,4.864865,1091,71.260614,957,73.842593,0,0.000000
78,19,5.135135,1091,71.260614,957,73.842593,0,0.000000
214,20,5.405405,1091,71.260614,963,74.305556,0,0.000000
350,21,5.675676,1091,71.260614,963,74.305556,0,0.000000
203,22,5.945946,1095,71.521881,967,74.614198,0,0.000000
267,23,6.216216,1095,71.521881,967,74.614198,0,0.000000
306,24,6.486486,1095,71.521881,967,74.614198,0,0.000000
201,25,6.756757,1095,71.521881,967,74.614198,0,0.000000
59,26,7.027027,1095,71.521881,967,74.614198,0,0.000000
260,27,7.297297,1095,71.521881,967,74.614198,0,0.000000
84,28,7.567568,1095,71.521881,967,74.614198,0,0.000000
93,29,7.837838,1096,71.587198,967,74.614198,0,0.000000
39,30,8.108108,1099,71.783148,967,74.614198,0,0.000000
246,31,8.378378,1100,71.848465,967,74.614198,0,0.000000
12,32,8.648649,1100,71.848465,967,74.614198,0,0.000000
40,33,8.918919,1100,71.848465,967,74.614198,0,0.000000
351,34,9.189189,1113,72.697583,979,75.540123,0,0.000000
229,35,9.459459,1113,72.697583,979,75.540123,0,0.000000
124,36,9.729730,1113,72.697583,979,75.540123,0,0.000000
