TestcaseNumber,TestcaseCount,TestcaseRatio,StatementCount,StatementRatio,BranchCount,BranchRatio,FaultCount,FaultRatio
288,1,0.270270,716,46.766819,567,43.750000,0,0.000000
29,2,0.540541,1019,66.557805,904,69.753086,0,0.000000
186,3,0.810811,1062,69.366427,948,73.148148,0,0.000000
182,4,1.081081,1070,69.888961,948,73.148148,0,0.000000
206,5,1.351351,1094,71.456564,970,74.845679,0,0.000000
46,6,1.621622,1098,71.717831,972,75.000000,0,0.000000
155,7,1.891892,1102,71.979099,976,75.308642,0,0.000000
207,8,2.162162,1102,71.979099,976,75.308642,0,0.000000
8,9,2.432432,1119,73.089484,976,75.308642,0,0.000000
243,10,2.702703,1126,73.546702,978,75.462963,0,0.000000
215,11,2.972973,1136,74.199869,980,75.617284,0,0.000000
164,12,3.243243,1173,76.616590,1014,78.240741,0,0.000000
7,13,3.513514,1173,76.616590,1014,78.240741,0,0.000000
69,14,3.783784,1176,76.812541,1014,78.240741,0,0.000000
294,15,4.054054,1201,78.445460,1030,79.475309,0,0.000000
267,16,4.324324,1201,78.445460,1032,79.629630,0,0.000000
17,17,4.594595,1208,78.902678,1034,79.783951,0,0.000000
97,18,4.864865,1208,78.902678,1034,79.783951,0,0.000000
264,19,5.135135,1209,78.967995,1034,79.783951,0,0.000000
231,20,5.405405,1224,79.947747,1044,80.555556,0,0.000000
303,21,5.675676,1229,80.274331,1046,80.709877,0,0.000000
4,22,5.945946,1237,80.796865,1048,80.864198,0,0.000000
53,23,6.216216,1238,80.862182,1048,80.864198,0,0.000000
216,24,6.486486,1238,80.862182,1048,80.864198,0,0.000000
179,25,6.756757,1238,80.862182,1048,80.864198,0,0.000000
188,26,7.027027,1238,80.862182,1048,80.864198,0,0.000000
195,27,7.297297,1242,81.123449,1050,81.018519,0,0.000000
302,28,7.567568,1242,81.123449,1050,81.018519,0,0.000000
135,29,7.837838,1242,81.123449,1050,81.018519,0,0.000000
45,30,8.108108,1242,81.123449,1050,81.018519,0,0.000000
308,31,8.378378,1242,81.123449,1050,81.018519,0,0.000000
210,32,8.648649,1244,81.254082,1050,81.018519,0,0.000000
24,33,8.918919,1255,81.972567,1050,81.018519,0,0.000000
