TestcaseNumber,TestcaseCount,TestcaseRatio,StatementCount,StatementRatio,BranchCount,BranchRatio,FaultCount,FaultRatio
117,1,0.270270,816,53.298498,745,57.484568,0,0.000000
362,2,0.540541,881,57.544089,835,64.429012,1,1.000000
124,3,0.810811,911,59.503592,855,65.972222,1,1.000000
30,4,1.081081,1103,72.044415,1012,78.086420,1,1.000000
366,5,1.351351,1179,77.008491,1054,81.327160,1,1.000000
222,6,1.621622,1215,79.359895,1076,83.024691,1,1.000000
314,7,1.891892,1264,82.560418,1126,86.882716,1,1.000000
97,8,2.162162,1293,84.454605,1142,88.117284,1,1.000000
230,9,2.432432,1305,85.238406,1152,88.888889,1,1.000000
199,10,2.702703,1316,85.956891,1158,89.351852,1,1.000000
361,11,2.972973,1391,90.855650,1242,95.833333,1,1.000000
170,12,3.243243,1397,91.247551,1248,96.296296,1,1.000000
286,13,3.513514,1400,91.443501,1248,96.296296,1,1.000000
365,14,3.783784,1407,91.900718,1248,96.296296,1,1.000000
11,15,4.054054,1418,92.619203,1252,96.604938,1,1.000000
277,16,4.324324,1440,94.056172,1260,97.222222,1,1.000000
101,17,4.594595,1447,94.513390,1262,97.376543,1,1.000000
22,18,4.864865,1464,95.623775,1264,97.530864,1,1.000000
32,19,5.135135,1466,95.754409,1266,97.685185,1,1.000000
26,20,5.405405,1468,95.885042,1270,97.993827,1,1.000000
140,21,5.675676,1475,96.342260,1276,98.456790,1,1.000000
28,22,5.945946,1476,96.407577,1276,98.456790,1,1.000000
31,23,6.216216,1482,96.799477,1276,98.456790,1,1.000000
15,24,6.486486,1485,96.995428,1276,98.456790,1,1.000000
14,25,6.756757,1493,97.517962,1276,98.456790,1,1.000000
25,26,7.027027,1498,97.844546,1276,98.456790,1,1.000000
23,27,7.297297,1506,98.367080,1276,98.456790,1,1.000000
20,28,7.567568,1509,98.563031,1276,98.456790,1,1.000000
158,29,7.837838,1513,98.824298,1278,98.611111,1,1.000000
17,30,8.108108,1517,99.085565,1278,98.611111,1,1.000000
35,31,8.378378,1521,99.346832,1282,98.919753,1,1.000000
2,32,8.648649,1525,99.608099,1282,98.919753,1,1.000000
288,33,8.918919,1528,99.804050,1282,98.919753,1,1.000000
27,34,9.189189,1529,99.869366,1282,98.919753,1,1.000000
344,35,9.459459,1530,99.934683,1284,99.074074,1,1.000000
185,36,9.729730,1531,100.000000,1288,99.382716,1,1.000000
