TestcaseNumber,TestcaseCount,TestcaseRatio,StatementCount,StatementRatio,BranchCount,BranchRatio,FaultCount,FaultRatio
29,1,0.270270,891,58.197257,822,63.425926,0,0.000000
30,2,0.540541,928,60.613978,846,65.277778,0,0.000000
366,3,0.810811,1062,69.366427,976,75.308642,0,0.000000
369,4,1.081081,1069,69.823645,976,75.308642,0,0.000000
242,5,1.351351,1127,73.612018,1022,78.858025,0,0.000000
361,6,1.621622,1212,79.163945,1106,85.339506,0,0.000000
141,7,1.891892,1250,81.645983,1128,87.037037,0,0.000000
240,8,2.162162,1281,83.670803,1148,88.580247,0,0.000000
91,9,2.432432,1331,86.936643,1184,91.358025,0,0.000000
171,10,2.702703,1342,87.655127,1198,92.438272,0,0.000000
324,11,2.972973,1348,88.047028,1204,92.901235,0,0.000000
129,12,3.243243,1374,89.745265,1228,94.753086,0,0.000000
23,13,3.513514,1393,90.986283,1230,94.907407,0,0.000000
3,14,3.783784,1397,91.247551,1230,94.907407,0,0.000000
14,15,4.054054,1405,91.770085,1230,94.907407,0,0.000000
194,16,4.324324,1438,93.925539,1252,96.604938,0,0.000000
4,17,4.594595,1449,94.644024,1256,96.913580,0,0.000000
17,18,4.864865,1453,94.905291,1256,96.913580,0,0.000000
199,19,5.135135,1463,95.558459,1262,97.376543,0,0.000000
276,20,5.405405,1479,96.603527,1274,98.302469,0,0.000000
24,21,5.675676,1482,96.799477,1274,98.302469,0,0.000000
15,22,5.945946,1485,96.995428,1274,98.302469,0,0.000000
26,23,6.216216,1487,97.126061,1278,98.611111,0,0.000000
165,24,6.486486,1488,97.191378,1280,98.765432,0,0.000000
272,25,6.756757,1493,97.517962,1282,98.919753,0,0.000000
337,26,7.027027,1496,97.713912,1282,98.919753,0,0.000000
25,27,7.297297,1504,98.236447,1282,98.919753,0,0.000000
34,28,7.567568,1505,98.301764,1282,98.919753,0,0.000000
31,29,7.837838,1511,98.693664,1282,98.919753,0,0.000000
79,30,8.108108,1517,99.085565,1282,98.919753,0,0.000000
33,31,8.378378,1520,99.281515,1286,99.228395,0,0.000000
93,32,8.648649,1521,99.346832,1286,99.228395,0,0.000000
277,33,8.918919,1523,99.477466,1286,99.228395,0,0.000000
27,34,9.189189,1524,99.542782,1286,99.228395,0,0.000000
38,35,9.459459,1527,99.738733,1286,99.228395,0,0.000000
344,36,9.729730,1528,99.804050,1288,99.382716,0,0.000000
362,37,10.000000,1529,99.869366,1288,99.382716,1,1.000000
32,38,10.270270,1531,100.000000,1290,99.537037,1,1.000000
