TestcaseNumber,TestcaseCount,TestcaseRatio,StatementCount,StatementRatio,BranchCount,BranchRatio,FaultCount,FaultRatio
160,1,0.270270,790,51.600261,698,53.858025,0,0.000000
29,2,0.540541,974,63.618550,880,67.901235,0,0.000000
32,3,0.810811,993,64.859569,882,68.055556,0,0.000000
361,4,1.081081,1088,71.064664,984,75.925926,0,0.000000
96,5,1.351351,1138,74.330503,1020,78.703704,0,0.000000
317,6,1.621622,1150,75.114304,1028,79.320988,0,0.000000
314,7,1.891892,1188,77.596342,1064,82.098765,0,0.000000
20,8,2.162162,1196,78.118877,1066,82.253086,0,0.000000
366,9,2.432432,1298,84.781189,1182,91.203704,0,0.000000
109,10,2.702703,1310,85.564990,1188,91.666667,0,0.000000
149,11,2.972973,1341,87.589811,1208,93.209877,0,0.000000
277,12,3.243243,1383,90.333116,1234,95.216049,0,0.000000
27,13,3.513514,1406,91.835402,1252,96.604938,0,0.000000
185,14,3.783784,1407,91.900718,1254,96.759259,0,0.000000
189,15,4.054054,1410,92.096669,1254,96.759259,0,0.000000
10,16,4.324324,1421,92.815153,1258,97.067901,0,0.000000
50,17,4.594595,1427,93.207054,1260,97.222222,0,0.000000
210,18,4.864865,1440,94.056172,1264,97.530864,0,0.000000
17,19,5.135135,1444,94.317440,1264,97.530864,0,0.000000
25,20,5.405405,1458,95.231875,1266,97.685185,0,0.000000
31,21,5.675676,1464,95.623775,1266,97.685185,0,0.000000
71,22,5.945946,1470,96.015676,1270,97.993827,0,0.000000
362,23,6.216216,1471,96.080993,1270,97.993827,1,1.000000
26,24,6.486486,1473,96.211626,1274,98.302469,1,1.000000
290,25,6.756757,1478,96.538210,1278,98.611111,1,1.000000
13,26,7.027027,1486,97.060745,1278,98.611111,1,1.000000
22,27,7.297297,1494,97.583279,1278,98.611111,1,1.000000
195,28,7.567568,1498,97.844546,1280,98.765432,1,1.000000
345,29,7.837838,1500,97.975180,1282,98.919753,1,1.000000
2,30,8.108108,1504,98.236447,1282,98.919753,1,1.000000
21,31,8.378378,1507,98.432397,1282,98.919753,1,1.000000
369,32,8.648649,1514,98.889615,1282,98.919753,1,1.000000
30,33,8.918919,1521,99.346832,1282,98.919753,1,1.000000
33,34,9.189189,1524,99.542782,1286,99.228395,1,1.000000
23,35,9.459459,1529,99.869366,1286,99.228395,1,1.000000
35,36,9.729730,1530,99.934683,1286,99.228395,1,1.000000
258,37,10.000000,1531,100.000000,1286,99.228395,1,1.000000
