TestcaseNumber,TestcaseCount,TestcaseRatio,StatementCount,StatementRatio,BranchCount,BranchRatio,FaultCount,FaultRatio
362,1,0.270270,539,49.953661,451,56.164384,4,0.666667
65,2,0.540541,627,58.109361,535,66.625156,4,0.666667
115,3,0.810811,694,64.318814,577,71.855542,4,0.666667
274,4,1.081081,715,66.265060,597,74.346202,4,0.666667
22,5,1.351351,741,68.674699,603,75.093400,4,0.666667
203,6,1.621622,773,71.640408,637,79.327522,4,0.666667
127,7,1.891892,805,74.606117,669,83.312578,4,0.666667
15,8,2.162162,832,77.108434,673,83.810710,4,0.666667
297,9,2.432432,832,77.108434,675,84.059776,4,0.666667
258,10,2.702703,867,80.352178,699,87.048568,4,0.666667
26,11,2.972973,892,82.669138,723,90.037360,4,0.666667
217,12,3.243243,906,83.966636,725,90.286426,4,0.666667
367,13,3.513514,919,85.171455,729,90.784558,4,0.666667
32,14,3.783784,921,85.356812,731,91.033624,4,0.666667
138,15,4.054054,928,86.005561,739,92.029888,4,0.666667
364,16,4.324324,953,88.322521,751,93.524284,4,0.666667
285,17,4.594595,958,88.785913,757,94.271482,4,0.666667
133,18,4.864865,979,90.732159,771,96.014944,4,0.666667
363,19,5.135135,1002,92.863763,777,96.762142,4,0.666667
10,20,5.405405,1016,94.161260,781,97.260274,4,0.666667
39,21,5.675676,1023,94.810009,785,97.758406,4,0.666667
328,22,5.945946,1026,95.088044,787,98.007472,4,0.666667
365,23,6.216216,1031,95.551437,789,98.256538,4,0.666667
369,24,6.486486,1038,96.200185,791,98.505604,4,0.666667
198,25,6.756757,1040,96.385542,793,98.754670,4,0.666667
29,26,7.027027,1045,96.848934,797,99.252802,4,0.666667
18,27,7.297297,1046,96.941613,799,99.501868,4,0.666667
306,28,7.567568,1046,96.941613,801,99.750934,4,0.666667
13,29,7.837838,1048,97.126969,803,100.000000,4,0.666667
