TestcaseNumber,TestcaseCount,TestcaseRatio,StatementCount,StatementRatio,BranchCount,BranchRatio,FaultCount,FaultRatio
136,1,0.270270,536,49.675626,457,56.911582,0,0.000000
326,2,0.540541,638,59.128823,547,68.119552,3,0.500000
234,3,0.810811,674,62.465246,583,72.602740,3,0.500000
369,4,1.081081,758,70.250232,625,77.833126,4,0.666667
171,5,1.351351,809,74.976830,657,81.818182,4,0.666667
168,6,1.621622,815,75.532901,663,82.565380,4,0.666667
248,7,1.891892,816,75.625579,667,83.063512,4,0.666667
352,8,2.162162,843,78.127896,685,85.305106,4,0.666667
363,9,2.432432,890,82.483781,703,87.546700,4,0.666667
275,10,2.702703,894,82.854495,707,88.044832,4,0.666667
276,11,2.972973,901,83.503244,713,88.792030,4,0.666667
307,12,3.243243,901,83.503244,715,89.041096,4,0.666667
239,13,3.513514,925,85.727525,743,92.528020,4,0.666667
32,14,3.783784,927,85.912882,745,92.777086,4,0.666667
30,15,4.054054,956,88.600556,771,96.014944,4,0.666667
297,16,4.324324,956,88.600556,773,96.264010,4,0.666667
277,17,4.594595,971,89.990732,775,96.513076,4,0.666667
11,18,4.864865,985,91.288230,779,97.011208,4,0.666667
20,19,5.135135,994,92.122335,781,97.260274,4,0.666667
13,20,5.405405,996,92.307692,783,97.509340,4,0.666667
106,21,5.675676,1001,92.771084,787,98.007472,4,0.666667
25,22,5.945946,1022,94.717331,793,98.754670,4,0.666667
267,23,6.216216,1022,94.717331,795,99.003736,4,0.666667
18,24,6.486486,1023,94.810009,797,99.252802,4,0.666667
206,25,6.756757,1029,95.366080,799,99.501868,4,0.666667
29,26,7.027027,1031,95.551437,801,99.750934,4,0.666667
193,27,7.297297,1034,95.829472,803,100.000000,4,0.666667
