TestcaseNumber,TestcaseCount,TestcaseRatio,StatementCount,StatementRatio,BranchCount,BranchRatio,FaultCount,FaultRatio
351,1,0.270270,357,33.086191,319,39.726027,0,0.000000
27,2,0.540541,547,50.695088,469,58.405978,3,0.500000
216,3,0.810811,640,59.314180,564,70.236613,4,0.666667
31,4,1.081081,667,61.816497,568,70.734745,4,0.666667
364,5,1.351351,702,65.060241,584,72.727273,4,0.666667
160,6,1.621622,734,68.025950,616,76.712329,4,0.666667
112,7,1.891892,797,73.864690,654,81.444583,4,0.666667
51,8,2.162162,826,76.552363,680,84.682441,4,0.666667
206,9,2.432432,852,78.962002,696,86.674969,4,0.666667
94,10,2.702703,855,79.240037,698,86.924035,4,0.666667
263,11,2.972973,855,79.240037,700,87.173101,4,0.666667
32,12,3.243243,857,79.425394,702,87.422167,4,0.666667
10,13,3.513514,871,80.722892,706,87.920299,4,0.666667
365,14,3.783784,877,81.278962,708,88.169365,4,0.666667
363,15,4.054054,910,84.337349,723,90.037360,4,0.666667
276,16,4.324324,940,87.117702,747,93.026152,4,0.666667
137,17,4.594595,952,88.229842,755,94.022416,4,0.666667
39,18,4.864865,959,88.878591,759,94.520548,4,0.666667
22,19,5.135135,985,91.288230,765,95.267746,4,0.666667
325,20,5.405405,998,92.493049,769,95.765878,4,0.666667
303,21,5.675676,1025,94.995366,787,98.007472,4,0.666667
297,22,5.945946,1025,94.995366,789,98.256538,4,0.666667
366,23,6.216216,1029,95.366080,791,98.505604,4,0.666667
29,24,6.486486,1032,95.644115,793,98.754670,4,0.666667
228,25,6.756757,1035,95.922150,795,99.003736,4,0.666667
18,26,7.027027,1036,96.014829,797,99.252802,4,0.666667
20,27,7.297297,1042,96.570899,799,99.501868,4,0.666667
267,28,7.567568,1045,96.848934,803,100.000000,4,0.666667
