TestcaseNumber,TestcaseCount,TestcaseRatio,StatementCount,StatementRatio,BranchCount,BranchRatio,FaultCount,FaultRatio
58,1,0.270270,451,41.797961,404,50.311333,0,0.000000
106,2,0.540541,481,44.578313,424,52.801993,0,0.000000
168,3,0.810811,647,59.962929,552,68.742217,0,0.000000
179,4,1.081081,707,65.523633,600,74.719801,3,0.500000
175,5,1.351351,717,66.450417,604,75.217933,5,0.833333
330,6,1.621622,750,69.508804,626,77.957659,5,0.833333
24,7,1.891892,763,70.713624,626,77.957659,5,0.833333
200,8,2.162162,787,72.937905,650,80.946451,5,0.833333
76,9,2.432432,823,76.274328,674,83.935243,5,0.833333
246,10,2.702703,823,76.274328,674,83.935243,5,0.833333
216,11,2.972973,823,76.274328,674,83.935243,5,0.833333
281,12,3.243243,830,76.923077,674,83.935243,5,0.833333
305,13,3.513514,830,76.923077,674,83.935243,5,0.833333
369,14,3.783784,874,81.000927,684,85.180573,5,0.833333
243,15,4.054054,874,81.000927,684,85.180573,5,0.833333
279,16,4.324324,890,82.483781,700,87.173101,5,0.833333
142,17,4.594595,890,82.483781,700,87.173101,5,0.833333
111,18,4.864865,891,82.576460,702,87.422167,5,0.833333
319,19,5.135135,891,82.576460,702,87.422167,5,0.833333
75,20,5.405405,891,82.576460,702,87.422167,5,0.833333
236,21,5.675676,891,82.576460,702,87.422167,5,0.833333
57,22,5.945946,891,82.576460,702,87.422167,5,0.833333
160,23,6.216216,891,82.576460,702,87.422167,5,0.833333
209,24,6.486486,891,82.576460,702,87.422167,5,0.833333
162,25,6.756757,891,82.576460,702,87.422167,5,0.833333
19,26,7.027027,891,82.576460,702,87.422167,5,0.833333
102,27,7.297297,891,82.576460,702,87.422167,5,0.833333
161,28,7.567568,892,82.669138,702,87.422167,5,0.833333
55,29,7.837838,892,82.669138,702,87.422167,5,0.833333
45,30,8.108108,896,83.039852,702,87.422167,5,0.833333
56,31,8.378378,896,83.039852,702,87.422167,5,0.833333
