TestcaseNumber,TestcaseCount,TestcaseRatio,StatementCount,StatementRatio,BranchCount,BranchRatio,FaultCount,FaultRatio
340,1,0.270270,523,48.470806,435,54.171856,3,0.500000
294,2,0.540541,573,53.104727,497,61.892902,3,0.500000
158,3,0.810811,646,59.870250,559,69.613948,3,0.500000
9,4,1.081081,648,60.055607,559,69.613948,3,0.500000
347,5,1.351351,678,62.835959,577,71.855542,3,0.500000
319,6,1.621622,692,64.133457,587,73.100872,5,0.833333
212,7,1.891892,721,66.821131,607,75.591532,5,0.833333
259,8,2.162162,737,68.303985,621,77.334994,5,0.833333
182,9,2.432432,737,68.303985,621,77.334994,5,0.833333
276,10,2.702703,744,68.952734,623,77.584060,5,0.833333
285,11,2.972973,758,70.250232,629,78.331258,5,0.833333
296,12,3.243243,782,72.474513,659,82.067248,5,0.833333
298,13,3.513514,788,73.030584,661,82.316314,5,0.833333
216,14,3.783784,788,73.030584,661,82.316314,5,0.833333
42,15,4.054054,820,75.996293,675,84.059776,5,0.833333
116,16,4.324324,826,76.552363,677,84.308842,5,0.833333
125,17,4.594595,826,76.552363,677,84.308842,5,0.833333
219,18,4.864865,826,76.552363,677,84.308842,5,0.833333
40,19,5.135135,826,76.552363,677,84.308842,5,0.833333
45,20,5.405405,826,76.552363,677,84.308842,5,0.833333
108,21,5.675676,827,76.645042,679,84.557908,5,0.833333
60,22,5.945946,841,77.942539,691,86.052304,5,0.833333
71,23,6.216216,845,78.313253,695,86.550436,5,0.833333
88,24,6.486486,845,78.313253,695,86.550436,5,0.833333
142,25,6.756757,845,78.313253,695,86.550436,5,0.833333
310,26,7.027027,845,78.313253,695,86.550436,5,0.833333
122,27,7.297297,845,78.313253,695,86.550436,5,0.833333
53,28,7.567568,845,78.313253,695,86.550436,5,0.833333
334,29,7.837838,845,78.313253,695,86.550436,5,0.833333
235,30,8.108108,845,78.313253,695,86.550436,5,0.833333
325,31,8.378378,845,78.313253,697,86.799502,5,0.833333
305,32,8.648649,850,78.776645,697,86.799502,5,0.833333
199,33,8.918919,854,79.147359,703,87.546700,5,0.833333
265,34,9.189189,854,79.147359,703,87.546700,5,0.833333
134,35,9.459459,854,79.147359,703,87.546700,5,0.833333
28,36,9.729730,875,81.093605,717,89.290162,5,0.833333
41,37,10.000000,875,81.093605,717,89.290162,5,0.833333
