TestcaseNumber,TestcaseCount,TestcaseRatio,StatementCount,StatementRatio,BranchCount,BranchRatio,FaultCount,FaultRatio
9,1,0.270270,432,40.037071,347,43.212951,3,0.500000
167,2,0.540541,557,51.621872,479,59.651308,3,0.500000
344,3,0.810811,650,60.240964,543,67.621420,3,0.500000
41,4,1.081081,694,64.318814,576,71.731009,3,0.500000
136,5,1.351351,714,66.172382,596,74.221669,3,0.500000
262,6,1.621622,735,68.118628,612,76.214197,3,0.500000
190,7,1.891892,741,68.674699,616,76.712329,3,0.500000
303,8,2.162162,785,72.752549,654,81.444583,3,0.500000
82,9,2.432432,785,72.752549,654,81.444583,3,0.500000
48,10,2.702703,791,73.308619,658,81.942715,3,0.500000
123,11,2.972973,791,73.308619,658,81.942715,3,0.500000
87,12,3.243243,791,73.308619,658,81.942715,3,0.500000
254,13,3.513514,791,73.308619,658,81.942715,3,0.500000
151,14,3.783784,803,74.420760,669,83.312578,4,0.666667
36,15,4.054054,826,76.552363,675,84.059776,4,0.666667
153,16,4.324324,826,76.552363,675,84.059776,4,0.666667
181,17,4.594595,826,76.552363,675,84.059776,4,0.666667
256,18,4.864865,827,76.645042,677,84.308842,4,0.666667
260,19,5.135135,833,77.201112,679,84.557908,4,0.666667
352,20,5.405405,833,77.201112,679,84.557908,4,0.666667
194,21,5.675676,833,77.201112,679,84.557908,4,0.666667
12,22,5.945946,833,77.201112,679,84.557908,4,0.666667
196,23,6.216216,858,79.518072,699,87.048568,4,0.666667
279,24,6.486486,866,80.259500,699,87.048568,4,0.666667
278,25,6.756757,866,80.259500,699,87.048568,4,0.666667
39,26,7.027027,866,80.259500,699,87.048568,4,0.666667
360,27,7.297297,881,81.649676,715,89.041096,4,0.666667
185,28,7.567568,887,82.205746,717,89.290162,4,0.666667
