TestcaseNumber,TestcaseCount,TestcaseRatio,StatementCount,StatementRatio,BranchCount,BranchRatio,FaultCount,FaultRatio
103,1,0.270270,482,44.670992,408,50.809465,0,0.000000
30,2,0.540541,619,57.367933,535,66.625156,3,0.500000
189,3,0.810811,678,62.835959,571,71.108344,4,0.666667
130,4,1.081081,706,65.430955,605,75.342466,4,0.666667
112,5,1.351351,736,68.211307,617,76.836862,4,0.666667
320,6,1.621622,773,71.640408,649,80.821918,4,0.666667
333,7,1.891892,773,71.640408,649,80.821918,4,0.666667
248,8,2.162162,796,73.772011,655,81.569116,4,0.666667
348,9,2.432432,851,78.869323,695,86.550436,4,0.666667
247,10,2.702703,857,79.425394,703,87.546700,4,0.666667
242,11,2.972973,857,79.425394,703,87.546700,4,0.666667
362,12,3.243243,873,80.908248,719,89.539228,4,0.666667
278,13,3.513514,877,81.278962,719,89.539228,4,0.666667
216,14,3.783784,877,81.278962,719,89.539228,4,0.666667
169,15,4.054054,898,83.225209,733,91.282690,4,0.666667
95,16,4.324324,901,83.503244,735,91.531756,4,0.666667
324,17,4.594595,901,83.503244,737,91.780822,4,0.666667
89,18,4.864865,902,83.595922,737,91.780822,4,0.666667
107,19,5.135135,902,83.595922,737,91.780822,4,0.666667
200,20,5.405405,907,84.059314,737,91.780822,4,0.666667
217,21,5.675676,907,84.059314,737,91.780822,4,0.666667
173,22,5.945946,908,84.151993,737,91.780822,5,0.833333
197,23,6.216216,908,84.151993,737,91.780822,5,0.833333
69,24,6.486486,908,84.151993,737,91.780822,5,0.833333
167,25,6.756757,908,84.151993,737,91.780822,5,0.833333
58,26,7.027027,908,84.151993,737,91.780822,5,0.833333
8,27,7.297297,908,84.151993,737,91.780822,5,0.833333
183,28,7.567568,908,84.151993,737,91.780822,5,0.833333
176,29,7.837838,908,84.151993,737,91.780822,5,0.833333
126,30,8.108108,908,84.151993,737,91.780822,5,0.833333
214,31,8.378378,908,84.151993,737,91.780822,5,0.833333
276,32,8.648649,912,84.522706,741,92.278954,5,0.833333
175,33,8.918919,912,84.522706,741,92.278954,5,0.833333
105,34,9.189189,912,84.522706,741,92.278954,5,0.833333
357,35,9.459459,912,84.522706,741,92.278954,5,0.833333
132,36,9.729730,912,84.522706,741,92.278954,5,0.833333
301,37,10.000000,912,84.522706,741,92.278954,5,0.833333
329,38,10.270270,915,84.800741,743,92.528020,5,0.833333
108,39,10.540541,916,84.893420,745,92.777086,5,0.833333
273,40,10.810811,916,84.893420,745,92.777086,5,0.833333
163,41,11.081081,916,84.893420,745,92.777086,5,0.833333
85,42,11.351351,916,84.893420,745,92.777086,5,0.833333
39,43,11.621622,919,85.171455,745,92.777086,5,0.833333
