TestcaseNumber,TestcaseCount,TestcaseRatio,StatementCount,StatementRatio,BranchCount,BranchRatio,FaultCount,FaultRatio
283,1,0.270270,476,44.114921,392,48.816936,0,0.000000
24,2,0.540541,492,45.597776,392,48.816936,0,0.000000
92,3,0.810811,532,49.304912,440,54.794521,0,0.000000
271,4,1.081081,592,54.865616,476,59.277709,0,0.000000
212,5,1.351351,733,67.933272,600,74.719801,3,0.500000
26,6,1.621622,769,71.269694,633,78.829390,3,0.500000
314,7,1.891892,771,71.455051,633,78.829390,3,0.500000
51,8,2.162162,793,73.493976,657,81.818182,3,0.500000
115,9,2.432432,793,73.493976,657,81.818182,3,0.500000
306,10,2.702703,793,73.493976,659,82.067248,3,0.500000
113,11,2.972973,793,73.493976,659,82.067248,3,0.500000
177,12,3.243243,793,73.493976,659,82.067248,3,0.500000
110,13,3.513514,794,73.586654,661,82.316314,3,0.500000
125,14,3.783784,819,75.903614,681,84.806974,3,0.500000
120,15,4.054054,819,75.903614,681,84.806974,3,0.500000
108,16,4.324324,819,75.903614,681,84.806974,3,0.500000
54,17,4.594595,819,75.903614,681,84.806974,3,0.500000
174,18,4.864865,822,76.181650,683,85.056040,5,0.833333
220,19,5.135135,831,77.015755,689,85.803238,5,0.833333
5,20,5.405405,851,78.869323,695,86.550436,5,0.833333
204,21,5.675676,871,80.722892,709,88.293898,5,0.833333
244,22,5.945946,892,82.669138,723,90.037360,5,0.833333
248,23,6.216216,892,82.669138,723,90.037360,5,0.833333
43,24,6.486486,892,82.669138,723,90.037360,5,0.833333
264,25,6.756757,892,82.669138,723,90.037360,5,0.833333
310,26,7.027027,892,82.669138,723,90.037360,5,0.833333
45,27,7.297297,896,83.039852,723,90.037360,5,0.833333
254,28,7.567568,896,83.039852,723,90.037360,5,0.833333
90,29,7.837838,896,83.039852,723,90.037360,5,0.833333
350,30,8.108108,896,83.039852,723,90.037360,5,0.833333
257,31,8.378378,903,83.688601,731,91.033624,5,0.833333
60,32,8.648649,903,83.688601,731,91.033624,5,0.833333
124,33,8.918919,903,83.688601,731,91.033624,5,0.833333
50,34,9.189189,903,83.688601,731,91.033624,5,0.833333
182,35,9.459459,903,83.688601,731,91.033624,5,0.833333
73,36,9.729730,903,83.688601,731,91.033624,5,0.833333
116,37,10.000000,903,83.688601,731,91.033624,5,0.833333
353,38,10.270270,903,83.688601,731,91.033624,5,0.833333
129,39,10.540541,903,83.688601,731,91.033624,5,0.833333
61,40,10.810811,903,83.688601,731,91.033624,5,0.833333
72,41,11.081081,903,83.688601,731,91.033624,5,0.833333
