TestcaseNumber,TestcaseCount,TestcaseRatio,StatementCount,StatementRatio,BranchCount,BranchRatio,FaultCount,FaultRatio
135,1,0.270270,612,56.719184,520,64.757161,2,0.333333
296,2,0.540541,638,59.128823,550,68.493151,2,0.333333
3,3,0.810811,642,59.499537,550,68.493151,2,0.333333
113,4,1.081081,681,63.113994,576,71.731009,2,0.333333
336,5,1.351351,705,65.338276,590,73.474471,5,0.833333
76,6,1.621622,705,65.338276,590,73.474471,5,0.833333
329,7,1.891892,714,66.172382,594,73.972603,5,0.833333
279,8,2.162162,753,69.786840,616,76.712329,5,0.833333
324,9,2.432432,763,70.713624,627,78.082192,5,0.833333
31,10,2.702703,790,73.215941,631,78.580324,5,0.833333
103,11,2.972973,790,73.215941,631,78.580324,5,0.833333
299,12,3.243243,790,73.215941,631,78.580324,5,0.833333
97,13,3.513514,790,73.215941,631,78.580324,5,0.833333
171,14,3.783784,790,73.215941,631,78.580324,5,0.833333
231,15,4.054054,796,73.772011,633,78.829390,5,0.833333
23,16,4.324324,821,76.088971,639,79.576588,5,0.833333
123,17,4.594595,821,76.088971,639,79.576588,5,0.833333
190,18,4.864865,824,76.367006,639,79.576588,5,0.833333
114,19,5.135135,824,76.367006,639,79.576588,5,0.833333
207,20,5.405405,832,77.108434,645,80.323786,5,0.833333
132,21,5.675676,832,77.108434,645,80.323786,5,0.833333
294,22,5.945946,864,80.074143,677,84.308842,5,0.833333
342,23,6.216216,865,80.166821,677,84.308842,5,0.833333
