TestcaseNumber,TestcaseCount,TestcaseRatio,StatementCount,StatementRatio,BranchCount,BranchRatio,FaultCount,FaultRatio
310,1,0.270270,574,53.197405,469,58.405978,2,0.333333
160,2,0.540541,636,58.943466,554,68.991283,3,0.500000
253,3,0.810811,668,61.909175,568,70.734745,3,0.500000
326,4,1.081081,691,64.040778,581,72.353674,3,0.500000
309,5,1.351351,695,64.411492,585,72.851806,3,0.500000
83,6,1.621622,713,66.079703,591,73.599004,3,0.500000
28,7,1.891892,734,68.025950,605,75.342466,3,0.500000
279,8,2.162162,789,73.123262,655,81.569116,3,0.500000
338,9,2.432432,819,75.903614,675,84.059776,4,0.666667
226,10,2.702703,828,76.737720,683,85.056040,4,0.666667
23,11,2.972973,853,79.054680,689,85.803238,4,0.666667
295,12,3.243243,853,79.054680,689,85.803238,4,0.666667
145,13,3.513514,853,79.054680,689,85.803238,4,0.666667
270,14,3.783784,853,79.054680,689,85.803238,4,0.666667
166,15,4.054054,853,79.054680,689,85.803238,4,0.666667
180,16,4.324324,853,79.054680,689,85.803238,4,0.666667
323,17,4.594595,853,79.054680,689,85.803238,4,0.666667
75,18,4.864865,856,79.332715,689,85.803238,4,0.666667
35,19,5.135135,875,81.093605,691,86.052304,4,0.666667
59,20,5.405405,875,81.093605,691,86.052304,4,0.666667
102,21,5.675676,882,81.742354,693,86.301370,4,0.666667
330,22,5.945946,882,81.742354,693,86.301370,4,0.666667
348,23,6.216216,882,81.742354,693,86.301370,4,0.666667
275,24,6.486486,882,81.742354,693,86.301370,4,0.666667
141,25,6.756757,882,81.742354,693,86.301370,4,0.666667
72,26,7.027027,882,81.742354,693,86.301370,4,0.666667
224,27,7.297297,882,81.742354,693,86.301370,4,0.666667
189,28,7.567568,882,81.742354,693,86.301370,4,0.666667
79,29,7.837838,882,81.742354,693,86.301370,4,0.666667
114,30,8.108108,882,81.742354,693,86.301370,4,0.666667
182,31,8.378378,882,81.742354,693,86.301370,4,0.666667
262,32,8.648649,902,83.595922,707,88.044832,4,0.666667
