TestcaseNumber,TestcaseCount,TestcaseRatio,StatementCount,StatementRatio,BranchCount,BranchRatio,FaultCount,FaultRatio
331,1,0.270270,605,56.070436,512,63.760897,2,0.333333
338,2,0.540541,656,60.797034,549,68.368618,3,0.500000
174,3,0.810811,676,62.650602,569,70.859278,5,0.833333
154,4,1.081081,710,65.801668,595,74.097136,5,0.833333
171,5,1.351351,754,69.879518,623,77.584060,5,0.833333
203,6,1.621622,786,72.845227,657,81.818182,5,0.833333
365,7,1.891892,810,75.069509,661,82.316314,5,0.833333
362,8,2.162162,826,76.552363,677,84.308842,5,0.833333
301,9,2.432432,826,76.552363,677,84.308842,5,0.833333
347,10,2.702703,858,79.518072,697,86.799502,5,0.833333
140,11,2.972973,865,80.166821,701,87.297634,5,0.833333
319,12,3.243243,865,80.166821,701,87.297634,5,0.833333
242,13,3.513514,865,80.166821,701,87.297634,5,0.833333
160,14,3.783784,865,80.166821,701,87.297634,5,0.833333
11,15,4.054054,881,81.649676,705,87.795766,5,0.833333
35,16,4.324324,882,81.742354,705,87.795766,5,0.833333
74,17,4.594595,882,81.742354,705,87.795766,5,0.833333
24,18,4.864865,893,82.761816,705,87.795766,5,0.833333
102,19,5.135135,893,82.761816,705,87.795766,5,0.833333
320,20,5.405405,893,82.761816,705,87.795766,5,0.833333
357,21,5.675676,893,82.761816,705,87.795766,5,0.833333
333,22,5.945946,893,82.761816,705,87.795766,5,0.833333
336,23,6.216216,893,82.761816,705,87.795766,5,0.833333
20,24,6.486486,902,83.595922,707,88.044832,5,0.833333
144,25,6.756757,902,83.595922,707,88.044832,5,0.833333
132,26,7.027027,902,83.595922,707,88.044832,5,0.833333
153,27,7.297297,902,83.595922,707,88.044832,5,0.833333
46,28,7.567568,902,83.595922,707,88.044832,5,0.833333
234,29,7.837838,902,83.595922,707,88.044832,5,0.833333
106,30,8.108108,902,83.595922,707,88.044832,5,0.833333
145,31,8.378378,902,83.595922,707,88.044832,5,0.833333
185,32,8.648649,914,84.708063,709,88.293898,5,0.833333
22,33,8.918919,932,86.376274,715,89.041096,5,0.833333
173,34,9.189189,932,86.376274,715,89.041096,5,0.833333
142,35,9.459459,932,86.376274,715,89.041096,5,0.833333
