TestcaseNumber,TestcaseCount,TestcaseRatio,StatementCount,StatementRatio,BranchCount,BranchRatio,FaultCount,FaultRatio
369,1,0.270270,527,48.841520,415,51.681196,3,0.500000
227,2,0.540541,692,64.133457,582,72.478207,3,0.500000
315,3,0.810811,763,70.713624,642,79.950187,3,0.500000
25,4,1.081081,784,72.659870,648,80.697385,3,0.500000
346,5,1.351351,807,74.791474,656,81.693649,3,0.500000
41,6,1.621622,840,77.849861,668,83.188045,3,0.500000
231,7,1.891892,843,78.127896,670,83.437111,3,0.500000
89,8,2.162162,854,79.147359,674,83.935243,3,0.500000
48,9,2.432432,861,79.796108,682,84.931507,3,0.500000
266,10,2.702703,866,80.259500,688,85.678705,3,0.500000
196,11,2.972973,871,80.722892,690,85.927771,4,0.666667
328,12,3.243243,871,80.722892,690,85.927771,4,0.666667
20,13,3.513514,880,81.556997,692,86.176837,4,0.666667
258,14,3.783784,886,82.113068,698,86.924035,4,0.666667
219,15,4.054054,893,82.761816,700,87.173101,4,0.666667
168,16,4.324324,913,84.615385,714,88.916563,4,0.666667
78,17,4.594595,913,84.615385,714,88.916563,4,0.666667
69,18,4.864865,913,84.615385,714,88.916563,4,0.666667
364,19,5.135135,938,86.932345,726,90.410959,4,0.666667
321,20,5.405405,938,86.932345,726,90.410959,5,0.833333
363,21,5.675676,971,89.990732,741,92.278954,5,0.833333
185,22,5.945946,971,89.990732,741,92.278954,5,0.833333
103,23,6.216216,978,90.639481,743,92.528020,5,0.833333
205,24,6.486486,986,91.380908,749,93.275218,5,0.833333
253,25,6.756757,986,91.380908,749,93.275218,5,0.833333
245,26,7.027027,987,91.473587,749,93.275218,5,0.833333
218,27,7.297297,987,91.473587,749,93.275218,5,0.833333
282,28,7.567568,987,91.473587,749,93.275218,5,0.833333
59,29,7.837838,987,91.473587,749,93.275218,5,0.833333
182,30,8.108108,987,91.473587,749,93.275218,5,0.833333
304,31,8.378378,987,91.473587,749,93.275218,5,0.833333
67,32,8.648649,987,91.473587,749,93.275218,5,0.833333
128,33,8.918919,987,91.473587,749,93.275218,5,0.833333
68,34,9.189189,987,91.473587,749,93.275218,5,0.833333
344,35,9.459459,987,91.473587,749,93.275218,5,0.833333
