TestcaseNumber,TestcaseCount,TestcaseRatio,StatementCount,StatementRatio,BranchCount,BranchRatio,FaultCount,FaultRatio
140,1,0.270270,539,49.953661,464,57.783313,3,0.500000
304,2,0.540541,619,57.367933,528,65.753425,3,0.500000
213,3,0.810811,663,61.445783,554,68.991283,3,0.500000
134,4,1.081081,711,65.894347,584,72.727273,3,0.500000
172,5,1.351351,725,67.191844,588,73.225405,5,0.833333
125,6,1.621622,760,70.435589,617,76.836862,5,0.833333
146,7,1.891892,760,70.435589,617,76.836862,5,0.833333
7,8,2.162162,779,72.196478,619,77.085928,5,0.833333
67,9,2.432432,779,72.196478,619,77.085928,5,0.833333
230,10,2.702703,817,75.718258,647,80.572852,5,0.833333
63,11,2.972973,817,75.718258,647,80.572852,5,0.833333
191,12,3.243243,824,76.367006,651,81.070984,5,0.833333
60,13,3.513514,824,76.367006,651,81.070984,5,0.833333
325,14,3.783784,824,76.367006,653,81.320050,5,0.833333
300,15,4.054054,824,76.367006,653,81.320050,5,0.833333
2,16,4.324324,828,76.737720,653,81.320050,5,0.833333
66,17,4.594595,828,76.737720,653,81.320050,5,0.833333
72,18,4.864865,828,76.737720,653,81.320050,5,0.833333
228,19,5.135135,828,76.737720,653,81.320050,5,0.833333
315,20,5.405405,852,78.962002,681,84.806974,5,0.833333
116,21,5.675676,852,78.962002,681,84.806974,5,0.833333
43,22,5.945946,858,79.518072,681,84.806974,5,0.833333
342,23,6.216216,859,79.610751,681,84.806974,5,0.833333
