TestcaseNumber,TestcaseCount,TestcaseRatio,StatementCount,StatementRatio,BranchCount,BranchRatio,FaultCount,FaultRatio
298,1,0.270270,548,50.787766,458,57.036115,2,0.333333
334,2,0.540541,608,56.348471,506,63.013699,2,0.333333
181,3,0.810811,645,59.777572,538,66.998755,4,0.666667
259,4,1.081081,720,66.728452,604,75.217933,4,0.666667
4,5,1.351351,747,69.230769,610,75.965131,4,0.666667
107,6,1.621622,756,70.064875,618,76.961395,4,0.666667
146,7,1.891892,756,70.064875,618,76.961395,4,0.666667
6,8,2.162162,758,70.250232,618,76.961395,4,0.666667
210,9,2.432432,774,71.733086,626,77.957659,4,0.666667
227,10,2.702703,810,75.069509,652,81.195517,4,0.666667
111,11,2.972973,818,75.810936,654,81.444583,4,0.666667
251,12,3.243243,833,77.201112,660,82.191781,4,0.666667
279,13,3.513514,858,79.518072,688,85.678705,4,0.666667
288,14,3.783784,867,80.352178,690,85.927771,5,0.833333
310,15,4.054054,873,80.908248,694,86.425903,5,0.833333
97,16,4.324324,873,80.908248,694,86.425903,5,0.833333
242,17,4.594595,873,80.908248,694,86.425903,5,0.833333
141,18,4.864865,873,80.908248,694,86.425903,5,0.833333
53,19,5.135135,873,80.908248,694,86.425903,5,0.833333
113,20,5.405405,873,80.908248,696,86.674969,5,0.833333
178,21,5.675676,873,80.908248,696,86.674969,5,0.833333
271,22,5.945946,873,80.908248,696,86.674969,5,0.833333
182,23,6.216216,873,80.908248,696,86.674969,5,0.833333
244,24,6.486486,873,80.908248,696,86.674969,5,0.833333
42,25,6.756757,873,80.908248,696,86.674969,5,0.833333
143,26,7.027027,873,80.908248,696,86.674969,5,0.833333
49,27,7.297297,873,80.908248,696,86.674969,5,0.833333
264,28,7.567568,873,80.908248,696,86.674969,5,0.833333
234,29,7.837838,873,80.908248,696,86.674969,5,0.833333
311,30,8.108108,873,80.908248,696,86.674969,5,0.833333
263,31,8.378378,873,80.908248,696,86.674969,5,0.833333
270,32,8.648649,873,80.908248,696,86.674969,5,0.833333
