TestcaseNumber,TestcaseCount,TestcaseRatio,StatementCount,StatementRatio,BranchCount,BranchRatio,FaultCount,FaultRatio
11,1,0.270270,85,7.877665,72,8.966376,0,0.000000
224,2,0.540541,508,47.080630,437,54.420922,0,0.000000
235,3,0.810811,553,51.251158,483,60.149440,0,0.000000
165,4,1.081081,714,66.172382,610,75.965131,3,0.500000
189,5,1.351351,744,68.952734,629,78.331258,4,0.666667
221,6,1.621622,778,72.103800,641,79.825654,4,0.666667
50,7,1.891892,784,72.659870,643,80.074720,4,0.666667
192,8,2.162162,787,72.937905,645,80.323786,4,0.666667
325,9,2.432432,788,73.030584,647,80.572852,4,0.666667
184,10,2.702703,791,73.308619,647,80.572852,4,0.666667
298,11,2.972973,797,73.864690,649,80.821918,4,0.666667
288,12,3.243243,819,75.903614,657,81.818182,5,0.833333
151,13,3.513514,819,75.903614,657,81.818182,5,0.833333
264,14,3.783784,827,76.645042,659,82.067248,5,0.833333
180,15,4.054054,851,78.869323,675,84.059776,5,0.833333
115,16,4.324324,851,78.869323,675,84.059776,5,0.833333
157,17,4.594595,851,78.869323,675,84.059776,5,0.833333
213,18,4.864865,853,79.054680,677,84.308842,5,0.833333
301,19,5.135135,858,79.518072,677,84.308842,5,0.833333
61,20,5.405405,872,80.815570,689,85.803238,5,0.833333
7,21,5.675676,880,81.556997,689,85.803238,5,0.833333
28,22,5.945946,901,83.503244,703,87.546700,5,0.833333
15,23,6.216216,907,84.059314,705,87.795766,5,0.833333
191,24,6.486486,907,84.059314,705,87.795766,5,0.833333
171,25,6.756757,907,84.059314,707,88.044832,5,0.833333
193,26,7.027027,907,84.059314,707,88.044832,5,0.833333
62,27,7.297297,907,84.059314,707,88.044832,5,0.833333
14,28,7.567568,909,84.244671,709,88.293898,5,0.833333
25,29,7.837838,930,86.190918,715,89.041096,5,0.833333
258,30,8.108108,931,86.283596,719,89.539228,5,0.833333
276,31,8.378378,931,86.283596,719,89.539228,5,0.833333
