TestcaseNumber,TestcaseCount,TestcaseRatio,StatementCount,StatementRatio,BranchCount,BranchRatio,FaultCount,FaultRatio
162,1,0.270270,601,55.699722,532,66.251557,3,0.500000
201,2,0.540541,640,59.314180,570,70.983811,3,0.500000
230,3,0.810811,690,63.948100,610,75.965131,3,0.500000
83,4,1.081081,712,65.987025,616,76.712329,3,0.500000
34,5,1.351351,759,70.342910,634,78.953923,5,0.833333
263,6,1.621622,803,74.420760,660,82.191781,5,0.833333
73,7,1.891892,806,74.698795,660,82.191781,5,0.833333
274,8,2.162162,809,74.976830,660,82.191781,5,0.833333
61,9,2.432432,809,74.976830,660,82.191781,5,0.833333
118,10,2.702703,815,75.532901,664,82.689913,5,0.833333
368,11,2.972973,819,75.903614,664,82.689913,5,0.833333
323,12,3.243243,819,75.903614,664,82.689913,5,0.833333
69,13,3.513514,838,77.664504,672,83.686177,5,0.833333
272,14,3.783784,839,77.757183,672,83.686177,5,0.833333
17,15,4.054054,846,78.405931,674,83.935243,5,0.833333
42,16,4.324324,852,78.962002,674,83.935243,5,0.833333
350,17,4.594595,852,78.962002,674,83.935243,5,0.833333
119,18,4.864865,852,78.962002,674,83.935243,5,0.833333
314,19,5.135135,852,78.962002,674,83.935243,5,0.833333
141,20,5.405405,859,79.610751,678,84.433375,5,0.833333
2,21,5.675676,863,79.981464,678,84.433375,5,0.833333
353,22,5.945946,863,79.981464,678,84.433375,5,0.833333
330,23,6.216216,863,79.981464,678,84.433375,5,0.833333
205,24,6.486486,863,79.981464,678,84.433375,5,0.833333
279,25,6.756757,863,79.981464,678,84.433375,5,0.833333
