TestcaseNumber,TestcaseCount,TestcaseRatio,StatementCount,StatementRatio,BranchCount,BranchRatio,FaultCount,FaultRatio
298,1,0.270270,548,50.787766,458,57.036115,2,0.333333
344,2,0.540541,609,56.441149,500,62.266501,2,0.333333
214,3,0.810811,673,62.372567,572,71.232877,3,0.500000
206,4,1.081081,719,66.635774,602,74.968867,3,0.500000
224,5,1.351351,729,67.562558,610,75.965131,3,0.500000
335,6,1.621622,740,68.582020,614,76.463263,3,0.500000
233,7,1.891892,766,70.991659,634,78.953923,3,0.500000
66,8,2.162162,776,71.918443,636,79.202989,3,0.500000
89,9,2.432432,776,71.918443,636,79.202989,3,0.500000
283,10,2.702703,776,71.918443,636,79.202989,3,0.500000
165,11,2.972973,806,74.698795,666,82.938979,3,0.500000
168,12,3.243243,806,74.698795,668,83.188045,3,0.500000
217,13,3.513514,813,75.347544,670,83.437111,3,0.500000
145,14,3.783784,813,75.347544,670,83.437111,3,0.500000
264,15,4.054054,814,75.440222,670,83.437111,3,0.500000
202,16,4.324324,831,77.015755,690,85.927771,3,0.500000
57,17,4.594595,831,77.015755,690,85.927771,3,0.500000
127,18,4.864865,841,77.942539,699,87.048568,3,0.500000
72,19,5.135135,841,77.942539,699,87.048568,3,0.500000
20,20,5.405405,869,80.537535,703,87.546700,3,0.500000
185,21,5.675676,877,81.278962,705,87.795766,4,0.666667
242,22,5.945946,877,81.278962,705,87.795766,4,0.666667
101,23,6.216216,877,81.278962,705,87.795766,4,0.666667
198,24,6.486486,877,81.278962,705,87.795766,4,0.666667
204,25,6.756757,877,81.278962,705,87.795766,4,0.666667
278,26,7.027027,883,81.835032,707,88.044832,4,0.666667
