TestcaseNumber,TestcaseCount,TestcaseRatio,StatementCount,StatementRatio,BranchCount,BranchRatio,FaultCount,FaultRatio
161,1,0.270270,596,55.236330,522,65.006227,2,0.333333
119,2,0.540541,634,58.758109,552,68.742217,2,0.333333
100,3,0.810811,654,60.611677,562,69.987547,2,0.333333
154,4,1.081081,657,60.889713,562,69.987547,2,0.333333
7,5,1.351351,681,63.113994,564,70.236613,3,0.500000
348,6,1.621622,711,65.894347,584,72.727273,3,0.500000
248,7,1.891892,712,65.987025,588,73.225405,3,0.500000
151,8,2.162162,754,69.879518,613,76.338730,4,0.666667
168,9,2.432432,780,72.289157,635,79.078456,4,0.666667
290,10,2.702703,782,72.474513,635,79.078456,5,0.833333
185,11,2.972973,796,73.772011,637,79.327522,5,0.833333
74,12,3.243243,796,73.772011,637,79.327522,5,0.833333
71,13,3.513514,801,74.235403,641,79.825654,5,0.833333
138,14,3.783784,810,75.069509,653,81.320050,5,0.833333
217,15,4.054054,810,75.069509,653,81.320050,5,0.833333
137,16,4.324324,810,75.069509,653,81.320050,5,0.833333
60,17,4.594595,810,75.069509,653,81.320050,5,0.833333
344,18,4.864865,814,75.440222,653,81.320050,5,0.833333
156,19,5.135135,820,75.996293,657,81.818182,5,0.833333
351,20,5.405405,847,78.498610,685,85.305106,5,0.833333
207,21,5.675676,853,79.054680,687,85.554172,5,0.833333
368,22,5.945946,856,79.332715,687,85.554172,5,0.833333
89,23,6.216216,856,79.332715,687,85.554172,5,0.833333
274,24,6.486486,857,79.425394,689,85.803238,5,0.833333
109,25,6.756757,857,79.425394,689,85.803238,5,0.833333
202,26,7.027027,872,80.815570,705,87.795766,5,0.833333
183,27,7.297297,896,83.039852,721,89.788294,5,0.833333
160,28,7.567568,896,83.039852,721,89.788294,5,0.833333
277,29,7.837838,900,83.410565,727,90.535492,5,0.833333
112,30,8.108108,900,83.410565,727,90.535492,5,0.833333
175,31,8.378378,900,83.410565,727,90.535492,5,0.833333
323,32,8.648649,900,83.410565,727,90.535492,5,0.833333
317,33,8.918919,900,83.410565,727,90.535492,5,0.833333
211,34,9.189189,900,83.410565,727,90.535492,5,0.833333
227,35,9.459459,900,83.410565,727,90.535492,5,0.833333
235,36,9.729730,900,83.410565,727,90.535492,5,0.833333
135,37,10.000000,900,83.410565,727,90.535492,5,0.833333
81,38,10.270270,900,83.410565,727,90.535492,5,0.833333
55,39,10.540541,900,83.410565,727,90.535492,5,0.833333
253,40,10.810811,900,83.410565,727,90.535492,5,0.833333
61,41,11.081081,900,83.410565,727,90.535492,5,0.833333
