TestcaseNumber,TestcaseCount,TestcaseRatio,StatementCount,StatementRatio,BranchCount,BranchRatio,FaultCount,FaultRatio
312,1,0.270270,591,54.772938,514,64.009963,3,0.500000
13,2,0.540541,593,54.958295,516,64.259029,3,0.500000
196,3,0.810811,607,56.255792,532,66.251557,3,0.500000
260,4,1.081081,665,61.631140,582,72.478207,3,0.500000
38,5,1.351351,689,63.855422,584,72.727273,4,0.666667
179,6,1.621622,729,67.562558,612,76.214197,4,0.666667
281,7,1.891892,780,72.289157,638,79.452055,4,0.666667
217,8,2.162162,787,72.937905,640,79.701121,4,0.666667
259,9,2.432432,798,73.957368,650,80.946451,4,0.666667
300,10,2.702703,803,74.420760,650,80.946451,4,0.666667
249,11,2.972973,803,74.420760,650,80.946451,4,0.666667
131,12,3.243243,803,74.420760,650,80.946451,4,0.666667
177,13,3.513514,806,74.698795,650,80.946451,4,0.666667
4,14,3.783784,822,76.181650,654,81.444583,4,0.666667
50,15,4.054054,853,79.054680,678,84.433375,4,0.666667
364,16,4.324324,886,82.113068,694,86.425903,4,0.666667
222,17,4.594595,894,82.854495,696,86.674969,4,0.666667
316,18,4.864865,894,82.854495,696,86.674969,4,0.666667
297,19,5.135135,904,83.781279,707,88.044832,4,0.666667
238,20,5.405405,904,83.781279,707,88.044832,4,0.666667
43,21,5.675676,904,83.781279,707,88.044832,4,0.666667
134,22,5.945946,904,83.781279,707,88.044832,4,0.666667
65,23,6.216216,911,84.430028,709,88.293898,4,0.666667
93,24,6.486486,914,84.708063,711,88.542964,4,0.666667
327,25,6.756757,918,85.078777,713,88.792030,4,0.666667
141,26,7.027027,918,85.078777,713,88.792030,4,0.666667
137,27,7.297297,927,85.912882,725,90.286426,4,0.666667
318,28,7.567568,928,86.005561,725,90.286426,5,0.833333
195,29,7.837838,928,86.005561,725,90.286426,5,0.833333
103,30,8.108108,928,86.005561,725,90.286426,5,0.833333
159,31,8.378378,928,86.005561,725,90.286426,5,0.833333
243,32,8.648649,928,86.005561,725,90.286426,5,0.833333
150,33,8.918919,928,86.005561,725,90.286426,5,0.833333
