TestcaseNumber,TestcaseCount,TestcaseRatio,StatementCount,StatementRatio,BranchCount,BranchRatio,FaultCount,FaultRatio
233,1,0.270270,467,43.280816,423,52.677460,0,0.000000
201,2,0.540541,585,54.216867,524,65.255293,0,0.000000
250,3,0.810811,648,60.055607,556,69.240349,3,0.500000
284,4,1.081081,674,62.465246,568,70.734745,3,0.500000
73,5,1.351351,677,62.743281,568,70.734745,3,0.500000
171,6,1.621622,729,67.562558,602,74.968867,3,0.500000
352,7,1.891892,741,68.674699,616,76.712329,3,0.500000
333,8,2.162162,745,69.045412,616,76.712329,3,0.500000
166,9,2.432432,749,69.416126,622,77.459527,3,0.500000
49,10,2.702703,780,72.289157,646,80.448319,3,0.500000
227,11,2.972973,792,73.401297,656,81.693649,3,0.500000
97,12,3.243243,799,74.050046,656,81.693649,3,0.500000
42,13,3.513514,805,74.606117,656,81.693649,3,0.500000
198,14,3.783784,814,75.440222,662,82.440847,4,0.666667
254,15,4.054054,815,75.532901,662,82.440847,4,0.666667
78,16,4.324324,815,75.532901,662,82.440847,4,0.666667
128,17,4.594595,815,75.532901,662,82.440847,4,0.666667
260,18,4.864865,821,76.088971,664,82.689913,4,0.666667
63,19,5.135135,821,76.088971,664,82.689913,4,0.666667
103,20,5.405405,821,76.088971,664,82.689913,4,0.666667
141,21,5.675676,821,76.088971,664,82.689913,4,0.666667
178,22,5.945946,845,78.313253,680,84.682441,4,0.666667
89,23,6.216216,845,78.313253,680,84.682441,4,0.666667
29,24,6.486486,866,80.259500,694,86.425903,4,0.666667
337,25,6.756757,867,80.352178,694,86.425903,5,0.833333
278,26,7.027027,867,80.352178,694,86.425903,5,0.833333
23,27,7.297297,893,82.761816,700,87.173101,5,0.833333
289,28,7.567568,893,82.761816,700,87.173101,5,0.833333
217,29,7.837838,899,83.317887,702,87.422167,5,0.833333
38,30,8.108108,902,83.595922,702,87.422167,5,0.833333
315,31,8.378378,902,83.595922,702,87.422167,5,0.833333
146,32,8.648649,902,83.595922,702,87.422167,5,0.833333
142,33,8.918919,902,83.595922,702,87.422167,5,0.833333
316,34,9.189189,902,83.595922,702,87.422167,5,0.833333
