TestcaseNumber,TestcaseCount,TestcaseRatio,StatementCount,StatementRatio,BranchCount,BranchRatio,FaultCount,FaultRatio
168,1,0.270270,588,54.494903,494,61.519303,0,0.000000
179,2,0.540541,664,61.538462,562,69.987547,3,0.500000
50,3,0.810811,699,64.782206,592,73.723537,3,0.500000
226,4,1.081081,716,66.357739,608,75.716065,3,0.500000
356,5,1.351351,732,67.840593,612,76.214197,3,0.500000
42,6,1.621622,738,68.396664,612,76.214197,3,0.500000
345,7,1.891892,745,69.045412,614,76.463263,3,0.500000
36,8,2.162162,768,71.177016,620,77.210461,3,0.500000
306,9,2.432432,778,72.103800,631,78.580324,3,0.500000
282,10,2.702703,792,73.401297,635,79.078456,3,0.500000
318,11,2.972973,795,73.679333,637,79.327522,5,0.833333
370,12,3.243243,795,73.679333,637,79.327522,5,0.833333
329,13,3.513514,798,73.957368,639,79.576588,5,0.833333
22,14,3.783784,824,76.367006,645,80.323786,5,0.833333
262,15,4.054054,824,76.367006,645,80.323786,5,0.833333
232,16,4.324324,849,78.683967,665,82.814446,5,0.833333
323,17,4.594595,849,78.683967,665,82.814446,5,0.833333
343,18,4.864865,849,78.683967,665,82.814446,5,0.833333
183,19,5.135135,849,78.683967,665,82.814446,5,0.833333
268,20,5.405405,849,78.683967,665,82.814446,5,0.833333
212,21,5.675676,849,78.683967,665,82.814446,5,0.833333
298,22,5.945946,849,78.683967,665,82.814446,5,0.833333
195,23,6.216216,849,78.683967,665,82.814446,5,0.833333
246,24,6.486486,849,78.683967,665,82.814446,5,0.833333
48,25,6.756757,849,78.683967,665,82.814446,5,0.833333
79,26,7.027027,863,79.981464,667,83.063512,5,0.833333
41,27,7.297297,863,79.981464,667,83.063512,5,0.833333
234,28,7.567568,863,79.981464,667,83.063512,5,0.833333
185,29,7.837838,863,79.981464,667,83.063512,5,0.833333
173,30,8.108108,863,79.981464,667,83.063512,5,0.833333
360,31,8.378378,878,81.371640,685,85.305106,5,0.833333
277,32,8.648649,887,82.205746,693,86.301370,5,0.833333
54,33,8.918919,887,82.205746,693,86.301370,5,0.833333
