TestcaseNumber,TestcaseCount,TestcaseRatio,StatementCount,StatementRatio,BranchCount,BranchRatio,FaultCount,FaultRatio
104,1,0.270270,363,33.642261,337,41.967621,0,0.000000
316,2,0.540541,615,56.997220,514,64.009963,0,0.000000
95,3,0.810811,669,62.001854,558,69.489415,0,0.000000
103,4,1.081081,677,62.743281,560,69.738481,0,0.000000
145,5,1.351351,710,65.801668,588,73.225405,3,0.500000
332,6,1.621622,715,66.265060,590,73.474471,3,0.500000
315,7,1.891892,715,66.265060,590,73.474471,3,0.500000
294,8,2.162162,750,69.508804,619,77.085928,3,0.500000
297,9,2.432432,750,69.508804,621,77.334994,3,0.500000
200,10,2.702703,774,71.733086,645,80.323786,3,0.500000
176,11,2.972973,798,73.957368,663,82.565380,3,0.500000
16,12,3.243243,798,73.957368,663,82.565380,3,0.500000
266,13,3.513514,798,73.957368,665,82.814446,3,0.500000
312,14,3.783784,800,74.142725,667,83.063512,4,0.666667
117,15,4.054054,833,77.201112,691,86.052304,4,0.666667
57,16,4.324324,833,77.201112,691,86.052304,4,0.666667
123,17,4.594595,836,77.479147,693,86.301370,4,0.666667
41,18,4.864865,842,78.035218,693,86.301370,4,0.666667
184,19,5.135135,842,78.035218,693,86.301370,4,0.666667
267,20,5.405405,842,78.035218,693,86.301370,4,0.666667
139,21,5.675676,847,78.498610,699,87.048568,4,0.666667
317,22,5.945946,847,78.498610,699,87.048568,4,0.666667
49,23,6.216216,847,78.498610,699,87.048568,4,0.666667
329,24,6.486486,847,78.498610,699,87.048568,4,0.666667
341,25,6.756757,847,78.498610,699,87.048568,4,0.666667
355,26,7.027027,847,78.498610,699,87.048568,4,0.666667
37,27,7.297297,869,80.537535,701,87.297634,4,0.666667
88,28,7.567568,869,80.537535,701,87.297634,4,0.666667
271,29,7.837838,869,80.537535,701,87.297634,4,0.666667
196,30,8.108108,869,80.537535,701,87.297634,4,0.666667
114,31,8.378378,869,80.537535,701,87.297634,4,0.666667
197,32,8.648649,870,80.630213,701,87.297634,4,0.666667
