TestcaseNumber,TestcaseCount,TestcaseRatio,StatementCount,StatementRatio,BranchCount,BranchRatio,FaultCount,FaultRatio
12,1,0.270270,228,21.130677,153,19.053549,0,0.000000
108,2,0.540541,449,41.612604,380,47.322540,0,0.000000
213,3,0.810811,641,59.406858,536,66.749689,3,0.500000
229,4,1.081081,691,64.040778,576,71.731009,3,0.500000
99,5,1.351351,740,68.582020,606,75.466999,3,0.500000
89,6,1.621622,765,70.898981,626,77.957659,3,0.500000
317,7,1.891892,765,70.898981,626,77.957659,3,0.500000
33,8,2.162162,767,71.084337,626,77.957659,3,0.500000
287,9,2.432432,773,71.640408,632,78.704857,3,0.500000
362,10,2.702703,801,74.235403,659,82.067248,4,0.666667
300,11,2.972973,807,74.791474,659,82.067248,4,0.666667
80,12,3.243243,815,75.532901,661,82.316314,4,0.666667
142,13,3.513514,839,77.757183,671,83.561644,4,0.666667
128,14,3.783784,863,79.981464,699,87.048568,4,0.666667
335,15,4.054054,863,79.981464,699,87.048568,4,0.666667
346,16,4.324324,864,80.074143,699,87.048568,4,0.666667
187,17,4.594595,872,80.815570,701,87.297634,4,0.666667
141,18,4.864865,872,80.815570,701,87.297634,4,0.666667
237,19,5.135135,872,80.815570,701,87.297634,4,0.666667
82,20,5.405405,872,80.815570,701,87.297634,4,0.666667
325,21,5.675676,872,80.815570,703,87.546700,4,0.666667
303,22,5.945946,872,80.815570,703,87.546700,4,0.666667
232,23,6.216216,873,80.908248,703,87.546700,4,0.666667
68,24,6.486486,873,80.908248,703,87.546700,4,0.666667
93,25,6.756757,876,81.186284,705,87.795766,4,0.666667
208,26,7.027027,881,81.649676,709,88.293898,4,0.666667
