TestcaseNumber,TestcaseCount,TestcaseRatio,StatementCount,StatementRatio,BranchCount,BranchRatio,FaultCount,FaultRatio
354,1,0.270270,427,39.573679,369,45.952677,0,0.000000
201,2,0.540541,558,51.714551,494,61.519303,0,0.000000
186,3,0.810811,679,62.928638,579,72.104608,3,0.500000
104,4,1.081081,709,65.708990,599,74.595268,3,0.500000
254,5,1.351351,716,66.357739,599,74.595268,3,0.500000
363,6,1.621622,794,73.586654,623,77.584060,3,0.500000
166,7,1.891892,807,74.791474,631,78.580324,4,0.666667
193,8,2.162162,813,75.347544,635,79.078456,4,0.666667
159,9,2.432432,813,75.347544,635,79.078456,4,0.666667
3,10,2.702703,817,75.718258,635,79.078456,4,0.666667
53,11,2.972973,838,77.664504,655,81.569116,4,0.666667
34,12,3.243243,863,79.981464,671,83.561644,5,0.833333
260,13,3.513514,879,81.464319,689,85.803238,5,0.833333
285,14,3.783784,893,82.761816,693,86.301370,5,0.833333
344,15,4.054054,896,83.039852,693,86.301370,5,0.833333
219,16,4.324324,896,83.039852,693,86.301370,5,0.833333
95,17,4.594595,902,83.595922,699,87.048568,5,0.833333
218,18,4.864865,902,83.595922,699,87.048568,5,0.833333
41,19,5.135135,902,83.595922,699,87.048568,5,0.833333
276,20,5.405405,908,84.151993,703,87.546700,5,0.833333
43,21,5.675676,908,84.151993,703,87.546700,5,0.833333
294,22,5.945946,912,84.522706,703,87.546700,5,0.833333
10,23,6.216216,926,85.820204,707,88.044832,5,0.833333
59,24,6.486486,926,85.820204,707,88.044832,5,0.833333
54,25,6.756757,926,85.820204,707,88.044832,5,0.833333
21,26,7.027027,947,87.766450,713,88.792030,5,0.833333
328,27,7.297297,947,87.766450,713,88.792030,5,0.833333
74,28,7.567568,947,87.766450,713,88.792030,5,0.833333
121,29,7.837838,947,87.766450,713,88.792030,5,0.833333
87,30,8.108108,947,87.766450,713,88.792030,5,0.833333
223,31,8.378378,947,87.766450,713,88.792030,5,0.833333
183,32,8.648649,947,87.766450,713,88.792030,5,0.833333
196,33,8.918919,947,87.766450,713,88.792030,5,0.833333
258,34,9.189189,947,87.766450,713,88.792030,5,0.833333
163,35,9.459459,947,87.766450,713,88.792030,5,0.833333
