TestcaseNumber,TestcaseCount,TestcaseRatio,StatementCount,StatementRatio,BranchCount,BranchRatio,FaultCount,FaultRatio
279,1,0.270270,439,40.685820,383,47.696139,0,0.000000
109,2,0.540541,497,46.061168,428,53.300125,0,0.000000
302,3,0.810811,624,57.831325,536,66.749689,0,0.000000
313,4,1.081081,682,63.206673,584,72.727273,2,0.333333
314,5,1.351351,687,63.670065,584,72.727273,3,0.500000
224,6,1.621622,729,67.562558,616,76.712329,3,0.500000
342,7,1.891892,760,70.435589,628,78.206725,3,0.500000
110,8,2.162162,764,70.806302,632,78.704857,3,0.500000
24,9,2.432432,776,71.918443,632,78.704857,3,0.500000
31,10,2.702703,803,74.420760,636,79.202989,3,0.500000
253,11,2.972973,803,74.420760,636,79.202989,3,0.500000
213,12,3.243243,833,77.201112,656,81.693649,3,0.500000
147,13,3.513514,833,77.201112,656,81.693649,3,0.500000
217,14,3.783784,833,77.201112,656,81.693649,3,0.500000
243,15,4.054054,840,77.849861,658,81.942715,3,0.500000
232,16,4.324324,840,77.849861,658,81.942715,3,0.500000
214,17,4.594595,843,78.127896,658,81.942715,3,0.500000
352,18,4.864865,863,79.981464,672,83.686177,3,0.500000
330,19,5.135135,865,80.166821,674,83.935243,4,0.666667
235,20,5.405405,865,80.166821,674,83.935243,4,0.666667
92,21,5.675676,868,80.444856,676,84.184309,4,0.666667
164,22,5.945946,868,80.444856,676,84.184309,4,0.666667
341,23,6.216216,868,80.444856,676,84.184309,4,0.666667
270,24,6.486486,868,80.444856,676,84.184309,4,0.666667
205,25,6.756757,870,80.630213,680,84.682441,4,0.666667
208,26,7.027027,870,80.630213,680,84.682441,4,0.666667
195,27,7.297297,873,80.908248,682,84.931507,4,0.666667
367,28,7.567568,886,82.113068,686,85.429639,4,0.666667
300,29,7.837838,886,82.113068,686,85.429639,4,0.666667
60,30,8.108108,886,82.113068,686,85.429639,4,0.666667
