TestcaseNumber,TestcaseCount,TestcaseRatio,StatementCount,StatementRatio,BranchCount,BranchRatio,FaultCount,FaultRatio
223,1,0.270270,500,46.339203,431,53.673724,0,0.000000
1,2,0.540541,530,49.119555,437,54.420922,0,0.000000
20,3,0.810811,548,50.787766,445,55.417186,0,0.000000
275,4,1.081081,567,52.548656,461,57.409714,0,0.000000
93,5,1.351351,615,56.997220,495,61.643836,0,0.000000
36,6,1.621622,616,57.089898,501,62.391034,0,0.000000
124,7,1.891892,793,73.493976,647,80.572852,3,0.500000
211,8,2.162162,812,75.254866,655,81.569116,3,0.500000
50,9,2.432432,812,75.254866,655,81.569116,3,0.500000
105,10,2.702703,831,77.015755,663,82.565380,3,0.500000
316,11,2.972973,854,79.147359,677,84.308842,3,0.500000
21,12,3.243243,875,81.093605,683,85.056040,3,0.500000
162,13,3.513514,882,81.742354,689,85.803238,4,0.666667
310,14,3.783784,882,81.742354,689,85.803238,4,0.666667
340,15,4.054054,882,81.742354,689,85.803238,4,0.666667
6,16,4.324324,882,81.742354,689,85.803238,4,0.666667
260,17,4.594595,889,82.391103,693,86.301370,4,0.666667
229,18,4.864865,889,82.391103,693,86.301370,4,0.666667
90,19,5.135135,889,82.391103,693,86.301370,4,0.666667
227,20,5.405405,892,82.669138,693,86.301370,4,0.666667
10,21,5.675676,892,82.669138,693,86.301370,4,0.666667
12,22,5.945946,892,82.669138,693,86.301370,4,0.666667
255,23,6.216216,892,82.669138,693,86.301370,4,0.666667
59,24,6.486486,892,82.669138,693,86.301370,4,0.666667
126,25,6.756757,892,82.669138,693,86.301370,4,0.666667
318,26,7.027027,893,82.761816,693,86.301370,5,0.833333
136,27,7.297297,898,83.225209,699,87.048568,5,0.833333
266,28,7.567568,898,83.225209,701,87.297634,5,0.833333
203,29,7.837838,898,83.225209,701,87.297634,5,0.833333
174,30,8.108108,898,83.225209,701,87.297634,5,0.833333
49,31,8.378378,898,83.225209,701,87.297634,5,0.833333
