TestcaseNumber,TestcaseCount,TestcaseRatio,StatementCount,StatementRatio,BranchCount,BranchRatio,FaultCount,FaultRatio
114,1,0.270270,628,58.202039,534,66.500623,2,0.333333
200,2,0.540541,687,63.670065,586,72.976339,3,0.500000
223,3,0.810811,700,64.874884,596,74.221669,3,0.500000
308,4,1.081081,722,66.913809,609,75.840598,4,0.666667
109,5,1.351351,730,67.655236,611,76.089664,4,0.666667
346,6,1.621622,760,70.435589,631,78.580324,4,0.666667
262,7,1.891892,780,72.289157,647,80.572852,4,0.666667
304,8,2.162162,780,72.289157,647,80.572852,4,0.666667
298,9,2.432432,780,72.289157,647,80.572852,4,0.666667
87,10,2.702703,780,72.289157,647,80.572852,4,0.666667
135,11,2.972973,780,72.289157,647,80.572852,4,0.666667
32,12,3.243243,801,74.235403,651,81.070984,4,0.666667
295,13,3.513514,833,77.201112,683,85.056040,4,0.666667
191,14,3.783784,841,77.942539,685,85.305106,4,0.666667
352,15,4.054054,841,77.942539,685,85.305106,4,0.666667
230,16,4.324324,842,78.035218,687,85.554172,4,0.666667
107,17,4.594595,847,78.498610,691,86.052304,4,0.666667
121,18,4.864865,847,78.498610,691,86.052304,4,0.666667
110,19,5.135135,847,78.498610,691,86.052304,4,0.666667
366,20,5.405405,875,81.093605,709,88.293898,4,0.666667
59,21,5.675676,875,81.093605,709,88.293898,4,0.666667
146,22,5.945946,875,81.093605,709,88.293898,4,0.666667
158,23,6.216216,878,81.371640,711,88.542964,4,0.666667
326,24,6.486486,878,81.371640,711,88.542964,4,0.666667
269,25,6.756757,878,81.371640,711,88.542964,4,0.666667
42,26,7.027027,878,81.371640,711,88.542964,4,0.666667
166,27,7.297297,878,81.371640,711,88.542964,4,0.666667
88,28,7.567568,878,81.371640,711,88.542964,4,0.666667
232,29,7.837838,878,81.371640,711,88.542964,4,0.666667
63,30,8.108108,878,81.371640,711,88.542964,4,0.666667
182,31,8.378378,878,81.371640,711,88.542964,4,0.666667
277,32,8.648649,886,82.113068,719,89.539228,4,0.666667
91,33,8.918919,886,82.113068,719,89.539228,4,0.666667
227,34,9.189189,886,82.113068,719,89.539228,4,0.666667
240,35,9.459459,886,82.113068,719,89.539228,4,0.666667
289,36,9.729730,888,82.298424,719,89.539228,5,0.833333
213,37,10.000000,888,82.298424,719,89.539228,5,0.833333
189,38,10.270270,888,82.298424,719,89.539228,5,0.833333
210,39,10.540541,895,82.947173,721,89.788294,5,0.833333
345,40,10.810811,897,83.132530,721,89.788294,5,0.833333
231,41,11.081081,897,83.132530,721,89.788294,5,0.833333
