TestcaseNumber,TestcaseCount,TestcaseRatio,StatementCount,StatementRatio,BranchCount,BranchRatio,FaultCount,FaultRatio
236,1,0.270270,355,32.900834,330,41.095890,0,0.000000
290,2,0.540541,621,57.553290,526,65.504359,5,0.833333
284,3,0.810811,639,59.221501,546,67.995019,5,0.833333
311,4,1.081081,663,61.445783,561,69.863014,5,0.833333
324,5,1.351351,681,63.113994,593,73.848070,5,0.833333
169,6,1.621622,740,68.582020,633,78.829390,5,0.833333
309,7,1.891892,746,69.138091,635,79.078456,5,0.833333
322,8,2.162162,770,71.362373,651,81.070984,5,0.833333
55,9,2.432432,795,73.679333,675,84.059776,5,0.833333
203,10,2.702703,803,74.420760,681,84.806974,5,0.833333
220,11,2.972973,812,75.254866,681,84.806974,5,0.833333
336,12,3.243243,819,75.903614,683,85.056040,5,0.833333
178,13,3.513514,819,75.903614,683,85.056040,5,0.833333
256,14,3.783784,826,76.552363,691,86.052304,5,0.833333
232,15,4.054054,831,77.015755,691,86.052304,5,0.833333
113,16,4.324324,831,77.015755,691,86.052304,5,0.833333
78,17,4.594595,831,77.015755,691,86.052304,5,0.833333
334,18,4.864865,831,77.015755,691,86.052304,5,0.833333
130,19,5.135135,831,77.015755,691,86.052304,5,0.833333
163,20,5.405405,831,77.015755,691,86.052304,5,0.833333
197,21,5.675676,839,77.757183,691,86.052304,5,0.833333
185,22,5.945946,845,78.313253,693,86.301370,5,0.833333
179,23,6.216216,845,78.313253,693,86.301370,5,0.833333
210,24,6.486486,847,78.498610,695,86.550436,5,0.833333
294,25,6.756757,847,78.498610,695,86.550436,5,0.833333
313,26,7.027027,847,78.498610,695,86.550436,5,0.833333
58,27,7.297297,847,78.498610,695,86.550436,5,0.833333
76,28,7.567568,847,78.498610,695,86.550436,5,0.833333
305,29,7.837838,847,78.498610,695,86.550436,5,0.833333
69,30,8.108108,847,78.498610,695,86.550436,5,0.833333
86,31,8.378378,847,78.498610,695,86.550436,5,0.833333
193,32,8.648649,847,78.498610,695,86.550436,5,0.833333
349,33,8.918919,852,78.962002,697,86.799502,5,0.833333
