TestcaseNumber,TestcaseCount,TestcaseRatio,StatementCount,StatementRatio,BranchCount,BranchRatio,FaultCount,FaultRatio
355,1,0.270270,474,43.929564,411,51.183064,0,0.000000
126,2,0.540541,615,56.997220,541,67.372354,3,0.500000
56,3,0.810811,642,59.499537,569,70.859278,3,0.500000
166,4,1.081081,655,60.704356,571,71.108344,3,0.500000
368,5,1.351351,677,62.743281,573,71.357410,3,0.500000
78,6,1.621622,743,68.860056,611,76.089664,3,0.500000
24,7,1.891892,756,70.064875,611,76.089664,3,0.500000
22,8,2.162162,774,71.733086,617,76.836862,3,0.500000
169,9,2.432432,800,74.142725,639,79.576588,3,0.500000
165,10,2.702703,800,74.142725,639,79.576588,3,0.500000
71,11,2.972973,820,75.996293,647,80.572852,3,0.500000
338,12,3.243243,845,78.313253,665,82.814446,3,0.500000
141,13,3.513514,860,79.703429,681,84.806974,3,0.500000
181,14,3.783784,860,79.703429,681,84.806974,4,0.666667
310,15,4.054054,866,80.259500,685,85.305106,4,0.666667
273,16,4.324324,882,81.742354,687,85.554172,4,0.666667
98,17,4.594595,882,81.742354,687,85.554172,4,0.666667
69,18,4.864865,882,81.742354,687,85.554172,4,0.666667
366,19,5.135135,901,83.503244,707,88.044832,4,0.666667
157,20,5.405405,901,83.503244,707,88.044832,4,0.666667
267,21,5.675676,901,83.503244,709,88.293898,4,0.666667
75,22,5.945946,901,83.503244,709,88.293898,4,0.666667
146,23,6.216216,901,83.503244,709,88.293898,4,0.666667
221,24,6.486486,904,83.781279,709,88.293898,4,0.666667
70,25,6.756757,904,83.781279,709,88.293898,4,0.666667
239,26,7.027027,904,83.781279,709,88.293898,4,0.666667
229,27,7.297297,908,84.151993,711,88.542964,4,0.666667
83,28,7.567568,908,84.151993,711,88.542964,4,0.666667
350,29,7.837838,908,84.151993,711,88.542964,4,0.666667
159,30,8.108108,908,84.151993,711,88.542964,4,0.666667
276,31,8.378378,910,84.337349,715,89.041096,4,0.666667
272,32,8.648649,910,84.337349,715,89.041096,4,0.666667
86,33,8.918919,910,84.337349,715,89.041096,4,0.666667
