TestcaseNumber,TestcaseCount,TestcaseRatio,StatementCount,StatementRatio,BranchCount,BranchRatio,FaultCount,FaultRatio
100,1,0.270270,477,44.207600,406,50.560399,0,0.000000
198,2,0.540541,610,56.533828,534,66.500623,3,0.500000
351,3,0.810811,644,59.684893,568,70.734745,3,0.500000
153,4,1.081081,704,65.245598,609,75.840598,3,0.500000
3,5,1.351351,708,65.616311,609,75.840598,3,0.500000
197,6,1.621622,717,66.450417,609,75.840598,3,0.500000
217,7,1.891892,724,67.099166,611,76.089664,4,0.666667
209,8,2.162162,732,67.840593,617,76.836862,4,0.666667
359,9,2.432432,732,67.840593,617,76.836862,4,0.666667
310,10,2.702703,738,68.396664,621,77.334994,4,0.666667
83,11,2.972973,738,68.396664,621,77.334994,4,0.666667
174,12,3.243243,740,68.582020,621,77.334994,5,0.833333
40,13,3.513514,770,71.362373,633,78.829390,5,0.833333
50,14,3.783784,770,71.362373,633,78.829390,5,0.833333
181,15,4.054054,794,73.586654,649,80.821918,5,0.833333
177,16,4.324324,799,74.050046,653,81.320050,5,0.833333
35,17,4.594595,819,75.903614,655,81.569116,5,0.833333
277,18,4.864865,850,78.776645,681,84.806974,5,0.833333
251,19,5.135135,854,79.147359,687,85.554172,5,0.833333
275,20,5.405405,857,79.425394,689,85.803238,5,0.833333
248,21,5.675676,857,79.425394,689,85.803238,5,0.833333
323,22,5.945946,857,79.425394,689,85.803238,5,0.833333
59,23,6.216216,857,79.425394,689,85.803238,5,0.833333
165,24,6.486486,857,79.425394,689,85.803238,5,0.833333
