TestcaseNumber,TestcaseCount,TestcaseRatio,StatementCount,StatementRatio,BranchCount,BranchRatio,FaultCount,FaultRatio
122,1,0.270270,580,53.753475,481,59.900374,3,0.500000
148,2,0.540541,646,59.870250,543,67.621420,4,0.666667
101,3,0.810811,667,61.816497,551,68.617684,4,0.666667
160,4,1.081081,699,64.782206,583,72.602740,4,0.666667
11,5,1.351351,726,67.284523,589,73.349938,4,0.666667
150,6,1.621622,730,67.655236,593,73.848070,4,0.666667
345,7,1.891892,763,70.713624,613,76.338730,4,0.666667
369,8,2.162162,837,77.571826,655,81.569116,4,0.666667
306,9,2.432432,837,77.571826,657,81.818182,4,0.666667
319,10,2.702703,839,77.757183,657,81.818182,5,0.833333
356,11,2.972973,846,78.405931,661,82.316314,5,0.833333
195,12,3.243243,849,78.683967,663,82.565380,5,0.833333
316,13,3.513514,870,80.630213,677,84.308842,5,0.833333
100,14,3.783784,873,80.908248,677,84.308842,5,0.833333
229,15,4.054054,879,81.464319,679,84.557908,5,0.833333
143,16,4.324324,880,81.556997,681,84.806974,5,0.833333
230,17,4.594595,880,81.556997,681,84.806974,5,0.833333
346,18,4.864865,880,81.556997,681,84.806974,5,0.833333
2,19,5.135135,884,81.927711,681,84.806974,5,0.833333
308,20,5.405405,884,81.927711,681,84.806974,5,0.833333
183,21,5.675676,884,81.927711,681,84.806974,5,0.833333
335,22,5.945946,884,81.927711,681,84.806974,5,0.833333
221,23,6.216216,889,82.391103,687,85.554172,5,0.833333
224,24,6.486486,890,82.483781,687,85.554172,5,0.833333
