TestcaseNumber,TestcaseCount,TestcaseRatio,StatementCount,StatementRatio,BranchCount,BranchRatio,FaultCount,FaultRatio
32,1,0.270270,392,36.329935,321,39.975093,2,0.333333
359,2,0.540541,469,43.466172,377,46.948941,2,0.333333
272,3,0.810811,570,52.826691,459,57.160648,2,0.333333
199,4,1.081081,666,61.723818,551,68.617684,3,0.500000
358,5,1.351351,666,61.723818,551,68.617684,3,0.500000
274,6,1.621622,689,63.855422,586,72.976339,3,0.500000
339,7,1.891892,730,67.655236,610,75.965131,4,0.666667
352,8,2.162162,790,73.215941,642,79.950187,4,0.666667
363,9,2.432432,857,79.425394,673,83.810710,4,0.666667
159,10,2.702703,860,79.703429,675,84.059776,4,0.666667
19,11,2.972973,863,79.981464,675,84.059776,4,0.666667
309,12,3.243243,865,80.166821,679,84.557908,5,0.833333
255,13,3.513514,865,80.166821,679,84.557908,5,0.833333
244,14,3.783784,866,80.259500,679,84.557908,5,0.833333
50,15,4.054054,866,80.259500,679,84.557908,5,0.833333
13,16,4.324324,868,80.444856,681,84.806974,5,0.833333
1,17,4.594595,885,82.020389,685,85.305106,5,0.833333
232,18,4.864865,890,82.483781,685,85.305106,5,0.833333
346,19,5.135135,891,82.576460,685,85.305106,5,0.833333
71,20,5.405405,891,82.576460,685,85.305106,5,0.833333
139,21,5.675676,903,83.688601,693,86.301370,5,0.833333
84,22,5.945946,903,83.688601,693,86.301370,5,0.833333
69,23,6.216216,903,83.688601,693,86.301370,5,0.833333
129,24,6.486486,927,85.912882,721,89.788294,5,0.833333
296,25,6.756757,927,85.912882,723,90.037360,5,0.833333
46,26,7.027027,927,85.912882,723,90.037360,5,0.833333
110,27,7.297297,927,85.912882,723,90.037360,5,0.833333
252,28,7.567568,933,86.468953,723,90.037360,5,0.833333
24,29,7.837838,946,87.673772,723,90.037360,5,0.833333
221,30,8.108108,954,88.415199,729,90.784558,5,0.833333
86,31,8.378378,954,88.415199,729,90.784558,5,0.833333
342,32,8.648649,954,88.415199,729,90.784558,5,0.833333
212,33,8.918919,954,88.415199,729,90.784558,5,0.833333
170,34,9.189189,955,88.507878,729,90.784558,5,0.833333
345,35,9.459459,960,88.971270,731,91.033624,5,0.833333
297,36,9.729730,960,88.971270,731,91.033624,5,0.833333
234,37,10.000000,960,88.971270,731,91.033624,5,0.833333
205,38,10.270270,960,88.971270,731,91.033624,5,0.833333
197,39,10.540541,960,88.971270,731,91.033624,5,0.833333
39,40,10.810811,961,89.063948,735,91.531756,5,0.833333
