TestcaseNumber,TestcaseCount,TestcaseRatio,StatementCount,StatementRatio,BranchCount,BranchRatio,FaultCount,FaultRatio
349,1,0.270270,364,33.734940,325,40.473225,0,0.000000
91,2,0.540541,513,47.544022,451,56.164384,0,0.000000
326,3,0.810811,701,64.967563,595,74.097136,3,0.500000
121,4,1.081081,708,65.616311,597,74.346202,4,0.666667
43,5,1.351351,738,68.396664,609,75.840598,4,0.666667
21,6,1.621622,759,70.342910,615,76.587796,4,0.666667
100,7,1.891892,769,71.269694,617,76.836862,4,0.666667
286,8,2.162162,769,71.269694,619,77.085928,4,0.666667
261,9,2.432432,793,73.493976,647,80.572852,4,0.666667
50,10,2.702703,793,73.493976,647,80.572852,4,0.666667
362,11,2.972973,834,77.293791,679,84.557908,4,0.666667
96,12,3.243243,854,79.147359,693,86.301370,4,0.666667
26,13,3.513514,879,81.464319,717,89.290162,4,0.666667
1,14,3.783784,909,84.244671,723,90.037360,4,0.666667
335,15,4.054054,909,84.244671,723,90.037360,4,0.666667
239,16,4.324324,909,84.244671,723,90.037360,4,0.666667
122,17,4.594595,909,84.244671,723,90.037360,4,0.666667
84,18,4.864865,909,84.244671,723,90.037360,4,0.666667
279,19,5.135135,910,84.337349,723,90.037360,4,0.666667
104,20,5.405405,915,84.800741,727,90.535492,4,0.666667
86,21,5.675676,915,84.800741,727,90.535492,4,0.666667
156,22,5.945946,915,84.800741,727,90.535492,4,0.666667
37,23,6.216216,923,85.542169,727,90.535492,4,0.666667
162,24,6.486486,923,85.542169,727,90.535492,4,0.666667
179,25,6.756757,923,85.542169,727,90.535492,4,0.666667
356,26,7.027027,923,85.542169,727,90.535492,4,0.666667
