TestcaseNumber,TestcaseCount,TestcaseRatio,StatementCount,StatementRatio,BranchCount,BranchRatio,FaultCount,FaultRatio
339,1,0.270270,585,54.216867,479,59.651308,4,0.666667
247,2,0.540541,612,56.719184,511,63.636364,4,0.666667
210,3,0.810811,639,59.221501,531,66.127024,4,0.666667
116,4,1.081081,684,63.392030,578,71.980075,4,0.666667
84,5,1.351351,693,64.226135,582,72.478207,4,0.666667
148,6,1.621622,735,68.118628,605,75.342466,5,0.833333
345,7,1.891892,764,70.806302,625,77.833126,5,0.833333
64,8,2.162162,764,70.806302,625,77.833126,5,0.833333
156,9,2.432432,764,70.806302,625,77.833126,5,0.833333
181,10,2.702703,764,70.806302,625,77.833126,5,0.833333
241,11,2.972973,784,72.659870,639,79.576588,5,0.833333
170,12,3.243243,785,72.752549,639,79.576588,5,0.833333
263,13,3.513514,785,72.752549,639,79.576588,5,0.833333
136,14,3.783784,790,73.215941,645,80.323786,5,0.833333
77,15,4.054054,796,73.772011,647,80.572852,5,0.833333
89,16,4.324324,821,76.088971,667,83.063512,5,0.833333
231,17,4.594595,827,76.645042,667,83.063512,5,0.833333
360,18,4.864865,842,78.035218,683,85.056040,5,0.833333
211,19,5.135135,843,78.127896,685,85.305106,5,0.833333
202,20,5.405405,867,80.352178,713,88.792030,5,0.833333
212,21,5.675676,867,80.352178,713,88.792030,5,0.833333
304,22,5.945946,868,80.444856,713,88.792030,5,0.833333
282,23,6.216216,868,80.444856,713,88.792030,5,0.833333
225,24,6.486486,868,80.444856,713,88.792030,5,0.833333
