TestcaseNumber,TestcaseCount,TestcaseRatio,StatementCount,StatementRatio,BranchCount,BranchRatio,FaultCount,FaultRatio
110,1,0.270270,431,39.944393,382,47.571606,0,0.000000
249,2,0.540541,580,53.753475,481,59.900374,3,0.500000
16,3,0.810811,580,53.753475,481,59.900374,3,0.500000
35,4,1.081081,583,54.031511,481,59.900374,3,0.500000
285,5,1.351351,631,58.480074,513,63.885430,3,0.500000
82,6,1.621622,672,62.279889,554,68.991283,3,0.500000
136,7,1.891892,691,64.040778,568,70.734745,3,0.500000
299,8,2.162162,735,68.118628,594,73.972603,3,0.500000
276,9,2.432432,780,72.289157,640,79.701121,3,0.500000
310,10,2.702703,789,73.123262,644,80.199253,3,0.500000
315,11,2.972973,819,75.903614,674,83.935243,3,0.500000
322,12,3.243243,843,78.127896,692,86.176837,4,0.666667
300,13,3.513514,848,78.591288,692,86.176837,4,0.666667
119,14,3.783784,848,78.591288,694,86.425903,4,0.666667
260,15,4.054054,851,78.869323,694,86.425903,4,0.666667
11,16,4.324324,867,80.352178,698,86.924035,4,0.666667
7,17,4.594595,867,80.352178,698,86.924035,4,0.666667
297,18,4.864865,877,81.278962,709,88.293898,4,0.666667
195,19,5.135135,877,81.278962,709,88.293898,4,0.666667
343,20,5.405405,885,82.020389,711,88.542964,4,0.666667
106,21,5.675676,885,82.020389,711,88.542964,4,0.666667
356,22,5.945946,885,82.020389,711,88.542964,4,0.666667
239,23,6.216216,885,82.020389,711,88.542964,4,0.666667
262,24,6.486486,885,82.020389,711,88.542964,4,0.666667
235,25,6.756757,890,82.483781,711,88.542964,4,0.666667
68,26,7.027027,890,82.483781,711,88.542964,4,0.666667
161,27,7.297297,890,82.483781,711,88.542964,4,0.666667
37,28,7.567568,893,82.761816,711,88.542964,4,0.666667
231,29,7.837838,895,82.947173,711,88.542964,4,0.666667
199,30,8.108108,895,82.947173,711,88.542964,4,0.666667
30,31,8.378378,923,85.542169,737,91.780822,4,0.666667
204,32,8.648649,923,85.542169,737,91.780822,4,0.666667
120,33,8.918919,923,85.542169,737,91.780822,4,0.666667
92,34,9.189189,923,85.542169,737,91.780822,4,0.666667
191,35,9.459459,925,85.727525,739,92.029888,4,0.666667
342,36,9.729730,925,85.727525,739,92.029888,4,0.666667
