TestcaseNumber,TestcaseCount,TestcaseRatio,StatementCount,StatementRatio,BranchCount,BranchRatio,FaultCount,FaultRatio
292,1,0.270270,572,53.012048,467,58.156912,3,0.500000
199,2,0.540541,638,59.128823,541,67.372354,3,0.500000
67,3,0.810811,645,59.777572,543,67.621420,3,0.500000
164,4,1.081081,684,63.392030,579,72.104608,3,0.500000
221,5,1.351351,730,67.655236,616,76.712329,3,0.500000
81,6,1.621622,747,69.230769,618,76.961395,3,0.500000
120,7,1.891892,747,69.230769,618,76.961395,3,0.500000
219,8,2.162162,747,69.230769,618,76.961395,3,0.500000
223,9,2.432432,747,69.230769,618,76.961395,3,0.500000
278,10,2.702703,778,72.103800,640,79.701121,3,0.500000
177,11,2.972973,807,74.791474,662,82.440847,3,0.500000
80,12,3.243243,807,74.791474,662,82.440847,3,0.500000
301,13,3.513514,807,74.791474,662,82.440847,3,0.500000
297,14,3.783784,817,75.718258,673,83.810710,3,0.500000
131,15,4.054054,817,75.718258,673,83.810710,3,0.500000
256,16,4.324324,820,75.996293,675,84.059776,3,0.500000
277,17,4.594595,829,76.830399,681,84.806974,3,0.500000
210,18,4.864865,829,76.830399,681,84.806974,3,0.500000
147,19,5.135135,829,76.830399,681,84.806974,3,0.500000
65,20,5.405405,829,76.830399,681,84.806974,3,0.500000
99,21,5.675676,849,78.683967,695,86.550436,3,0.500000
113,22,5.945946,849,78.683967,697,86.799502,3,0.500000
228,23,6.216216,849,78.683967,697,86.799502,3,0.500000
207,24,6.486486,849,78.683967,697,86.799502,3,0.500000
98,25,6.756757,849,78.683967,697,86.799502,3,0.500000
310,26,7.027027,852,78.962002,699,87.048568,3,0.500000
160,27,7.297297,854,79.147359,701,87.297634,4,0.666667
56,28,7.567568,854,79.147359,701,87.297634,4,0.666667
281,29,7.837838,854,79.147359,701,87.297634,4,0.666667
85,30,8.108108,854,79.147359,701,87.297634,4,0.666667
213,31,8.378378,854,79.147359,701,87.297634,4,0.666667
211,32,8.648649,854,79.147359,701,87.297634,4,0.666667
235,33,8.918919,854,79.147359,701,87.297634,4,0.666667
84,34,9.189189,854,79.147359,701,87.297634,4,0.666667
306,35,9.459459,854,79.147359,703,87.546700,4,0.666667
186,36,9.729730,854,79.147359,703,87.546700,4,0.666667
