TestcaseNumber,TestcaseCount,TestcaseRatio,StatementCount,StatementRatio,BranchCount,BranchRatio,FaultCount,FaultRatio
81,1,0.270270,484,44.856348,419,52.179328,0,0.000000
266,2,0.540541,515,47.729379,441,54.919054,0,0.000000
320,3,0.810811,685,63.484708,571,71.108344,3,0.500000
226,4,1.081081,707,65.523633,595,74.097136,3,0.500000
36,5,1.351351,730,67.655236,603,75.093400,3,0.500000
20,6,1.621622,736,68.211307,605,75.342466,3,0.500000
113,7,1.891892,772,71.547729,621,77.334994,3,0.500000
232,8,2.162162,797,73.864690,641,79.825654,3,0.500000
58,9,2.432432,821,76.088971,669,83.312578,3,0.500000
170,10,2.702703,841,77.942539,683,85.056040,3,0.500000
213,11,2.972973,841,77.942539,683,85.056040,3,0.500000
233,12,3.243243,842,78.035218,683,85.056040,3,0.500000
12,13,3.513514,842,78.035218,683,85.056040,3,0.500000
34,14,3.783784,843,78.127896,683,85.056040,4,0.666667
67,15,4.054054,850,78.776645,685,85.305106,4,0.666667
164,16,4.324324,850,78.776645,685,85.305106,4,0.666667
339,17,4.594595,850,78.776645,685,85.305106,4,0.666667
64,18,4.864865,850,78.776645,685,85.305106,4,0.666667
366,19,5.135135,869,80.537535,703,87.546700,4,0.666667
139,20,5.405405,878,81.371640,715,89.041096,4,0.666667
83,21,5.675676,878,81.371640,715,89.041096,4,0.666667
102,22,5.945946,881,81.649676,715,89.041096,4,0.666667
93,23,6.216216,885,82.020389,717,89.290162,4,0.666667
45,24,6.486486,886,82.113068,717,89.290162,4,0.666667
33,25,6.756757,886,82.113068,717,89.290162,4,0.666667
5,26,7.027027,886,82.113068,717,89.290162,4,0.666667
293,27,7.297297,889,82.391103,719,89.539228,4,0.666667
15,28,7.567568,889,82.391103,719,89.539228,4,0.666667
65,29,7.837838,889,82.391103,719,89.539228,4,0.666667
287,30,8.108108,889,82.391103,719,89.539228,4,0.666667
