TestcaseNumber,TestcaseCount,TestcaseRatio,StatementCount,StatementRatio,BranchCount,BranchRatio,FaultCount,FaultRatio
72,1,0.270270,437,40.500463,393,48.941469,0,0.000000
121,2,0.540541,602,55.792400,516,64.259029,3,0.500000
146,3,0.810811,607,56.255792,520,64.757161,3,0.500000
145,4,1.081081,611,56.626506,524,65.255293,3,0.500000
200,5,1.351351,665,61.631140,578,71.980075,3,0.500000
157,6,1.621622,668,61.909175,580,72.229141,3,0.500000
234,7,1.891892,700,64.874884,612,76.214197,3,0.500000
53,8,2.162162,701,64.967563,612,76.214197,3,0.500000
97,9,2.432432,752,69.694161,638,79.452055,3,0.500000
362,10,2.702703,788,73.030584,665,82.814446,4,0.666667
290,11,2.972973,816,75.625579,681,84.806974,5,0.833333
164,12,3.243243,818,75.810936,681,84.806974,5,0.833333
108,13,3.513514,819,75.903614,683,85.056040,5,0.833333
294,14,3.783784,819,75.903614,683,85.056040,5,0.833333
306,15,4.054054,819,75.903614,685,85.305106,5,0.833333
163,16,4.324324,826,76.552363,687,85.554172,5,0.833333
328,17,4.594595,826,76.552363,687,85.554172,5,0.833333
296,18,4.864865,826,76.552363,689,85.803238,5,0.833333
18,19,5.135135,827,76.645042,691,86.052304,5,0.833333
336,20,5.405405,827,76.645042,691,86.052304,5,0.833333
301,21,5.675676,827,76.645042,691,86.052304,5,0.833333
329,22,5.945946,827,76.645042,691,86.052304,5,0.833333
56,23,6.216216,827,76.645042,691,86.052304,5,0.833333
246,24,6.486486,833,77.201112,699,87.048568,5,0.833333
254,25,6.756757,836,77.479147,699,87.048568,5,0.833333
240,26,7.027027,836,77.479147,699,87.048568,5,0.833333
123,27,7.297297,836,77.479147,699,87.048568,5,0.833333
273,28,7.567568,842,78.035218,701,87.297634,5,0.833333
284,29,7.837838,847,78.498610,707,88.044832,5,0.833333
41,30,8.108108,853,79.054680,707,88.044832,5,0.833333
187,31,8.378378,853,79.054680,707,88.044832,5,0.833333
292,32,8.648649,853,79.054680,707,88.044832,5,0.833333
71,33,8.918919,853,79.054680,707,88.044832,5,0.833333
