TestcaseNumber,TestcaseCount,TestcaseRatio,StatementCount,StatementRatio,BranchCount,BranchRatio,FaultCount,FaultRatio
136,1,0.270270,536,49.675626,457,56.911582,0,0.000000
142,2,0.540541,624,57.831325,525,65.379826,3,0.500000
318,3,0.810811,633,58.665431,529,65.877958,5,0.833333
121,4,1.081081,664,61.538462,553,68.866750,5,0.833333
102,5,1.351351,670,62.094532,555,69.115816,5,0.833333
367,6,1.621622,702,65.060241,561,69.863014,5,0.833333
244,7,1.891892,702,65.060241,563,70.112080,5,0.833333
325,8,2.162162,737,68.303985,601,74.844334,5,0.833333
64,9,2.432432,737,68.303985,601,74.844334,5,0.833333
5,10,2.702703,738,68.396664,605,75.342466,5,0.833333
111,11,2.972973,739,68.489342,607,75.591532,5,0.833333
235,12,3.243243,765,70.898981,627,78.082192,5,0.833333
361,13,3.513514,789,73.123262,643,80.074720,5,0.833333
95,14,3.783784,823,76.274328,679,84.557908,5,0.833333
89,15,4.054054,823,76.274328,679,84.557908,5,0.833333
133,16,4.324324,867,80.352178,705,87.795766,5,0.833333
233,17,4.594595,867,80.352178,705,87.795766,5,0.833333
323,18,4.864865,867,80.352178,705,87.795766,5,0.833333
317,19,5.135135,867,80.352178,705,87.795766,5,0.833333
350,20,5.405405,867,80.352178,705,87.795766,5,0.833333
309,21,5.675676,872,80.815570,709,88.293898,5,0.833333
277,22,5.945946,879,81.464319,715,89.041096,5,0.833333
314,23,6.216216,879,81.464319,715,89.041096,5,0.833333
47,24,6.486486,880,81.556997,715,89.041096,5,0.833333
366,25,6.756757,899,83.317887,733,91.282690,5,0.833333
148,26,7.027027,905,83.873957,733,91.282690,5,0.833333
11,27,7.297297,921,85.356812,737,91.780822,5,0.833333
236,28,7.567568,921,85.356812,737,91.780822,5,0.833333
181,29,7.837838,921,85.356812,737,91.780822,5,0.833333
144,30,8.108108,921,85.356812,737,91.780822,5,0.833333
