TestcaseNumber,TestcaseCount,TestcaseRatio,StatementCount,StatementRatio,BranchCount,BranchRatio,FaultCount,FaultRatio
71,1,0.270270,366,33.920297,335,41.718555,0,0.000000
251,2,0.540541,614,56.904541,508,63.262765,3,0.500000
74,3,0.810811,639,59.221501,542,67.496887,3,0.500000
140,4,1.081081,644,59.684893,544,67.745953,3,0.500000
231,5,1.351351,681,63.113994,570,70.983811,3,0.500000
76,6,1.621622,719,66.635774,586,72.976339,3,0.500000
72,7,1.891892,719,66.635774,586,72.976339,3,0.500000
338,8,2.162162,756,70.064875,613,76.338730,3,0.500000
86,9,2.432432,756,70.064875,613,76.338730,3,0.500000
277,10,2.702703,804,74.513438,647,80.572852,3,0.500000
83,11,2.972973,808,74.884152,647,80.572852,3,0.500000
339,12,3.243243,808,74.884152,647,80.572852,4,0.666667
96,13,3.513514,828,76.737720,661,82.316314,4,0.666667
7,14,3.783784,828,76.737720,661,82.316314,4,0.666667
130,15,4.054054,852,78.962002,689,85.803238,4,0.666667
106,16,4.324324,852,78.962002,689,85.803238,4,0.666667
323,17,4.594595,852,78.962002,689,85.803238,5,0.833333
257,18,4.864865,852,78.962002,689,85.803238,5,0.833333
361,19,5.135135,852,78.962002,689,85.803238,5,0.833333
334,20,5.405405,852,78.962002,689,85.803238,5,0.833333
18,21,5.675676,860,79.703429,693,86.301370,5,0.833333
335,22,5.945946,860,79.703429,693,86.301370,5,0.833333
131,23,6.216216,860,79.703429,693,86.301370,5,0.833333
49,24,6.486486,860,79.703429,693,86.301370,5,0.833333
332,25,6.756757,860,79.703429,693,86.301370,5,0.833333
41,26,7.027027,860,79.703429,693,86.301370,5,0.833333
12,27,7.297297,860,79.703429,693,86.301370,5,0.833333
136,28,7.567568,869,80.537535,705,87.795766,5,0.833333
6,29,7.837838,869,80.537535,705,87.795766,5,0.833333
