TestcaseNumber,TestcaseCount,TestcaseRatio,StatementCount,StatementRatio,BranchCount,BranchRatio,FaultCount,FaultRatio
257,1,0.270270,443,41.056534,395,49.190535,0,0.000000
254,2,0.540541,485,44.949027,425,52.926526,0,0.000000
272,3,0.810811,491,45.505097,427,53.175592,0,0.000000
162,4,1.081081,664,61.538462,578,71.980075,3,0.500000
194,5,1.351351,677,62.743281,582,72.478207,3,0.500000
334,6,1.621622,722,66.913809,608,75.716065,3,0.500000
127,7,1.891892,734,68.025950,617,76.836862,4,0.666667
358,8,2.162162,734,68.025950,617,76.836862,4,0.666667
182,9,2.432432,758,70.250232,633,78.829390,4,0.666667
170,10,2.702703,764,70.806302,641,79.825654,4,0.666667
1,11,2.972973,794,73.586654,647,80.572852,4,0.666667
210,12,3.243243,803,74.420760,653,81.320050,4,0.666667
260,13,3.513514,849,78.683967,689,85.803238,4,0.666667
165,14,3.783784,852,78.962002,689,85.803238,4,0.666667
237,15,4.054054,852,78.962002,689,85.803238,4,0.666667
367,16,4.324324,873,80.908248,693,86.301370,4,0.666667
41,17,4.594595,879,81.464319,693,86.301370,4,0.666667
78,18,4.864865,879,81.464319,693,86.301370,4,0.666667
278,19,5.135135,879,81.464319,693,86.301370,4,0.666667
49,20,5.405405,879,81.464319,693,86.301370,4,0.666667
3,21,5.675676,883,81.835032,693,86.301370,4,0.666667
32,22,5.945946,885,82.020389,695,86.550436,4,0.666667
114,23,6.216216,885,82.020389,697,86.799502,4,0.666667
109,24,6.486486,893,82.761816,699,87.048568,4,0.666667
128,25,6.756757,893,82.761816,699,87.048568,4,0.666667
131,26,7.027027,893,82.761816,699,87.048568,4,0.666667
308,27,7.297297,893,82.761816,699,87.048568,4,0.666667
150,28,7.567568,893,82.761816,699,87.048568,4,0.666667
191,29,7.837838,901,83.503244,701,87.297634,4,0.666667
218,30,8.108108,901,83.503244,701,87.297634,4,0.666667
227,31,8.378378,902,83.595922,701,87.297634,4,0.666667
247,32,8.648649,902,83.595922,701,87.297634,4,0.666667
209,33,8.918919,902,83.595922,701,87.297634,4,0.666667
177,34,9.189189,907,84.059314,705,87.795766,4,0.666667
120,35,9.459459,907,84.059314,705,87.795766,4,0.666667
113,36,9.729730,907,84.059314,705,87.795766,4,0.666667
347,37,10.000000,909,84.244671,705,87.795766,4,0.666667
274,38,10.270270,909,84.244671,705,87.795766,4,0.666667
217,39,10.540541,909,84.244671,705,87.795766,4,0.666667
112,40,10.810811,909,84.244671,705,87.795766,4,0.666667
