TestcaseNumber,TestcaseCount,TestcaseRatio,StatementCount,StatementRatio,BranchCount,BranchRatio,FaultCount,FaultRatio
268,1,0.270270,301,27.896200,274,34.122042,0,0.000000
316,2,0.540541,578,53.568119,480,59.775841,0,0.000000
123,3,0.810811,645,59.777572,544,67.745953,3,0.500000
25,4,1.081081,666,61.723818,550,68.493151,3,0.500000
52,5,1.351351,694,64.318814,574,71.481943,3,0.500000
56,6,1.621622,718,66.543095,602,74.968867,3,0.500000
106,7,1.891892,742,68.767377,614,76.463263,3,0.500000
216,8,2.162162,748,69.323448,616,76.712329,3,0.500000
298,9,2.432432,748,69.323448,616,76.712329,3,0.500000
246,10,2.702703,754,69.879518,622,77.459527,3,0.500000
311,11,2.972973,757,70.157553,624,77.708593,3,0.500000
131,12,3.243243,764,70.806302,628,78.206725,3,0.500000
5,13,3.513514,784,72.659870,634,78.953923,3,0.500000
306,14,3.783784,794,73.586654,645,80.323786,3,0.500000
204,15,4.054054,818,75.810936,663,82.565380,4,0.666667
13,16,4.324324,820,75.996293,665,82.814446,4,0.666667
240,17,4.594595,820,75.996293,665,82.814446,4,0.666667
73,18,4.864865,820,75.996293,665,82.814446,4,0.666667
133,19,5.135135,821,76.088971,665,82.814446,4,0.666667
129,20,5.405405,821,76.088971,665,82.814446,4,0.666667
241,21,5.675676,821,76.088971,665,82.814446,4,0.666667
292,22,5.945946,821,76.088971,665,82.814446,4,0.666667
363,23,6.216216,878,81.371640,687,85.554172,4,0.666667
82,24,6.486486,883,81.835032,689,85.803238,4,0.666667
304,25,6.756757,888,82.298424,689,85.803238,4,0.666667
