TestcaseNumber,TestcaseCount,TestcaseRatio,StatementCount,StatementRatio,BranchCount,BranchRatio,FaultCount,FaultRatio
66,1,0.270270,475,44.022243,408,50.809465,0,0.000000
38,2,0.540541,593,54.958295,479,59.651308,3,0.500000
129,3,0.810811,627,58.109361,511,63.636364,3,0.500000
45,4,1.081081,676,62.650602,539,67.123288,3,0.500000
275,5,1.351351,700,64.874884,576,71.731009,3,0.500000
337,6,1.621622,703,65.152919,580,72.229141,5,0.833333
287,7,1.891892,726,67.284523,592,73.723537,5,0.833333
273,8,2.162162,726,67.284523,592,73.723537,5,0.833333
147,9,2.432432,726,67.284523,592,73.723537,5,0.833333
313,10,2.702703,759,70.342910,624,77.708593,5,0.833333
361,11,2.972973,793,73.493976,649,80.821918,5,0.833333
44,12,3.243243,793,73.493976,649,80.821918,5,0.833333
132,13,3.513514,837,77.571826,675,84.059776,5,0.833333
78,14,3.783784,846,78.405931,675,84.059776,5,0.833333
297,15,4.054054,846,78.405931,677,84.308842,5,0.833333
241,16,4.324324,846,78.405931,677,84.308842,5,0.833333
269,17,4.594595,846,78.405931,677,84.308842,5,0.833333
122,18,4.864865,846,78.405931,677,84.308842,5,0.833333
58,19,5.135135,846,78.405931,677,84.308842,5,0.833333
316,20,5.405405,847,78.498610,677,84.308842,5,0.833333
95,21,5.675676,850,78.776645,679,84.557908,5,0.833333
229,22,5.945946,853,79.054680,679,84.557908,5,0.833333
260,23,6.216216,860,79.703429,683,85.056040,5,0.833333
142,24,6.486486,865,80.166821,687,85.554172,5,0.833333
227,25,6.756757,865,80.166821,687,85.554172,5,0.833333
240,26,7.027027,865,80.166821,687,85.554172,5,0.833333
262,27,7.297297,865,80.166821,687,85.554172,5,0.833333
74,28,7.567568,865,80.166821,687,85.554172,5,0.833333
56,29,7.837838,865,80.166821,687,85.554172,5,0.833333
11,30,8.108108,881,81.649676,691,86.052304,5,0.833333
131,31,8.378378,881,81.649676,691,86.052304,5,0.833333
70,32,8.648649,881,81.649676,691,86.052304,5,0.833333
100,33,8.918919,881,81.649676,691,86.052304,5,0.833333
