TestcaseNumber,TestcaseCount,TestcaseRatio,StatementCount,StatementRatio,BranchCount,BranchRatio,FaultCount,FaultRatio
341,1,0.270270,523,48.470806,435,54.171856,3,0.500000
88,2,0.540541,606,56.163114,524,65.255293,3,0.500000
118,3,0.810811,648,60.055607,556,69.240349,3,0.500000
145,4,1.081081,652,60.426321,560,69.738481,3,0.500000
95,5,1.351351,699,64.782206,598,74.470735,3,0.500000
289,6,1.621622,724,67.099166,614,76.463263,5,0.833333
64,7,1.891892,731,67.747915,616,76.712329,5,0.833333
282,8,2.162162,731,67.747915,616,76.712329,5,0.833333
192,9,2.432432,734,68.025950,618,76.961395,5,0.833333
107,10,2.702703,739,68.489342,622,77.459527,5,0.833333
68,11,2.972973,739,68.489342,622,77.459527,5,0.833333
82,12,3.243243,739,68.489342,622,77.459527,5,0.833333
52,13,3.513514,739,68.489342,622,77.459527,5,0.833333
86,14,3.783784,739,68.489342,622,77.459527,5,0.833333
195,15,4.054054,739,68.489342,622,77.459527,5,0.833333
22,16,4.324324,765,70.898981,628,78.206725,5,0.833333
173,17,4.594595,767,71.084337,628,78.206725,5,0.833333
11,18,4.864865,794,73.586654,634,78.953923,5,0.833333
61,19,5.135135,838,77.664504,660,82.191781,5,0.833333
39,20,5.405405,859,79.610751,674,83.935243,5,0.833333
3,21,5.675676,863,79.981464,674,83.935243,5,0.833333
77,22,5.945946,869,80.537535,674,83.935243,5,0.833333
119,23,6.216216,869,80.537535,674,83.935243,5,0.833333
325,24,6.486486,879,81.464319,685,85.305106,5,0.833333
301,25,6.756757,884,81.927711,685,85.305106,5,0.833333
261,26,7.027027,884,81.927711,685,85.305106,5,0.833333
212,27,7.297297,908,84.151993,701,87.297634,5,0.833333
318,28,7.567568,908,84.151993,701,87.297634,5,0.833333
48,29,7.837838,908,84.151993,701,87.297634,5,0.833333
340,30,8.108108,908,84.151993,701,87.297634,5,0.833333
98,31,8.378378,908,84.151993,701,87.297634,5,0.833333
126,32,8.648649,908,84.151993,701,87.297634,5,0.833333
264,33,8.918919,908,84.151993,701,87.297634,5,0.833333
313,34,9.189189,910,84.337349,701,87.297634,5,0.833333
356,35,9.459459,910,84.337349,701,87.297634,5,0.833333
199,36,9.729730,915,84.800741,709,88.293898,5,0.833333
270,37,10.000000,915,84.800741,709,88.293898,5,0.833333
73,38,10.270270,915,84.800741,709,88.293898,5,0.833333
232,39,10.540541,915,84.800741,709,88.293898,5,0.833333
168,40,10.810811,916,84.893420,709,88.293898,5,0.833333
239,41,11.081081,916,84.893420,709,88.293898,5,0.833333
