TestcaseNumber,TestcaseCount,TestcaseRatio,StatementCount,StatementRatio,BranchCount,BranchRatio,FaultCount,FaultRatio
337,1,0.270270,524,48.563485,435,54.171856,5,0.833333
236,2,0.540541,558,51.714551,481,59.900374,5,0.833333
312,3,0.810811,636,58.943466,560,69.738481,5,0.833333
111,4,1.081081,647,59.962929,564,70.236613,5,0.833333
244,5,1.351351,674,62.465246,582,72.478207,5,0.833333
287,6,1.621622,687,63.670065,590,73.474471,5,0.833333
19,7,1.891892,691,64.040778,594,73.972603,5,0.833333
12,8,2.162162,709,65.708990,596,74.221669,5,0.833333
93,9,2.432432,712,65.987025,598,74.470735,5,0.833333
190,10,2.702703,754,69.879518,626,77.957659,5,0.833333
196,11,2.972973,754,69.879518,626,77.957659,5,0.833333
76,12,3.243243,784,72.659870,638,79.452055,5,0.833333
144,13,3.513514,785,72.752549,638,79.452055,5,0.833333
62,14,3.783784,808,74.884152,652,81.195517,5,0.833333
207,15,4.054054,815,75.532901,656,81.693649,5,0.833333
224,16,4.324324,823,76.274328,664,82.689913,5,0.833333
326,17,4.594595,833,77.201112,673,83.810710,5,0.833333
11,18,4.864865,850,78.776645,677,84.308842,5,0.833333
289,19,5.135135,850,78.776645,677,84.308842,5,0.833333
138,20,5.405405,857,79.425394,685,85.305106,5,0.833333
269,21,5.675676,857,79.425394,685,85.305106,5,0.833333
135,22,5.945946,857,79.425394,685,85.305106,5,0.833333
320,23,6.216216,881,81.649676,701,87.297634,5,0.833333
248,24,6.486486,882,81.742354,705,87.795766,5,0.833333
79,25,6.756757,882,81.742354,705,87.795766,5,0.833333
194,26,7.027027,885,82.020389,707,88.044832,5,0.833333
354,27,7.297297,885,82.020389,707,88.044832,5,0.833333
176,28,7.567568,885,82.020389,707,88.044832,5,0.833333
266,29,7.837838,885,82.020389,709,88.293898,5,0.833333
204,30,8.108108,885,82.020389,709,88.293898,5,0.833333
192,31,8.378378,885,82.020389,709,88.293898,5,0.833333
13,32,8.648649,887,82.205746,711,88.542964,5,0.833333
238,33,8.918919,887,82.205746,711,88.542964,5,0.833333
254,34,9.189189,887,82.205746,711,88.542964,5,0.833333
201,35,9.459459,887,82.205746,711,88.542964,5,0.833333
200,36,9.729730,902,83.595922,727,90.535492,5,0.833333
38,37,10.000000,905,83.873957,727,90.535492,5,0.833333
