TestcaseNumber,TestcaseCount,TestcaseRatio,StatementCount,StatementRatio,BranchCount,BranchRatio,FaultCount,FaultRatio
174,1,0.270270,538,49.860982,455,56.662516,5,0.833333
24,2,0.540541,584,54.124189,477,59.402242,5,0.833333
325,3,0.810811,627,58.109361,521,64.881694,5,0.833333
166,4,1.081081,653,60.518999,549,68.368618,5,0.833333
201,5,1.351351,661,61.260426,555,69.115816,5,0.833333
143,6,1.621622,703,65.152919,591,73.599004,5,0.833333
226,7,1.891892,746,69.138091,623,77.584060,5,0.833333
95,8,2.162162,750,69.508804,625,77.833126,5,0.833333
229,9,2.432432,759,70.342910,629,78.331258,5,0.833333
162,10,2.702703,784,72.659870,649,80.821918,5,0.833333
361,11,2.972973,808,74.884152,665,82.814446,5,0.833333
101,12,3.243243,808,74.884152,665,82.814446,5,0.833333
319,13,3.513514,808,74.884152,665,82.814446,5,0.833333
369,14,3.783784,867,80.352178,693,86.301370,5,0.833333
320,15,4.054054,868,80.444856,693,86.301370,5,0.833333
119,16,4.324324,868,80.444856,693,86.301370,5,0.833333
36,17,4.594595,872,80.815570,697,86.799502,5,0.833333
149,18,4.864865,902,83.595922,709,88.293898,5,0.833333
267,19,5.135135,902,83.595922,711,88.542964,5,0.833333
297,20,5.405405,902,83.595922,713,88.792030,5,0.833333
252,21,5.675676,902,83.595922,713,88.792030,5,0.833333
137,22,5.945946,909,84.244671,721,89.788294,5,0.833333
279,23,6.216216,909,84.244671,721,89.788294,5,0.833333
282,24,6.486486,912,84.522706,721,89.788294,5,0.833333
244,25,6.756757,912,84.522706,721,89.788294,5,0.833333
355,26,7.027027,912,84.522706,721,89.788294,5,0.833333
195,27,7.297297,912,84.522706,721,89.788294,5,0.833333
147,28,7.567568,912,84.522706,721,89.788294,5,0.833333
23,29,7.837838,928,86.005561,727,90.535492,5,0.833333
209,30,8.108108,928,86.005561,727,90.535492,5,0.833333
62,31,8.378378,948,87.859129,741,92.278954,5,0.833333
71,32,8.648649,948,87.859129,741,92.278954,5,0.833333
