TestcaseNumber,TestcaseCount,TestcaseRatio,StatementCount,StatementRatio,BranchCount,BranchRatio,FaultCount,FaultRatio
50,1,0.270270,355,32.900834,314,39.103362,0,0.000000
199,2,0.540541,639,59.221501,547,68.119552,3,0.500000
165,3,0.810811,676,62.650602,577,71.855542,3,0.500000
144,4,1.081081,676,62.650602,577,71.855542,3,0.500000
133,5,1.351351,731,67.747915,626,77.957659,3,0.500000
103,6,1.621622,745,69.045412,628,78.206725,3,0.500000
170,7,1.891892,746,69.138091,630,78.455791,3,0.500000
188,8,2.162162,763,70.713624,647,80.572852,4,0.666667
273,9,2.432432,770,71.362373,649,80.821918,4,0.666667
28,10,2.702703,791,73.308619,663,82.565380,4,0.666667
315,11,2.972973,791,73.308619,663,82.565380,4,0.666667
7,12,3.243243,810,75.069509,665,82.814446,4,0.666667
295,13,3.513514,815,75.532901,665,82.814446,4,0.666667
66,14,3.783784,815,75.532901,665,82.814446,4,0.666667
351,15,4.054054,819,75.903614,665,82.814446,4,0.666667
346,16,4.324324,846,78.405931,683,85.056040,4,0.666667
128,17,4.594595,846,78.405931,683,85.056040,4,0.666667
227,18,4.864865,847,78.498610,685,85.305106,4,0.666667
90,19,5.135135,847,78.498610,685,85.305106,4,0.666667
287,20,5.405405,848,78.591288,685,85.305106,4,0.666667
230,21,5.675676,848,78.591288,685,85.305106,4,0.666667
293,22,5.945946,848,78.591288,685,85.305106,4,0.666667
216,23,6.216216,848,78.591288,685,85.305106,4,0.666667
25,24,6.486486,869,80.537535,691,86.052304,4,0.666667
43,25,6.756757,875,81.093605,691,86.052304,4,0.666667
217,26,7.027027,875,81.093605,691,86.052304,4,0.666667
122,27,7.297297,875,81.093605,691,86.052304,4,0.666667
