TestcaseNumber,TestcaseCount,TestcaseRatio,StatementCount,StatementRatio,BranchCount,BranchRatio,FaultCount,FaultRatio
214,1,0.270270,603,55.885079,528,65.753425,3,0.500000
184,2,0.540541,685,63.484708,577,71.855542,4,0.666667
310,3,0.810811,695,64.411492,581,72.353674,4,0.666667
177,4,1.081081,703,65.152919,587,73.100872,4,0.666667
357,5,1.351351,718,66.543095,593,73.848070,4,0.666667
123,6,1.621622,718,66.543095,593,73.848070,4,0.666667
109,7,1.891892,726,67.284523,595,74.097136,4,0.666667
289,8,2.162162,734,68.025950,603,75.093400,5,0.833333
308,9,2.432432,738,68.396664,605,75.342466,5,0.833333
224,10,2.702703,751,69.601483,619,77.085928,5,0.833333
236,11,2.972973,775,71.825765,647,80.572852,5,0.833333
17,12,3.243243,782,72.474513,649,80.821918,5,0.833333
63,13,3.513514,802,74.328082,663,82.565380,5,0.833333
175,14,3.783784,809,74.976830,665,82.814446,5,0.833333
339,15,4.054054,809,74.976830,665,82.814446,6,1.000000
52,16,4.324324,827,76.645042,677,84.308842,6,1.000000
145,17,4.594595,827,76.645042,677,84.308842,6,1.000000
151,18,4.864865,827,76.645042,677,84.308842,6,1.000000
238,19,5.135135,827,76.645042,677,84.308842,6,1.000000
122,20,5.405405,827,76.645042,677,84.308842,6,1.000000
86,21,5.675676,827,76.645042,677,84.308842,6,1.000000
2,22,5.945946,831,77.015755,677,84.308842,6,1.000000
241,23,6.216216,831,77.015755,677,84.308842,6,1.000000
68,24,6.486486,831,77.015755,677,84.308842,6,1.000000
14,25,6.756757,833,77.201112,679,84.557908,6,1.000000
271,26,7.027027,833,77.201112,679,84.557908,6,1.000000
143,27,7.297297,838,77.664504,681,84.806974,6,1.000000
44,28,7.567568,839,77.757183,681,84.806974,6,1.000000
90,29,7.837838,845,78.313253,689,85.803238,6,1.000000
136,30,8.108108,854,79.147359,701,87.297634,6,1.000000
21,31,8.378378,875,81.093605,707,88.044832,6,1.000000
31,32,8.648649,901,83.503244,709,88.293898,6,1.000000
59,33,8.918919,901,83.503244,709,88.293898,6,1.000000
344,34,9.189189,901,83.503244,709,88.293898,6,1.000000
130,35,9.459459,901,83.503244,709,88.293898,6,1.000000
