TestcaseNumber,TestcaseCount,TestcaseRatio,StatementCount,StatementRatio,BranchCount,BranchRatio,FaultCount,FaultRatio
122,1,0.270270,580,53.753475,481,59.900374,3,0.500000
92,2,0.540541,627,58.109361,527,65.628892,3,0.500000
227,3,0.810811,666,61.723818,578,71.980075,3,0.500000
158,4,1.081081,666,61.723818,578,71.980075,3,0.500000
331,5,1.351351,708,65.616311,610,75.965131,3,0.500000
161,6,1.621622,708,65.616311,610,75.965131,3,0.500000
245,7,1.891892,730,67.655236,622,77.459527,3,0.500000
10,8,2.162162,757,70.157553,628,78.206725,3,0.500000
101,9,2.432432,764,70.806302,630,78.455791,3,0.500000
357,10,2.702703,764,70.806302,630,78.455791,3,0.500000
205,11,2.972973,816,75.625579,662,82.440847,3,0.500000
123,12,3.243243,816,75.625579,662,82.440847,3,0.500000
325,13,3.513514,832,77.108434,675,84.059776,3,0.500000
211,14,3.783784,837,77.571826,677,84.308842,3,0.500000
240,15,4.054054,837,77.571826,677,84.308842,3,0.500000
118,16,4.324324,837,77.571826,679,84.557908,3,0.500000
121,17,4.594595,837,77.571826,679,84.557908,3,0.500000
332,18,4.864865,838,77.664504,679,84.557908,3,0.500000
243,19,5.135135,838,77.664504,679,84.557908,3,0.500000
319,20,5.405405,841,77.942539,683,85.056040,5,0.833333
196,21,5.675676,841,77.942539,683,85.056040,5,0.833333
198,22,5.945946,841,77.942539,683,85.056040,5,0.833333
83,23,6.216216,841,77.942539,683,85.056040,5,0.833333
298,24,6.486486,841,77.942539,683,85.056040,5,0.833333
195,25,6.756757,841,77.942539,683,85.056040,5,0.833333
180,26,7.027027,865,80.166821,699,87.048568,5,0.833333
8,27,7.297297,873,80.908248,699,87.048568,5,0.833333
72,28,7.567568,873,80.908248,699,87.048568,5,0.833333
265,29,7.837838,873,80.908248,699,87.048568,5,0.833333
341,30,8.108108,873,80.908248,699,87.048568,5,0.833333
93,31,8.378378,873,80.908248,699,87.048568,5,0.833333
