TestcaseNumber,TestcaseCount,TestcaseRatio,StatementCount,StatementRatio,BranchCount,BranchRatio,FaultCount,FaultRatio
13,1,0.270270,25,2.316960,21,2.615193,0,0.000000
122,2,0.540541,582,53.938832,483,60.149440,3,0.500000
174,3,0.810811,610,56.533828,507,63.138232,5,0.833333
108,4,1.081081,617,57.182576,513,63.885430,5,0.833333
207,5,1.351351,677,62.743281,564,70.236613,5,0.833333
45,6,1.621622,698,64.689527,570,70.983811,5,0.833333
314,7,1.891892,724,67.099166,598,74.470735,5,0.833333
104,8,2.162162,736,68.211307,614,76.463263,5,0.833333
47,9,2.432432,736,68.211307,614,76.463263,5,0.833333
7,10,2.702703,755,69.972196,616,76.712329,5,0.833333
138,11,2.972973,762,70.620945,624,77.708593,5,0.833333
280,12,3.243243,768,71.177016,628,78.206725,5,0.833333
199,13,3.513514,789,73.123262,648,80.697385,5,0.833333
346,14,3.783784,801,74.235403,662,82.440847,5,0.833333
297,15,4.054054,811,75.162187,673,83.810710,5,0.833333
140,16,4.324324,817,75.718258,675,84.059776,5,0.833333
341,17,4.594595,817,75.718258,675,84.059776,5,0.833333
285,18,4.864865,831,77.015755,679,84.557908,5,0.833333
221,19,5.135135,845,78.313253,685,85.305106,5,0.833333
324,20,5.405405,845,78.313253,687,85.554172,5,0.833333
136,21,5.675676,845,78.313253,687,85.554172,5,0.833333
14,22,5.945946,845,78.313253,687,85.554172,5,0.833333
224,23,6.216216,847,78.498610,689,85.803238,5,0.833333
291,24,6.486486,847,78.498610,689,85.803238,5,0.833333
220,25,6.756757,847,78.498610,689,85.803238,5,0.833333
123,26,7.027027,847,78.498610,689,85.803238,5,0.833333
203,27,7.297297,847,78.498610,689,85.803238,5,0.833333
309,28,7.567568,847,78.498610,691,86.052304,5,0.833333
17,29,7.837838,854,79.147359,693,86.301370,5,0.833333
165,30,8.108108,854,79.147359,693,86.301370,5,0.833333
124,31,8.378378,858,79.518072,693,86.301370,5,0.833333
313,32,8.648649,859,79.610751,693,86.301370,5,0.833333
361,33,8.918919,883,81.835032,709,88.293898,5,0.833333
69,34,9.189189,883,81.835032,709,88.293898,5,0.833333
38,35,9.459459,886,82.113068,709,88.293898,5,0.833333
248,36,9.729730,887,82.205746,713,88.792030,5,0.833333
360,37,10.000000,902,83.595922,729,90.784558,5,0.833333
252,38,10.270270,902,83.595922,729,90.784558,5,0.833333
