TestcaseNumber,TestcaseCount,TestcaseRatio,StatementCount,StatementRatio,BranchCount,BranchRatio,FaultCount,FaultRatio
325,1,0.270270,582,53.938832,491,61.145704,2,0.333333
247,2,0.540541,595,55.143652,515,64.134496,2,0.333333
293,3,0.810811,630,58.387396,539,67.123288,3,0.500000
342,4,1.081081,690,63.948100,571,71.108344,3,0.500000
317,5,1.351351,711,65.894347,585,72.851806,3,0.500000
357,6,1.621622,723,67.006487,601,74.844334,3,0.500000
82,7,1.891892,733,67.933272,607,75.591532,3,0.500000
117,8,2.162162,741,68.674699,611,76.089664,3,0.500000
353,9,2.432432,741,68.674699,611,76.089664,3,0.500000
257,10,2.702703,742,68.767377,613,76.338730,3,0.500000
36,11,2.972973,765,70.898981,619,77.085928,3,0.500000
304,12,3.243243,773,71.640408,619,77.085928,3,0.500000
259,13,3.513514,806,74.698795,645,80.323786,3,0.500000
211,14,3.783784,815,75.532901,653,81.320050,3,0.500000
51,15,4.054054,830,76.923077,669,83.312578,3,0.500000
107,16,4.324324,830,76.923077,669,83.312578,3,0.500000
43,17,4.594595,830,76.923077,669,83.312578,3,0.500000
327,18,4.864865,834,77.293791,673,83.810710,4,0.666667
8,19,5.135135,834,77.293791,673,83.810710,4,0.666667
66,20,5.405405,838,77.664504,675,84.059776,4,0.666667
336,21,5.675676,839,77.757183,675,84.059776,5,0.833333
242,22,5.945946,839,77.757183,675,84.059776,5,0.833333
179,23,6.216216,863,79.981464,691,86.052304,5,0.833333
