TestcaseNumber,TestcaseCount,TestcaseRatio,StatementCount,StatementRatio,BranchCount,BranchRatio,FaultCount,FaultRatio
370,1,0.270270,0,0.000000,0,0.000000,0,0.000000
92,2,0.540541,458,42.446710,404,50.311333,0,0.000000
224,3,0.810811,518,48.007414,469,58.405978,0,0.000000
296,4,1.081081,647,59.962929,568,70.734745,2,0.333333
209,5,1.351351,668,61.909175,580,72.229141,2,0.333333
217,6,1.621622,684,63.392030,582,72.478207,3,0.500000
201,7,1.891892,684,63.392030,582,72.478207,3,0.500000
325,8,2.162162,694,64.318814,593,73.848070,3,0.500000
208,9,2.432432,694,64.318814,593,73.848070,3,0.500000
238,10,2.702703,698,64.689527,597,74.346202,3,0.500000
17,11,2.972973,705,65.338276,599,74.595268,3,0.500000
146,12,3.243243,706,65.430955,599,74.595268,3,0.500000
248,13,3.513514,729,67.562558,605,75.342466,3,0.500000
199,14,3.783784,759,70.342910,639,79.576588,3,0.500000
268,15,4.054054,760,70.435589,641,79.825654,3,0.500000
16,16,4.324324,760,70.435589,641,79.825654,3,0.500000
126,17,4.594595,764,70.806302,641,79.825654,3,0.500000
279,18,4.864865,786,72.845227,649,80.821918,3,0.500000
290,19,5.135135,789,73.123262,653,81.320050,5,0.833333
128,20,5.405405,789,73.123262,653,81.320050,5,0.833333
121,21,5.675676,792,73.401297,655,81.569116,5,0.833333
348,22,5.945946,793,73.493976,655,81.569116,5,0.833333
303,23,6.216216,820,75.996293,673,83.810710,5,0.833333
138,24,6.486486,829,76.830399,681,84.806974,5,0.833333
123,25,6.756757,829,76.830399,681,84.806974,5,0.833333
133,26,7.027027,873,80.908248,707,88.044832,5,0.833333
269,27,7.297297,873,80.908248,707,88.044832,5,0.833333
12,28,7.567568,873,80.908248,707,88.044832,5,0.833333
39,29,7.837838,876,81.186284,707,88.044832,5,0.833333
