TestcaseNumber,TestcaseCount,TestcaseRatio,StatementCount,StatementRatio,BranchCount,BranchRatio,FaultCount,FaultRatio
139,1,0.270270,537,49.768304,459,57.160648,0,0.000000
279,2,0.540541,604,55.977757,511,63.636364,0,0.000000
320,3,0.810811,700,64.874884,607,75.591532,3,0.500000
353,4,1.081081,744,68.952734,633,78.829390,3,0.500000
2,5,1.351351,748,69.323448,633,78.829390,3,0.500000
356,6,1.621622,748,69.323448,633,78.829390,3,0.500000
36,7,1.891892,777,72.011121,639,79.576588,3,0.500000
3,8,2.162162,777,72.011121,639,79.576588,3,0.500000
156,9,2.432432,816,75.625579,667,83.063512,3,0.500000
140,10,2.702703,817,75.718258,667,83.063512,3,0.500000
286,11,2.972973,820,75.996293,667,83.063512,3,0.500000
168,12,3.243243,826,76.552363,673,83.810710,3,0.500000
9,13,3.513514,826,76.552363,673,83.810710,3,0.500000
137,14,3.783784,826,76.552363,673,83.810710,3,0.500000
4,15,4.054054,842,78.035218,677,84.308842,3,0.500000
367,16,4.324324,855,79.240037,681,84.806974,3,0.500000
343,17,4.594595,865,80.166821,685,85.305106,3,0.500000
354,18,4.864865,865,80.166821,685,85.305106,3,0.500000
231,19,5.135135,870,80.630213,685,85.305106,3,0.500000
101,20,5.405405,870,80.630213,685,85.305106,3,0.500000
176,21,5.675676,870,80.630213,685,85.305106,3,0.500000
249,22,5.945946,870,80.630213,685,85.305106,3,0.500000
108,23,6.216216,871,80.722892,687,85.554172,3,0.500000
135,24,6.486486,871,80.722892,687,85.554172,3,0.500000
266,25,6.756757,871,80.722892,689,85.803238,3,0.500000
263,26,7.027027,871,80.722892,689,85.803238,3,0.500000
126,27,7.297297,895,82.947173,709,88.293898,3,0.500000
53,28,7.567568,896,83.039852,709,88.293898,3,0.500000
192,29,7.837838,896,83.039852,709,88.293898,3,0.500000
239,30,8.108108,896,83.039852,709,88.293898,3,0.500000
