TestcaseNumber,TestcaseCount,TestcaseRatio,StatementCount,StatementRatio,BranchCount,BranchRatio,FaultCount,FaultRatio
124,1,0.270270,604,55.977757,533,66.376090,3,0.500000
5,2,0.540541,633,58.665431,539,67.123288,3,0.500000
365,3,0.810811,639,59.221501,541,67.372354,3,0.500000
301,4,1.081081,648,60.055607,545,67.870486,3,0.500000
241,5,1.351351,692,64.133457,571,71.108344,3,0.500000
361,6,1.621622,716,66.357739,589,73.349938,4,0.666667
229,7,1.891892,766,70.991659,629,78.331258,4,0.666667
40,8,2.162162,774,71.733086,631,78.580324,4,0.666667
261,9,2.432432,819,75.903614,667,83.063512,4,0.666667
21,10,2.702703,840,77.849861,673,83.810710,4,0.666667
68,11,2.972973,845,78.313253,677,84.308842,4,0.666667
331,12,3.243243,857,79.425394,679,84.557908,4,0.666667
31,13,3.513514,865,80.166821,681,84.806974,4,0.666667
296,14,3.783784,865,80.166821,683,85.056040,4,0.666667
357,15,4.054054,865,80.166821,683,85.056040,4,0.666667
127,16,4.324324,869,80.537535,687,85.554172,4,0.666667
164,17,4.594595,869,80.537535,687,85.554172,4,0.666667
151,18,4.864865,871,80.722892,689,85.803238,4,0.666667
247,19,5.135135,877,81.278962,695,86.550436,4,0.666667
342,20,5.405405,878,81.371640,695,86.550436,4,0.666667
54,21,5.675676,878,81.371640,695,86.550436,4,0.666667
150,22,5.945946,878,81.371640,695,86.550436,4,0.666667
169,23,6.216216,879,81.464319,695,86.550436,4,0.666667
107,24,6.486486,879,81.464319,695,86.550436,4,0.666667
90,25,6.756757,882,81.742354,695,86.550436,4,0.666667
