TestcaseNumber,TestcaseCount,TestcaseRatio,StatementCount,StatementRatio,BranchCount,BranchRatio,FaultCount,FaultRatio
362,1,0.270270,539,49.953661,451,56.164384,4,0.666667
54,2,0.540541,646,59.870250,563,70.112080,4,0.666667
74,3,0.810811,649,60.148285,563,70.112080,4,0.666667
254,4,1.081081,683,63.299351,587,73.100872,4,0.666667
246,5,1.351351,689,63.855422,595,74.097136,4,0.666667
295,6,1.621622,699,64.782206,605,75.342466,4,0.666667
93,7,1.891892,748,69.323448,643,80.074720,4,0.666667
351,8,2.162162,752,69.694161,643,80.074720,4,0.666667
146,9,2.432432,752,69.694161,643,80.074720,4,0.666667
86,10,2.702703,755,69.972196,645,80.323786,4,0.666667
219,11,2.972973,755,69.972196,645,80.323786,4,0.666667
344,12,3.243243,782,72.474513,663,82.565380,4,0.666667
268,13,3.513514,782,72.474513,663,82.565380,4,0.666667
208,14,3.783784,792,73.401297,667,83.063512,4,0.666667
64,15,4.054054,796,73.772011,669,83.312578,4,0.666667
85,16,4.324324,796,73.772011,669,83.312578,4,0.666667
162,17,4.594595,798,73.957368,671,83.561644,4,0.666667
227,18,4.864865,799,74.050046,673,83.810710,4,0.666667
315,19,5.135135,799,74.050046,673,83.810710,4,0.666667
148,20,5.405405,829,76.830399,685,85.305106,4,0.666667
69,21,5.675676,834,77.293791,689,85.803238,4,0.666667
346,22,5.945946,834,77.293791,689,85.803238,4,0.666667
300,23,6.216216,839,77.757183,689,85.803238,4,0.666667
108,24,6.486486,840,77.849861,691,86.052304,4,0.666667
314,25,6.756757,840,77.849861,691,86.052304,4,0.666667
192,26,7.027027,840,77.849861,691,86.052304,4,0.666667
209,27,7.297297,840,77.849861,691,86.052304,4,0.666667
16,28,7.567568,840,77.849861,691,86.052304,4,0.666667
212,29,7.837838,840,77.849861,691,86.052304,4,0.666667
263,30,8.108108,860,79.703429,705,87.795766,4,0.666667
337,31,8.378378,861,79.796108,705,87.795766,5,0.833333
67,32,8.648649,861,79.796108,705,87.795766,5,0.833333
252,33,8.918919,861,79.796108,705,87.795766,5,0.833333
173,34,9.189189,861,79.796108,705,87.795766,5,0.833333
293,35,9.459459,861,79.796108,705,87.795766,5,0.833333
95,36,9.729730,861,79.796108,705,87.795766,5,0.833333
46,37,10.000000,861,79.796108,705,87.795766,5,0.833333
61,38,10.270270,861,79.796108,705,87.795766,5,0.833333
36,39,10.540541,884,81.927711,711,88.542964,5,0.833333
