TestcaseNumber,TestcaseCount,TestcaseRatio,StatementCount,StatementRatio,BranchCount,BranchRatio,FaultCount,FaultRatio
8,1,0.270270,427,39.573679,339,42.216687,3,0.500000
42,2,0.540541,600,55.607044,496,61.768369,3,0.500000
354,3,0.810811,645,59.777572,528,65.753425,3,0.500000
148,4,1.081081,673,62.372567,545,67.870486,4,0.666667
5,5,1.351351,674,62.465246,549,68.368618,4,0.666667
129,6,1.621622,702,65.060241,581,72.353674,4,0.666667
130,7,1.891892,706,65.430955,585,72.851806,4,0.666667
239,8,2.162162,706,65.430955,585,72.851806,4,0.666667
31,9,2.432432,714,66.172382,587,73.100872,4,0.666667
211,10,2.702703,730,67.655236,597,74.346202,4,0.666667
71,11,2.972973,757,70.157553,617,76.836862,4,0.666667
210,12,3.243243,757,70.157553,617,76.836862,4,0.666667
302,13,3.513514,758,70.250232,617,76.836862,4,0.666667
62,14,3.783784,778,72.103800,631,78.580324,4,0.666667
20,15,4.054054,787,72.937905,633,78.829390,4,0.666667
190,16,4.324324,790,73.215941,635,79.078456,4,0.666667
224,17,4.594595,808,74.884152,655,81.569116,4,0.666667
172,18,4.864865,809,74.976830,655,81.569116,5,0.833333
270,19,5.135135,809,74.976830,655,81.569116,5,0.833333
123,20,5.405405,812,75.254866,657,81.818182,5,0.833333
355,21,5.675676,812,75.254866,657,81.818182,5,0.833333
281,22,5.945946,819,75.903614,659,82.067248,5,0.833333
284,23,6.216216,819,75.903614,661,82.316314,5,0.833333
17,24,6.486486,826,76.552363,663,82.565380,5,0.833333
193,25,6.756757,829,76.830399,665,82.814446,5,0.833333
37,26,7.027027,829,76.830399,665,82.814446,5,0.833333
196,27,7.297297,854,79.147359,685,85.305106,5,0.833333
308,28,7.567568,854,79.147359,685,85.305106,5,0.833333
139,29,7.837838,859,79.610751,691,86.052304,5,0.833333
64,30,8.108108,859,79.610751,691,86.052304,5,0.833333
167,31,8.378378,859,79.610751,691,86.052304,5,0.833333
185,32,8.648649,866,80.259500,693,86.301370,5,0.833333
247,33,8.918919,867,80.352178,693,86.301370,5,0.833333
115,34,9.189189,867,80.352178,693,86.301370,5,0.833333
