TestcaseNumber,TestcaseCount,TestcaseRatio,StatementCount,StatementRatio,BranchCount,BranchRatio,FaultCount,FaultRatio
135,1,0.270270,612,56.719184,520,64.757161,2,0.333333
174,2,0.540541,632,58.572753,532,66.251557,5,0.833333
165,3,0.810811,660,61.167748,560,69.738481,5,0.833333
243,4,1.081081,660,61.167748,560,69.738481,5,0.833333
75,5,1.351351,660,61.167748,560,69.738481,5,0.833333
107,6,1.621622,687,63.670065,580,72.229141,5,0.833333
297,7,1.891892,698,64.689527,591,73.599004,5,0.833333
56,8,2.162162,698,64.689527,591,73.599004,5,0.833333
185,9,2.432432,751,69.601483,619,77.085928,5,0.833333
2,10,2.702703,755,69.972196,619,77.085928,5,0.833333
110,11,2.972973,756,70.064875,621,77.334994,5,0.833333
222,12,3.243243,764,70.806302,627,78.082192,5,0.833333
193,13,3.513514,770,71.362373,631,78.580324,5,0.833333
73,14,3.783784,770,71.362373,631,78.580324,5,0.833333
45,15,4.054054,774,71.733086,631,78.580324,5,0.833333
137,16,4.324324,783,72.567192,643,80.074720,5,0.833333
52,17,4.594595,801,74.235403,655,81.569116,5,0.833333
6,18,4.864865,801,74.235403,655,81.569116,5,0.833333
156,19,5.135135,801,74.235403,655,81.569116,5,0.833333
249,20,5.405405,820,75.996293,657,81.818182,5,0.833333
368,21,5.675676,823,76.274328,657,81.818182,5,0.833333
136,22,5.945946,823,76.274328,657,81.818182,5,0.833333
21,23,6.216216,844,78.220575,663,82.565380,5,0.833333
194,24,6.486486,844,78.220575,663,82.565380,5,0.833333
