TestcaseNumber,TestcaseCount,TestcaseRatio,StatementCount,StatementRatio,BranchCount,BranchRatio,FaultCount,FaultRatio
333,1,0.270270,550,50.973123,463,57.658780,3,0.500000
245,2,0.540541,591,54.772938,509,63.387298,3,0.500000
222,3,0.810811,703,65.152919,600,74.719801,3,0.500000
109,4,1.081081,717,66.450417,604,75.217933,3,0.500000
353,5,1.351351,737,68.303985,618,76.961395,3,0.500000
251,6,1.621622,766,70.991659,632,78.704857,3,0.500000
182,7,1.891892,793,73.493976,650,80.946451,4,0.666667
307,8,2.162162,803,74.420760,661,82.316314,4,0.666667
347,9,2.432432,809,74.976830,665,82.814446,4,0.666667
337,10,2.702703,819,75.903614,669,83.312578,5,0.833333
167,11,2.972973,819,75.903614,669,83.312578,5,0.833333
123,12,3.243243,819,75.903614,669,83.312578,5,0.833333
292,13,3.513514,819,75.903614,669,83.312578,5,0.833333
237,14,3.783784,819,75.903614,669,83.312578,5,0.833333
312,15,4.054054,845,78.313253,689,85.803238,5,0.833333
323,16,4.324324,845,78.313253,689,85.803238,5,0.833333
81,17,4.594595,855,79.240037,691,86.052304,5,0.833333
168,18,4.864865,856,79.332715,691,86.052304,5,0.833333
324,19,5.135135,859,79.610751,691,86.052304,5,0.833333
77,20,5.405405,859,79.610751,691,86.052304,5,0.833333
293,21,5.675676,859,79.610751,691,86.052304,5,0.833333
78,22,5.945946,859,79.610751,691,86.052304,5,0.833333
171,23,6.216216,859,79.610751,691,86.052304,5,0.833333
156,24,6.486486,862,79.888786,693,86.301370,5,0.833333
241,25,6.756757,862,79.888786,693,86.301370,5,0.833333
