TestcaseNumber,TestcaseCount,TestcaseRatio,StatementCount,StatementRatio,BranchCount,BranchRatio,FaultCount,FaultRatio
303,1,0.270270,616,57.089898,512,63.760897,3,0.500000
200,2,0.540541,679,62.928638,590,73.474471,3,0.500000
268,3,0.810811,683,63.299351,592,73.723537,3,0.500000
191,4,1.081081,752,69.694161,635,79.078456,4,0.666667
365,5,1.351351,801,74.235403,659,82.067248,4,0.666667
236,6,1.621622,801,74.235403,659,82.067248,4,0.666667
42,7,1.891892,831,77.015755,671,83.561644,4,0.666667
316,8,2.162162,851,78.869323,685,85.305106,4,0.666667
2,9,2.432432,855,79.240037,685,85.305106,4,0.666667
15,10,2.702703,861,79.796108,687,85.554172,4,0.666667
329,11,2.972973,867,80.352178,691,86.052304,4,0.666667
274,12,3.243243,879,81.464319,705,87.795766,4,0.666667
307,13,3.513514,879,81.464319,707,88.044832,4,0.666667
3,14,3.783784,879,81.464319,707,88.044832,4,0.666667
59,15,4.054054,879,81.464319,707,88.044832,4,0.666667
66,16,4.324324,886,82.113068,709,88.293898,4,0.666667
335,17,4.594595,886,82.113068,709,88.293898,4,0.666667
18,18,4.864865,887,82.205746,711,88.542964,4,0.666667
279,19,5.135135,894,82.854495,715,89.041096,4,0.666667
341,20,5.405405,894,82.854495,715,89.041096,4,0.666667
244,21,5.675676,897,83.132530,717,89.290162,4,0.666667
163,22,5.945946,898,83.225209,717,89.290162,4,0.666667
188,23,6.216216,898,83.225209,717,89.290162,4,0.666667
16,24,6.486486,898,83.225209,717,89.290162,4,0.666667
61,25,6.756757,898,83.225209,717,89.290162,4,0.666667
