TestcaseNumber,TestcaseCount,TestcaseRatio,StatementCount,StatementRatio,BranchCount,BranchRatio,FaultCount,FaultRatio
38,1,0.270270,477,44.207600,373,46.450809,3,0.500000
357,2,0.540541,548,50.787766,440,54.794521,3,0.500000
136,3,0.810811,628,58.202039,509,63.387298,3,0.500000
18,4,1.081081,629,58.294717,511,63.636364,3,0.500000
214,5,1.351351,671,62.187210,556,69.240349,3,0.500000
243,6,1.621622,675,62.557924,560,69.738481,3,0.500000
75,7,1.891892,678,62.835959,560,69.738481,3,0.500000
55,8,2.162162,699,64.782206,580,72.229141,3,0.500000
244,9,2.432432,706,65.430955,588,73.225405,3,0.500000
190,10,2.702703,739,68.489342,614,76.463263,3,0.500000
159,11,2.972973,745,69.045412,618,76.961395,3,0.500000
170,12,3.243243,795,73.679333,650,80.946451,3,0.500000
328,13,3.513514,796,73.772011,650,80.946451,3,0.500000
233,14,3.783784,801,74.235403,650,80.946451,3,0.500000
138,15,4.054054,801,74.235403,650,80.946451,3,0.500000
25,16,4.324324,822,76.181650,656,81.693649,3,0.500000
320,17,4.594595,833,77.201112,665,82.814446,3,0.500000
341,18,4.864865,833,77.201112,665,82.814446,3,0.500000
370,19,5.135135,833,77.201112,665,82.814446,3,0.500000
84,20,5.405405,833,77.201112,665,82.814446,3,0.500000
304,21,5.675676,838,77.664504,665,82.814446,3,0.500000
194,22,5.945946,838,77.664504,665,82.814446,3,0.500000
255,23,6.216216,838,77.664504,665,82.814446,3,0.500000
368,24,6.486486,841,77.942539,665,82.814446,3,0.500000
89,25,6.756757,848,78.591288,665,82.814446,3,0.500000
163,26,7.027027,848,78.591288,665,82.814446,3,0.500000
253,27,7.297297,854,79.147359,665,82.814446,3,0.500000
110,28,7.567568,855,79.240037,667,83.063512,3,0.500000
366,29,7.837838,874,81.000927,685,85.305106,3,0.500000
32,30,8.108108,876,81.186284,687,85.554172,3,0.500000
37,31,8.378378,876,81.186284,687,85.554172,3,0.500000
43,32,8.648649,876,81.186284,687,85.554172,3,0.500000
105,33,8.918919,876,81.186284,687,85.554172,3,0.500000
74,34,9.189189,876,81.186284,687,85.554172,3,0.500000
184,35,9.459459,878,81.371640,689,85.803238,4,0.666667
57,36,9.729730,902,83.595922,717,89.290162,4,0.666667
