TestcaseNumber,TestcaseCount,TestcaseRatio,StatementCount,StatementRatio,BranchCount,BranchRatio,FaultCount,FaultRatio
180,1,0.270270,516,47.822057,425,52.926526,4,0.666667
216,2,0.540541,599,55.514365,512,63.760897,4,0.666667
104,3,0.810811,633,58.665431,536,66.749689,4,0.666667
26,4,1.081081,671,62.187210,569,70.859278,4,0.666667
1,5,1.351351,701,64.967563,575,71.606476,4,0.666667
351,6,1.621622,733,67.933272,609,75.840598,4,0.666667
213,7,1.891892,750,69.508804,615,76.587796,4,0.666667
35,8,2.162162,759,70.342910,615,76.587796,4,0.666667
63,9,2.432432,803,74.420760,641,79.825654,4,0.666667
353,10,2.702703,803,74.420760,641,79.825654,4,0.666667
131,11,2.972973,803,74.420760,641,79.825654,4,0.666667
215,12,3.243243,803,74.420760,641,79.825654,4,0.666667
2,13,3.513514,807,74.791474,641,79.825654,4,0.666667
295,14,3.783784,832,77.108434,661,82.316314,4,0.666667
54,15,4.054054,832,77.108434,661,82.316314,4,0.666667
40,16,4.324324,868,80.444856,685,85.305106,4,0.666667
345,17,4.594595,887,82.205746,701,87.297634,4,0.666667
91,18,4.864865,888,82.298424,701,87.297634,4,0.666667
300,19,5.135135,894,82.854495,701,87.297634,4,0.666667
52,20,5.405405,894,82.854495,701,87.297634,4,0.666667
21,21,5.675676,915,84.800741,707,88.044832,4,0.666667
58,22,5.945946,915,84.800741,707,88.044832,4,0.666667
315,23,6.216216,915,84.800741,707,88.044832,4,0.666667
185,24,6.486486,918,85.078777,709,88.293898,4,0.666667
222,25,6.756757,918,85.078777,709,88.293898,4,0.666667
339,26,7.027027,918,85.078777,709,88.293898,5,0.833333
64,27,7.297297,925,85.727525,711,88.542964,5,0.833333
80,28,7.567568,925,85.727525,711,88.542964,5,0.833333
114,29,7.837838,925,85.727525,713,88.792030,5,0.833333
268,30,8.108108,925,85.727525,715,89.041096,5,0.833333
9,31,8.378378,925,85.727525,715,89.041096,5,0.833333
264,32,8.648649,925,85.727525,715,89.041096,5,0.833333
145,33,8.918919,925,85.727525,715,89.041096,5,0.833333
135,34,9.189189,925,85.727525,715,89.041096,5,0.833333
209,35,9.459459,928,86.005561,721,89.788294,5,0.833333
134,36,9.729730,928,86.005561,721,89.788294,5,0.833333
