TestcaseNumber,TestcaseCount,TestcaseRatio,StatementCount,StatementRatio,BranchCount,BranchRatio,FaultCount,FaultRatio
183,1,0.270270,516,47.822057,425,52.926526,4,0.666667
4,2,0.540541,543,50.324374,431,53.673724,4,0.666667
16,3,0.810811,544,50.417053,431,53.673724,4,0.666667
146,4,1.081081,559,51.807229,449,55.915318,4,0.666667
300,5,1.351351,633,58.665431,520,64.757161,4,0.666667
352,6,1.621622,704,65.245598,564,70.236613,4,0.666667
244,7,1.891892,720,66.728452,582,72.478207,4,0.666667
255,8,2.162162,757,70.157553,610,75.965131,4,0.666667
36,9,2.432432,769,71.269694,614,76.463263,4,0.666667
46,10,2.702703,770,71.362373,614,76.463263,4,0.666667
191,11,2.972973,800,74.142725,631,78.580324,4,0.666667
239,12,3.243243,824,76.367006,659,82.067248,4,0.666667
136,13,3.513514,840,77.849861,673,83.810710,4,0.666667
129,14,3.783784,840,77.849861,673,83.810710,4,0.666667
264,15,4.054054,840,77.849861,673,83.810710,4,0.666667
45,16,4.324324,840,77.849861,673,83.810710,4,0.666667
351,17,4.594595,848,78.591288,679,84.557908,4,0.666667
305,18,4.864865,848,78.591288,679,84.557908,4,0.666667
190,19,5.135135,851,78.869323,679,84.557908,4,0.666667
41,20,5.405405,857,79.425394,679,84.557908,4,0.666667
177,21,5.675676,857,79.425394,679,84.557908,4,0.666667
12,22,5.945946,857,79.425394,679,84.557908,4,0.666667
181,23,6.216216,857,79.425394,679,84.557908,4,0.666667
285,24,6.486486,857,79.425394,681,84.806974,4,0.666667
5,25,6.756757,857,79.425394,681,84.806974,4,0.666667
108,26,7.027027,858,79.518072,683,85.056040,4,0.666667
58,27,7.297297,858,79.518072,683,85.056040,4,0.666667
98,28,7.567568,858,79.518072,683,85.056040,4,0.666667
238,29,7.837838,858,79.518072,683,85.056040,4,0.666667
362,30,8.108108,874,81.000927,699,87.048568,4,0.666667
158,31,8.378378,880,81.556997,703,87.546700,4,0.666667
261,32,8.648649,885,82.020389,705,87.795766,4,0.666667
340,33,8.918919,885,82.020389,705,87.795766,4,0.666667
350,34,9.189189,885,82.020389,705,87.795766,4,0.666667
80,35,9.459459,885,82.020389,705,87.795766,4,0.666667
