TestcaseNumber,TestcaseCount,TestcaseRatio,StatementCount,StatementRatio,BranchCount,BranchRatio,FaultCount,FaultRatio
300,1,0.270270,565,52.363299,478,59.526775,3,0.500000
238,2,0.540541,596,55.236330,522,65.006227,3,0.500000
232,3,0.810811,631,58.480074,554,68.991283,3,0.500000
350,4,1.081081,631,58.480074,554,68.991283,3,0.500000
11,5,1.351351,658,60.982391,560,69.738481,3,0.500000
211,6,1.621622,676,62.650602,574,71.481943,3,0.500000
97,7,1.891892,727,67.377201,600,74.719801,3,0.500000
25,8,2.162162,748,69.323448,606,75.466999,3,0.500000
275,9,2.432432,794,73.586654,644,80.199253,3,0.500000
117,10,2.702703,806,74.698795,650,80.946451,3,0.500000
120,11,2.972973,806,74.698795,650,80.946451,3,0.500000
310,12,3.243243,809,74.976830,652,81.195517,3,0.500000
160,13,3.513514,811,75.162187,656,81.693649,4,0.666667
135,14,3.783784,811,75.162187,656,81.693649,4,0.666667
257,15,4.054054,811,75.162187,656,81.693649,4,0.666667
140,16,4.324324,838,77.664504,668,83.188045,4,0.666667
183,17,4.594595,862,79.888786,684,85.180573,4,0.666667
180,18,4.864865,862,79.888786,684,85.180573,4,0.666667
4,19,5.135135,862,79.888786,684,85.180573,4,0.666667
100,20,5.405405,866,80.259500,686,85.429639,4,0.666667
178,21,5.675676,866,80.259500,686,85.429639,4,0.666667
18,22,5.945946,867,80.352178,688,85.678705,4,0.666667
364,23,6.216216,908,84.151993,704,87.671233,4,0.666667
38,24,6.486486,911,84.430028,704,87.671233,4,0.666667
301,25,6.756757,911,84.430028,704,87.671233,4,0.666667
48,26,7.027027,911,84.430028,704,87.671233,4,0.666667
76,27,7.297297,917,84.986098,704,87.671233,4,0.666667
217,28,7.567568,924,85.634847,706,87.920299,4,0.666667
115,29,7.837838,924,85.634847,706,87.920299,4,0.666667
227,30,8.108108,930,86.190918,712,88.667497,4,0.666667
184,31,8.378378,940,87.117702,721,89.788294,4,0.666667
241,32,8.648649,940,87.117702,721,89.788294,4,0.666667
247,33,8.918919,940,87.117702,723,90.037360,4,0.666667
308,34,9.189189,940,87.117702,723,90.037360,4,0.666667
254,35,9.459459,940,87.117702,723,90.037360,4,0.666667
28,36,9.729730,961,89.063948,737,91.780822,4,0.666667
