TestcaseNumber,TestcaseCount,TestcaseRatio,StatementCount,StatementRatio,BranchCount,BranchRatio,FaultCount,FaultRatio
40,1,0.270270,497,46.061168,429,53.424658,0,0.000000
37,2,0.540541,653,60.518999,530,66.002491,3,0.500000
285,3,0.810811,702,65.060241,562,69.987547,3,0.500000
180,4,1.081081,727,67.377201,580,72.229141,4,0.666667
126,5,1.351351,765,70.898981,613,76.338730,4,0.666667
147,6,1.621622,765,70.898981,613,76.338730,4,0.666667
83,7,1.891892,768,71.177016,613,76.338730,4,0.666667
79,8,2.162162,768,71.177016,613,76.338730,4,0.666667
350,9,2.432432,792,73.401297,641,79.825654,4,0.666667
240,10,2.702703,812,75.254866,655,81.569116,4,0.666667
294,11,2.972973,813,75.347544,655,81.569116,4,0.666667
107,12,3.243243,813,75.347544,655,81.569116,4,0.666667
169,13,3.513514,819,75.903614,661,82.316314,4,0.666667
254,14,3.783784,820,75.996293,661,82.316314,4,0.666667
5,15,4.054054,823,76.274328,665,82.814446,4,0.666667
214,16,4.324324,826,76.552363,665,82.814446,4,0.666667
336,17,4.594595,836,77.479147,669,83.312578,5,0.833333
134,18,4.864865,836,77.479147,669,83.312578,5,0.833333
55,19,5.135135,837,77.571826,669,83.312578,5,0.833333
122,20,5.405405,840,77.849861,671,83.561644,5,0.833333
318,21,5.675676,840,77.849861,671,83.561644,5,0.833333
26,22,5.945946,865,80.166821,695,86.550436,5,0.833333
92,23,6.216216,868,80.444856,697,86.799502,5,0.833333
303,24,6.486486,874,81.000927,697,86.799502,5,0.833333
86,25,6.756757,874,81.000927,697,86.799502,5,0.833333
337,26,7.027027,874,81.000927,697,86.799502,5,0.833333
342,27,7.297297,887,82.205746,711,88.542964,5,0.833333
30,28,7.567568,894,82.854495,719,89.539228,5,0.833333
61,29,7.837838,894,82.854495,719,89.539228,5,0.833333
148,30,8.108108,894,82.854495,719,89.539228,5,0.833333
286,31,8.378378,894,82.854495,719,89.539228,5,0.833333
237,32,8.648649,894,82.854495,719,89.539228,5,0.833333
125,33,8.918919,894,82.854495,719,89.539228,5,0.833333
216,34,9.189189,894,82.854495,719,89.539228,5,0.833333
