TestcaseNumber,TestcaseCount,TestcaseRatio,StatementCount,StatementRatio,BranchCount,BranchRatio,FaultCount,FaultRatio
351,1,0.270270,357,33.086191,319,39.726027,0,0.000000
8,2,0.540541,501,46.431881,412,51.307597,3,0.500000
142,3,0.810811,645,59.777572,540,67.247821,3,0.500000
291,4,1.081081,682,63.206673,572,71.232877,5,0.833333
311,5,1.351351,704,65.245598,583,72.602740,5,0.833333
270,6,1.621622,740,68.582020,597,74.346202,5,0.833333
261,7,1.891892,741,68.674699,599,74.595268,5,0.833333
278,8,2.162162,742,68.767377,599,74.595268,5,0.833333
32,9,2.432432,744,68.952734,601,74.844334,5,0.833333
290,10,2.702703,744,68.952734,601,74.844334,5,0.833333
305,11,2.972973,757,70.157553,622,77.459527,5,0.833333
165,12,3.243243,760,70.435589,622,77.459527,5,0.833333
173,13,3.513514,767,71.084337,624,77.708593,5,0.833333
314,14,3.783784,767,71.084337,624,77.708593,5,0.833333
42,15,4.054054,767,71.084337,624,77.708593,5,0.833333
50,16,4.324324,767,71.084337,624,77.708593,5,0.833333
207,17,4.594595,790,73.215941,644,80.199253,5,0.833333
368,18,4.864865,793,73.493976,644,80.199253,5,0.833333
86,19,5.135135,793,73.493976,644,80.199253,5,0.833333
293,20,5.405405,793,73.493976,644,80.199253,5,0.833333
346,21,5.675676,796,73.772011,644,80.199253,5,0.833333
327,22,5.945946,824,76.367006,657,81.818182,5,0.833333
309,23,6.216216,824,76.367006,657,81.818182,5,0.833333
140,24,6.486486,824,76.367006,657,81.818182,5,0.833333
341,25,6.756757,824,76.367006,657,81.818182,5,0.833333
