TestcaseNumber,TestcaseCount,TestcaseRatio,StatementCount,StatementRatio,BranchCount,BranchRatio,FaultCount,FaultRatio
357,1,0.270270,309,28.637627,287,35.740971,0,0.000000
297,2,0.540541,564,52.270621,496,61.768369,2,0.333333
157,3,0.810811,654,60.611677,565,70.361146,2,0.333333
369,4,1.081081,762,70.620945,631,78.580324,3,0.500000
177,5,1.351351,778,72.103800,643,80.074720,3,0.500000
29,6,1.621622,799,74.050046,657,81.818182,3,0.500000
79,7,1.891892,852,78.962002,679,84.557908,3,0.500000
356,8,2.162162,852,78.962002,679,84.557908,3,0.500000
80,9,2.432432,862,79.888786,685,85.305106,3,0.500000
237,10,2.702703,862,79.888786,685,85.305106,3,0.500000
23,11,2.972973,887,82.205746,691,86.052304,3,0.500000
231,12,3.243243,902,83.595922,705,87.795766,3,0.500000
60,13,3.513514,922,85.449490,719,89.539228,3,0.500000
129,14,3.783784,922,85.449490,719,89.539228,3,0.500000
236,15,4.054054,922,85.449490,719,89.539228,3,0.500000
15,16,4.324324,928,86.005561,721,89.788294,3,0.500000
214,17,4.594595,928,86.005561,721,89.788294,3,0.500000
132,18,4.864865,928,86.005561,721,89.788294,3,0.500000
269,19,5.135135,928,86.005561,721,89.788294,3,0.500000
215,20,5.405405,928,86.005561,721,89.788294,3,0.500000
271,21,5.675676,928,86.005561,721,89.788294,3,0.500000
273,22,5.945946,928,86.005561,721,89.788294,3,0.500000
274,23,6.216216,928,86.005561,721,89.788294,3,0.500000
255,24,6.486486,928,86.005561,721,89.788294,3,0.500000
327,25,6.756757,930,86.190918,723,90.037360,4,0.666667
98,26,7.027027,930,86.190918,723,90.037360,4,0.666667
299,27,7.297297,930,86.190918,723,90.037360,4,0.666667
282,28,7.567568,938,86.932345,725,90.286426,4,0.666667
83,29,7.837838,938,86.932345,725,90.286426,4,0.666667
81,30,8.108108,938,86.932345,725,90.286426,4,0.666667
51,31,8.378378,938,86.932345,725,90.286426,4,0.666667
198,32,8.648649,938,86.932345,725,90.286426,4,0.666667
128,33,8.918919,938,86.932345,725,90.286426,4,0.666667
87,34,9.189189,938,86.932345,725,90.286426,4,0.666667
54,35,9.459459,938,86.932345,725,90.286426,4,0.666667
279,36,9.729730,945,87.581094,729,90.784558,4,0.666667
