TestcaseNumber,TestcaseCount,TestcaseRatio,StatementCount,StatementRatio,BranchCount,BranchRatio,FaultCount,FaultRatio
87,1,0.270270,456,42.261353,394,49.066002,0,0.000000
358,2,0.540541,460,42.632067,400,49.813200,0,0.000000
24,3,0.810811,475,44.022243,400,49.813200,0,0.000000
83,4,1.081081,508,47.080630,431,53.673724,0,0.000000
111,5,1.351351,509,47.173309,433,53.922790,0,0.000000
199,6,1.621622,676,62.650602,568,70.734745,3,0.500000
74,7,1.891892,679,62.928638,568,70.734745,3,0.500000
142,8,2.162162,722,66.913809,594,73.972603,3,0.500000
249,9,2.432432,741,68.674699,596,74.221669,3,0.500000
273,10,2.702703,741,68.674699,596,74.221669,3,0.500000
91,11,2.972973,745,69.045412,596,74.221669,3,0.500000
275,12,3.243243,749,69.416126,598,74.470735,3,0.500000
244,13,3.513514,749,69.416126,600,74.719801,3,0.500000
176,14,3.783784,775,71.825765,618,76.961395,3,0.500000
221,15,4.054054,813,75.347544,636,79.202989,3,0.500000
65,16,4.324324,820,75.996293,638,79.452055,3,0.500000
227,17,4.594595,821,76.088971,638,79.452055,3,0.500000
347,18,4.864865,823,76.274328,638,79.452055,3,0.500000
137,19,5.135135,828,76.737720,644,80.199253,3,0.500000
169,20,5.405405,849,78.683967,658,81.942715,3,0.500000
178,21,5.675676,849,78.683967,658,81.942715,3,0.500000
266,22,5.945946,849,78.683967,660,82.191781,3,0.500000
296,23,6.216216,873,80.908248,690,85.927771,3,0.500000
278,24,6.486486,874,81.000927,690,85.927771,3,0.500000
30,25,6.756757,912,84.522706,725,90.286426,3,0.500000
167,26,7.027027,912,84.522706,725,90.286426,3,0.500000
226,27,7.297297,912,84.522706,725,90.286426,3,0.500000
208,28,7.567568,912,84.522706,725,90.286426,3,0.500000
180,29,7.837838,912,84.522706,725,90.286426,4,0.666667
