TestcaseNumber,TestcaseCount,TestcaseRatio,StatementCount,StatementRatio,BranchCount,BranchRatio,FaultCount,FaultRatio
111,1,0.270270,426,39.481001,366,45.579078,0,0.000000
191,2,0.540541,634,58.758109,539,67.123288,3,0.500000
361,3,0.810811,661,61.260426,555,69.115816,4,0.666667
63,4,1.081081,708,65.616311,581,72.353674,4,0.666667
51,5,1.351351,726,67.284523,599,74.595268,4,0.666667
116,6,1.621622,733,67.933272,605,75.342466,4,0.666667
232,7,1.891892,765,70.898981,637,79.327522,4,0.666667
294,8,2.162162,765,70.898981,637,79.327522,4,0.666667
329,9,2.432432,768,71.177016,639,79.576588,4,0.666667
67,10,2.702703,775,71.825765,641,79.825654,4,0.666667
125,11,2.972973,776,71.918443,641,79.825654,4,0.666667
151,12,3.243243,782,72.474513,641,79.825654,4,0.666667
192,13,3.513514,782,72.474513,641,79.825654,4,0.666667
249,14,3.783784,801,74.235403,643,80.074720,4,0.666667
130,15,4.054054,825,76.459685,671,83.561644,4,0.666667
306,16,4.324324,825,76.459685,673,83.810710,4,0.666667
336,17,4.594595,830,76.923077,673,83.810710,5,0.833333
177,18,4.864865,835,77.386469,677,84.308842,5,0.833333
149,19,5.135135,835,77.386469,677,84.308842,5,0.833333
186,20,5.405405,835,77.386469,677,84.308842,5,0.833333
4,21,5.675676,851,78.869323,681,84.806974,5,0.833333
20,22,5.945946,860,79.703429,683,85.056040,5,0.833333
22,23,6.216216,886,82.113068,689,85.803238,5,0.833333
21,24,6.486486,889,82.391103,689,85.803238,5,0.833333
77,25,6.756757,889,82.391103,689,85.803238,5,0.833333
211,26,7.027027,898,83.225209,695,86.550436,5,0.833333
302,27,7.297297,913,84.615385,699,87.048568,5,0.833333
93,28,7.567568,919,85.171455,705,87.795766,5,0.833333
370,29,7.837838,919,85.171455,705,87.795766,5,0.833333
309,30,8.108108,919,85.171455,705,87.795766,5,0.833333
286,31,8.378378,919,85.171455,707,88.044832,5,0.833333
215,32,8.648649,919,85.171455,707,88.044832,5,0.833333
76,33,8.918919,919,85.171455,707,88.044832,5,0.833333
167,34,9.189189,919,85.171455,707,88.044832,5,0.833333
356,35,9.459459,919,85.171455,707,88.044832,5,0.833333
16,36,9.729730,919,85.171455,707,88.044832,5,0.833333
59,37,10.000000,919,85.171455,707,88.044832,5,0.833333
