TestcaseNumber,TestcaseCount,TestcaseRatio,StatementCount,StatementRatio,BranchCount,BranchRatio,FaultCount,FaultRatio
288,1,0.270270,614,56.904541,484,60.273973,5,0.833333
117,2,0.540541,666,61.723818,552,68.742217,5,0.833333
271,3,0.810811,676,62.650602,554,68.991283,5,0.833333
116,4,1.081081,680,63.021316,560,69.738481,5,0.833333
293,5,1.351351,687,63.670065,562,69.987547,5,0.833333
185,6,1.621622,704,65.245598,573,71.357410,5,0.833333
54,7,1.891892,733,67.933272,601,74.844334,5,0.833333
242,8,2.162162,740,68.582020,603,75.093400,5,0.833333
222,9,2.432432,748,69.323448,609,75.840598,5,0.833333
223,10,2.702703,748,69.323448,609,75.840598,5,0.833333
249,11,2.972973,767,71.084337,611,76.089664,5,0.833333
7,12,3.243243,769,71.269694,611,76.089664,5,0.833333
165,13,3.513514,793,73.493976,639,79.576588,5,0.833333
53,14,3.783784,796,73.772011,647,80.572852,5,0.833333
232,15,4.054054,801,74.235403,647,80.572852,5,0.833333
194,16,4.324324,804,74.513438,649,80.821918,5,0.833333
15,17,4.594595,810,75.069509,651,81.070984,5,0.833333
44,18,4.864865,811,75.162187,651,81.070984,5,0.833333
269,19,5.135135,811,75.162187,653,81.320050,5,0.833333
204,20,5.405405,855,79.240037,683,85.056040,5,0.833333
18,21,5.675676,856,79.332715,685,85.305106,5,0.833333
136,22,5.945946,865,80.166821,697,86.799502,5,0.833333
68,23,6.216216,870,80.630213,701,87.297634,5,0.833333
40,24,6.486486,870,80.630213,701,87.297634,5,0.833333
280,25,6.756757,874,81.000927,701,87.297634,5,0.833333
256,26,7.027027,877,81.278962,703,87.546700,5,0.833333
45,27,7.297297,877,81.278962,703,87.546700,5,0.833333
39,28,7.567568,881,81.649676,707,88.044832,5,0.833333
57,29,7.837838,881,81.649676,707,88.044832,5,0.833333
99,30,8.108108,881,81.649676,707,88.044832,5,0.833333
226,31,8.378378,882,81.742354,707,88.044832,5,0.833333
153,32,8.648649,882,81.742354,707,88.044832,5,0.833333
292,33,8.918919,882,81.742354,707,88.044832,5,0.833333
350,34,9.189189,882,81.742354,707,88.044832,5,0.833333
