TestcaseNumber,TestcaseCount,TestcaseRatio,StatementCount,StatementRatio,BranchCount,BranchRatio,FaultCount,FaultRatio
65,1,0.270270,474,43.929564,402,50.062267,0,0.000000
354,2,0.540541,483,44.763670,423,52.677460,0,0.000000
308,3,0.810811,630,58.387396,537,66.874222,3,0.500000
347,4,1.081081,662,61.353105,557,69.364882,3,0.500000
241,5,1.351351,706,65.430955,583,72.602740,3,0.500000
92,6,1.621622,739,68.489342,615,76.587796,3,0.500000
184,7,1.891892,745,69.045412,615,76.587796,3,0.500000
272,8,2.162162,745,69.045412,615,76.587796,3,0.500000
207,9,2.432432,753,69.786840,621,77.334994,3,0.500000
21,10,2.702703,774,71.733086,627,78.082192,3,0.500000
306,11,2.972973,774,71.733086,629,78.331258,3,0.500000
240,12,3.243243,774,71.733086,629,78.331258,3,0.500000
119,13,3.513514,778,72.103800,633,78.829390,3,0.500000
169,14,3.783784,784,72.659870,641,79.825654,3,0.500000
97,15,4.054054,791,73.308619,641,79.825654,3,0.500000
64,16,4.324324,791,73.308619,641,79.825654,3,0.500000
266,17,4.594595,805,74.606117,659,82.067248,3,0.500000
309,18,4.864865,805,74.606117,659,82.067248,3,0.500000
370,19,5.135135,805,74.606117,659,82.067248,3,0.500000
330,20,5.405405,830,76.923077,679,84.557908,3,0.500000
342,21,5.675676,835,77.386469,683,85.056040,3,0.500000
259,22,5.945946,841,77.942539,687,85.554172,3,0.500000
250,23,6.216216,861,79.796108,689,85.803238,4,0.666667
73,24,6.486486,861,79.796108,689,85.803238,4,0.666667
139,25,6.756757,868,80.444856,697,86.799502,4,0.666667
149,26,7.027027,868,80.444856,697,86.799502,4,0.666667
