TestcaseNumber,TestcaseCount,TestcaseRatio,StatementCount,StatementRatio,BranchCount,BranchRatio,FaultCount,FaultRatio
138,1,0.270270,537,49.768304,461,57.409714,0,0.000000
29,2,0.540541,600,55.607044,522,65.006227,2,0.333333
358,3,0.810811,600,55.607044,522,65.006227,2,0.333333
65,4,1.081081,610,56.533828,526,65.504359,2,0.333333
303,5,1.351351,674,62.465246,568,70.734745,3,0.500000
336,6,1.621622,684,63.392030,572,71.232877,5,0.833333
350,7,1.891892,708,65.616311,600,74.719801,5,0.833333
252,8,2.162162,768,71.177016,636,79.202989,5,0.833333
130,9,2.432432,773,71.640408,638,79.452055,5,0.833333
14,10,2.702703,775,71.825765,640,79.701121,5,0.833333
287,11,2.972973,789,73.123262,644,80.199253,5,0.833333
251,12,3.243243,825,76.459685,666,82.938979,5,0.833333
317,13,3.513514,845,78.313253,680,84.682441,5,0.833333
235,14,3.783784,871,80.722892,700,87.173101,5,0.833333
81,15,4.054054,874,81.000927,700,87.173101,5,0.833333
298,16,4.324324,874,81.000927,700,87.173101,5,0.833333
210,17,4.594595,874,81.000927,700,87.173101,5,0.833333
137,18,4.864865,874,81.000927,700,87.173101,5,0.833333
73,19,5.135135,874,81.000927,700,87.173101,5,0.833333
71,20,5.405405,877,81.278962,702,87.422167,5,0.833333
3,21,5.675676,881,81.649676,702,87.422167,5,0.833333
110,22,5.945946,882,81.742354,704,87.671233,5,0.833333
244,23,6.216216,882,81.742354,704,87.671233,5,0.833333
1,24,6.486486,901,83.503244,708,88.169365,5,0.833333
47,25,6.756757,902,83.595922,708,88.169365,5,0.833333
174,26,7.027027,902,83.595922,708,88.169365,5,0.833333
