TestcaseNumber,TestcaseCount,TestcaseRatio,StatementCount,StatementRatio,BranchCount,BranchRatio,FaultCount,FaultRatio
121,1,0.270270,580,53.753475,481,59.900374,3,0.500000
233,2,0.540541,635,58.850788,546,67.995019,3,0.500000
158,3,0.810811,638,59.128823,548,68.244085,3,0.500000
312,4,1.081081,646,59.870250,558,69.489415,4,0.666667
272,5,1.351351,657,60.889713,562,69.987547,4,0.666667
326,6,1.621622,669,62.001854,573,71.357410,4,0.666667
92,7,1.891892,693,64.226135,601,74.844334,4,0.666667
341,8,2.162162,694,64.318814,601,74.844334,4,0.666667
5,9,2.432432,714,66.172382,607,75.591532,4,0.666667
213,10,2.702703,753,69.786840,627,78.082192,4,0.666667
96,11,2.972973,797,73.864690,653,81.320050,4,0.666667
74,12,3.243243,801,74.235403,657,81.818182,4,0.666667
129,13,3.513514,801,74.235403,657,81.818182,4,0.666667
58,14,3.783784,801,74.235403,657,81.818182,4,0.666667
215,15,4.054054,801,74.235403,657,81.818182,4,0.666667
300,16,4.324324,806,74.698795,657,81.818182,4,0.666667
304,17,4.594595,806,74.698795,657,81.818182,4,0.666667
111,18,4.864865,807,74.791474,659,82.067248,4,0.666667
183,19,5.135135,807,74.791474,659,82.067248,4,0.666667
167,20,5.405405,807,74.791474,659,82.067248,4,0.666667
69,21,5.675676,825,76.459685,665,82.814446,4,0.666667
210,22,5.945946,836,77.479147,673,83.810710,4,0.666667
25,23,6.216216,857,79.425394,679,84.557908,4,0.666667
186,24,6.486486,863,79.981464,679,84.557908,4,0.666667
163,25,6.756757,863,79.981464,679,84.557908,4,0.666667
97,26,7.027027,863,79.981464,679,84.557908,4,0.666667
106,27,7.297297,863,79.981464,679,84.557908,4,0.666667
211,28,7.567568,863,79.981464,679,84.557908,4,0.666667
128,29,7.837838,863,79.981464,679,84.557908,4,0.666667
243,30,8.108108,863,79.981464,679,84.557908,4,0.666667
63,31,8.378378,863,79.981464,679,84.557908,4,0.666667
251,32,8.648649,879,81.464319,697,86.799502,4,0.666667
23,33,8.918919,892,82.669138,697,86.799502,4,0.666667
