TestcaseNumber,TestcaseCount,TestcaseRatio,StatementCount,StatementRatio,BranchCount,BranchRatio,FaultCount,FaultRatio
169,1,0.270270,592,54.865616,498,62.017435,0,0.000000
358,2,0.540541,596,55.236330,504,62.764633,0,0.000000
362,3,0.810811,677,62.743281,575,71.606476,4,0.666667
148,4,1.081081,715,66.265060,601,74.844334,4,0.666667
338,5,1.351351,736,68.211307,619,77.085928,4,0.666667
142,6,1.621622,770,71.362373,643,80.074720,4,0.666667
215,7,1.891892,783,72.567192,645,80.323786,4,0.666667
187,8,2.162162,783,72.567192,645,80.323786,4,0.666667
65,9,2.432432,790,73.215941,647,80.572852,4,0.666667
136,10,2.702703,799,74.050046,659,82.067248,4,0.666667
322,11,2.972973,799,74.050046,659,82.067248,4,0.666667
189,12,3.243243,804,74.513438,659,82.067248,4,0.666667
248,13,3.513514,824,76.367006,665,82.814446,4,0.666667
354,14,3.783784,824,76.367006,665,82.814446,4,0.666667
314,15,4.054054,848,78.591288,693,86.301370,4,0.666667
58,16,4.324324,848,78.591288,693,86.301370,4,0.666667
225,17,4.594595,853,79.054680,695,86.550436,4,0.666667
203,18,4.864865,859,79.610751,697,86.799502,4,0.666667
149,19,5.135135,859,79.610751,697,86.799502,4,0.666667
94,20,5.405405,862,79.888786,699,87.048568,4,0.666667
55,21,5.675676,883,81.835032,719,89.539228,4,0.666667
19,22,5.945946,883,81.835032,719,89.539228,4,0.666667
52,23,6.216216,883,81.835032,719,89.539228,4,0.666667
125,24,6.486486,887,82.205746,719,89.539228,4,0.666667
239,25,6.756757,887,82.205746,719,89.539228,4,0.666667
351,26,7.027027,890,82.483781,719,89.539228,4,0.666667
237,27,7.297297,890,82.483781,719,89.539228,4,0.666667
206,28,7.567568,890,82.483781,719,89.539228,4,0.666667
293,29,7.837838,893,82.761816,721,89.788294,4,0.666667
27,30,8.108108,920,85.264133,747,93.026152,4,0.666667
222,31,8.378378,920,85.264133,747,93.026152,4,0.666667
62,32,8.648649,920,85.264133,747,93.026152,4,0.666667
257,33,8.918919,920,85.264133,747,93.026152,4,0.666667
326,34,9.189189,920,85.264133,747,93.026152,4,0.666667
131,35,9.459459,920,85.264133,747,93.026152,4,0.666667
