TestcaseNumber,TestcaseCount,TestcaseRatio,StatementCount,StatementRatio,BranchCount,BranchRatio,FaultCount,FaultRatio
291,1,0.270270,590,54.680259,484,60.273973,5,0.833333
123,2,0.540541,620,57.460612,511,63.636364,5,0.833333
105,3,0.810811,639,59.221501,531,66.127024,5,0.833333
328,4,1.081081,642,59.499537,533,66.376090,5,0.833333
335,5,1.351351,704,65.245598,582,72.478207,5,0.833333
94,6,1.621622,735,68.118628,616,76.712329,5,0.833333
121,7,1.891892,735,68.118628,616,76.712329,5,0.833333
158,8,2.162162,735,68.118628,616,76.712329,5,0.833333
8,9,2.432432,756,70.064875,618,76.961395,5,0.833333
72,10,2.702703,756,70.064875,618,76.961395,5,0.833333
76,11,2.972973,762,70.620945,618,76.961395,5,0.833333
103,12,3.243243,769,71.269694,620,77.210461,5,0.833333
351,13,3.513514,777,72.011121,626,77.957659,5,0.833333
194,14,3.783784,777,72.011121,626,77.957659,5,0.833333
276,15,4.054054,808,74.884152,658,81.942715,5,0.833333
185,16,4.324324,825,76.459685,669,83.312578,5,0.833333
288,17,4.594595,827,76.645042,669,83.312578,5,0.833333
28,18,4.864865,848,78.591288,683,85.056040,5,0.833333
112,19,5.135135,848,78.591288,685,85.305106,5,0.833333
360,20,5.405405,863,79.981464,701,87.297634,5,0.833333
256,21,5.675676,866,80.259500,703,87.546700,5,0.833333
359,22,5.945946,866,80.259500,703,87.546700,5,0.833333
60,23,6.216216,866,80.259500,703,87.546700,5,0.833333
209,24,6.486486,874,81.000927,709,88.293898,5,0.833333
16,25,6.756757,874,81.000927,709,88.293898,5,0.833333
246,26,7.027027,874,81.000927,711,88.542964,5,0.833333
230,27,7.297297,874,81.000927,711,88.542964,5,0.833333
