TestcaseNumber,TestcaseCount,TestcaseRatio,StatementCount,StatementRatio,BranchCount,BranchRatio,FaultCount,FaultRatio
65,1,0.270270,474,43.929564,402,50.062267,0,0.000000
284,2,0.540541,508,47.080630,426,53.051059,0,0.000000
23,3,0.810811,534,49.490269,432,53.798257,0,0.000000
208,4,1.081081,590,54.680259,479,59.651308,0,0.000000
260,5,1.351351,631,58.480074,525,65.379826,0,0.000000
289,6,1.621622,705,65.338276,579,72.104608,5,0.833333
110,7,1.891892,713,66.079703,589,73.349938,5,0.833333
28,8,2.162162,737,68.303985,607,75.591532,5,0.833333
16,9,2.432432,737,68.303985,607,75.591532,5,0.833333
283,10,2.702703,744,68.952734,607,75.591532,5,0.833333
151,11,2.972973,789,73.123262,645,80.323786,5,0.833333
324,12,3.243243,789,73.123262,647,80.572852,5,0.833333
133,13,3.513514,820,75.996293,669,83.312578,5,0.833333
148,14,3.783784,820,75.996293,669,83.312578,5,0.833333
44,15,4.054054,824,76.367006,669,83.312578,5,0.833333
336,16,4.324324,824,76.367006,669,83.312578,5,0.833333
347,17,4.594595,829,76.830399,673,83.810710,5,0.833333
5,18,4.864865,849,78.683967,679,84.557908,5,0.833333
86,19,5.135135,849,78.683967,679,84.557908,5,0.833333
111,20,5.405405,849,78.683967,679,84.557908,5,0.833333
9,21,5.675676,849,78.683967,679,84.557908,5,0.833333
67,22,5.945946,849,78.683967,679,84.557908,5,0.833333
122,23,6.216216,849,78.683967,679,84.557908,5,0.833333
313,24,6.486486,875,81.093605,699,87.048568,5,0.833333
