TestcaseNumber,TestcaseCount,TestcaseRatio,StatementCount,StatementRatio,BranchCount,BranchRatio,FaultCount,FaultRatio
97,1,0.270270,498,46.153846,425,52.926526,0,0.000000
244,2,0.540541,532,49.304912,455,56.662516,0,0.000000
119,3,0.810811,692,64.133457,578,71.980075,2,0.333333
34,4,1.081081,740,68.582020,598,74.470735,4,0.666667
343,5,1.351351,757,70.157553,608,75.716065,4,0.666667
138,6,1.621622,777,72.011121,628,78.206725,4,0.666667
268,7,1.891892,781,72.381835,628,78.206725,4,0.666667
88,8,2.162162,808,74.884152,648,80.697385,4,0.666667
238,9,2.432432,832,77.108434,676,84.184309,4,0.666667
303,10,2.702703,844,78.220575,682,84.931507,4,0.666667
352,11,2.972973,846,78.405931,682,84.931507,4,0.666667
190,12,3.243243,846,78.405931,682,84.931507,4,0.666667
247,13,3.513514,846,78.405931,682,84.931507,4,0.666667
23,14,3.783784,871,80.722892,688,85.678705,4,0.666667
256,15,4.054054,874,81.000927,690,85.927771,4,0.666667
40,16,4.324324,874,81.000927,690,85.927771,4,0.666667
92,17,4.594595,877,81.278962,692,86.176837,4,0.666667
18,18,4.864865,878,81.371640,694,86.425903,4,0.666667
21,19,5.135135,883,81.835032,694,86.425903,4,0.666667
239,20,5.405405,883,81.835032,694,86.425903,4,0.666667
20,21,5.675676,892,82.669138,696,86.674969,4,0.666667
161,22,5.945946,894,82.854495,696,86.674969,4,0.666667
69,23,6.216216,894,82.854495,696,86.674969,4,0.666667
87,24,6.486486,894,82.854495,696,86.674969,4,0.666667
206,25,6.756757,895,82.947173,698,86.924035,4,0.666667
93,26,7.027027,901,83.503244,700,87.173101,4,0.666667
142,27,7.297297,901,83.503244,700,87.173101,4,0.666667
279,28,7.567568,901,83.503244,700,87.173101,4,0.666667
298,29,7.837838,901,83.503244,700,87.173101,4,0.666667
127,30,8.108108,911,84.430028,709,88.293898,4,0.666667
233,31,8.378378,911,84.430028,709,88.293898,4,0.666667
