TestcaseNumber,TestcaseCount,TestcaseRatio,StatementCount,StatementRatio,BranchCount,BranchRatio,FaultCount,FaultRatio
333,1,0.270270,550,50.973123,463,57.658780,3,0.500000
230,2,0.540541,607,56.255792,519,64.632628,3,0.500000
182,3,0.810811,631,58.480074,537,66.874222,4,0.666667
316,4,1.081081,720,66.728452,612,76.214197,4,0.666667
314,5,1.351351,720,66.728452,612,76.214197,4,0.666667
113,6,1.621622,731,67.747915,616,76.712329,4,0.666667
272,7,1.891892,740,68.582020,618,76.961395,4,0.666667
326,8,2.162162,752,69.694161,629,78.331258,4,0.666667
239,9,2.432432,752,69.694161,629,78.331258,4,0.666667
203,10,2.702703,760,70.435589,635,79.078456,4,0.666667
83,11,2.972973,774,71.733086,637,79.327522,4,0.666667
355,12,3.243243,781,72.381835,639,79.576588,4,0.666667
244,13,3.513514,809,74.976830,661,82.316314,4,0.666667
26,14,3.783784,834,77.293791,685,85.305106,4,0.666667
222,15,4.054054,839,77.757183,691,86.052304,4,0.666667
35,16,4.324324,859,79.610751,693,86.301370,4,0.666667
212,17,4.594595,859,79.610751,693,86.301370,4,0.666667
105,18,4.864865,859,79.610751,693,86.301370,4,0.666667
128,19,5.135135,859,79.610751,693,86.301370,4,0.666667
62,20,5.405405,859,79.610751,693,86.301370,4,0.666667
104,21,5.675676,859,79.610751,693,86.301370,4,0.666667
175,22,5.945946,860,79.703429,693,86.301370,5,0.833333
96,23,6.216216,860,79.703429,693,86.301370,5,0.833333
44,24,6.486486,861,79.796108,693,86.301370,5,0.833333
148,25,6.756757,861,79.796108,693,86.301370,5,0.833333
89,26,7.027027,886,82.113068,713,88.792030,5,0.833333
108,27,7.297297,886,82.113068,713,88.792030,5,0.833333
99,28,7.567568,886,82.113068,713,88.792030,5,0.833333
286,29,7.837838,886,82.113068,713,88.792030,5,0.833333
323,30,8.108108,886,82.113068,713,88.792030,5,0.833333
265,31,8.378378,886,82.113068,713,88.792030,5,0.833333
156,32,8.648649,889,82.391103,715,89.041096,5,0.833333
