TestcaseNumber,TestcaseCount,TestcaseRatio,StatementCount,StatementRatio,BranchCount,BranchRatio,FaultCount,FaultRatio
244,1,0.270270,321,29.749768,307,38.231631,0,0.000000
27,2,0.540541,551,51.065802,477,59.402242,3,0.500000
132,3,0.810811,681,63.113994,584,72.727273,3,0.500000
4,4,1.081081,708,65.616311,590,73.474471,3,0.500000
102,5,1.351351,725,67.191844,598,74.470735,3,0.500000
204,6,1.621622,751,69.601483,614,76.463263,4,0.666667
86,7,1.891892,785,72.752549,638,79.452055,4,0.666667
111,8,2.162162,797,73.864690,644,80.199253,4,0.666667
9,9,2.432432,797,73.864690,644,80.199253,4,0.666667
54,10,2.702703,815,75.532901,656,81.693649,4,0.666667
95,11,2.972973,855,79.240037,694,86.425903,4,0.666667
153,12,3.243243,870,80.630213,707,88.044832,4,0.666667
198,13,3.513514,877,81.278962,715,89.041096,4,0.666667
330,14,3.783784,878,81.371640,715,89.041096,4,0.666667
186,15,4.054054,884,81.927711,715,89.041096,4,0.666667
219,16,4.324324,884,81.927711,715,89.041096,4,0.666667
124,17,4.594595,884,81.927711,715,89.041096,4,0.666667
163,18,4.864865,885,82.020389,715,89.041096,4,0.666667
273,19,5.135135,885,82.020389,715,89.041096,4,0.666667
210,20,5.405405,890,82.483781,715,89.041096,4,0.666667
245,21,5.675676,890,82.483781,715,89.041096,4,0.666667
287,22,5.945946,890,82.483781,715,89.041096,4,0.666667
47,23,6.216216,891,82.576460,715,89.041096,4,0.666667
116,24,6.486486,891,82.576460,715,89.041096,4,0.666667
139,25,6.756757,896,83.039852,721,89.788294,4,0.666667
157,26,7.027027,896,83.039852,721,89.788294,4,0.666667
8,27,7.297297,904,83.781279,721,89.788294,4,0.666667
365,28,7.567568,909,84.244671,723,90.037360,4,0.666667
253,29,7.837838,909,84.244671,723,90.037360,4,0.666667
