TestcaseNumber,TestcaseCount,TestcaseRatio,StatementCount,StatementRatio,BranchCount,BranchRatio,FaultCount,FaultRatio
310,1,0.270270,574,53.197405,469,58.405978,2,0.333333
312,2,0.540541,629,58.294717,540,67.247821,3,0.500000
210,3,0.810811,657,60.889713,562,69.987547,4,0.666667
344,4,1.081081,690,63.948100,582,72.478207,4,0.666667
141,5,1.351351,714,66.172382,594,73.972603,4,0.666667
306,6,1.621622,724,67.099166,605,75.342466,4,0.666667
41,7,1.891892,754,69.879518,617,76.836862,4,0.666667
68,8,2.162162,754,69.879518,617,76.836862,4,0.666667
217,9,2.432432,768,71.177016,619,77.085928,4,0.666667
190,10,2.702703,772,71.547729,625,77.833126,4,0.666667
181,11,2.972973,796,73.772011,641,79.825654,4,0.666667
351,12,3.243243,828,76.737720,675,84.059776,4,0.666667
160,13,3.513514,828,76.737720,675,84.059776,4,0.666667
244,14,3.783784,828,76.737720,677,84.308842,4,0.666667
77,15,4.054054,828,76.737720,677,84.308842,4,0.666667
197,16,4.324324,829,76.830399,677,84.308842,4,0.666667
246,17,4.594595,830,76.923077,677,84.308842,4,0.666667
331,18,4.864865,830,76.923077,677,84.308842,4,0.666667
111,19,5.135135,831,77.015755,679,84.557908,4,0.666667
46,20,5.405405,831,77.015755,679,84.557908,4,0.666667
280,21,5.675676,851,78.869323,693,86.301370,4,0.666667
209,22,5.945946,851,78.869323,693,86.301370,4,0.666667
333,23,6.216216,851,78.869323,693,86.301370,4,0.666667
355,24,6.486486,851,78.869323,693,86.301370,4,0.666667
173,25,6.756757,852,78.962002,693,86.301370,5,0.833333
340,26,7.027027,852,78.962002,693,86.301370,5,0.833333
236,27,7.297297,852,78.962002,693,86.301370,5,0.833333
176,28,7.567568,852,78.962002,693,86.301370,5,0.833333
120,29,7.837838,852,78.962002,693,86.301370,5,0.833333
143,30,8.108108,852,78.962002,693,86.301370,5,0.833333
31,31,8.378378,879,81.464319,697,86.799502,5,0.833333
189,32,8.648649,880,81.556997,697,86.799502,5,0.833333
205,33,8.918919,880,81.556997,697,86.799502,5,0.833333
52,34,9.189189,880,81.556997,697,86.799502,5,0.833333
154,35,9.459459,880,81.556997,697,86.799502,5,0.833333
73,36,9.729730,880,81.556997,697,86.799502,5,0.833333
156,37,10.000000,880,81.556997,697,86.799502,5,0.833333
336,38,10.270270,880,81.556997,697,86.799502,5,0.833333
