TestcaseNumber,TestcaseCount,TestcaseRatio,StatementCount,StatementRatio,BranchCount,BranchRatio,FaultCount,FaultRatio
206,1,0.270270,562,52.085264,484,60.273973,0,0.000000
288,2,0.540541,681,63.113994,566,70.485679,5,0.833333
100,3,0.810811,697,64.596849,570,70.983811,5,0.833333
225,4,1.081081,713,66.079703,582,72.478207,5,0.833333
138,5,1.351351,726,67.284523,594,73.972603,5,0.833333
132,6,1.621622,733,67.933272,600,74.719801,5,0.833333
11,7,1.891892,760,70.435589,606,75.466999,5,0.833333
335,8,2.162162,768,71.177016,606,75.466999,5,0.833333
357,9,2.432432,780,72.289157,624,77.708593,5,0.833333
285,10,2.702703,787,72.937905,628,78.206725,5,0.833333
85,11,2.972973,796,73.772011,632,78.704857,5,0.833333
155,12,3.243243,806,74.698795,643,80.074720,5,0.833333
59,13,3.513514,830,76.923077,671,83.561644,5,0.833333
41,14,3.783784,830,76.923077,671,83.561644,5,0.833333
263,15,4.054054,830,76.923077,671,83.561644,5,0.833333
18,16,4.324324,831,77.015755,673,83.810710,5,0.833333
325,17,4.594595,831,77.015755,675,84.059776,5,0.833333
40,18,4.864865,831,77.015755,675,84.059776,5,0.833333
209,19,5.135135,831,77.015755,675,84.059776,5,0.833333
29,20,5.405405,852,78.962002,689,85.803238,5,0.833333
297,21,5.675676,852,78.962002,691,86.052304,5,0.833333
53,22,5.945946,873,80.908248,711,88.542964,5,0.833333
32,23,6.216216,883,81.835032,713,88.792030,5,0.833333
110,24,6.486486,883,81.835032,713,88.792030,5,0.833333
43,25,6.756757,883,81.835032,713,88.792030,5,0.833333
31,26,7.027027,891,82.576460,715,89.041096,5,0.833333
16,27,7.297297,891,82.576460,715,89.041096,5,0.833333
189,28,7.567568,892,82.669138,715,89.041096,5,0.833333
236,29,7.837838,892,82.669138,715,89.041096,5,0.833333
212,30,8.108108,916,84.893420,731,91.033624,5,0.833333
282,31,8.378378,917,84.986098,731,91.033624,5,0.833333
312,32,8.648649,922,85.449490,731,91.033624,5,0.833333
201,33,8.918919,922,85.449490,731,91.033624,5,0.833333
216,34,9.189189,922,85.449490,731,91.033624,5,0.833333
364,35,9.459459,955,88.507878,747,93.026152,5,0.833333
