TestcaseNumber,TestcaseCount,TestcaseRatio,StatementCount,StatementRatio,BranchCount,BranchRatio,FaultCount,FaultRatio
252,1,0.270270,473,43.836886,382,47.571606,0,0.000000
168,2,0.540541,629,58.294717,524,65.255293,0,0.000000
171,3,0.810811,637,59.036145,532,66.251557,0,0.000000
265,4,1.081081,645,59.777572,534,66.500623,0,0.000000
187,5,1.351351,679,62.928638,567,70.610212,3,0.500000
11,6,1.621622,706,65.430955,573,71.357410,3,0.500000
191,7,1.891892,734,68.025950,585,72.851806,3,0.500000
43,8,2.162162,734,68.025950,585,72.851806,3,0.500000
121,9,2.432432,738,68.396664,587,73.100872,4,0.666667
126,10,2.702703,770,71.362373,619,77.085928,4,0.666667
338,11,2.972973,803,74.420760,639,79.576588,4,0.666667
98,12,3.243243,803,74.420760,639,79.576588,4,0.666667
33,13,3.513514,811,75.162187,639,79.576588,4,0.666667
57,14,3.783784,835,77.386469,667,83.063512,4,0.666667
108,15,4.054054,836,77.479147,669,83.312578,4,0.666667
174,16,4.324324,837,77.571826,669,83.312578,5,0.833333
164,17,4.594595,837,77.571826,669,83.312578,5,0.833333
172,18,4.864865,837,77.571826,669,83.312578,5,0.833333
128,19,5.135135,837,77.571826,669,83.312578,5,0.833333
71,20,5.405405,852,78.962002,673,83.810710,5,0.833333
68,21,5.675676,852,78.962002,673,83.810710,5,0.833333
183,22,5.945946,852,78.962002,673,83.810710,5,0.833333
281,23,6.216216,852,78.962002,673,83.810710,5,0.833333
150,24,6.486486,852,78.962002,673,83.810710,5,0.833333
227,25,6.756757,865,80.166821,687,85.554172,5,0.833333
292,26,7.027027,865,80.166821,687,85.554172,5,0.833333
267,27,7.297297,865,80.166821,689,85.803238,5,0.833333
209,28,7.567568,872,80.815570,693,86.301370,5,0.833333
160,29,7.837838,873,80.908248,693,86.301370,5,0.833333
334,30,8.108108,873,80.908248,693,86.301370,5,0.833333
202,31,8.378378,890,82.483781,711,88.542964,5,0.833333
238,32,8.648649,890,82.483781,711,88.542964,5,0.833333
323,33,8.918919,890,82.483781,711,88.542964,5,0.833333
214,34,9.189189,890,82.483781,711,88.542964,5,0.833333
363,35,9.459459,945,87.581094,733,91.282690,5,0.833333
105,36,9.729730,945,87.581094,733,91.282690,5,0.833333
153,37,10.000000,945,87.581094,733,91.282690,5,0.833333
