TestcaseNumber,TestcaseCount,TestcaseRatio,StatementCount,StatementRatio,BranchCount,BranchRatio,FaultCount,FaultRatio
8,1,0.270270,427,39.573679,339,42.216687,3,0.500000
350,2,0.540541,478,44.300278,383,47.696139,3,0.500000
47,3,0.810811,593,54.958295,490,61.021171,3,0.500000
166,4,1.081081,664,61.538462,537,66.874222,3,0.500000
78,5,1.351351,708,65.616311,572,71.232877,3,0.500000
152,6,1.621622,711,65.894347,574,71.481943,3,0.500000
349,7,1.891892,762,70.620945,624,77.708593,3,0.500000
64,8,2.162162,769,71.269694,626,77.957659,3,0.500000
273,9,2.432432,782,72.474513,628,78.206725,3,0.500000
269,10,2.702703,782,72.474513,630,78.455791,3,0.500000
82,11,2.972973,782,72.474513,630,78.455791,3,0.500000
251,12,3.243243,783,72.567192,634,78.953923,3,0.500000
53,13,3.513514,784,72.659870,634,78.953923,3,0.500000
138,14,3.783784,793,73.493976,646,80.448319,3,0.500000
62,15,4.054054,813,75.347544,660,82.191781,3,0.500000
366,16,4.324324,856,79.332715,696,86.674969,3,0.500000
197,17,4.594595,857,79.425394,696,86.674969,3,0.500000
97,18,4.864865,857,79.425394,696,86.674969,3,0.500000
354,19,5.135135,857,79.425394,696,86.674969,3,0.500000
193,20,5.405405,860,79.703429,698,86.924035,3,0.500000
233,21,5.675676,860,79.703429,698,86.924035,3,0.500000
23,22,5.945946,885,82.020389,704,87.671233,3,0.500000
330,23,6.216216,888,82.298424,706,87.920299,4,0.666667
265,24,6.486486,888,82.298424,706,87.920299,4,0.666667
226,25,6.756757,897,83.132530,714,88.916563,4,0.666667
245,26,7.027027,902,83.595922,718,89.414695,4,0.666667
