TestcaseNumber,TestcaseCount,TestcaseRatio,StatementCount,StatementRatio,BranchCount,BranchRatio,FaultCount,FaultRatio
148,1,0.270270,636,58.943466,535,66.625156,3,0.500000
124,2,0.540541,672,62.279889,573,71.357410,4,0.666667
354,3,0.810811,680,63.021316,575,71.606476,4,0.666667
22,4,1.081081,706,65.430955,581,72.353674,4,0.666667
166,5,1.351351,739,68.489342,613,76.338730,4,0.666667
227,6,1.621622,764,70.806302,637,79.327522,4,0.666667
292,7,1.891892,767,71.084337,639,79.576588,4,0.666667
43,8,2.162162,767,71.084337,639,79.576588,4,0.666667
92,9,2.432432,776,71.918443,643,80.074720,4,0.666667
214,10,2.702703,802,74.328082,661,82.316314,4,0.666667
278,11,2.972973,825,76.459685,671,83.561644,4,0.666667
112,12,3.243243,825,76.459685,673,83.810710,4,0.666667
183,13,3.513514,825,76.459685,673,83.810710,4,0.666667
222,14,3.783784,828,76.737720,673,83.810710,4,0.666667
118,15,4.054054,828,76.737720,673,83.810710,4,0.666667
180,16,4.324324,828,76.737720,673,83.810710,4,0.666667
209,17,4.594595,836,77.479147,679,84.557908,4,0.666667
154,18,4.864865,836,77.479147,679,84.557908,4,0.666667
365,19,5.135135,861,79.796108,683,85.056040,4,0.666667
353,20,5.405405,881,81.649676,697,86.799502,4,0.666667
356,21,5.675676,884,81.927711,699,87.048568,4,0.666667
89,22,5.945946,892,82.669138,699,87.048568,4,0.666667
165,23,6.216216,892,82.669138,699,87.048568,4,0.666667
119,24,6.486486,892,82.669138,699,87.048568,4,0.666667
45,25,6.756757,893,82.761816,699,87.048568,4,0.666667
270,26,7.027027,893,82.761816,699,87.048568,4,0.666667
64,27,7.297297,893,82.761816,699,87.048568,4,0.666667
68,28,7.567568,893,82.761816,699,87.048568,4,0.666667
146,29,7.837838,893,82.761816,699,87.048568,4,0.666667
238,30,8.108108,893,82.761816,699,87.048568,4,0.666667
75,31,8.378378,893,82.761816,699,87.048568,4,0.666667
30,32,8.648649,923,85.542169,727,90.535492,4,0.666667
69,33,8.918919,923,85.542169,727,90.535492,4,0.666667
263,34,9.189189,923,85.542169,727,90.535492,4,0.666667
156,35,9.459459,923,85.542169,727,90.535492,4,0.666667
277,36,9.729730,930,86.190918,733,91.282690,4,0.666667
244,37,10.000000,930,86.190918,733,91.282690,4,0.666667
80,38,10.270270,930,86.190918,733,91.282690,4,0.666667
