TestcaseNumber,TestcaseCount,TestcaseRatio,StatementCount,StatementRatio,BranchCount,BranchRatio,FaultCount,FaultRatio
152,1,0.270270,603,55.885079,518,64.508095,2,0.333333
258,2,0.540541,671,62.187210,580,72.229141,2,0.333333
336,3,0.810811,690,63.948100,588,73.225405,5,0.833333
27,4,1.081081,721,66.821131,620,77.210461,5,0.833333
143,5,1.351351,738,68.396664,632,78.704857,5,0.833333
35,6,1.621622,758,70.250232,634,78.953923,5,0.833333
76,7,1.891892,788,73.030584,646,80.448319,5,0.833333
345,8,2.162162,790,73.215941,648,80.697385,5,0.833333
277,9,2.432432,811,75.162187,652,81.195517,5,0.833333
230,10,2.702703,816,75.625579,656,81.693649,5,0.833333
213,11,2.972973,840,77.849861,672,83.686177,5,0.833333
366,12,3.243243,859,79.610751,690,85.927771,5,0.833333
187,13,3.513514,869,80.537535,699,87.048568,5,0.833333
302,14,3.783784,874,81.000927,699,87.048568,5,0.833333
55,15,4.054054,874,81.000927,699,87.048568,5,0.833333
161,16,4.324324,874,81.000927,699,87.048568,5,0.833333
368,17,4.594595,877,81.278962,699,87.048568,5,0.833333
294,18,4.864865,877,81.278962,699,87.048568,5,0.833333
107,19,5.135135,877,81.278962,699,87.048568,5,0.833333
36,20,5.405405,881,81.649676,703,87.546700,5,0.833333
78,21,5.675676,881,81.649676,703,87.546700,5,0.833333
138,22,5.945946,886,82.113068,709,88.293898,5,0.833333
349,23,6.216216,889,82.391103,711,88.542964,5,0.833333
42,24,6.486486,889,82.391103,711,88.542964,5,0.833333
144,25,6.756757,889,82.391103,711,88.542964,5,0.833333
263,26,7.027027,909,84.244671,725,90.286426,5,0.833333
131,27,7.297297,933,86.468953,753,93.773350,5,0.833333
134,28,7.567568,933,86.468953,753,93.773350,5,0.833333
216,29,7.837838,933,86.468953,753,93.773350,5,0.833333
