TestcaseNumber,TestcaseCount,TestcaseRatio,StatementCount,StatementRatio,BranchCount,BranchRatio,FaultCount,FaultRatio
41,1,0.270270,497,46.061168,427,53.175592,0,0.000000
268,2,0.540541,503,46.617238,435,54.171856,0,0.000000
61,3,0.810811,533,49.397590,455,56.662516,0,0.000000
228,4,1.081081,552,51.158480,471,58.655044,0,0.000000
262,5,1.351351,552,51.158480,471,58.655044,0,0.000000
139,6,1.621622,656,60.797034,554,68.991283,0,0.000000
242,7,1.891892,656,60.797034,554,68.991283,0,0.000000
329,8,2.162162,695,64.411492,582,72.478207,2,0.333333
259,9,2.432432,753,69.786840,632,78.704857,2,0.333333
359,10,2.702703,753,69.786840,632,78.704857,2,0.333333
133,11,2.972973,758,70.250232,634,78.953923,2,0.333333
20,12,3.243243,786,72.845227,638,79.452055,2,0.333333
144,13,3.513514,788,73.030584,638,79.452055,3,0.500000
325,14,3.783784,814,75.440222,653,81.320050,3,0.500000
127,15,4.054054,814,75.440222,653,81.320050,3,0.500000
175,16,4.324324,817,75.718258,657,81.818182,5,0.833333
360,17,4.594595,832,77.108434,675,84.059776,5,0.833333
166,18,4.864865,856,79.332715,703,87.546700,5,0.833333
335,19,5.135135,856,79.332715,703,87.546700,5,0.833333
203,20,5.405405,862,79.888786,705,87.795766,5,0.833333
290,21,5.675676,863,79.981464,705,87.795766,5,0.833333
271,22,5.945946,863,79.981464,705,87.795766,5,0.833333
34,23,6.216216,888,82.298424,721,89.788294,6,1.000000
