TestcaseNumber,TestcaseCount,TestcaseRatio,StatementCount,StatementRatio,BranchCount,BranchRatio,FaultCount,FaultRatio
308,1,0.270270,613,56.811863,519,64.632628,3,0.500000
45,2,0.540541,639,59.221501,539,67.123288,3,0.500000
75,3,0.810811,643,59.592215,543,67.621420,3,0.500000
301,4,1.081081,649,60.148285,543,67.621420,4,0.666667
84,5,1.351351,655,60.704356,547,68.119552,4,0.666667
297,6,1.621622,679,62.928638,577,71.855542,4,0.666667
342,7,1.891892,721,66.821131,603,75.093400,4,0.666667
166,8,2.162162,722,66.913809,603,75.093400,4,0.666667
118,9,2.432432,722,66.913809,603,75.093400,4,0.666667
282,10,2.702703,735,68.118628,607,75.591532,4,0.666667
223,11,2.972973,743,68.860056,613,76.338730,4,0.666667
316,12,3.243243,763,70.713624,627,78.082192,4,0.666667
288,13,3.513514,770,71.362373,629,78.331258,5,0.833333
160,14,3.783784,802,74.328082,661,82.316314,5,0.833333
135,15,4.054054,802,74.328082,661,82.316314,5,0.833333
237,16,4.324324,802,74.328082,661,82.316314,5,0.833333
73,17,4.594595,802,74.328082,661,82.316314,5,0.833333
63,18,4.864865,802,74.328082,661,82.316314,5,0.833333
331,19,5.135135,811,75.162187,661,82.316314,5,0.833333
115,20,5.405405,811,75.162187,661,82.316314,5,0.833333
208,21,5.675676,813,75.347544,665,82.814446,5,0.833333
310,22,5.945946,813,75.347544,665,82.814446,5,0.833333
5,23,6.216216,833,77.201112,671,83.561644,5,0.833333
306,24,6.486486,833,77.201112,673,83.810710,5,0.833333
209,25,6.756757,834,77.293791,675,84.059776,5,0.833333
321,26,7.027027,863,79.981464,695,86.550436,6,1.000000
10,27,7.297297,879,81.464319,699,87.048568,6,1.000000
50,28,7.567568,879,81.464319,699,87.048568,6,1.000000
176,29,7.837838,879,81.464319,699,87.048568,6,1.000000
