TestcaseNumber,TestcaseCount,TestcaseRatio,StatementCount,StatementRatio,BranchCount,BranchRatio,FaultCount,FaultRatio
34,1,0.270270,451,41.797961,357,44.458281,4,0.666667
282,2,0.540541,602,55.792400,479,59.651308,4,0.666667
87,3,0.810811,643,59.592215,519,64.632628,4,0.666667
330,4,1.081081,693,64.226135,576,71.731009,5,0.833333
124,5,1.351351,709,65.708990,587,73.100872,5,0.833333
334,6,1.621622,753,69.786840,613,76.338730,5,0.833333
273,7,1.891892,771,71.455051,617,76.836862,5,0.833333
272,8,2.162162,771,71.455051,617,76.836862,5,0.833333
189,9,2.432432,775,71.825765,619,77.085928,5,0.833333
41,10,2.702703,781,72.381835,619,77.085928,5,0.833333
186,11,2.972973,785,72.752549,623,77.584060,5,0.833333
193,12,3.243243,788,73.030584,625,77.833126,5,0.833333
205,13,3.513514,796,73.772011,631,78.580324,5,0.833333
121,14,3.783784,796,73.772011,631,78.580324,5,0.833333
283,15,4.054054,796,73.772011,631,78.580324,5,0.833333
42,16,4.324324,796,73.772011,631,78.580324,5,0.833333
32,17,4.594595,798,73.957368,633,78.829390,5,0.833333
188,18,4.864865,798,73.957368,633,78.829390,5,0.833333
224,19,5.135135,816,75.625579,653,81.320050,5,0.833333
114,20,5.405405,816,75.625579,653,81.320050,5,0.833333
92,21,5.675676,840,77.849861,681,84.806974,5,0.833333
165,22,5.945946,840,77.849861,681,84.806974,5,0.833333
215,23,6.216216,842,78.035218,683,85.056040,5,0.833333
118,24,6.486486,842,78.035218,683,85.056040,5,0.833333
33,25,6.756757,842,78.035218,683,85.056040,5,0.833333
91,26,7.027027,843,78.127896,683,85.056040,5,0.833333
151,27,7.297297,843,78.127896,683,85.056040,5,0.833333
355,28,7.567568,843,78.127896,683,85.056040,5,0.833333
254,29,7.837838,843,78.127896,683,85.056040,5,0.833333
5,30,8.108108,844,78.220575,687,85.554172,5,0.833333
63,31,8.378378,844,78.220575,687,85.554172,5,0.833333
295,32,8.648649,844,78.220575,687,85.554172,5,0.833333
361,33,8.918919,844,78.220575,687,85.554172,5,0.833333
264,34,9.189189,844,78.220575,687,85.554172,5,0.833333
101,35,9.459459,844,78.220575,687,85.554172,5,0.833333
342,36,9.729730,861,79.796108,693,86.301370,5,0.833333
