TestcaseNumber,TestcaseCount,TestcaseRatio,StatementCount,StatementRatio,BranchCount,BranchRatio,FaultCount,FaultRatio
265,1,0.270270,469,43.466172,390,48.567870,0,0.000000
24,2,0.540541,482,44.670992,390,48.567870,0,0.000000
256,3,0.810811,538,49.860982,455,56.662516,0,0.000000
279,4,1.081081,594,55.050973,495,61.643836,0,0.000000
263,5,1.351351,638,59.128823,521,64.881694,0,0.000000
296,6,1.621622,728,67.469880,590,73.474471,2,0.333333
63,7,1.891892,735,68.118628,606,75.466999,2,0.333333
326,8,2.162162,762,70.620945,625,77.833126,3,0.500000
156,9,2.432432,766,70.991659,627,78.082192,3,0.500000
151,10,2.702703,772,71.547729,627,78.082192,3,0.500000
3,11,2.972973,776,71.918443,627,78.082192,3,0.500000
368,12,3.243243,799,74.050046,629,78.331258,4,0.666667
235,13,3.513514,832,77.108434,661,82.316314,4,0.666667
202,14,3.783784,856,79.332715,683,85.056040,4,0.666667
253,15,4.054054,856,79.332715,683,85.056040,4,0.666667
177,16,4.324324,888,82.298424,703,87.546700,4,0.666667
53,17,4.594595,888,82.298424,703,87.546700,4,0.666667
118,18,4.864865,888,82.298424,703,87.546700,4,0.666667
309,19,5.135135,888,82.298424,703,87.546700,4,0.666667
59,20,5.405405,888,82.298424,703,87.546700,4,0.666667
84,21,5.675676,888,82.298424,703,87.546700,4,0.666667
92,22,5.945946,888,82.298424,703,87.546700,4,0.666667
195,23,6.216216,888,82.298424,703,87.546700,4,0.666667
74,24,6.486486,888,82.298424,703,87.546700,4,0.666667
93,25,6.756757,900,83.410565,711,88.542964,4,0.666667
365,26,7.027027,905,83.873957,713,88.792030,4,0.666667
69,27,7.297297,905,83.873957,713,88.792030,4,0.666667
275,28,7.567568,905,83.873957,713,88.792030,4,0.666667
32,29,7.837838,907,84.059314,715,89.041096,4,0.666667
221,30,8.108108,910,84.337349,715,89.041096,4,0.666667
