TestcaseNumber,TestcaseCount,TestcaseRatio,StatementCount,StatementRatio,BranchCount,BranchRatio,FaultCount,FaultRatio
78,1,0.270270,501,46.431881,435,54.171856,0,0.000000
313,2,0.540541,671,62.187210,570,70.983811,2,0.333333
88,3,0.810811,674,62.465246,570,70.983811,2,0.333333
367,4,1.081081,709,65.708990,576,71.731009,3,0.500000
161,5,1.351351,709,65.708990,576,71.731009,3,0.500000
174,6,1.621622,724,67.099166,582,72.478207,5,0.833333
370,7,1.891892,724,67.099166,582,72.478207,5,0.833333
250,8,2.162162,724,67.099166,582,72.478207,5,0.833333
1,9,2.432432,743,68.860056,586,72.976339,5,0.833333
176,10,2.702703,772,71.547729,606,75.466999,5,0.833333
293,11,2.972973,775,71.825765,608,75.716065,5,0.833333
113,12,3.243243,775,71.825765,610,75.965131,5,0.833333
216,13,3.513514,775,71.825765,610,75.965131,5,0.833333
358,14,3.783784,775,71.825765,610,75.965131,5,0.833333
45,15,4.054054,794,73.586654,614,76.463263,5,0.833333
17,16,4.324324,798,73.957368,614,76.463263,5,0.833333
86,17,4.594595,798,73.957368,614,76.463263,5,0.833333
80,18,4.864865,798,73.957368,614,76.463263,5,0.833333
237,19,5.135135,822,76.181650,642,79.950187,5,0.833333
81,20,5.405405,836,77.479147,644,80.199253,5,0.833333
42,21,5.675676,836,77.479147,644,80.199253,5,0.833333
171,22,5.945946,856,79.332715,660,82.191781,5,0.833333
13,23,6.216216,858,79.518072,662,82.440847,5,0.833333
232,24,6.486486,858,79.518072,662,82.440847,5,0.833333
58,25,6.756757,858,79.518072,662,82.440847,5,0.833333
268,26,7.027027,859,79.610751,662,82.440847,5,0.833333
97,27,7.297297,859,79.610751,662,82.440847,5,0.833333
295,28,7.567568,869,80.537535,671,83.561644,5,0.833333
319,29,7.837838,869,80.537535,671,83.561644,5,0.833333
262,30,8.108108,869,80.537535,671,83.561644,5,0.833333
28,31,8.378378,890,82.483781,685,85.305106,5,0.833333
298,32,8.648649,890,82.483781,685,85.305106,5,0.833333
214,33,8.918919,890,82.483781,685,85.305106,5,0.833333
145,34,9.189189,890,82.483781,685,85.305106,5,0.833333
108,35,9.459459,891,82.576460,687,85.554172,5,0.833333
272,36,9.729730,891,82.576460,687,85.554172,5,0.833333
6,37,10.000000,891,82.576460,687,85.554172,5,0.833333
332,38,10.270270,891,82.576460,687,85.554172,5,0.833333
312,39,10.540541,891,82.576460,687,85.554172,5,0.833333
26,40,10.810811,900,83.410565,701,87.297634,5,0.833333
