TestcaseNumber,TestcaseCount,TestcaseRatio,StatementCount,StatementRatio,BranchCount,BranchRatio,FaultCount,FaultRatio
221,1,0.270270,499,46.246525,427,53.175592,0,0.000000
13,2,0.540541,501,46.431881,429,53.424658,0,0.000000
236,3,0.810811,533,49.397590,469,58.405978,0,0.000000
356,4,1.081081,560,51.899907,489,60.896638,0,0.000000
113,5,1.351351,693,64.226135,590,73.474471,2,0.333333
136,6,1.621622,711,65.894347,604,75.217933,2,0.333333
175,7,1.891892,719,66.635774,612,76.214197,5,0.833333
188,8,2.162162,738,68.396664,623,77.584060,5,0.833333
261,9,2.432432,757,70.157553,641,79.825654,5,0.833333
155,10,2.702703,757,70.157553,641,79.825654,5,0.833333
82,11,2.972973,757,70.157553,641,79.825654,5,0.833333
231,12,3.243243,763,70.713624,645,80.323786,5,0.833333
354,13,3.513514,763,70.713624,645,80.323786,5,0.833333
249,14,3.783784,783,72.567192,647,80.572852,5,0.833333
291,15,4.054054,783,72.567192,647,80.572852,5,0.833333
295,16,4.324324,808,74.884152,667,83.063512,5,0.833333
212,17,4.594595,832,77.108434,683,85.056040,5,0.833333
9,18,4.864865,832,77.108434,683,85.056040,5,0.833333
178,19,5.135135,832,77.108434,683,85.056040,5,0.833333
167,20,5.405405,832,77.108434,683,85.056040,5,0.833333
311,21,5.675676,835,77.386469,685,85.305106,5,0.833333
262,22,5.945946,856,79.332715,699,87.048568,5,0.833333
362,23,6.216216,872,80.815570,715,89.041096,5,0.833333
75,24,6.486486,872,80.815570,715,89.041096,5,0.833333
308,25,6.756757,872,80.815570,715,89.041096,5,0.833333
85,26,7.027027,872,80.815570,715,89.041096,5,0.833333
341,27,7.297297,872,80.815570,715,89.041096,5,0.833333
316,28,7.567568,872,80.815570,715,89.041096,5,0.833333
227,29,7.837838,873,80.908248,715,89.041096,5,0.833333
338,30,8.108108,873,80.908248,715,89.041096,5,0.833333
321,31,8.378378,873,80.908248,715,89.041096,6,1.000000
351,32,8.648649,873,80.908248,715,89.041096,6,1.000000
166,33,8.918919,873,80.908248,715,89.041096,6,1.000000
