TestcaseNumber,TestcaseCount,TestcaseRatio,StatementCount,StatementRatio,BranchCount,BranchRatio,FaultCount,FaultRatio
89,1,0.270270,476,44.114921,425,52.926526,0,0.000000
212,2,0.540541,643,59.592215,552,68.742217,3,0.500000
71,3,0.810811,665,61.631140,560,69.738481,3,0.500000
292,4,1.081081,699,64.782206,584,72.727273,3,0.500000
106,5,1.351351,699,64.782206,584,72.727273,3,0.500000
291,6,1.621622,712,65.987025,596,74.221669,5,0.833333
35,7,1.891892,732,67.840593,598,74.470735,5,0.833333
10,8,2.162162,748,69.323448,602,74.968867,5,0.833333
28,9,2.432432,769,71.269694,616,76.712329,5,0.833333
314,10,2.702703,794,73.586654,644,80.199253,5,0.833333
363,11,2.972973,859,79.610751,675,84.059776,5,0.833333
322,12,3.243243,859,79.610751,675,84.059776,5,0.833333
96,13,3.513514,906,83.966636,701,87.297634,5,0.833333
315,14,3.783784,906,83.966636,701,87.297634,5,0.833333
229,15,4.054054,916,84.893420,711,88.542964,5,0.833333
141,16,4.324324,921,85.356812,713,88.792030,5,0.833333
79,17,4.594595,934,86.561631,715,89.041096,5,0.833333
270,18,4.864865,934,86.561631,715,89.041096,5,0.833333
153,19,5.135135,937,86.839666,717,89.290162,5,0.833333
12,20,5.405405,937,86.839666,717,89.290162,5,0.833333
296,21,5.675676,937,86.839666,719,89.539228,5,0.833333
91,22,5.945946,937,86.839666,719,89.539228,5,0.833333
82,23,6.216216,937,86.839666,719,89.539228,5,0.833333
343,24,6.486486,938,86.932345,719,89.539228,5,0.833333
117,25,6.756757,938,86.932345,719,89.539228,5,0.833333
72,26,7.027027,938,86.932345,719,89.539228,5,0.833333
68,27,7.297297,938,86.932345,719,89.539228,5,0.833333
268,28,7.567568,938,86.932345,719,89.539228,5,0.833333
327,29,7.837838,938,86.932345,719,89.539228,5,0.833333
250,30,8.108108,938,86.932345,719,89.539228,5,0.833333
271,31,8.378378,938,86.932345,719,89.539228,5,0.833333
133,32,8.648649,944,87.488415,725,90.286426,5,0.833333
30,33,8.918919,957,88.693234,745,92.777086,5,0.833333
55,34,9.189189,957,88.693234,745,92.777086,5,0.833333
130,35,9.459459,957,88.693234,745,92.777086,5,0.833333
108,36,9.729730,958,88.785913,747,93.026152,5,0.833333
74,37,10.000000,958,88.785913,747,93.026152,5,0.833333
189,38,10.270270,958,88.785913,747,93.026152,5,0.833333
94,39,10.540541,961,89.063948,749,93.275218,5,0.833333
