TestcaseNumber,TestcaseCount,TestcaseRatio,StatementCount,StatementRatio,BranchCount,BranchRatio,FaultCount,FaultRatio
158,1,0.270270,581,53.846154,483,60.149440,2,0.333333
277,2,0.540541,683,63.299351,563,70.112080,2,0.333333
89,3,0.810811,694,64.318814,584,72.727273,2,0.333333
324,4,1.081081,712,65.987025,601,74.844334,2,0.333333
239,5,1.351351,740,68.582020,633,78.829390,2,0.333333
300,6,1.621622,749,69.416126,633,78.829390,3,0.500000
117,7,1.891892,754,69.879518,637,79.327522,3,0.500000
325,8,2.162162,754,69.879518,637,79.327522,3,0.500000
155,9,2.432432,756,70.064875,641,79.825654,4,0.666667
115,10,2.702703,786,72.845227,653,81.320050,4,0.666667
97,11,2.972973,806,74.698795,667,83.063512,4,0.666667
85,12,3.243243,806,74.698795,667,83.063512,4,0.666667
338,13,3.513514,835,77.386469,687,85.554172,4,0.666667
165,14,3.783784,835,77.386469,687,85.554172,4,0.666667
206,15,4.054054,838,77.664504,693,86.301370,4,0.666667
32,16,4.324324,859,79.610751,697,86.799502,4,0.666667
258,17,4.594595,860,79.703429,697,86.799502,4,0.666667
90,18,4.864865,860,79.703429,697,86.799502,4,0.666667
201,19,5.135135,860,79.703429,697,86.799502,4,0.666667
228,20,5.405405,863,79.981464,701,87.297634,4,0.666667
359,21,5.675676,863,79.981464,701,87.297634,4,0.666667
70,22,5.945946,863,79.981464,701,87.297634,4,0.666667
153,23,6.216216,863,79.981464,701,87.297634,4,0.666667
196,24,6.486486,863,79.981464,701,87.297634,4,0.666667
298,25,6.756757,863,79.981464,701,87.297634,4,0.666667
185,26,7.027027,864,80.074143,701,87.297634,4,0.666667
361,27,7.297297,864,80.074143,701,87.297634,4,0.666667
274,28,7.567568,864,80.074143,701,87.297634,4,0.666667
192,29,7.837838,864,80.074143,701,87.297634,4,0.666667
133,30,8.108108,864,80.074143,701,87.297634,4,0.666667
28,31,8.378378,885,82.020389,715,89.041096,4,0.666667
45,32,8.648649,886,82.113068,715,89.041096,4,0.666667
236,33,8.918919,886,82.113068,715,89.041096,4,0.666667
