TestcaseNumber,TestcaseCount,TestcaseRatio,StatementCount,StatementRatio,BranchCount,BranchRatio,FaultCount,FaultRatio
43,1,0.270270,498,46.153846,431,53.673724,0,0.000000
55,2,0.540541,526,48.748842,463,57.658780,0,0.000000
122,3,0.810811,663,61.445783,564,70.236613,3,0.500000
121,4,1.081081,663,61.445783,564,70.236613,3,0.500000
221,5,1.351351,675,62.557924,570,70.983811,3,0.500000
323,6,1.621622,701,64.967563,588,73.225405,4,0.666667
51,7,1.891892,716,66.357739,606,75.466999,4,0.666667
71,8,2.162162,735,68.118628,614,76.463263,4,0.666667
159,9,2.432432,738,68.396664,616,76.712329,4,0.666667
265,10,2.702703,745,69.045412,618,76.961395,4,0.666667
147,11,2.972973,745,69.045412,618,76.961395,4,0.666667
326,12,3.243243,773,71.640408,637,79.327522,4,0.666667
334,13,3.513514,793,73.493976,651,81.070984,4,0.666667
274,14,3.783784,805,74.606117,667,83.063512,4,0.666667
237,15,4.054054,829,76.830399,695,86.550436,4,0.666667
44,16,4.324324,830,76.923077,695,86.550436,4,0.666667
337,17,4.594595,831,77.015755,695,86.550436,5,0.833333
178,18,4.864865,831,77.015755,695,86.550436,5,0.833333
65,19,5.135135,831,77.015755,695,86.550436,5,0.833333
289,20,5.405405,833,77.201112,697,86.799502,5,0.833333
267,21,5.675676,833,77.201112,699,87.048568,5,0.833333
62,22,5.945946,833,77.201112,699,87.048568,5,0.833333
25,23,6.216216,854,79.147359,705,87.795766,5,0.833333
2,24,6.486486,858,79.518072,705,87.795766,5,0.833333
212,25,6.756757,858,79.518072,705,87.795766,5,0.833333
368,26,7.027027,880,81.556997,707,88.044832,5,0.833333
286,27,7.297297,880,81.556997,707,88.044832,5,0.833333
317,28,7.567568,880,81.556997,707,88.044832,5,0.833333
285,29,7.837838,894,82.854495,709,88.293898,5,0.833333
153,30,8.108108,894,82.854495,709,88.293898,5,0.833333
263,31,8.378378,894,82.854495,709,88.293898,5,0.833333
9,32,8.648649,894,82.854495,709,88.293898,5,0.833333
80,33,8.918919,894,82.854495,709,88.293898,5,0.833333
350,34,9.189189,894,82.854495,709,88.293898,5,0.833333
93,35,9.459459,895,82.947173,709,88.293898,5,0.833333
234,36,9.729730,900,83.410565,709,88.293898,5,0.833333
315,37,10.000000,900,83.410565,709,88.293898,5,0.833333
330,38,10.270270,900,83.410565,709,88.293898,5,0.833333
367,39,10.540541,913,84.615385,713,88.792030,5,0.833333
305,40,10.810811,918,85.078777,713,88.792030,5,0.833333
359,41,11.081081,918,85.078777,713,88.792030,5,0.833333
311,42,11.351351,918,85.078777,713,88.792030,5,0.833333
152,43,11.621622,918,85.078777,713,88.792030,5,0.833333
