TestcaseNumber,TestcaseCount,TestcaseRatio,StatementCount,StatementRatio,BranchCount,BranchRatio,FaultCount,FaultRatio
316,1,0.270270,578,53.568119,478,59.526775,0,0.000000
206,2,0.540541,589,54.587581,496,61.768369,0,0.000000
152,3,0.810811,657,60.889713,550,68.493151,2,0.333333
69,4,1.081081,688,63.762743,574,71.481943,2,0.333333
153,5,1.351351,702,65.060241,587,73.100872,3,0.500000
90,6,1.621622,736,68.211307,613,76.338730,3,0.500000
33,7,1.891892,757,70.157553,615,76.587796,4,0.666667
130,8,2.162162,781,72.381835,643,80.074720,4,0.666667
38,9,2.432432,784,72.659870,643,80.074720,4,0.666667
364,10,2.702703,819,75.903614,659,82.067248,4,0.666667
274,11,2.972973,834,77.293791,677,84.308842,4,0.666667
367,12,3.243243,837,77.571826,677,84.308842,4,0.666667
156,13,3.513514,840,77.849861,679,84.557908,4,0.666667
177,14,3.783784,864,80.074143,695,86.550436,4,0.666667
217,15,4.054054,878,81.371640,697,86.799502,4,0.666667
358,16,4.324324,878,81.371640,697,86.799502,4,0.666667
214,17,4.594595,878,81.371640,697,86.799502,4,0.666667
79,18,4.864865,884,81.927711,697,86.799502,4,0.666667
98,19,5.135135,884,81.927711,697,86.799502,4,0.666667
203,20,5.405405,884,81.927711,697,86.799502,4,0.666667
225,21,5.675676,890,82.483781,703,87.546700,4,0.666667
192,22,5.945946,890,82.483781,703,87.546700,4,0.666667
135,23,6.216216,890,82.483781,703,87.546700,4,0.666667
28,24,6.486486,911,84.430028,717,89.290162,4,0.666667
357,25,6.756757,911,84.430028,717,89.290162,4,0.666667
26,26,7.027027,920,85.264133,731,91.033624,4,0.666667
198,27,7.297297,928,86.005561,733,91.282690,4,0.666667
116,28,7.567568,928,86.005561,733,91.282690,4,0.666667
248,29,7.837838,929,86.098239,737,91.780822,4,0.666667
81,30,8.108108,929,86.098239,737,91.780822,4,0.666667
285,31,8.378378,929,86.098239,739,92.029888,4,0.666667
126,32,8.648649,929,86.098239,739,92.029888,4,0.666667
78,33,8.918919,929,86.098239,739,92.029888,4,0.666667
84,34,9.189189,929,86.098239,739,92.029888,4,0.666667
270,35,9.459459,929,86.098239,739,92.029888,4,0.666667
207,36,9.729730,929,86.098239,739,92.029888,4,0.666667
338,37,10.000000,929,86.098239,739,92.029888,4,0.666667
