TestcaseNumber,TestcaseCount,TestcaseRatio,StatementCount,StatementRatio,BranchCount,BranchRatio,FaultCount,FaultRatio
363,1,0.270270,476,44.114921,363,45.205479,0,0.000000
341,2,0.540541,619,57.367933,489,60.896638,3,0.500000
25,3,0.810811,672,62.279889,517,64.383562,3,0.500000
26,4,1.081081,697,64.596849,541,67.372354,3,0.500000
209,5,1.351351,719,66.635774,565,70.361146,3,0.500000
51,6,1.621622,769,71.269694,611,76.089664,3,0.500000
28,7,1.891892,774,71.733086,615,76.587796,3,0.500000
287,8,2.162162,797,73.864690,627,78.082192,3,0.500000
24,9,2.432432,809,74.976830,627,78.082192,3,0.500000
104,10,2.702703,839,77.757183,647,80.572852,3,0.500000
40,11,2.972973,871,80.722892,661,82.316314,3,0.500000
239,12,3.243243,895,82.947173,689,85.803238,3,0.500000
60,13,3.513514,915,84.800741,703,87.546700,3,0.500000
362,14,3.783784,941,87.210380,721,89.788294,4,0.666667
21,15,4.054054,944,87.488415,721,89.788294,4,0.666667
138,16,4.324324,955,88.507878,731,91.033624,4,0.666667
15,17,4.594595,961,89.063948,733,91.282690,4,0.666667
279,18,4.864865,977,90.546803,749,93.275218,4,0.666667
31,19,5.135135,985,91.288230,751,93.524284,4,0.666667
11,20,5.405405,999,92.585728,755,94.022416,4,0.666667
294,21,5.675676,1024,94.902688,775,96.513076,4,0.666667
367,22,5.945946,1027,95.180723,775,96.513076,4,0.666667
277,23,6.216216,1034,95.829472,781,97.260274,4,0.666667
18,24,6.486486,1035,95.922150,783,97.509340,4,0.666667
37,25,6.756757,1038,96.200185,783,97.509340,4,0.666667
88,26,7.027027,1041,96.478221,783,97.509340,4,0.666667
369,27,7.297297,1051,97.405005,785,97.758406,4,0.666667
326,28,7.567568,1056,97.868397,787,98.007472,4,0.666667
275,29,7.837838,1059,98.146432,789,98.256538,4,0.666667
2,30,8.108108,1063,98.517146,789,98.256538,4,0.666667
84,31,8.378378,1066,98.795181,791,98.505604,4,0.666667
32,32,8.648649,1068,98.980538,793,98.754670,4,0.666667
175,33,8.918919,1069,99.073216,793,98.754670,5,0.833333
17,34,9.189189,1073,99.443930,793,98.754670,5,0.833333
347,35,9.459459,1075,99.629286,793,98.754670,5,0.833333
364,36,9.729730,1076,99.721965,793,98.754670,5,0.833333
39,37,10.000000,1077,99.814643,797,99.252802,5,0.833333
276,38,10.270270,1078,99.907322,797,99.252802,5,0.833333
14,39,10.540541,1079,100.000000,797,99.252802,5,0.833333
