TestcaseNumber,TestcaseCount,TestcaseRatio,StatementCount,StatementRatio,BranchCount,BranchRatio,FaultCount,FaultRatio
12,1,0.467290,110,8.553655,134,11.900533,0,0.000000
160,2,0.934579,577,44.867807,490,43.516874,2,0.666667
41,3,1.401869,688,53.499222,574,50.976909,2,0.666667
10,4,1.869159,989,76.905132,852,75.666075,2,0.666667
40,5,2.336449,1008,78.382582,876,77.797513,2,0.666667
43,6,2.803738,1065,82.814930,924,82.060391,2,0.666667
20,7,3.271028,1094,85.069984,966,85.790409,2,0.666667
49,8,3.738318,1119,87.013997,986,87.566607,2,0.666667
39,9,4.205607,1133,88.102644,1004,89.165187,2,0.666667
17,10,4.672897,1189,92.457232,1050,93.250444,2,0.666667
6,11,5.140187,1191,92.612753,1054,93.605684,3,1.000000
46,12,5.607477,1220,94.867807,1084,96.269982,3,1.000000
38,13,6.074766,1229,95.567652,1106,98.223801,3,1.000000
3,14,6.542056,1236,96.111975,1108,98.401421,3,1.000000
48,15,7.009346,1243,96.656299,1112,98.756661,3,1.000000
50,16,7.476636,1253,97.433904,1118,99.289520,3,1.000000
9,17,7.943925,1260,97.978227,1122,99.644760,3,1.000000
1,18,8.411215,1271,98.833593,1124,99.822380,3,1.000000
53,19,8.878505,1273,98.989114,1126,100.000000,3,1.000000
