TestcaseNumber,TestcaseCount,TestcaseRatio,StatementCount,StatementRatio,BranchCount,BranchRatio,FaultCount,FaultRatio
175,1,0.467290,538,41.835148,462,41.030195,1,0.333333
28,2,0.934579,568,44.167963,482,42.806394,1,0.333333
57,3,1.401869,582,45.256610,494,43.872114,1,0.333333
36,4,1.869159,591,45.956454,498,44.227353,1,0.333333
111,5,2.336449,591,45.956454,498,44.227353,2,0.666667
160,6,2.803738,591,45.956454,498,44.227353,2,0.666667
84,7,3.271028,591,45.956454,498,44.227353,2,0.666667
109,8,3.738318,591,45.956454,498,44.227353,2,0.666667
130,9,4.205607,591,45.956454,498,44.227353,2,0.666667
76,10,4.672897,591,45.956454,498,44.227353,2,0.666667
136,11,5.140187,591,45.956454,498,44.227353,2,0.666667
198,12,5.607477,591,45.956454,498,44.227353,2,0.666667
12,13,6.074766,592,46.034215,498,44.227353,2,0.666667
173,14,6.542056,593,46.111975,498,44.227353,2,0.666667
58,15,7.009346,593,46.111975,498,44.227353,2,0.666667
184,16,7.476636,593,46.111975,498,44.227353,2,0.666667
153,17,7.943925,593,46.111975,498,44.227353,2,0.666667
