TestcaseNumber,TestcaseCount,TestcaseRatio,StatementCount,StatementRatio,BranchCount,BranchRatio,FaultCount,FaultRatio
76,1,0.467290,542,42.146190,462,41.030195,1,0.333333
40,2,0.934579,841,65.396579,732,65.008881,1,0.333333
202,3,1.401869,847,65.863142,738,65.541741,2,0.666667
210,4,1.869159,848,65.940902,740,65.719361,2,0.666667
123,5,2.336449,849,66.018663,740,65.719361,2,0.666667
200,6,2.803738,849,66.018663,740,65.719361,2,0.666667
186,7,3.271028,851,66.174184,740,65.719361,2,0.666667
108,8,3.738318,851,66.174184,740,65.719361,2,0.666667
188,9,4.205607,851,66.174184,740,65.719361,2,0.666667
66,10,4.672897,851,66.174184,740,65.719361,2,0.666667
130,11,5.140187,851,66.174184,740,65.719361,2,0.666667
15,12,5.607477,876,68.118196,762,67.673179,2,0.666667
197,13,6.074766,876,68.118196,762,67.673179,2,0.666667
49,14,6.542056,925,71.928460,822,73.001776,2,0.666667
83,15,7.009346,925,71.928460,822,73.001776,2,0.666667
24,16,7.476636,955,74.261275,842,74.777975,2,0.666667
150,17,7.943925,955,74.261275,842,74.777975,2,0.666667
59,18,8.411215,955,74.261275,842,74.777975,2,0.666667
101,19,8.878505,955,74.261275,842,74.777975,2,0.666667
68,20,9.345794,955,74.261275,842,74.777975,2,0.666667
6,21,9.813084,982,76.360809,882,78.330373,3,1.000000
