TestcaseNumber,TestcaseCount,TestcaseRatio,StatementCount,StatementRatio,BranchCount,BranchRatio,FaultCount,FaultRatio
54,1,0.467290,83,6.454121,82,7.282416,0,0.000000
10,2,0.934579,453,35.225505,454,40.319716,0,0.000000
152,3,1.401869,881,68.506998,780,69.271758,2,0.666667
2,4,1.869159,888,69.051322,782,69.449378,2,0.666667
89,5,2.336449,891,69.284603,784,69.626998,2,0.666667
185,6,2.803738,892,69.362364,784,69.626998,2,0.666667
29,7,3.271028,902,70.139969,786,69.804618,2,0.666667
55,8,3.738318,916,71.228616,796,70.692718,2,0.666667
157,9,4.205607,916,71.228616,796,70.692718,2,0.666667
208,10,4.672897,916,71.228616,796,70.692718,2,0.666667
108,11,5.140187,916,71.228616,796,70.692718,2,0.666667
51,12,5.607477,916,71.228616,796,70.692718,2,0.666667
45,13,6.074766,916,71.228616,796,70.692718,2,0.666667
125,14,6.542056,916,71.228616,796,70.692718,2,0.666667
114,15,7.009346,916,71.228616,796,70.692718,2,0.666667
167,16,7.476636,916,71.228616,796,70.692718,2,0.666667
161,17,7.943925,916,71.228616,796,70.692718,2,0.666667
70,18,8.411215,916,71.228616,796,70.692718,2,0.666667
168,19,8.878505,916,71.228616,796,70.692718,2,0.666667
98,20,9.345794,916,71.228616,796,70.692718,2,0.666667
154,21,9.813084,916,71.228616,796,70.692718,2,0.666667
171,22,10.280374,916,71.228616,796,70.692718,2,0.666667
174,23,10.747664,916,71.228616,796,70.692718,2,0.666667
143,24,11.214953,917,71.306376,796,70.692718,2,0.666667
40,25,11.682243,938,72.939347,824,73.179396,2,0.666667
28,26,12.149533,938,72.939347,824,73.179396,2,0.666667
