TestcaseNumber,TestcaseCount,TestcaseRatio,StatementCount,StatementRatio,BranchCount,BranchRatio,FaultCount,FaultRatio
210,1,0.467290,529,41.135303,460,40.852575,2,0.666667
73,2,0.934579,538,41.835148,464,41.207815,2,0.666667
127,3,1.401869,538,41.835148,464,41.207815,2,0.666667
152,4,1.869159,538,41.835148,464,41.207815,2,0.666667
97,5,2.336449,552,42.923795,474,42.095915,2,0.666667
162,6,2.803738,552,42.923795,474,42.095915,2,0.666667
31,7,3.271028,582,45.256610,494,43.872114,2,0.666667
196,8,3.738318,582,45.256610,494,43.872114,2,0.666667
167,9,4.205607,582,45.256610,494,43.872114,2,0.666667
107,10,4.672897,582,45.256610,494,43.872114,2,0.666667
119,11,5.140187,582,45.256610,494,43.872114,2,0.666667
84,12,5.607477,582,45.256610,494,43.872114,2,0.666667
3,13,6.074766,614,47.744946,518,46.003552,2,0.666667
8,14,6.542056,916,71.228616,796,70.692718,2,0.666667
137,15,7.009346,916,71.228616,796,70.692718,2,0.666667
153,16,7.476636,916,71.228616,796,70.692718,2,0.666667
64,17,7.943925,916,71.228616,796,70.692718,2,0.666667
61,18,8.411215,916,71.228616,796,70.692718,2,0.666667
179,19,8.878505,916,71.228616,796,70.692718,2,0.666667
100,20,9.345794,916,71.228616,796,70.692718,2,0.666667
177,21,9.813084,916,71.228616,796,70.692718,2,0.666667
68,22,10.280374,916,71.228616,796,70.692718,2,0.666667
38,23,10.747664,929,72.239502,826,73.357016,2,0.666667
193,24,11.214953,929,72.239502,826,73.357016,2,0.666667
197,25,11.682243,929,72.239502,826,73.357016,2,0.666667
