TestcaseNumber,TestcaseCount,TestcaseRatio,StatementCount,StatementRatio,BranchCount,BranchRatio,FaultCount,FaultRatio
4,1,0.467290,78,6.065319,98,8.703375,0,0.000000
100,2,0.934579,556,43.234837,466,41.385435,2,0.666667
153,3,1.401869,561,43.623639,474,42.095915,2,0.666667
23,4,1.869159,586,45.567652,496,44.049734,2,0.666667
109,5,2.336449,586,45.567652,496,44.049734,2,0.666667
42,6,2.803738,885,68.818040,762,67.673179,2,0.666667
148,7,3.271028,885,68.818040,762,67.673179,2,0.666667
51,8,3.738318,905,70.373250,780,69.271758,2,0.666667
125,9,4.205607,906,70.451011,780,69.271758,2,0.666667
157,10,4.672897,906,70.451011,780,69.271758,2,0.666667
191,11,5.140187,906,70.451011,780,69.271758,2,0.666667
98,12,5.607477,906,70.451011,780,69.271758,2,0.666667
146,13,6.074766,906,70.451011,780,69.271758,2,0.666667
17,14,6.542056,975,75.816485,836,74.245115,2,0.666667
40,15,7.009346,975,75.816485,836,74.245115,2,0.666667
118,16,7.476636,975,75.816485,836,74.245115,2,0.666667
8,17,7.943925,999,77.682737,876,77.797513,2,0.666667
213,18,8.411215,999,77.682737,876,77.797513,2,0.666667
212,19,8.878505,999,77.682737,876,77.797513,2,0.666667
48,20,9.345794,1006,78.227061,880,78.152753,2,0.666667
179,21,9.813084,1006,78.227061,880,78.152753,2,0.666667
19,22,10.280374,1009,78.460342,880,78.152753,2,0.666667
