TestcaseNumber,TestcaseCount,TestcaseRatio,StatementCount,StatementRatio,BranchCount,BranchRatio,FaultCount,FaultRatio
147,1,0.467290,534,41.524106,462,41.030195,0,0.000000
140,2,0.934579,549,42.690513,474,42.095915,2,0.666667
157,3,1.401869,549,42.690513,474,42.095915,2,0.666667
27,4,1.869159,579,45.023328,494,43.872114,2,0.666667
142,5,2.336449,579,45.023328,494,43.872114,2,0.666667
25,6,2.803738,605,47.045101,516,45.825933,2,0.666667
131,7,3.271028,607,47.200622,516,45.825933,2,0.666667
74,8,3.738318,607,47.200622,516,45.825933,2,0.666667
177,9,4.205607,607,47.200622,516,45.825933,2,0.666667
160,10,4.672897,607,47.200622,516,45.825933,2,0.666667
141,11,5.140187,607,47.200622,516,45.825933,2,0.666667
119,12,5.607477,607,47.200622,516,45.825933,2,0.666667
79,13,6.074766,607,47.200622,516,45.825933,2,0.666667
179,14,6.542056,607,47.200622,516,45.825933,2,0.666667
24,15,7.009346,607,47.200622,516,45.825933,2,0.666667
116,16,7.476636,607,47.200622,516,45.825933,2,0.666667
40,17,7.943925,906,70.451011,782,69.449378,2,0.666667
154,18,8.411215,906,70.451011,782,69.449378,2,0.666667
86,19,8.878505,906,70.451011,782,69.449378,2,0.666667
51,20,9.345794,906,70.451011,782,69.449378,2,0.666667
29,21,9.813084,906,70.451011,782,69.449378,2,0.666667
43,22,10.280374,964,74.961120,834,74.067496,2,0.666667
