TestcaseNumber,TestcaseCount,TestcaseRatio,StatementCount,StatementRatio,BranchCount,BranchRatio,FaultCount,FaultRatio
105,1,0.467290,526,40.902022,448,39.786856,1,0.333333
134,2,0.934579,534,41.524106,456,40.497336,2,0.666667
79,3,1.401869,550,42.768274,466,41.385435,2,0.666667
135,4,1.869159,550,42.768274,470,41.740675,2,0.666667
177,5,2.336449,552,42.923795,474,42.095915,2,0.666667
180,6,2.803738,552,42.923795,474,42.095915,2,0.666667
9,7,3.271028,605,47.045101,516,45.825933,2,0.666667
50,8,3.738318,656,51.010886,578,51.332149,2,0.666667
78,9,4.205607,656,51.010886,578,51.332149,2,0.666667
131,10,4.672897,656,51.010886,578,51.332149,2,0.666667
113,11,5.140187,657,51.088647,578,51.332149,2,0.666667
89,12,5.607477,657,51.088647,578,51.332149,2,0.666667
110,13,6.074766,657,51.088647,578,51.332149,2,0.666667
132,14,6.542056,657,51.088647,578,51.332149,2,0.666667
48,15,7.009346,664,51.632970,582,51.687389,2,0.666667
76,16,7.476636,664,51.632970,582,51.687389,2,0.666667
86,17,7.943925,664,51.632970,582,51.687389,2,0.666667
33,18,8.411215,667,51.866252,582,51.687389,2,0.666667
51,19,8.878505,667,51.866252,582,51.687389,2,0.666667
87,20,9.345794,667,51.866252,582,51.687389,2,0.666667
204,21,9.813084,667,51.866252,582,51.687389,2,0.666667
99,22,10.280374,667,51.866252,582,51.687389,2,0.666667
