TestcaseNumber,TestcaseCount,TestcaseRatio,StatementCount,StatementRatio,BranchCount,BranchRatio,FaultCount,FaultRatio
179,1,0.467290,545,42.379471,470,41.740675,2,0.666667
56,2,0.934579,551,42.846034,474,42.095915,2,0.666667
94,3,1.401869,551,42.846034,474,42.095915,2,0.666667
162,4,1.869159,551,42.846034,474,42.095915,2,0.666667
55,5,2.336449,552,42.923795,474,42.095915,2,0.666667
146,6,2.803738,552,42.923795,474,42.095915,2,0.666667
30,7,3.271028,582,45.256610,494,43.872114,2,0.666667
121,8,3.738318,582,45.256610,494,43.872114,2,0.666667
81,9,4.205607,582,45.256610,494,43.872114,2,0.666667
106,10,4.672897,582,45.256610,494,43.872114,2,0.666667
199,11,5.140187,582,45.256610,494,43.872114,2,0.666667
59,12,5.607477,582,45.256610,494,43.872114,2,0.666667
41,13,6.074766,693,53.888025,578,51.332149,2,0.666667
136,14,6.542056,693,53.888025,578,51.332149,2,0.666667
156,15,7.009346,693,53.888025,578,51.332149,2,0.666667
15,16,7.476636,718,55.832037,600,53.285968,2,0.666667
127,17,7.943925,718,55.832037,600,53.285968,2,0.666667
110,18,8.411215,718,55.832037,600,53.285968,2,0.666667
175,19,8.878505,718,55.832037,600,53.285968,2,0.666667
79,20,9.345794,718,55.832037,600,53.285968,2,0.666667
107,21,9.813084,718,55.832037,600,53.285968,2,0.666667
140,22,10.280374,718,55.832037,600,53.285968,2,0.666667
97,23,10.747664,718,55.832037,600,53.285968,2,0.666667
194,24,11.214953,718,55.832037,600,53.285968,2,0.666667
98,25,11.682243,718,55.832037,600,53.285968,2,0.666667
