TestcaseNumber,TestcaseCount,TestcaseRatio,StatementCount,StatementRatio,BranchCount,BranchRatio,FaultCount,FaultRatio
186,1,0.467290,526,40.902022,456,40.497336,1,0.333333
185,2,0.934579,528,41.057543,458,40.674956,1,0.333333
47,3,1.401869,830,64.541213,736,65.364121,1,0.333333
155,4,1.869159,846,65.785381,746,66.252220,1,0.333333
1,5,2.336449,882,68.584759,770,68.383659,1,0.333333
137,6,2.803738,888,69.051322,776,68.916519,1,0.333333
32,7,3.271028,918,71.384137,796,70.692718,1,0.333333
8,8,3.738318,918,71.384137,796,70.692718,1,0.333333
189,9,4.205607,918,71.384137,796,70.692718,2,0.666667
78,10,4.672897,920,71.539658,796,70.692718,2,0.666667
144,11,5.140187,920,71.539658,796,70.692718,2,0.666667
30,12,5.607477,920,71.539658,796,70.692718,2,0.666667
182,13,6.074766,920,71.539658,796,70.692718,2,0.666667
204,14,6.542056,920,71.539658,796,70.692718,2,0.666667
138,15,7.009346,920,71.539658,796,70.692718,2,0.666667
64,16,7.476636,920,71.539658,796,70.692718,2,0.666667
48,17,7.943925,927,72.083981,800,71.047957,2,0.666667
153,18,8.411215,928,72.161742,800,71.047957,2,0.666667
38,19,8.878505,941,73.172628,830,73.712256,2,0.666667
200,20,9.345794,941,73.172628,830,73.712256,2,0.666667
