TestcaseNumber,TestcaseCount,TestcaseRatio,StatementCount,StatementRatio,BranchCount,BranchRatio,FaultCount,FaultRatio
14,1,0.467290,110,8.553655,134,11.900533,0,0.000000
73,2,0.934579,567,44.090202,478,42.451155,2,0.666667
91,3,1.401869,568,44.167963,480,42.628774,2,0.666667
173,4,1.869159,568,44.167963,484,42.984014,2,0.666667
202,5,2.336449,582,45.256610,494,43.872114,2,0.666667
135,6,2.803738,583,45.334370,494,43.872114,2,0.666667
94,7,3.271028,583,45.334370,494,43.872114,2,0.666667
46,8,3.738318,612,47.589425,526,46.714032,2,0.666667
138,9,4.205607,612,47.589425,526,46.714032,2,0.666667
31,10,4.672897,612,47.589425,526,46.714032,2,0.666667
214,11,5.140187,612,47.589425,526,46.714032,2,0.666667
25,12,5.607477,637,49.533437,548,48.667851,2,0.666667
58,13,6.074766,637,49.533437,548,48.667851,2,0.666667
154,14,6.542056,637,49.533437,548,48.667851,2,0.666667
165,15,7.009346,637,49.533437,548,48.667851,2,0.666667
37,16,7.476636,641,49.844479,552,49.023091,2,0.666667
141,17,7.943925,641,49.844479,552,49.023091,2,0.666667
