TestcaseNumber,TestcaseCount,TestcaseRatio,StatementCount,StatementRatio,BranchCount,BranchRatio,FaultCount,FaultRatio
83,1,0.467290,549,42.690513,468,41.563055,2,0.666667
89,2,0.934579,550,42.768274,470,41.740675,2,0.666667
86,3,1.401869,550,42.768274,470,41.740675,2,0.666667
92,4,1.869159,550,42.768274,470,41.740675,2,0.666667
136,5,2.336449,552,42.923795,474,42.095915,2,0.666667
114,6,2.803738,552,42.923795,474,42.095915,2,0.666667
100,7,3.271028,552,42.923795,474,42.095915,2,0.666667
162,8,3.738318,552,42.923795,474,42.095915,2,0.666667
139,9,4.205607,552,42.923795,474,42.095915,2,0.666667
91,10,4.672897,552,42.923795,474,42.095915,2,0.666667
129,11,5.140187,552,42.923795,474,42.095915,2,0.666667
135,12,5.607477,553,43.001555,474,42.095915,2,0.666667
50,13,6.074766,606,47.122862,536,47.602131,2,0.666667
159,14,6.542056,606,47.122862,536,47.602131,2,0.666667
208,15,7.009346,606,47.122862,536,47.602131,2,0.666667
66,16,7.476636,606,47.122862,536,47.602131,2,0.666667
52,17,7.943925,619,48.133748,554,49.200710,2,0.666667
38,18,8.411215,891,69.284603,806,71.580817,2,0.666667
28,19,8.878505,921,71.617418,826,73.357016,2,0.666667
26,20,9.345794,921,71.617418,826,73.357016,2,0.666667
205,21,9.813084,921,71.617418,826,73.357016,2,0.666667
196,22,10.280374,921,71.617418,826,73.357016,2,0.666667
147,23,10.747664,921,71.617418,826,73.357016,2,0.666667
