TestcaseNumber,TestcaseCount,TestcaseRatio,StatementCount,StatementRatio,BranchCount,BranchRatio,FaultCount,FaultRatio
24,1,0.467290,111,8.631415,134,11.900533,0,0.000000
160,2,0.934579,575,44.712286,490,43.516874,2,0.666667
161,3,1.401869,575,44.712286,490,43.516874,2,0.666667
205,4,1.869159,576,44.790047,490,43.516874,2,0.666667
65,5,2.336449,580,45.101089,490,43.516874,2,0.666667
135,6,2.803738,580,45.101089,490,43.516874,2,0.666667
32,7,3.271028,580,45.101089,490,43.516874,2,0.666667
49,8,3.738318,703,54.665630,608,53.996448,2,0.666667
165,9,4.205607,703,54.665630,608,53.996448,2,0.666667
146,10,4.672897,705,54.821151,612,54.351687,2,0.666667
201,11,5.140187,705,54.821151,612,54.351687,2,0.666667
157,12,5.607477,705,54.821151,612,54.351687,2,0.666667
83,13,6.074766,706,54.898911,612,54.351687,2,0.666667
109,14,6.542056,706,54.898911,612,54.351687,2,0.666667
10,15,7.009346,935,72.706065,814,72.291297,2,0.666667
207,16,7.476636,935,72.706065,814,72.291297,2,0.666667
164,17,7.943925,935,72.706065,814,72.291297,2,0.666667
117,18,8.411215,935,72.706065,814,72.291297,2,0.666667
143,19,8.878505,935,72.706065,814,72.291297,2,0.666667
51,20,9.345794,935,72.706065,814,72.291297,2,0.666667
209,21,9.813084,935,72.706065,814,72.291297,2,0.666667
68,22,10.280374,935,72.706065,814,72.291297,2,0.666667
52,23,10.747664,948,73.716952,832,73.889876,2,0.666667
206,24,11.214953,948,73.716952,832,73.889876,2,0.666667
97,25,11.682243,948,73.716952,832,73.889876,2,0.666667
