TestcaseNumber,TestcaseCount,TestcaseRatio,StatementCount,StatementRatio,BranchCount,BranchRatio,FaultCount,FaultRatio
24,1,0.467290,111,8.631415,134,11.900533,0,0.000000
129,2,0.934579,561,43.623639,476,42.273535,2,0.666667
137,3,1.401869,581,45.178849,494,43.872114,2,0.666667
40,4,1.869159,880,68.429238,760,67.495560,2,0.666667
15,5,2.336449,905,70.373250,782,69.449378,2,0.666667
107,6,2.803738,905,70.373250,782,69.449378,2,0.666667
8,7,3.271028,929,72.239502,822,73.001776,2,0.666667
185,8,3.738318,930,72.317263,822,73.001776,2,0.666667
58,9,4.205607,930,72.317263,822,73.001776,2,0.666667
33,10,4.672897,930,72.317263,822,73.001776,2,0.666667
106,11,5.140187,930,72.317263,822,73.001776,2,0.666667
187,12,5.607477,930,72.317263,822,73.001776,2,0.666667
203,13,6.074766,931,72.395023,822,73.001776,2,0.666667
17,14,6.542056,990,76.982893,876,77.797513,2,0.666667
205,15,7.009346,990,76.982893,876,77.797513,2,0.666667
138,16,7.476636,990,76.982893,876,77.797513,2,0.666667
78,17,7.943925,990,76.982893,876,77.797513,2,0.666667
55,18,8.411215,990,76.982893,876,77.797513,2,0.666667
85,19,8.878505,990,76.982893,876,77.797513,2,0.666667
117,20,9.345794,990,76.982893,876,77.797513,2,0.666667
11,21,9.813084,990,76.982893,876,77.797513,2,0.666667
146,22,10.280374,990,76.982893,876,77.797513,2,0.666667
156,23,10.747664,990,76.982893,876,77.797513,2,0.666667
