TestcaseNumber,TestcaseCount,TestcaseRatio,StatementCount,StatementRatio,BranchCount,BranchRatio,FaultCount,FaultRatio
140,1,0.467290,547,42.534992,470,41.740675,2,0.666667
127,2,0.934579,551,42.846034,474,42.095915,2,0.666667
29,3,1.401869,581,45.178849,494,43.872114,2,0.666667
49,4,1.869159,704,54.743390,612,54.351687,2,0.666667
57,5,2.336449,704,54.743390,612,54.351687,2,0.666667
190,6,2.803738,704,54.743390,612,54.351687,2,0.666667
56,7,3.271028,704,54.743390,612,54.351687,2,0.666667
201,8,3.738318,704,54.743390,612,54.351687,2,0.666667
53,9,4.205607,912,70.917574,802,71.225577,2,0.666667
178,10,4.672897,912,70.917574,802,71.225577,2,0.666667
156,11,5.140187,912,70.917574,802,71.225577,2,0.666667
83,12,5.607477,913,70.995334,802,71.225577,2,0.666667
107,13,6.074766,913,70.995334,802,71.225577,2,0.666667
116,14,6.542056,913,70.995334,802,71.225577,2,0.666667
48,15,7.009346,920,71.539658,806,71.580817,2,0.666667
115,16,7.476636,921,71.617418,806,71.580817,2,0.666667
189,17,7.943925,921,71.617418,806,71.580817,2,0.666667
58,18,8.411215,921,71.617418,806,71.580817,2,0.666667
141,19,8.878505,921,71.617418,806,71.580817,2,0.666667
186,20,9.345794,921,71.617418,806,71.580817,2,0.666667
87,21,9.813084,921,71.617418,806,71.580817,2,0.666667
19,22,10.280374,924,71.850700,808,71.758437,2,0.666667
5,23,10.747664,958,74.494557,830,73.712256,2,0.666667
80,24,11.214953,958,74.494557,830,73.712256,2,0.666667
