TestcaseNumber,TestcaseCount,TestcaseRatio,StatementCount,StatementRatio,BranchCount,BranchRatio,FaultCount,FaultRatio
109,1,0.467290,533,41.446345,456,40.497336,2,0.666667
3,2,0.934579,565,43.934681,480,42.628774,2,0.666667
153,3,1.401869,570,44.323484,488,43.339254,2,0.666667
118,4,1.869159,584,45.412131,498,44.227353,2,0.666667
136,5,2.336449,584,45.412131,498,44.227353,2,0.666667
167,6,2.803738,584,45.412131,498,44.227353,2,0.666667
35,7,3.271028,593,46.111975,502,44.582593,2,0.666667
96,8,3.738318,593,46.111975,502,44.582593,2,0.666667
187,9,4.205607,593,46.111975,502,44.582593,2,0.666667
107,10,4.672897,593,46.111975,502,44.582593,2,0.666667
5,11,5.140187,602,46.811820,502,44.582593,2,0.666667
120,12,5.607477,602,46.811820,502,44.582593,2,0.666667
58,13,6.074766,602,46.811820,502,44.582593,2,0.666667
38,14,6.542056,917,71.306376,810,71.936057,2,0.666667
26,15,7.009346,947,73.639191,830,73.712256,2,0.666667
48,16,7.476636,947,73.639191,830,73.712256,2,0.666667
78,17,7.943925,947,73.639191,830,73.712256,2,0.666667
23,18,8.411215,947,73.639191,830,73.712256,2,0.666667
46,19,8.878505,976,75.894246,862,76.554174,2,0.666667
8,20,9.345794,976,75.894246,862,76.554174,2,0.666667
164,21,9.813084,976,75.894246,862,76.554174,2,0.666667
116,22,10.280374,976,75.894246,862,76.554174,2,0.666667
148,23,10.747664,976,75.894246,862,76.554174,2,0.666667
188,24,11.214953,976,75.894246,862,76.554174,2,0.666667
29,25,11.682243,976,75.894246,862,76.554174,2,0.666667
199,26,12.149533,976,75.894246,862,76.554174,2,0.666667
