TestcaseNumber,TestcaseCount,TestcaseRatio,StatementCount,StatementRatio,BranchCount,BranchRatio,FaultCount,FaultRatio
7,1,0.467290,545,42.379471,470,41.740675,2,0.666667
95,2,0.934579,575,44.712286,492,43.694494,2,0.666667
63,3,1.401869,580,45.101089,496,44.049734,2,0.666667
200,4,1.869159,580,45.101089,496,44.049734,2,0.666667
194,5,2.336449,580,45.101089,496,44.049734,2,0.666667
106,6,2.803738,580,45.101089,496,44.049734,2,0.666667
179,7,3.271028,580,45.101089,496,44.049734,2,0.666667
182,8,3.738318,580,45.101089,496,44.049734,2,0.666667
138,9,4.205607,580,45.101089,496,44.049734,2,0.666667
193,10,4.672897,580,45.101089,496,44.049734,2,0.666667
98,11,5.140187,580,45.101089,496,44.049734,2,0.666667
29,12,5.607477,610,47.433904,516,45.825933,2,0.666667
55,13,6.074766,610,47.433904,516,45.825933,2,0.666667
165,14,6.542056,610,47.433904,516,45.825933,2,0.666667
48,15,7.009346,617,47.978227,520,46.181172,2,0.666667
186,16,7.476636,617,47.978227,520,46.181172,2,0.666667
191,17,7.943925,617,47.978227,520,46.181172,2,0.666667
6,18,8.411215,642,49.922240,560,49.733570,3,1.000000
167,19,8.878505,642,49.922240,560,49.733570,3,1.000000
61,20,9.345794,642,49.922240,560,49.733570,3,1.000000
209,21,9.813084,642,49.922240,560,49.733570,3,1.000000
1,22,10.280374,653,50.777605,562,49.911190,3,1.000000
156,23,10.747664,653,50.777605,562,49.911190,3,1.000000
162,24,11.214953,653,50.777605,562,49.911190,3,1.000000
