TestcaseNumber,TestcaseCount,TestcaseRatio,StatementCount,StatementRatio,BranchCount,BranchRatio,FaultCount,FaultRatio
130,1,0.467290,531,41.290824,456,40.497336,2,0.666667
47,2,0.934579,833,64.774495,738,65.541741,2,0.666667
148,3,1.401869,837,65.085537,738,65.541741,2,0.666667
212,4,1.869159,839,65.241058,742,65.896980,2,0.666667
62,5,2.336449,853,66.329705,752,66.785080,2,0.666667
95,6,2.803738,854,66.407465,752,66.785080,2,0.666667
87,7,3.271028,854,66.407465,752,66.785080,2,0.666667
31,8,3.738318,884,68.740280,772,68.561279,2,0.666667
189,9,4.205607,884,68.740280,772,68.561279,2,0.666667
112,10,4.672897,884,68.740280,772,68.561279,2,0.666667
208,11,5.140187,884,68.740280,772,68.561279,2,0.666667
37,12,5.607477,900,69.984448,792,70.337478,2,0.666667
22,13,6.074766,900,69.984448,792,70.337478,2,0.666667
164,14,6.542056,900,69.984448,792,70.337478,2,0.666667
210,15,7.009346,900,69.984448,792,70.337478,2,0.666667
182,16,7.476636,900,69.984448,792,70.337478,2,0.666667
26,17,7.943925,900,69.984448,792,70.337478,2,0.666667
52,18,8.411215,901,70.062208,796,70.692718,2,0.666667
144,19,8.878505,901,70.062208,796,70.692718,2,0.666667
48,20,9.345794,904,70.295490,796,70.692718,2,0.666667
146,21,9.813084,904,70.295490,796,70.692718,2,0.666667
86,22,10.280374,904,70.295490,796,70.692718,2,0.666667
