TestcaseNumber,TestcaseCount,TestcaseRatio,StatementCount,StatementRatio,BranchCount,BranchRatio,FaultCount,FaultRatio
13,1,0.467290,545,42.379471,466,41.385435,2,0.666667
23,2,0.934579,559,43.468118,480,42.628774,2,0.666667
88,3,1.401869,572,44.479005,492,43.694494,2,0.666667
41,4,1.869159,683,53.110420,576,51.154529,2,0.666667
161,5,2.336449,683,53.110420,576,51.154529,2,0.666667
82,6,2.803738,685,53.265941,580,51.509769,2,0.666667
53,7,3.271028,965,75.038880,846,75.133215,2,0.666667
146,8,3.738318,967,75.194401,846,75.133215,2,0.666667
99,9,4.205607,967,75.194401,846,75.133215,2,0.666667
78,10,4.672897,967,75.194401,846,75.133215,2,0.666667
134,11,5.140187,967,75.194401,846,75.133215,2,0.666667
89,12,5.607477,967,75.194401,846,75.133215,2,0.666667
58,13,6.074766,967,75.194401,846,75.133215,2,0.666667
191,14,6.542056,967,75.194401,846,75.133215,2,0.666667
137,15,7.009346,967,75.194401,846,75.133215,2,0.666667
196,16,7.476636,967,75.194401,846,75.133215,2,0.666667
29,17,7.943925,997,77.527216,866,76.909414,2,0.666667
128,18,8.411215,997,77.527216,866,76.909414,2,0.666667
60,19,8.878505,997,77.527216,866,76.909414,2,0.666667
158,20,9.345794,997,77.527216,866,76.909414,2,0.666667
