TestcaseNumber,TestcaseCount,TestcaseRatio,StatementCount,StatementRatio,BranchCount,BranchRatio,FaultCount,FaultRatio
45,1,0.467290,509,39.580093,408,36.234458,2,0.666667
109,2,0.934579,533,41.446345,460,40.852575,2,0.666667
130,3,1.401869,533,41.446345,460,40.852575,2,0.666667
39,4,1.869159,547,42.534992,478,42.451155,2,0.666667
173,5,2.336449,550,42.768274,478,42.451155,2,0.666667
98,6,2.803738,564,43.856921,488,43.339254,2,0.666667
8,7,3.271028,866,67.340591,766,68.028419,2,0.666667
181,8,3.738318,866,67.340591,766,68.028419,2,0.666667
46,9,4.205607,895,69.595645,796,70.692718,2,0.666667
104,10,4.672897,895,69.595645,796,70.692718,2,0.666667
140,11,5.140187,895,69.595645,796,70.692718,2,0.666667
92,12,5.607477,895,69.595645,796,70.692718,2,0.666667
11,13,6.074766,920,71.539658,818,72.646536,2,0.666667
102,14,6.542056,920,71.539658,818,72.646536,2,0.666667
169,15,7.009346,920,71.539658,818,72.646536,2,0.666667
177,16,7.476636,920,71.539658,818,72.646536,2,0.666667
154,17,7.943925,920,71.539658,818,72.646536,2,0.666667
