TestcaseNumber,TestcaseCount,TestcaseRatio,StatementCount,StatementRatio,BranchCount,BranchRatio,FaultCount,FaultRatio
69,1,0.467290,535,41.601866,456,40.497336,2,0.666667
3,2,0.934579,567,44.090202,480,42.628774,2,0.666667
55,3,1.401869,582,45.256610,490,43.516874,2,0.666667
194,4,1.869159,582,45.256610,494,43.872114,2,0.666667
85,5,2.336449,582,45.256610,494,43.872114,2,0.666667
169,6,2.803738,582,45.256610,494,43.872114,2,0.666667
129,7,3.271028,582,45.256610,494,43.872114,2,0.666667
16,8,3.738318,657,51.088647,564,50.088810,2,0.666667
34,9,4.205607,660,51.321928,568,50.444050,2,0.666667
71,10,4.672897,660,51.321928,568,50.444050,2,0.666667
79,11,5.140187,660,51.321928,568,50.444050,2,0.666667
170,12,5.607477,660,51.321928,568,50.444050,2,0.666667
32,13,6.074766,674,52.410575,572,50.799290,2,0.666667
106,14,6.542056,674,52.410575,572,50.799290,2,0.666667
148,15,7.009346,674,52.410575,572,50.799290,2,0.666667
179,16,7.476636,674,52.410575,572,50.799290,2,0.666667
11,17,7.943925,976,75.894246,850,75.488455,2,0.666667
46,18,8.411215,1005,78.149300,882,78.330373,2,0.666667
94,19,8.878505,1005,78.149300,882,78.330373,2,0.666667
56,20,9.345794,1005,78.149300,882,78.330373,2,0.666667
193,21,9.813084,1005,78.149300,882,78.330373,2,0.666667
