TestcaseNumber,TestcaseCount,TestcaseRatio,StatementCount,StatementRatio,BranchCount,BranchRatio,FaultCount,FaultRatio
200,1,0.467290,543,42.223950,470,41.740675,2,0.666667
205,2,0.934579,544,42.301711,470,41.740675,2,0.666667
58,3,1.401869,550,42.768274,470,41.740675,2,0.666667
191,4,1.869159,550,42.768274,470,41.740675,2,0.666667
51,5,2.336449,570,44.323484,488,43.339254,2,0.666667
83,6,2.803738,573,44.556765,492,43.694494,2,0.666667
22,7,3.271028,583,45.334370,494,43.872114,2,0.666667
117,8,3.738318,583,45.334370,494,43.872114,2,0.666667
110,9,4.205607,583,45.334370,494,43.872114,2,0.666667
152,10,4.672897,583,45.334370,494,43.872114,2,0.666667
55,11,5.140187,583,45.334370,494,43.872114,2,0.666667
48,12,5.607477,590,45.878694,498,44.227353,2,0.666667
189,13,6.074766,590,45.878694,498,44.227353,2,0.666667
44,14,6.542056,590,45.878694,498,44.227353,2,0.666667
86,15,7.009346,590,45.878694,498,44.227353,2,0.666667
105,16,7.476636,590,45.878694,498,44.227353,2,0.666667
149,17,7.943925,590,45.878694,498,44.227353,2,0.666667
198,18,8.411215,590,45.878694,498,44.227353,2,0.666667
