TestcaseNumber,TestcaseCount,TestcaseRatio,StatementCount,StatementRatio,BranchCount,BranchRatio,FaultCount,FaultRatio
115,1,0.467290,538,41.835148,458,40.674956,1,0.333333
5,2,0.934579,572,44.479005,480,42.628774,1,0.333333
137,3,1.401869,586,45.567652,496,44.049734,1,0.333333
97,4,1.869159,586,45.567652,496,44.049734,1,0.333333
150,5,2.336449,586,45.567652,496,44.049734,2,0.666667
188,6,2.803738,586,45.567652,496,44.049734,2,0.666667
59,7,3.271028,586,45.567652,496,44.049734,2,0.666667
158,8,3.738318,586,45.567652,496,44.049734,2,0.666667
64,9,4.205607,586,45.567652,496,44.049734,2,0.666667
144,10,4.672897,586,45.567652,496,44.049734,2,0.666667
18,11,5.140187,661,51.399689,566,50.266430,2,0.666667
123,12,5.607477,662,51.477449,566,50.266430,2,0.666667
14,13,6.074766,676,52.566096,570,50.621670,2,0.666667
16,14,6.542056,676,52.566096,570,50.621670,2,0.666667
211,15,7.009346,676,52.566096,570,50.621670,2,0.666667
157,16,7.476636,676,52.566096,570,50.621670,2,0.666667
131,17,7.943925,676,52.566096,570,50.621670,2,0.666667
168,18,8.411215,676,52.566096,570,50.621670,2,0.666667
7,19,8.878505,678,52.721617,570,50.621670,2,0.666667
138,20,9.345794,678,52.721617,570,50.621670,2,0.666667
43,21,9.813084,771,59.953344,652,57.904085,2,0.666667
149,22,10.280374,771,59.953344,652,57.904085,2,0.666667
66,23,10.747664,771,59.953344,652,57.904085,2,0.666667
186,24,11.214953,771,59.953344,652,57.904085,2,0.666667
81,25,11.682243,771,59.953344,652,57.904085,2,0.666667
