TestcaseNumber,TestcaseCount,TestcaseRatio,StatementCount,StatementRatio,BranchCount,BranchRatio,FaultCount,FaultRatio
87,1,0.467290,534,41.524106,458,40.674956,0,0.000000
27,2,0.934579,564,43.856921,478,42.451155,0,0.000000
34,3,1.401869,590,45.878694,504,44.760213,2,0.666667
11,4,1.869159,892,69.362364,782,69.449378,2,0.666667
48,5,2.336449,899,69.906687,786,69.804618,2,0.666667
71,6,2.803738,902,70.139969,788,69.982238,2,0.666667
21,7,3.271028,905,70.373250,788,69.982238,2,0.666667
180,8,3.738318,919,71.461897,798,70.870337,2,0.666667
174,9,4.205607,919,71.461897,798,70.870337,2,0.666667
125,10,4.672897,920,71.539658,798,70.870337,2,0.666667
112,11,5.140187,920,71.539658,798,70.870337,2,0.666667
72,12,5.607477,920,71.539658,798,70.870337,2,0.666667
211,13,6.074766,920,71.539658,798,70.870337,2,0.666667
179,14,6.542056,920,71.539658,798,70.870337,2,0.666667
205,15,7.009346,920,71.539658,798,70.870337,2,0.666667
207,16,7.476636,920,71.539658,798,70.870337,2,0.666667
143,17,7.943925,920,71.539658,798,70.870337,2,0.666667
114,18,8.411215,920,71.539658,798,70.870337,2,0.666667
146,19,8.878505,920,71.539658,798,70.870337,2,0.666667
197,20,9.345794,920,71.539658,798,70.870337,2,0.666667
208,21,9.813084,920,71.539658,798,70.870337,2,0.666667
