TestcaseNumber,TestcaseCount,TestcaseRatio,StatementCount,StatementRatio,BranchCount,BranchRatio,FaultCount,FaultRatio
192,1,0.467290,532,41.368585,462,41.030195,2,0.666667
9,2,0.934579,585,45.489891,504,44.760213,2,0.666667
156,3,1.401869,601,46.734059,514,45.648313,2,0.666667
201,4,1.869159,602,46.811820,516,45.825933,2,0.666667
99,5,2.336449,604,46.967341,516,45.825933,2,0.666667
53,6,2.803738,908,70.606532,804,71.403197,2,0.666667
34,7,3.271028,934,72.628305,826,73.357016,2,0.666667
46,8,3.738318,963,74.883359,858,76.198934,2,0.666667
30,9,4.205607,966,75.116641,858,76.198934,2,0.666667
36,10,4.672897,975,75.816485,862,76.554174,2,0.666667
129,11,5.140187,975,75.816485,862,76.554174,2,0.666667
35,12,5.607477,975,75.816485,862,76.554174,2,0.666667
113,13,6.074766,975,75.816485,862,76.554174,2,0.666667
79,14,6.542056,975,75.816485,862,76.554174,2,0.666667
20,15,7.009346,1005,78.149300,906,80.461812,2,0.666667
60,16,7.476636,1005,78.149300,906,80.461812,2,0.666667
164,17,7.943925,1005,78.149300,906,80.461812,2,0.666667
82,18,8.411215,1005,78.149300,906,80.461812,2,0.666667
1,19,8.878505,1016,79.004666,908,80.639432,2,0.666667
199,20,9.345794,1016,79.004666,908,80.639432,2,0.666667
14,21,9.813084,1016,79.004666,908,80.639432,2,0.666667
84,22,10.280374,1016,79.004666,908,80.639432,2,0.666667
49,23,10.747664,1041,80.948678,928,82.415631,2,0.666667
