TestcaseNumber,TestcaseCount,TestcaseRatio,StatementCount,StatementRatio,BranchCount,BranchRatio,FaultCount,FaultRatio
26,1,0.467290,111,8.631415,134,11.900533,0,0.000000
189,2,0.934579,561,43.623639,480,42.628774,2,0.666667
130,3,1.401869,563,43.779160,480,42.628774,2,0.666667
103,4,1.869159,580,45.101089,494,43.872114,2,0.666667
111,5,2.336449,580,45.101089,494,43.872114,2,0.666667
132,6,2.803738,580,45.101089,494,43.872114,2,0.666667
193,7,3.271028,580,45.101089,494,43.872114,2,0.666667
40,8,3.738318,879,68.351477,760,67.495560,2,0.666667
87,9,4.205607,881,68.506998,760,67.495560,2,0.666667
204,10,4.672897,881,68.506998,760,67.495560,2,0.666667
65,11,5.140187,882,68.584759,760,67.495560,2,0.666667
148,12,5.607477,882,68.584759,760,67.495560,2,0.666667
158,13,6.074766,882,68.584759,760,67.495560,2,0.666667
209,14,6.542056,882,68.584759,760,67.495560,2,0.666667
62,15,7.009346,882,68.584759,760,67.495560,2,0.666667
39,16,7.476636,894,69.517885,774,68.738899,2,0.666667
4,17,7.943925,903,70.217729,774,68.738899,2,0.666667
164,18,8.411215,903,70.217729,774,68.738899,2,0.666667
61,19,8.878505,903,70.217729,774,68.738899,2,0.666667
2,20,9.345794,910,70.762053,776,68.916519,2,0.666667
166,21,9.813084,910,70.762053,776,68.916519,2,0.666667
109,22,10.280374,910,70.762053,776,68.916519,2,0.666667
169,23,10.747664,910,70.762053,776,68.916519,2,0.666667
