TestcaseNumber,TestcaseCount,TestcaseRatio,StatementCount,StatementRatio,BranchCount,BranchRatio,FaultCount,FaultRatio
151,1,0.467290,533,41.446345,460,40.852575,2,0.666667
132,2,0.934579,537,41.757387,464,41.207815,2,0.666667
124,3,1.401869,551,42.846034,474,42.095915,2,0.666667
17,4,1.869159,636,49.455677,546,48.490231,2,0.666667
167,5,2.336449,636,49.455677,546,48.490231,2,0.666667
160,6,2.803738,636,49.455677,546,48.490231,2,0.666667
18,7,3.271028,661,51.399689,568,50.444050,2,0.666667
147,8,3.738318,661,51.399689,568,50.444050,2,0.666667
5,9,4.205607,670,52.099533,568,50.444050,2,0.666667
3,10,4.672897,677,52.643857,570,50.621670,2,0.666667
196,11,5.140187,677,52.643857,570,50.621670,2,0.666667
116,12,5.607477,677,52.643857,570,50.621670,2,0.666667
139,13,6.074766,677,52.643857,570,50.621670,2,0.666667
106,14,6.542056,677,52.643857,570,50.621670,2,0.666667
179,15,7.009346,677,52.643857,570,50.621670,2,0.666667
191,16,7.476636,677,52.643857,570,50.621670,2,0.666667
19,17,7.943925,979,76.127527,848,75.310835,2,0.666667
205,18,8.411215,980,76.205288,848,75.310835,2,0.666667
135,19,8.878505,980,76.205288,848,75.310835,2,0.666667
107,20,9.345794,980,76.205288,848,75.310835,2,0.666667
207,21,9.813084,980,76.205288,848,75.310835,2,0.666667
