TestcaseNumber,TestcaseCount,TestcaseRatio,StatementCount,StatementRatio,BranchCount,BranchRatio,FaultCount,FaultRatio
123,1,0.467290,547,42.534992,468,41.563055,2,0.666667
29,2,0.934579,577,44.867807,488,43.339254,2,0.666667
66,3,1.401869,581,45.178849,488,43.339254,2,0.666667
69,4,1.869159,582,45.256610,490,43.516874,2,0.666667
91,5,2.336449,582,45.256610,490,43.516874,2,0.666667
70,6,2.803738,582,45.256610,490,43.516874,2,0.666667
208,7,3.271028,582,45.256610,494,43.872114,2,0.666667
45,8,3.738318,582,45.256610,494,43.872114,2,0.666667
127,9,4.205607,582,45.256610,494,43.872114,2,0.666667
119,10,4.672897,582,45.256610,494,43.872114,2,0.666667
203,11,5.140187,582,45.256610,494,43.872114,2,0.666667
38,12,5.607477,897,69.751166,802,71.225577,2,0.666667
22,13,6.074766,897,69.751166,802,71.225577,2,0.666667
19,14,6.542056,900,69.984448,802,71.225577,2,0.666667
144,15,7.009346,900,69.984448,802,71.225577,2,0.666667
206,16,7.476636,900,69.984448,802,71.225577,2,0.666667
164,17,7.943925,900,69.984448,802,71.225577,2,0.666667
149,18,8.411215,900,69.984448,802,71.225577,2,0.666667
