TestcaseNumber,TestcaseCount,TestcaseRatio,StatementCount,StatementRatio,BranchCount,BranchRatio,FaultCount,FaultRatio
5,1,0.467290,95,7.387247,108,9.591474,0,0.000000
33,2,0.934579,145,11.275272,156,13.854352,0,0.000000
179,3,1.401869,609,47.356143,512,45.470693,2,0.666667
3,4,1.869159,616,47.900467,514,45.648313,2,0.666667
85,5,2.336449,621,48.289269,514,45.648313,2,0.666667
102,6,2.803738,623,48.444790,518,46.003552,2,0.666667
56,7,3.271028,623,48.444790,518,46.003552,2,0.666667
48,8,3.738318,630,48.989114,522,46.358792,2,0.666667
51,9,4.205607,630,48.989114,522,46.358792,2,0.666667
130,10,4.672897,630,48.989114,522,46.358792,2,0.666667
140,11,5.140187,630,48.989114,522,46.358792,2,0.666667
148,12,5.607477,630,48.989114,522,46.358792,2,0.666667
52,13,6.074766,643,50.000000,540,47.957371,2,0.666667
60,14,6.542056,643,50.000000,540,47.957371,2,0.666667
26,15,7.009346,643,50.000000,540,47.957371,2,0.666667
42,16,7.476636,942,73.250389,806,71.580817,2,0.666667
90,17,7.943925,942,73.250389,806,71.580817,2,0.666667
211,18,8.411215,942,73.250389,806,71.580817,2,0.666667
