TestcaseNumber,TestcaseCount,TestcaseRatio,StatementCount,StatementRatio,BranchCount,BranchRatio,FaultCount,FaultRatio
101,1,0.467290,547,42.534992,466,41.385435,2,0.666667
11,2,0.934579,874,67.962675,770,68.383659,2,0.666667
38,3,1.401869,887,68.973561,800,71.047957,2,0.666667
111,4,1.869159,887,68.973561,800,71.047957,2,0.666667
39,5,2.336449,901,70.062208,818,72.646536,2,0.666667
155,6,2.803738,904,70.295490,818,72.646536,2,0.666667
37,7,3.271028,920,71.539658,838,74.422735,2,0.666667
40,8,3.738318,939,73.017107,862,76.554174,2,0.666667
160,9,4.205607,939,73.017107,862,76.554174,2,0.666667
183,10,4.672897,940,73.094868,862,76.554174,2,0.666667
187,11,5.140187,940,73.094868,862,76.554174,2,0.666667
175,12,5.607477,940,73.094868,862,76.554174,2,0.666667
177,13,6.074766,940,73.094868,862,76.554174,2,0.666667
174,14,6.542056,940,73.094868,862,76.554174,2,0.666667
3,15,7.009346,947,73.639191,864,76.731794,2,0.666667
188,16,7.476636,947,73.639191,864,76.731794,2,0.666667
190,17,7.943925,947,73.639191,864,76.731794,2,0.666667
