TestcaseNumber,TestcaseCount,TestcaseRatio,StatementCount,StatementRatio,BranchCount,BranchRatio,FaultCount,FaultRatio
157,1,0.467290,546,42.457232,472,41.918295,0,0.000000
30,2,0.934579,576,44.790047,492,43.694494,0,0.000000
204,3,1.401869,577,44.867807,494,43.872114,2,0.666667
8,4,1.869159,879,68.351477,772,68.561279,2,0.666667
193,5,2.336449,882,68.584759,772,68.561279,2,0.666667
194,6,2.803738,882,68.584759,772,68.561279,2,0.666667
121,7,3.271028,884,68.740280,772,68.561279,2,0.666667
108,8,3.738318,884,68.740280,772,68.561279,2,0.666667
112,9,4.205607,884,68.740280,772,68.561279,2,0.666667
169,10,4.672897,884,68.740280,772,68.561279,2,0.666667
207,11,5.140187,884,68.740280,772,68.561279,2,0.666667
124,12,5.607477,884,68.740280,772,68.561279,2,0.666667
76,13,6.074766,884,68.740280,772,68.561279,2,0.666667
113,14,6.542056,884,68.740280,772,68.561279,2,0.666667
202,15,7.009346,884,68.740280,772,68.561279,2,0.666667
64,16,7.476636,884,68.740280,772,68.561279,2,0.666667
214,17,7.943925,884,68.740280,772,68.561279,2,0.666667
89,18,8.411215,884,68.740280,772,68.561279,2,0.666667
