TestcaseNumber,TestcaseCount,TestcaseRatio,StatementCount,StatementRatio,BranchCount,BranchRatio,FaultCount,FaultRatio
36,1,0.467290,351,27.293935,266,23.623446,0,0.000000
140,2,0.934579,556,43.234837,474,42.095915,2,0.666667
120,3,1.401869,558,43.390358,474,42.095915,2,0.666667
212,4,1.869159,560,43.545879,478,42.451155,2,0.666667
65,5,2.336449,561,43.623639,478,42.451155,2,0.666667
165,6,2.803738,561,43.623639,478,42.451155,2,0.666667
9,7,3.271028,614,47.744946,520,46.181172,2,0.666667
93,8,3.738318,615,47.822706,520,46.181172,2,0.666667
112,9,4.205607,615,47.822706,520,46.181172,2,0.666667
163,10,4.672897,615,47.822706,520,46.181172,2,0.666667
98,11,5.140187,615,47.822706,520,46.181172,2,0.666667
33,12,5.607477,618,48.055988,520,46.181172,2,0.666667
142,13,6.074766,618,48.055988,520,46.181172,2,0.666667
106,14,6.542056,618,48.055988,520,46.181172,2,0.666667
145,15,7.009346,618,48.055988,520,46.181172,2,0.666667
90,16,7.476636,618,48.055988,520,46.181172,2,0.666667
146,17,7.943925,618,48.055988,520,46.181172,2,0.666667
