TestcaseNumber,TestcaseCount,TestcaseRatio,StatementCount,StatementRatio,BranchCount,BranchRatio,FaultCount,FaultRatio
1,1,0.467290,97,7.542768,110,9.769094,0,0.000000
82,2,0.934579,584,45.412131,492,43.694494,2,0.666667
12,3,1.401869,614,47.744946,512,45.470693,2,0.666667
156,4,1.869159,614,47.744946,516,45.825933,2,0.666667
54,5,2.336449,615,47.822706,516,45.825933,2,0.666667
105,6,2.803738,619,48.133748,518,46.003552,2,0.666667
191,7,3.271028,619,48.133748,518,46.003552,2,0.666667
93,8,3.738318,620,48.211509,518,46.003552,2,0.666667
58,9,4.205607,620,48.211509,518,46.003552,2,0.666667
175,10,4.672897,620,48.211509,518,46.003552,2,0.666667
210,11,5.140187,620,48.211509,518,46.003552,2,0.666667
61,12,5.607477,620,48.211509,518,46.003552,2,0.666667
87,13,6.074766,620,48.211509,518,46.003552,2,0.666667
10,14,6.542056,922,71.695179,796,70.692718,2,0.666667
123,15,7.009346,922,71.695179,796,70.692718,2,0.666667
163,16,7.476636,922,71.695179,796,70.692718,2,0.666667
149,17,7.943925,922,71.695179,796,70.692718,2,0.666667
2,18,8.411215,929,72.239502,798,70.870337,2,0.666667
