TestcaseNumber,TestcaseCount,TestcaseRatio,StatementCount,StatementRatio,BranchCount,BranchRatio,FaultCount,FaultRatio
204,1,0.467290,540,41.990669,470,41.740675,2,0.666667
124,2,0.934579,542,42.146190,470,41.740675,2,0.666667
102,3,1.401869,549,42.690513,474,42.095915,2,0.666667
181,4,1.869159,549,42.690513,474,42.095915,2,0.666667
136,5,2.336449,551,42.846034,474,42.095915,2,0.666667
106,6,2.803738,551,42.846034,474,42.095915,2,0.666667
161,7,3.271028,551,42.846034,474,42.095915,2,0.666667
183,8,3.738318,552,42.923795,474,42.095915,2,0.666667
185,9,4.205607,553,43.001555,474,42.095915,2,0.666667
122,10,4.672897,553,43.001555,474,42.095915,2,0.666667
197,11,5.140187,553,43.001555,474,42.095915,2,0.666667
212,12,5.607477,553,43.001555,474,42.095915,2,0.666667
211,13,6.074766,553,43.001555,474,42.095915,2,0.666667
209,14,6.542056,553,43.001555,474,42.095915,2,0.666667
163,15,7.009346,553,43.001555,474,42.095915,2,0.666667
7,16,7.476636,580,45.101089,496,44.049734,2,0.666667
63,17,7.943925,580,45.101089,496,44.049734,2,0.666667
68,18,8.411215,580,45.101089,496,44.049734,2,0.666667
94,19,8.878505,580,45.101089,496,44.049734,2,0.666667
152,20,9.345794,580,45.101089,496,44.049734,2,0.666667
9,21,9.813084,633,49.222395,538,47.779751,2,0.666667
201,22,10.280374,633,49.222395,538,47.779751,2,0.666667
