TestcaseNumber,TestcaseCount,TestcaseRatio,StatementCount,StatementRatio,BranchCount,BranchRatio,FaultCount,FaultRatio
60,1,0.467290,549,42.690513,466,41.385435,2,0.666667
190,2,0.934579,549,42.690513,470,41.740675,2,0.666667
145,3,1.401869,550,42.768274,470,41.740675,2,0.666667
150,4,1.869159,550,42.768274,470,41.740675,2,0.666667
130,5,2.336449,550,42.768274,470,41.740675,2,0.666667
93,6,2.803738,553,43.001555,474,42.095915,2,0.666667
34,7,3.271028,578,44.945568,496,44.049734,2,0.666667
106,8,3.738318,578,44.945568,496,44.049734,2,0.666667
199,9,4.205607,578,44.945568,496,44.049734,2,0.666667
90,10,4.672897,578,44.945568,496,44.049734,2,0.666667
183,11,5.140187,578,44.945568,496,44.049734,2,0.666667
42,12,5.607477,877,68.195956,762,67.673179,2,0.666667
125,13,6.074766,877,68.195956,762,67.673179,2,0.666667
38,14,6.542056,912,70.917574,828,73.534636,2,0.666667
129,15,7.009346,912,70.917574,828,73.534636,2,0.666667
47,16,7.476636,912,70.917574,828,73.534636,2,0.666667
197,17,7.943925,912,70.917574,828,73.534636,2,0.666667
105,18,8.411215,912,70.917574,828,73.534636,2,0.666667
100,19,8.878505,912,70.917574,828,73.534636,2,0.666667
12,20,9.345794,942,73.250389,848,75.310835,2,0.666667
1,21,9.813084,953,74.105754,850,75.488455,2,0.666667
19,22,10.280374,956,74.339036,850,75.488455,2,0.666667
98,23,10.747664,956,74.339036,850,75.488455,2,0.666667
200,24,11.214953,956,74.339036,850,75.488455,2,0.666667
74,25,11.682243,956,74.339036,850,75.488455,2,0.666667
137,26,12.149533,956,74.339036,850,75.488455,2,0.666667
