TestcaseNumber,TestcaseCount,TestcaseRatio,StatementCount,StatementRatio,BranchCount,BranchRatio,FaultCount,FaultRatio
214,1,0.467290,0,0.000000,0,0.000000,0,0.000000
122,2,0.934579,546,42.457232,468,41.563055,2,0.666667
82,3,1.401869,548,42.612753,468,41.563055,2,0.666667
116,4,1.869159,548,42.612753,468,41.563055,2,0.666667
206,5,2.336449,548,42.612753,472,41.918295,2,0.666667
161,6,2.803738,549,42.690513,474,42.095915,2,0.666667
61,7,3.271028,551,42.846034,474,42.095915,2,0.666667
157,8,3.738318,551,42.846034,474,42.095915,2,0.666667
128,9,4.205607,551,42.846034,474,42.095915,2,0.666667
84,10,4.672897,551,42.846034,474,42.095915,2,0.666667
151,11,5.140187,551,42.846034,474,42.095915,2,0.666667
18,12,5.607477,651,50.622084,566,50.266430,2,0.666667
20,13,6.074766,982,76.360809,874,77.619893,2,0.666667
163,14,6.542056,983,76.438569,874,77.619893,2,0.666667
184,15,7.009346,983,76.438569,874,77.619893,2,0.666667
56,16,7.476636,983,76.438569,874,77.619893,2,0.666667
9,17,7.943925,993,77.216174,880,78.152753,2,0.666667
49,18,8.411215,1021,79.393468,906,80.461812,2,0.666667
141,19,8.878505,1021,79.393468,906,80.461812,2,0.666667
