TestcaseNumber,TestcaseCount,TestcaseRatio,StatementCount,StatementRatio,BranchCount,BranchRatio,FaultCount,FaultRatio
132,1,0.467290,532,41.368585,458,40.674956,2,0.666667
107,2,0.934579,534,41.524106,458,40.674956,2,0.666667
103,3,1.401869,549,42.690513,468,41.563055,2,0.666667
70,4,1.869159,552,42.923795,470,41.740675,2,0.666667
177,5,2.336449,552,42.923795,474,42.095915,2,0.666667
56,6,2.803738,552,42.923795,474,42.095915,2,0.666667
65,7,3.271028,553,43.001555,474,42.095915,2,0.666667
168,8,3.738318,553,43.001555,474,42.095915,2,0.666667
71,9,4.205607,553,43.001555,474,42.095915,2,0.666667
34,10,4.672897,578,44.945568,496,44.049734,2,0.666667
130,11,5.140187,578,44.945568,496,44.049734,2,0.666667
181,12,5.607477,578,44.945568,496,44.049734,2,0.666667
14,13,6.074766,608,47.278383,516,45.825933,2,0.666667
143,14,6.542056,608,47.278383,516,45.825933,2,0.666667
163,15,7.009346,608,47.278383,516,45.825933,2,0.666667
83,16,7.476636,608,47.278383,516,45.825933,2,0.666667
19,17,7.943925,910,70.762053,794,70.515098,2,0.666667
138,18,8.411215,910,70.762053,794,70.515098,2,0.666667
194,19,8.878505,910,70.762053,794,70.515098,2,0.666667
116,20,9.345794,910,70.762053,794,70.515098,2,0.666667
62,21,9.813084,910,70.762053,794,70.515098,2,0.666667
