TestcaseNumber,TestcaseCount,TestcaseRatio,StatementCount,StatementRatio,BranchCount,BranchRatio,FaultCount,FaultRatio
17,1,0.467290,165,12.830482,186,16.518650,0,0.000000
80,2,0.934579,634,49.300156,538,47.779751,2,0.666667
29,3,1.401869,638,49.611198,540,47.957371,2,0.666667
167,4,1.869159,640,49.766719,548,48.667851,2,0.666667
86,5,2.336449,640,49.766719,548,48.667851,2,0.666667
165,6,2.803738,641,49.844479,548,48.667851,2,0.666667
171,7,3.271028,641,49.844479,548,48.667851,2,0.666667
9,8,3.738318,650,50.544323,552,49.023091,2,0.666667
87,9,4.205607,650,50.544323,552,49.023091,2,0.666667
138,10,4.672897,650,50.544323,552,49.023091,2,0.666667
72,11,5.140187,650,50.544323,552,49.023091,2,0.666667
77,12,5.607477,650,50.544323,552,49.023091,2,0.666667
2,13,6.074766,657,51.088647,554,49.200710,2,0.666667
92,14,6.542056,657,51.088647,554,49.200710,2,0.666667
3,15,7.009346,682,53.032659,576,51.154529,2,0.666667
141,16,7.476636,682,53.032659,576,51.154529,2,0.666667
209,17,7.943925,682,53.032659,576,51.154529,2,0.666667
193,18,8.411215,683,53.110420,576,51.154529,2,0.666667
