TestcaseNumber,TestcaseCount,TestcaseRatio,StatementCount,StatementRatio,BranchCount,BranchRatio,FaultCount,FaultRatio
166,1,0.467290,526,40.902022,456,40.497336,1,0.333333
131,2,0.934579,535,41.601866,464,41.207815,2,0.666667
69,3,1.401869,537,41.757387,464,41.207815,2,0.666667
122,4,1.869159,551,42.846034,474,42.095915,2,0.666667
82,5,2.336449,551,42.846034,474,42.095915,2,0.666667
115,6,2.803738,552,42.923795,474,42.095915,2,0.666667
27,7,3.271028,582,45.256610,494,43.872114,2,0.666667
81,8,3.738318,582,45.256610,494,43.872114,2,0.666667
50,9,4.205607,635,49.377916,556,49.378330,2,0.666667
180,10,4.672897,635,49.377916,556,49.378330,2,0.666667
158,11,5.140187,635,49.377916,556,49.378330,2,0.666667
46,12,5.607477,664,51.632970,588,52.220249,2,0.666667
187,13,6.074766,664,51.632970,588,52.220249,2,0.666667
86,14,6.542056,664,51.632970,588,52.220249,2,0.666667
175,15,7.009346,664,51.632970,588,52.220249,2,0.666667
76,16,7.476636,664,51.632970,588,52.220249,2,0.666667
25,17,7.943925,689,53.576983,610,54.174067,2,0.666667
