TestcaseNumber,TestcaseCount,TestcaseRatio,StatementCount,StatementRatio,BranchCount,BranchRatio,FaultCount,FaultRatio
121,1,0.467290,545,42.379471,466,41.385435,2,0.666667
62,2,0.934579,551,42.846034,470,41.740675,2,0.666667
92,3,1.401869,551,42.846034,470,41.740675,2,0.666667
101,4,1.869159,551,42.846034,470,41.740675,2,0.666667
20,5,2.336449,903,70.217729,800,71.047957,2,0.666667
74,6,2.803738,903,70.217729,800,71.047957,2,0.666667
141,7,3.271028,903,70.217729,804,71.403197,2,0.666667
111,8,3.738318,903,70.217729,804,71.403197,2,0.666667
35,9,4.205607,912,70.917574,808,71.758437,2,0.666667
140,10,4.672897,912,70.917574,808,71.758437,2,0.666667
90,11,5.140187,912,70.917574,808,71.758437,2,0.666667
81,12,5.607477,912,70.917574,808,71.758437,2,0.666667
12,13,6.074766,916,71.228616,812,72.113677,2,0.666667
69,14,6.542056,916,71.228616,812,72.113677,2,0.666667
112,15,7.009346,916,71.228616,812,72.113677,2,0.666667
8,16,7.476636,921,71.617418,818,72.646536,2,0.666667
75,17,7.943925,922,71.695179,818,72.646536,2,0.666667
173,18,8.411215,923,71.772939,818,72.646536,2,0.666667
57,19,8.878505,923,71.772939,818,72.646536,2,0.666667
157,20,9.345794,923,71.772939,818,72.646536,2,0.666667
