TestcaseNumber,TestcaseCount,TestcaseRatio,StatementCount,StatementRatio,BranchCount,BranchRatio,FaultCount,FaultRatio
18,1,0.467290,173,13.452566,194,17.229130,0,0.000000
158,2,0.934579,646,50.233281,562,49.911190,2,0.666667
154,3,1.401869,647,50.311042,562,49.911190,2,0.666667
106,4,1.869159,651,50.622084,566,50.266430,2,0.666667
189,5,2.336449,651,50.622084,566,50.266430,2,0.666667
83,6,2.803738,652,50.699844,566,50.266430,2,0.666667
214,7,3.271028,652,50.699844,566,50.266430,2,0.666667
157,8,3.738318,652,50.699844,566,50.266430,2,0.666667
206,9,4.205607,652,50.699844,566,50.266430,2,0.666667
73,10,4.672897,652,50.699844,566,50.266430,2,0.666667
193,11,5.140187,652,50.699844,566,50.266430,2,0.666667
179,12,5.607477,652,50.699844,566,50.266430,2,0.666667
195,13,6.074766,653,50.777605,566,50.266430,2,0.666667
49,14,6.542056,776,60.342146,684,60.746004,2,0.666667
4,15,7.009346,785,61.041991,684,60.746004,2,0.666667
70,16,7.476636,785,61.041991,684,60.746004,2,0.666667
115,17,7.943925,785,61.041991,684,60.746004,2,0.666667
63,18,8.411215,785,61.041991,684,60.746004,2,0.666667
99,19,8.878505,785,61.041991,684,60.746004,2,0.666667
176,20,9.345794,785,61.041991,684,60.746004,2,0.666667
