TestcaseNumber,TestcaseCount,TestcaseRatio,StatementCount,StatementRatio,BranchCount,BranchRatio,FaultCount,FaultRatio
27,1,0.467290,111,8.631415,134,11.900533,0,0.000000
51,2,0.934579,111,8.631415,134,11.900533,0,0.000000
126,3,1.401869,556,43.234837,472,41.918295,1,0.333333
6,4,1.869159,590,45.878694,520,46.181172,3,1.000000
13,5,2.336449,615,47.822706,542,48.134991,3,1.000000
139,6,2.803738,633,49.222395,556,49.378330,3,1.000000
31,7,3.271028,633,49.222395,556,49.378330,3,1.000000
81,8,3.738318,633,49.222395,556,49.378330,3,1.000000
159,9,4.205607,633,49.222395,556,49.378330,3,1.000000
136,10,4.672897,633,49.222395,556,49.378330,3,1.000000
211,11,5.140187,633,49.222395,556,49.378330,3,1.000000
12,12,5.607477,633,49.222395,556,49.378330,3,1.000000
198,13,6.074766,633,49.222395,556,49.378330,3,1.000000
4,14,6.542056,642,49.922240,556,49.378330,3,1.000000
207,15,7.009346,642,49.922240,556,49.378330,3,1.000000
160,16,7.476636,642,49.922240,556,49.378330,3,1.000000
181,17,7.943925,642,49.922240,556,49.378330,3,1.000000
