TestcaseNumber,TestcaseCount,TestcaseRatio,StatementCount,StatementRatio,BranchCount,BranchRatio,FaultCount,FaultRatio
12,1,0.467290,110,8.553655,134,11.900533,0,0.000000
69,2,0.934579,565,43.934681,476,42.273535,2,0.666667
103,3,1.401869,582,45.256610,490,43.516874,2,0.666667
170,4,1.869159,582,45.256610,494,43.872114,2,0.666667
80,5,2.336449,582,45.256610,494,43.872114,2,0.666667
201,6,2.803738,582,45.256610,494,43.872114,2,0.666667
97,7,3.271028,582,45.256610,494,43.872114,2,0.666667
110,8,3.738318,582,45.256610,494,43.872114,2,0.666667
159,9,4.205607,582,45.256610,494,43.872114,2,0.666667
102,10,4.672897,582,45.256610,494,43.872114,2,0.666667
139,11,5.140187,582,45.256610,494,43.872114,2,0.666667
162,12,5.607477,582,45.256610,494,43.872114,2,0.666667
44,13,6.074766,582,45.256610,494,43.872114,2,0.666667
129,14,6.542056,582,45.256610,494,43.872114,2,0.666667
121,15,7.009346,582,45.256610,494,43.872114,2,0.666667
54,16,7.476636,583,45.334370,494,43.872114,2,0.666667
179,17,7.943925,583,45.334370,494,43.872114,2,0.666667
169,18,8.411215,583,45.334370,494,43.872114,2,0.666667
79,19,8.878505,583,45.334370,494,43.872114,2,0.666667
19,20,9.345794,885,68.818040,772,68.561279,2,0.666667
39,21,9.813084,897,69.751166,786,69.804618,2,0.666667
186,22,10.280374,897,69.751166,786,69.804618,2,0.666667
187,23,10.747664,897,69.751166,786,69.804618,2,0.666667
166,24,11.214953,897,69.751166,786,69.804618,2,0.666667
84,25,11.682243,897,69.751166,786,69.804618,2,0.666667
