TestcaseNumber,TestcaseCount,TestcaseRatio,StatementCount,StatementRatio,BranchCount,BranchRatio,FaultCount,FaultRatio
92,1,0.467290,534,41.524106,458,40.674956,2,0.666667
12,2,0.934579,564,43.856921,478,42.451155,2,0.666667
43,3,1.401869,657,51.088647,564,50.088810,2,0.666667
63,4,1.869159,674,52.410575,574,50.976909,2,0.666667
171,5,2.336449,675,52.488336,576,51.154529,2,0.666667
126,6,2.803738,675,52.488336,576,51.154529,2,0.666667
70,7,3.271028,675,52.488336,576,51.154529,2,0.666667
208,8,3.738318,675,52.488336,576,51.154529,2,0.666667
115,9,4.205607,676,52.566096,576,51.154529,2,0.666667
37,10,4.672897,692,53.810264,596,52.930728,2,0.666667
87,11,5.140187,692,53.810264,596,52.930728,2,0.666667
6,12,5.607477,718,55.832037,636,56.483126,3,1.000000
214,13,6.074766,718,55.832037,636,56.483126,3,1.000000
84,14,6.542056,718,55.832037,636,56.483126,3,1.000000
186,15,7.009346,718,55.832037,636,56.483126,3,1.000000
140,16,7.476636,718,55.832037,636,56.483126,3,1.000000
74,17,7.943925,718,55.832037,636,56.483126,3,1.000000
35,18,8.411215,723,56.220840,636,56.483126,3,1.000000
105,19,8.878505,723,56.220840,636,56.483126,3,1.000000
3,20,9.345794,755,58.709176,660,58.614565,3,1.000000
46,21,9.813084,772,60.031104,676,60.035524,3,1.000000
150,22,10.280374,772,60.031104,676,60.035524,3,1.000000
85,23,10.747664,772,60.031104,676,60.035524,3,1.000000
181,24,11.214953,772,60.031104,676,60.035524,3,1.000000
52,25,11.682243,772,60.031104,676,60.035524,3,1.000000
