TestcaseNumber,TestcaseCount,TestcaseRatio,StatementCount,StatementRatio,BranchCount,BranchRatio,FaultCount,FaultRatio
166,1,0.467290,526,40.902022,456,40.497336,1,0.333333
83,2,0.934579,549,42.690513,472,41.918295,2,0.666667
132,3,1.401869,549,42.690513,472,41.918295,2,0.666667
49,4,1.869159,672,52.255054,590,52.397869,2,0.666667
96,5,2.336449,674,52.410575,590,52.397869,2,0.666667
30,6,2.803738,704,54.743390,610,54.174067,2,0.666667
127,7,3.271028,704,54.743390,610,54.174067,2,0.666667
69,8,3.738318,705,54.821151,612,54.351687,2,0.666667
159,9,4.205607,705,54.821151,612,54.351687,2,0.666667
105,10,4.672897,706,54.898911,612,54.351687,2,0.666667
15,11,5.140187,731,56.842924,634,56.305506,2,0.666667
193,12,5.607477,731,56.842924,634,56.305506,2,0.666667
26,13,6.074766,731,56.842924,634,56.305506,2,0.666667
150,14,6.542056,731,56.842924,634,56.305506,2,0.666667
35,15,7.009346,740,57.542768,638,56.660746,2,0.666667
46,16,7.476636,769,59.797823,670,59.502664,2,0.666667
70,17,7.943925,769,59.797823,670,59.502664,2,0.666667
152,18,8.411215,769,59.797823,670,59.502664,2,0.666667
131,19,8.878505,769,59.797823,670,59.502664,2,0.666667
66,20,9.345794,769,59.797823,670,59.502664,2,0.666667
125,21,9.813084,769,59.797823,670,59.502664,2,0.666667
20,22,10.280374,1003,77.993779,892,79.218472,2,0.666667
85,23,10.747664,1003,77.993779,892,79.218472,2,0.666667
