TestcaseNumber,TestcaseCount,TestcaseRatio,StatementCount,StatementRatio,BranchCount,BranchRatio,FaultCount,FaultRatio
74,1,0.467290,532,41.368585,456,40.497336,2,0.666667
20,2,0.934579,884,68.740280,786,69.804618,2,0.666667
136,3,1.401869,903,70.217729,804,71.403197,2,0.666667
84,4,1.869159,903,70.217729,804,71.403197,2,0.666667
118,5,2.336449,903,70.217729,804,71.403197,2,0.666667
108,6,2.803738,903,70.217729,804,71.403197,2,0.666667
50,7,3.271028,918,71.384137,820,72.824156,2,0.666667
178,8,3.738318,918,71.384137,820,72.824156,2,0.666667
86,9,4.205607,918,71.384137,820,72.824156,2,0.666667
75,10,4.672897,919,71.461897,820,72.824156,2,0.666667
112,11,5.140187,919,71.461897,820,72.824156,2,0.666667
170,12,5.607477,919,71.461897,820,72.824156,2,0.666667
179,13,6.074766,919,71.461897,820,72.824156,2,0.666667
14,14,6.542056,924,71.850700,824,73.179396,2,0.666667
183,15,7.009346,925,71.928460,824,73.179396,2,0.666667
211,16,7.476636,925,71.928460,824,73.179396,2,0.666667
197,17,7.943925,925,71.928460,824,73.179396,2,0.666667
135,18,8.411215,925,71.928460,824,73.179396,2,0.666667
61,19,8.878505,925,71.928460,824,73.179396,2,0.666667
134,20,9.345794,925,71.928460,824,73.179396,2,0.666667
21,21,9.813084,951,73.950233,852,75.666075,2,0.666667
181,22,10.280374,951,73.950233,852,75.666075,2,0.666667
68,23,10.747664,951,73.950233,852,75.666075,2,0.666667
