TestcaseNumber,TestcaseCount,TestcaseRatio,StatementCount,StatementRatio,BranchCount,BranchRatio,FaultCount,FaultRatio
85,1,0.467290,526,40.902022,448,39.786856,1,0.333333
14,2,0.934579,556,43.234837,468,41.563055,1,0.333333
127,3,1.401869,566,44.012442,480,42.628774,1,0.333333
204,4,1.869159,580,45.101089,494,43.872114,2,0.666667
168,5,2.336449,580,45.101089,494,43.872114,2,0.666667
146,6,2.803738,582,45.256610,494,43.872114,2,0.666667
200,7,3.271028,582,45.256610,494,43.872114,2,0.666667
140,8,3.738318,582,45.256610,494,43.872114,2,0.666667
116,9,4.205607,582,45.256610,494,43.872114,2,0.666667
53,10,4.672897,888,69.051322,782,69.449378,2,0.666667
46,11,5.140187,917,71.306376,814,72.291297,2,0.666667
112,12,5.607477,917,71.306376,814,72.291297,2,0.666667
179,13,6.074766,917,71.306376,814,72.291297,2,0.666667
80,14,6.542056,917,71.306376,814,72.291297,2,0.666667
100,15,7.009346,917,71.306376,814,72.291297,2,0.666667
128,16,7.476636,917,71.306376,814,72.291297,2,0.666667
74,17,7.943925,917,71.306376,814,72.291297,2,0.666667
33,18,8.411215,917,71.306376,814,72.291297,2,0.666667
165,19,8.878505,917,71.306376,814,72.291297,2,0.666667
189,20,9.345794,917,71.306376,814,72.291297,2,0.666667
139,21,9.813084,917,71.306376,814,72.291297,2,0.666667
43,22,10.280374,977,75.972006,868,77.087034,2,0.666667
163,23,10.747664,978,76.049767,868,77.087034,2,0.666667
203,24,11.214953,978,76.049767,868,77.087034,2,0.666667
169,25,11.682243,978,76.049767,868,77.087034,2,0.666667
25,26,12.149533,1003,77.993779,890,79.040853,2,0.666667
