TestcaseNumber,TestcaseCount,TestcaseRatio,StatementCount,StatementRatio,BranchCount,BranchRatio,FaultCount,FaultRatio
132,1,0.467290,532,41.368585,458,40.674956,2,0.666667
46,2,0.934579,562,43.701400,496,44.049734,2,0.666667
39,3,1.401869,574,44.634526,508,45.115453,2,0.666667
19,4,1.869159,876,68.118196,786,69.804618,2,0.666667
206,5,2.336449,876,68.118196,786,69.804618,2,0.666667
54,6,2.803738,896,69.673406,804,71.403197,2,0.666667
98,7,3.271028,912,70.917574,814,72.291297,2,0.666667
140,8,3.738318,914,71.073095,814,72.291297,2,0.666667
193,9,4.205607,915,71.150855,814,72.291297,2,0.666667
157,10,4.672897,915,71.150855,814,72.291297,2,0.666667
1,11,5.140187,951,73.950233,838,74.422735,2,0.666667
164,12,5.607477,951,73.950233,838,74.422735,2,0.666667
37,13,6.074766,955,74.261275,842,74.777975,2,0.666667
144,14,6.542056,955,74.261275,842,74.777975,2,0.666667
107,15,7.009346,955,74.261275,842,74.777975,2,0.666667
103,16,7.476636,955,74.261275,842,74.777975,2,0.666667
64,17,7.943925,955,74.261275,842,74.777975,2,0.666667
23,18,8.411215,955,74.261275,842,74.777975,2,0.666667
130,19,8.878505,955,74.261275,842,74.777975,2,0.666667
