TestcaseNumber,TestcaseCount,TestcaseRatio,StatementCount,StatementRatio,BranchCount,BranchRatio,FaultCount,FaultRatio
201,1,0.467290,543,42.223950,470,41.740675,2,0.666667
153,2,0.934579,550,42.768274,474,42.095915,2,0.666667
161,3,1.401869,550,42.768274,474,42.095915,2,0.666667
131,4,1.869159,552,42.923795,474,42.095915,2,0.666667
145,5,2.336449,553,43.001555,474,42.095915,2,0.666667
65,6,2.803738,553,43.001555,474,42.095915,2,0.666667
129,7,3.271028,553,43.001555,474,42.095915,2,0.666667
52,8,3.738318,566,44.012442,492,43.694494,2,0.666667
175,9,4.205607,566,44.012442,492,43.694494,2,0.666667
146,10,4.672897,566,44.012442,492,43.694494,2,0.666667
117,11,5.140187,566,44.012442,492,43.694494,2,0.666667
39,12,5.607477,578,44.945568,504,44.760213,2,0.666667
128,13,6.074766,578,44.945568,504,44.760213,2,0.666667
125,14,6.542056,578,44.945568,504,44.760213,2,0.666667
95,15,7.009346,578,44.945568,504,44.760213,2,0.666667
208,16,7.476636,578,44.945568,504,44.760213,2,0.666667
100,17,7.943925,578,44.945568,504,44.760213,2,0.666667
204,18,8.411215,578,44.945568,504,44.760213,2,0.666667
44,19,8.878505,578,44.945568,504,44.760213,2,0.666667
182,20,9.345794,578,44.945568,504,44.760213,2,0.666667
29,21,9.813084,608,47.278383,524,46.536412,2,0.666667
177,22,10.280374,608,47.278383,524,46.536412,2,0.666667
194,23,10.747664,608,47.278383,524,46.536412,2,0.666667
45,24,11.214953,608,47.278383,524,46.536412,2,0.666667
108,25,11.682243,608,47.278383,524,46.536412,2,0.666667
16,26,12.149533,667,51.866252,578,51.332149,2,0.666667
