TestcaseNumber,TestcaseCount,TestcaseRatio,StatementCount,StatementRatio,BranchCount,BranchRatio,FaultCount,FaultRatio
118,1,0.467290,544,42.301711,466,41.385435,2,0.666667
153,2,0.934579,552,42.923795,474,42.095915,2,0.666667
64,3,1.401869,552,42.923795,474,42.095915,2,0.666667
22,4,1.869159,582,45.256610,494,43.872114,2,0.666667
103,5,2.336449,582,45.256610,494,43.872114,2,0.666667
198,6,2.803738,582,45.256610,494,43.872114,2,0.666667
194,7,3.271028,582,45.256610,494,43.872114,2,0.666667
205,8,3.738318,583,45.334370,494,43.872114,2,0.666667
161,9,4.205607,583,45.334370,494,43.872114,2,0.666667
210,10,4.672897,583,45.334370,494,43.872114,2,0.666667
94,11,5.140187,583,45.334370,494,43.872114,2,0.666667
129,12,5.607477,583,45.334370,494,43.872114,2,0.666667
28,13,6.074766,583,45.334370,494,43.872114,2,0.666667
93,14,6.542056,583,45.334370,494,43.872114,2,0.666667
91,15,7.009346,583,45.334370,494,43.872114,2,0.666667
137,16,7.476636,583,45.334370,494,43.872114,2,0.666667
126,17,7.943925,583,45.334370,494,43.872114,2,0.666667
4,18,8.411215,592,46.034215,494,43.872114,2,0.666667
135,19,8.878505,592,46.034215,494,43.872114,2,0.666667
52,20,9.345794,605,47.045101,512,45.470693,2,0.666667
29,21,9.813084,605,47.045101,512,45.470693,2,0.666667
114,22,10.280374,605,47.045101,512,45.470693,2,0.666667
73,23,10.747664,605,47.045101,512,45.470693,2,0.666667
