TestcaseNumber,TestcaseCount,TestcaseRatio,StatementCount,StatementRatio,BranchCount,BranchRatio,FaultCount,FaultRatio
155,1,0.176367,1687,49.212369,1391,62.432675,4,0.250000
36,2,0.352734,1798,52.450408,1449,65.035907,4,0.250000
524,3,0.529101,2050,59.801634,1585,71.140036,5,0.312500
63,4,0.705467,2286,66.686114,1710,76.750449,5,0.312500
538,5,0.881834,2300,67.094516,1722,77.289048,5,0.312500
498,6,1.058201,2531,73.833139,1800,80.789946,11,0.687500
544,7,1.234568,2648,77.246208,1874,84.111311,11,0.687500
15,8,1.410935,2674,78.004667,1884,84.560144,11,0.687500
387,9,1.587302,2771,80.834306,1928,86.535009,11,0.687500
23,10,1.763668,2812,82.030338,1948,87.432675,11,0.687500
554,11,1.940035,2951,86.085181,2060,92.459605,11,0.687500
16,12,2.116402,2957,86.260210,2062,92.549372,11,0.687500
562,13,2.292769,2963,86.435239,2064,92.639138,11,0.687500
318,14,2.469136,2990,87.222870,2074,93.087971,11,0.687500
555,15,2.645503,3033,88.477246,2110,94.703770,11,0.687500
169,16,2.821869,3090,90.140023,2146,96.319569,11,0.687500
533,17,2.998236,3223,94.019837,2190,98.294434,11,0.687500
564,18,3.174603,3235,94.369895,2192,98.384201,11,0.687500
4,19,3.350970,3237,94.428238,2194,98.473968,11,0.687500
560,20,3.527337,3242,94.574096,2198,98.653501,11,0.687500
531,21,3.703704,3246,94.690782,2204,98.922801,11,0.687500
2,22,3.880071,3292,96.032672,2208,99.102334,11,0.687500
13,23,4.056437,3324,96.966161,2216,99.461400,11,0.687500
565,24,4.232804,3341,97.462077,2220,99.640934,11,0.687500
549,25,4.409171,3343,97.520420,2222,99.730700,11,0.687500
545,26,4.585538,3346,97.607935,2226,99.910233,11,0.687500
563,27,4.761905,3352,97.782964,2228,100.000000,11,0.687500
