TestcaseNumber,TestcaseCount,TestcaseRatio,StatementCount,StatementRatio,BranchCount,BranchRatio,FaultCount,FaultRatio
11,1,0.176367,43,1.254376,45,2.019749,0,0.000000
165,2,0.352734,1518,44.282380,1237,55.520646,4,0.250000
510,3,0.529101,1810,52.800467,1457,65.394973,4,0.250000
256,4,0.705467,2003,58.430572,1537,68.985637,9,0.562500
14,5,0.881834,2007,58.547258,1537,68.985637,9,0.562500
478,6,1.058201,2178,63.535589,1620,72.710952,9,0.562500
434,7,1.234568,2516,73.395566,1794,80.520646,9,0.562500
236,8,1.410935,2538,74.037340,1800,80.789946,10,0.625000
163,9,1.587302,2552,74.445741,1806,81.059246,10,0.625000
448,10,1.763668,2560,74.679113,1810,81.238779,10,0.625000
186,11,1.940035,2561,74.708285,1810,81.238779,10,0.625000
305,12,2.116402,2564,74.795799,1810,81.238779,10,0.625000
346,13,2.292769,2564,74.795799,1810,81.238779,10,0.625000
217,14,2.469136,2631,76.750292,1840,82.585278,10,0.625000
283,15,2.645503,2631,76.750292,1840,82.585278,10,0.625000
5,16,2.821869,2640,77.012835,1842,82.675045,11,0.687500
335,17,2.998236,2640,77.012835,1842,82.675045,11,0.687500
415,18,3.174603,2640,77.012835,1842,82.675045,11,0.687500
313,19,3.350970,2641,77.042007,1842,82.675045,11,0.687500
440,20,3.527337,2644,77.129522,1842,82.675045,11,0.687500
64,21,3.703704,2660,77.596266,1844,82.764811,11,0.687500
377,22,3.880071,2660,77.596266,1844,82.764811,11,0.687500
152,23,4.056437,2660,77.596266,1844,82.764811,11,0.687500
259,24,4.232804,2662,77.654609,1848,82.944345,11,0.687500
450,25,4.409171,2662,77.654609,1848,82.944345,11,0.687500
402,26,4.585538,2662,77.654609,1848,82.944345,11,0.687500
272,27,4.761905,2662,77.654609,1848,82.944345,11,0.687500
101,28,4.938272,2662,77.654609,1848,82.944345,11,0.687500
