TestcaseNumber,TestcaseCount,TestcaseRatio,StatementCount,StatementRatio,BranchCount,BranchRatio,FaultCount,FaultRatio
188,1,0.176367,1565,45.653442,1229,55.161580,3,0.187500
239,2,0.352734,2349,68.523921,1700,76.301616,10,0.625000
113,3,0.529101,2370,69.136523,1716,77.019749,11,0.687500
178,4,0.705467,2374,69.253209,1716,77.019749,11,0.687500
332,5,0.881834,2442,71.236873,1746,78.366248,11,0.687500
16,6,1.058201,2452,71.528588,1758,78.904847,11,0.687500
522,7,1.234568,2452,71.528588,1758,78.904847,11,0.687500
350,8,1.410935,2483,72.432905,1776,79.712747,11,0.687500
99,9,1.587302,2500,72.928821,1780,79.892280,11,0.687500
232,10,1.763668,2500,72.928821,1780,79.892280,11,0.687500
473,11,1.940035,2500,72.928821,1780,79.892280,11,0.687500
92,12,2.116402,2500,72.928821,1780,79.892280,11,0.687500
171,13,2.292769,2505,73.074679,1784,80.071813,11,0.687500
146,14,2.469136,2510,73.220537,1784,80.071813,11,0.687500
346,15,2.645503,2510,73.220537,1784,80.071813,11,0.687500
556,16,2.821869,2778,81.038506,1986,89.138241,11,0.687500
8,17,2.998236,2847,83.051342,2018,90.574506,11,0.687500
434,18,3.174603,2847,83.051342,2018,90.574506,11,0.687500
110,19,3.350970,2847,83.051342,2018,90.574506,11,0.687500
417,20,3.527337,2904,84.714119,2050,92.010772,11,0.687500
380,21,3.703704,2904,84.714119,2050,92.010772,11,0.687500
487,22,3.880071,2904,84.714119,2050,92.010772,11,0.687500
392,23,4.056437,2904,84.714119,2050,92.010772,11,0.687500
