TestcaseNumber,TestcaseCount,TestcaseRatio,StatementCount,StatementRatio,BranchCount,BranchRatio,FaultCount,FaultRatio
83,1,0.176367,1760,51.341890,1408,63.195691,4,0.250000
322,2,0.352734,1888,55.075846,1472,66.068223,4,0.250000
105,3,0.529101,2112,61.610268,1562,70.107720,11,0.687500
276,4,0.705467,2122,61.901984,1566,70.287253,11,0.687500
440,5,0.881834,2280,66.511085,1648,73.967684,11,0.687500
192,6,1.058201,2282,66.569428,1648,73.967684,11,0.687500
458,7,1.234568,2369,69.107351,1680,75.403950,11,0.687500
395,8,1.410935,2369,69.107351,1680,75.403950,11,0.687500
436,9,1.587302,2373,69.224037,1680,75.403950,11,0.687500
384,10,1.763668,2572,75.029172,1808,81.149013,11,0.687500
489,11,1.940035,2574,75.087515,1812,81.328546,11,0.687500
360,12,2.116402,2574,75.087515,1812,81.328546,11,0.687500
435,13,2.292769,2574,75.087515,1812,81.328546,11,0.687500
119,14,2.469136,2574,75.087515,1812,81.328546,11,0.687500
21,15,2.645503,2578,75.204201,1812,81.328546,11,0.687500
291,16,2.821869,2578,75.204201,1812,81.328546,11,0.687500
171,17,2.998236,2581,75.291715,1812,81.328546,11,0.687500
111,18,3.174603,2581,75.291715,1812,81.328546,11,0.687500
539,19,3.350970,2664,77.712952,1866,83.752244,11,0.687500
300,20,3.527337,2664,77.712952,1866,83.752244,11,0.687500
97,21,3.703704,2664,77.712952,1866,83.752244,11,0.687500
