TestcaseNumber,TestcaseCount,TestcaseRatio,StatementCount,StatementRatio,BranchCount,BranchRatio,FaultCount,FaultRatio
411,1,0.176367,1289,37.602100,1086,48.743268,3,0.187500
293,2,0.352734,1763,51.429405,1444,64.811490,3,0.187500
131,3,0.529101,1844,53.792299,1482,66.517056,3,0.187500
486,4,0.705467,2060,60.093349,1556,69.838420,10,0.625000
226,5,0.881834,2063,60.180863,1556,69.838420,10,0.625000
452,6,1.058201,2183,63.681447,1614,72.441652,11,0.687500
356,7,1.234568,2183,63.681447,1614,72.441652,11,0.687500
517,8,1.410935,2183,63.681447,1614,72.441652,11,0.687500
416,9,1.587302,2186,63.768961,1614,72.441652,11,0.687500
389,10,1.763668,2410,70.303384,1738,78.007181,11,0.687500
265,11,1.940035,2414,70.420070,1738,78.007181,11,0.687500
121,12,2.116402,2414,70.420070,1738,78.007181,11,0.687500
212,13,2.292769,2414,70.420070,1738,78.007181,11,0.687500
10,14,2.469136,2513,73.308051,1802,80.879713,11,0.687500
261,15,2.645503,2513,73.308051,1802,80.879713,11,0.687500
115,16,2.821869,2513,73.308051,1802,80.879713,11,0.687500
243,17,2.998236,2513,73.308051,1802,80.879713,11,0.687500
122,18,3.174603,2513,73.308051,1802,80.879713,11,0.687500
380,19,3.350970,2513,73.308051,1802,80.879713,11,0.687500
101,20,3.527337,2513,73.308051,1802,80.879713,11,0.687500
409,21,3.703704,2517,73.424737,1812,81.328546,11,0.687500
143,22,3.880071,2517,73.424737,1812,81.328546,11,0.687500
498,23,4.056437,2604,75.962660,1844,82.764811,11,0.687500
180,24,4.232804,2742,79.988331,1910,85.727110,11,0.687500
349,25,4.409171,2742,79.988331,1910,85.727110,11,0.687500
438,26,4.585538,2746,80.105018,1910,85.727110,11,0.687500
