TestcaseNumber,TestcaseCount,TestcaseRatio,StatementCount,StatementRatio,BranchCount,BranchRatio,FaultCount,FaultRatio
396,1,0.176367,1524,44.457410,1273,57.136445,4,0.250000
344,2,0.352734,1952,56.942824,1553,69.703770,4,0.250000
512,3,0.529101,2034,59.334889,1583,71.050269,5,0.312500
410,4,0.705467,2108,61.493582,1631,73.204668,5,0.312500
369,5,0.881834,2278,66.452742,1687,75.718133,11,0.687500
319,6,1.058201,2278,66.452742,1687,75.718133,11,0.687500
43,7,1.234568,2334,68.086348,1707,76.615799,11,0.687500
367,8,1.410935,2334,68.086348,1707,76.615799,11,0.687500
443,9,1.587302,2547,74.299883,1816,81.508079,11,0.687500
412,10,1.763668,2547,74.299883,1816,81.508079,11,0.687500
498,11,1.940035,2635,76.866978,1848,82.944345,11,0.687500
449,12,2.116402,2635,76.866978,1848,82.944345,11,0.687500
267,13,2.292769,2635,76.866978,1848,82.944345,11,0.687500
263,14,2.469136,2635,76.866978,1848,82.944345,11,0.687500
456,15,2.645503,2635,76.866978,1848,82.944345,11,0.687500
475,16,2.821869,2635,76.866978,1848,82.944345,11,0.687500
120,17,2.998236,2635,76.866978,1848,82.944345,11,0.687500
514,18,3.174603,2635,76.866978,1848,82.944345,11,0.687500
92,19,3.350970,2635,76.866978,1848,82.944345,11,0.687500
282,20,3.527337,2635,76.866978,1848,82.944345,11,0.687500
