TestcaseNumber,TestcaseCount,TestcaseRatio,StatementCount,StatementRatio,BranchCount,BranchRatio,FaultCount,FaultRatio
423,1,0.176367,1574,45.915986,1246,55.924596,3,0.187500
62,2,0.352734,1739,50.729288,1318,59.156194,3,0.187500
250,3,0.529101,2055,59.947491,1560,70.017953,5,0.312500
481,4,0.705467,2129,62.106184,1616,72.531418,5,0.312500
9,5,0.881834,2310,67.386231,1708,76.660682,5,0.312500
559,6,1.058201,2478,72.287048,1834,82.315978,5,0.312500
11,7,1.234568,2481,72.374562,1834,82.315978,5,0.312500
107,8,1.410935,2636,76.896149,1880,84.380610,11,0.687500
141,9,1.587302,2636,76.896149,1880,84.380610,11,0.687500
119,10,1.763668,2638,76.954492,1884,84.560144,11,0.687500
67,11,1.940035,2638,76.954492,1884,84.560144,11,0.687500
23,12,2.116402,2685,78.325554,1912,85.816876,11,0.687500
63,13,2.292769,2685,78.325554,1912,85.816876,11,0.687500
517,14,2.469136,2685,78.325554,1912,85.816876,11,0.687500
376,15,2.645503,2685,78.325554,1912,85.816876,11,0.687500
530,16,2.821869,2805,81.826138,1974,88.599641,11,0.687500
317,17,2.998236,2805,81.826138,1974,88.599641,11,0.687500
110,18,3.174603,2805,81.826138,1974,88.599641,11,0.687500
170,19,3.350970,2805,81.826138,1974,88.599641,11,0.687500
81,20,3.527337,2805,81.826138,1974,88.599641,11,0.687500
106,21,3.703704,2805,81.826138,1974,88.599641,11,0.687500
538,22,3.880071,2816,82.147025,1978,88.779174,11,0.687500
433,23,4.056437,2816,82.147025,1978,88.779174,11,0.687500
37,24,4.232804,2834,82.672112,1990,89.317774,11,0.687500
264,25,4.409171,2834,82.672112,1990,89.317774,11,0.687500
185,26,4.585538,2834,82.672112,1990,89.317774,11,0.687500
257,27,4.761905,2834,82.672112,1990,89.317774,11,0.687500
324,28,4.938272,2834,82.672112,1990,89.317774,11,0.687500
388,29,5.114638,2914,85.005834,2020,90.664273,11,0.687500
261,30,5.291005,2914,85.005834,2020,90.664273,11,0.687500
