TestcaseNumber,TestcaseCount,TestcaseRatio,StatementCount,StatementRatio,BranchCount,BranchRatio,FaultCount,FaultRatio
478,1,0.176367,1853,54.054842,1416,63.554758,8,0.500000
385,2,0.352734,1959,57.147025,1486,66.696589,8,0.500000
207,3,0.529101,2143,62.514586,1568,70.377020,9,0.562500
26,4,0.705467,2218,64.702450,1620,72.710952,11,0.687500
259,5,0.881834,2398,69.953326,1712,76.840215,11,0.687500
419,6,1.058201,2477,72.257876,1772,79.533214,11,0.687500
311,7,1.234568,2614,76.254376,1838,82.495512,11,0.687500
330,8,1.410935,2616,76.312719,1838,82.495512,11,0.687500
140,9,1.587302,2616,76.312719,1838,82.495512,11,0.687500
142,10,1.763668,2616,76.312719,1838,82.495512,11,0.687500
496,11,1.940035,2616,76.312719,1838,82.495512,11,0.687500
66,12,2.116402,2616,76.312719,1838,82.495512,11,0.687500
64,13,2.292769,2635,76.866978,1840,82.585278,11,0.687500
52,14,2.469136,2636,76.896149,1840,82.585278,11,0.687500
280,15,2.645503,2636,76.896149,1840,82.585278,11,0.687500
226,16,2.821869,2636,76.896149,1840,82.585278,11,0.687500
314,17,2.998236,2636,76.896149,1840,82.585278,11,0.687500
1,18,3.174603,2704,78.879813,1896,85.098743,11,0.687500
217,19,3.350970,2704,78.879813,1896,85.098743,11,0.687500
