TestcaseNumber,TestcaseCount,TestcaseRatio,StatementCount,StatementRatio,BranchCount,BranchRatio,FaultCount,FaultRatio
510,1,0.176367,1685,49.154026,1395,62.612208,4,0.250000
211,2,0.352734,1825,53.238040,1459,65.484740,5,0.312500
156,3,0.529101,1831,53.413069,1459,65.484740,5,0.312500
357,4,0.705467,2071,60.414236,1543,69.254937,11,0.687500
80,5,0.881834,2073,60.472579,1543,69.254937,11,0.687500
480,6,1.058201,2073,60.472579,1543,69.254937,11,0.687500
546,7,1.234568,2205,64.323221,1621,72.755835,11,0.687500
120,8,1.410935,2205,64.323221,1621,72.755835,11,0.687500
304,9,1.587302,2534,73.920653,1787,80.206463,11,0.687500
215,10,1.763668,2534,73.920653,1787,80.206463,11,0.687500
113,11,1.940035,2609,76.108518,1830,82.136445,11,0.687500
197,12,2.116402,2609,76.108518,1830,82.136445,11,0.687500
331,13,2.292769,2609,76.108518,1830,82.136445,11,0.687500
390,14,2.469136,2609,76.108518,1830,82.136445,11,0.687500
433,15,2.645503,2612,76.196033,1830,82.136445,11,0.687500
191,16,2.821869,2615,76.283547,1830,82.136445,11,0.687500
334,17,2.998236,2627,76.633606,1852,83.123878,11,0.687500
389,18,3.174603,2631,76.750292,1858,83.393178,11,0.687500
233,19,3.350970,2631,76.750292,1858,83.393178,11,0.687500
157,20,3.527337,2631,76.750292,1858,83.393178,11,0.687500
284,21,3.703704,2631,76.750292,1858,83.393178,11,0.687500
460,22,3.880071,2631,76.750292,1858,83.393178,11,0.687500
490,23,4.056437,2631,76.750292,1858,83.393178,11,0.687500
552,24,4.232804,2637,76.925321,1862,83.572711,11,0.687500
533,25,4.409171,2841,82.876313,1946,87.342908,11,0.687500
312,26,4.585538,2841,82.876313,1946,87.342908,11,0.687500
497,27,4.761905,2841,82.876313,1946,87.342908,11,0.687500
319,28,4.938272,2841,82.876313,1946,87.342908,11,0.687500
446,29,5.114638,2841,82.876313,1946,87.342908,11,0.687500
