TestcaseNumber,TestcaseCount,TestcaseRatio,StatementCount,StatementRatio,BranchCount,BranchRatio,FaultCount,FaultRatio
311,1,0.176367,1338,39.031505,1111,49.865350,3,0.187500
205,2,0.352734,2036,59.393232,1521,68.267504,10,0.625000
296,3,0.529101,2039,59.480747,1521,68.267504,10,0.625000
179,4,0.705467,2225,64.906651,1609,72.217235,10,0.625000
132,5,0.881834,2406,70.186698,1727,77.513465,10,0.625000
422,6,1.058201,2406,70.186698,1727,77.513465,10,0.625000
499,7,1.234568,2422,70.653442,1739,78.052065,10,0.625000
358,8,1.410935,2575,75.116686,1808,81.149013,10,0.625000
288,9,1.587302,2589,75.525088,1814,81.418312,11,0.687500
34,10,1.763668,2593,75.641774,1816,81.508079,11,0.687500
309,11,1.940035,2593,75.641774,1816,81.508079,11,0.687500
355,12,2.116402,2593,75.641774,1816,81.508079,11,0.687500
521,13,2.292769,2594,75.670945,1816,81.508079,11,0.687500
562,14,2.469136,2600,75.845974,1818,81.597846,11,0.687500
209,15,2.645503,2600,75.845974,1818,81.597846,11,0.687500
469,16,2.821869,2600,75.845974,1818,81.597846,11,0.687500
547,17,2.998236,2674,78.004667,1856,83.303411,11,0.687500
348,18,3.174603,2674,78.004667,1856,83.303411,11,0.687500
363,19,3.350970,2674,78.004667,1856,83.303411,11,0.687500
366,20,3.527337,2674,78.004667,1856,83.303411,11,0.687500
46,21,3.703704,2674,78.004667,1856,83.303411,11,0.687500
317,22,3.880071,2674,78.004667,1856,83.303411,11,0.687500
138,23,4.056437,2674,78.004667,1856,83.303411,11,0.687500
192,24,4.232804,2677,78.092182,1856,83.303411,11,0.687500
