TestcaseNumber,TestcaseCount,TestcaseRatio,StatementCount,StatementRatio,BranchCount,BranchRatio,FaultCount,FaultRatio
435,1,0.176367,1481,43.203034,1220,54.757630,3,0.187500
460,2,0.352734,1814,52.917153,1457,65.394973,5,0.312500
426,3,0.529101,1852,54.025671,1475,66.202873,5,0.312500
2,4,0.705467,1898,55.367561,1479,66.382406,5,0.312500
477,5,0.881834,2191,63.914819,1613,72.396768,10,0.625000
482,6,1.058201,2191,63.914819,1617,72.576302,10,0.625000
401,7,1.234568,2195,64.031505,1617,72.576302,10,0.625000
262,8,1.410935,2266,66.102684,1645,73.833034,10,0.625000
529,9,1.587302,2305,67.240373,1689,75.807899,10,0.625000
458,10,1.763668,2482,72.403734,1764,79.174147,11,0.687500
41,11,1.940035,2507,73.133022,1774,79.622980,11,0.687500
355,12,2.116402,2507,73.133022,1774,79.622980,11,0.687500
156,13,2.292769,2508,73.162194,1774,79.622980,11,0.687500
551,14,2.469136,2517,73.424737,1774,79.622980,11,0.687500
121,15,2.645503,2517,73.424737,1774,79.622980,11,0.687500
277,16,2.821869,2517,73.424737,1774,79.622980,11,0.687500
185,17,2.998236,2517,73.424737,1774,79.622980,11,0.687500
430,18,3.174603,2519,73.483081,1774,79.622980,11,0.687500
364,19,3.350970,2676,78.063011,1860,83.482944,11,0.687500
