TestcaseNumber,TestcaseCount,TestcaseRatio,StatementCount,StatementRatio,BranchCount,BranchRatio,FaultCount,FaultRatio
401,1,0.176367,1502,43.815636,1273,57.136445,3,0.187500
183,2,0.352734,1934,56.417736,1514,67.953321,3,0.187500
550,3,0.529101,2063,60.180863,1614,72.441652,3,0.187500
19,4,0.705467,2133,62.222870,1652,74.147217,16,1.000000
355,5,0.881834,2353,68.640607,1734,77.827648,16,1.000000
389,6,1.058201,2505,73.074679,1814,81.418312,16,1.000000
388,7,1.234568,2592,75.612602,1846,82.854578,16,1.000000
431,8,1.410935,2593,75.641774,1846,82.854578,16,1.000000
252,9,1.587302,2660,77.596266,1876,84.201077,16,1.000000
438,10,1.763668,2662,77.654609,1876,84.201077,16,1.000000
551,11,1.940035,2668,77.829638,1876,84.201077,16,1.000000
313,12,2.116402,2668,77.829638,1876,84.201077,16,1.000000
307,13,2.292769,2668,77.829638,1876,84.201077,16,1.000000
492,14,2.469136,2668,77.829638,1876,84.201077,16,1.000000
14,15,2.645503,2721,79.375729,1908,85.637343,16,1.000000
299,16,2.821869,2726,79.521587,1918,86.086176,16,1.000000
95,17,2.998236,2726,79.521587,1918,86.086176,16,1.000000
410,18,3.174603,2730,79.638273,1918,86.086176,16,1.000000
293,19,3.350970,2730,79.638273,1918,86.086176,16,1.000000
384,20,3.527337,2730,79.638273,1918,86.086176,16,1.000000
76,21,3.703704,2731,79.667445,1918,86.086176,16,1.000000
468,22,3.880071,2731,79.667445,1918,86.086176,16,1.000000
72,23,4.056437,2731,79.667445,1918,86.086176,16,1.000000
437,24,4.232804,2731,79.667445,1918,86.086176,16,1.000000
414,25,4.409171,2731,79.667445,1918,86.086176,16,1.000000
174,26,4.585538,2731,79.667445,1918,86.086176,16,1.000000
