TestcaseNumber,TestcaseCount,TestcaseRatio,StatementCount,StatementRatio,BranchCount,BranchRatio,FaultCount,FaultRatio
350,1,0.176367,1649,48.103851,1381,61.983842,3,0.187500
11,2,0.352734,1652,48.191365,1381,61.983842,3,0.187500
299,3,0.529101,2058,60.035006,1589,71.319569,3,0.187500
533,4,0.705467,2699,78.733956,1894,85.008977,7,0.437500
156,5,0.881834,2752,80.280047,1912,85.816876,8,0.500000
89,6,1.058201,2815,82.117853,1930,86.624776,11,0.687500
365,7,1.234568,2815,82.117853,1930,86.624776,11,0.687500
56,8,1.410935,2816,82.147025,1930,86.624776,11,0.687500
440,9,1.587302,2822,82.322054,1930,86.624776,11,0.687500
413,10,1.763668,2876,83.897316,1962,88.061041,11,0.687500
348,11,1.940035,2963,86.435239,1994,89.497307,11,0.687500
72,12,2.116402,2963,86.435239,1994,89.497307,11,0.687500
84,13,2.292769,2963,86.435239,1994,89.497307,11,0.687500
556,14,2.469136,3140,91.598600,2144,96.229803,11,0.687500
301,15,2.645503,3140,91.598600,2144,96.229803,11,0.687500
561,16,2.821869,3144,91.715286,2146,96.319569,11,0.687500
487,17,2.998236,3144,91.715286,2146,96.319569,11,0.687500
25,18,3.174603,3144,91.715286,2146,96.319569,11,0.687500
165,19,3.350970,3147,91.802800,2146,96.319569,11,0.687500
