TestcaseNumber,TestcaseCount,TestcaseRatio,StatementCount,StatementRatio,BranchCount,BranchRatio,FaultCount,FaultRatio
125,1,0.176367,1825,53.238040,1409,63.240575,8,0.500000
228,2,0.352734,2038,59.451575,1520,68.222621,8,0.500000
203,3,0.529101,2165,63.156359,1604,71.992819,10,0.625000
350,4,0.705467,2167,63.214702,1608,72.172352,10,0.625000
553,5,0.881834,2180,63.593932,1612,72.351885,10,0.625000
499,6,1.058201,2348,68.494749,1692,75.942549,11,0.687500
83,7,1.234568,2348,68.494749,1692,75.942549,11,0.687500
313,8,1.410935,2506,73.103851,1772,79.533214,11,0.687500
353,9,1.587302,2506,73.103851,1772,79.533214,11,0.687500
27,10,1.763668,2573,75.058343,1802,80.879713,11,0.687500
502,11,1.940035,2573,75.058343,1802,80.879713,11,0.687500
159,12,2.116402,2577,75.175029,1812,81.328546,11,0.687500
245,13,2.292769,2577,75.175029,1812,81.328546,11,0.687500
298,14,2.469136,2579,75.233372,1812,81.328546,11,0.687500
90,15,2.645503,2579,75.233372,1812,81.328546,11,0.687500
418,16,2.821869,2636,76.896149,1844,82.764811,11,0.687500
250,17,2.998236,2636,76.896149,1844,82.764811,11,0.687500
451,18,3.174603,2640,77.012835,1848,82.944345,11,0.687500
213,19,3.350970,2640,77.012835,1848,82.944345,11,0.687500
462,20,3.527337,2640,77.012835,1848,82.944345,11,0.687500
446,21,3.703704,2640,77.012835,1848,82.944345,11,0.687500
235,22,3.880071,2640,77.012835,1848,82.944345,11,0.687500
10,23,4.056437,2736,79.813302,1912,85.816876,11,0.687500
64,24,4.232804,2753,80.309218,1914,85.906643,11,0.687500
68,25,4.409171,2753,80.309218,1914,85.906643,11,0.687500
