TestcaseNumber,TestcaseCount,TestcaseRatio,StatementCount,StatementRatio,BranchCount,BranchRatio,FaultCount,FaultRatio
420,1,0.176367,1550,45.215869,1257,56.418312,3,0.187500
211,2,0.352734,1936,56.476079,1511,67.818671,5,0.312500
499,3,0.529101,2271,66.248541,1665,74.730700,11,0.687500
559,4,0.705467,2388,69.661610,1765,79.219031,11,0.687500
519,5,0.881834,2410,70.303384,1777,79.757630,11,0.687500
44,6,1.058201,2417,70.507585,1777,79.757630,11,0.687500
188,7,1.234568,2498,72.870478,1820,81.687612,11,0.687500
414,8,1.410935,2552,74.445741,1852,83.123878,11,0.687500
454,9,1.587302,2555,74.533256,1852,83.123878,11,0.687500
78,10,1.763668,2643,77.100350,1884,84.560144,11,0.687500
330,11,1.940035,2643,77.100350,1884,84.560144,11,0.687500
195,12,2.116402,2643,77.100350,1884,84.560144,11,0.687500
476,13,2.292769,2643,77.100350,1884,84.560144,11,0.687500
268,14,2.469136,2643,77.100350,1884,84.560144,11,0.687500
522,15,2.645503,2710,79.054842,1914,85.906643,11,0.687500
243,16,2.821869,2710,79.054842,1914,85.906643,11,0.687500
464,17,2.998236,2710,79.054842,1914,85.906643,11,0.687500
68,18,3.174603,2710,79.054842,1914,85.906643,11,0.687500
206,19,3.350970,2710,79.054842,1914,85.906643,11,0.687500
38,20,3.527337,2725,79.492415,1926,86.445242,11,0.687500
46,21,3.703704,2725,79.492415,1926,86.445242,11,0.687500
306,22,3.880071,2725,79.492415,1926,86.445242,11,0.687500
23,23,4.056437,2769,80.775963,1954,87.701975,11,0.687500
357,24,4.232804,2769,80.775963,1954,87.701975,11,0.687500
566,25,4.409171,2836,82.730455,1986,89.138241,11,0.687500
11,26,4.585538,2839,82.817970,1986,89.138241,11,0.687500
30,27,4.761905,2839,82.817970,1986,89.138241,11,0.687500
338,28,4.938272,2839,82.817970,1986,89.138241,11,0.687500
520,29,5.114638,2839,82.817970,1986,89.138241,11,0.687500
119,30,5.291005,2839,82.817970,1986,89.138241,11,0.687500
