TestcaseNumber,TestcaseCount,TestcaseRatio,StatementCount,StatementRatio,BranchCount,BranchRatio,FaultCount,FaultRatio
31,1,0.176367,1540,44.924154,1281,57.495512,3,0.187500
335,2,0.352734,1929,56.271879,1487,66.741472,9,0.562500
452,3,0.529101,2071,60.414236,1551,69.614004,10,0.625000
175,4,0.705467,2226,64.935823,1631,73.204668,10,0.625000
252,5,0.881834,2226,64.935823,1631,73.204668,10,0.625000
41,6,1.058201,2248,65.577596,1641,73.653501,10,0.625000
155,7,1.234568,2250,65.635939,1641,73.653501,10,0.625000
189,8,1.410935,2423,70.682614,1727,77.513465,10,0.625000
181,9,1.587302,2427,70.799300,1731,77.692998,10,0.625000
182,10,1.763668,2427,70.799300,1731,77.692998,10,0.625000
307,11,1.940035,2427,70.799300,1731,77.692998,10,0.625000
512,12,2.116402,2432,70.945158,1741,78.141831,10,0.625000
28,13,2.292769,2516,73.395566,1788,80.251346,10,0.625000
281,14,2.469136,2516,73.395566,1788,80.251346,10,0.625000
470,15,2.645503,2516,73.395566,1788,80.251346,10,0.625000
81,16,2.821869,2517,73.424737,1788,80.251346,10,0.625000
529,17,2.998236,2556,74.562427,1832,82.226212,10,0.625000
495,18,3.174603,2562,74.737456,1832,82.226212,11,0.687500
336,19,3.350970,2562,74.737456,1832,82.226212,11,0.687500
403,20,3.527337,2562,74.737456,1832,82.226212,11,0.687500
