TestcaseNumber,TestcaseCount,TestcaseRatio,StatementCount,StatementRatio,BranchCount,BranchRatio,FaultCount,FaultRatio
497,1,0.176367,1778,51.866978,1367,61.355476,9,0.562500
291,2,0.352734,1939,56.563594,1479,66.382406,10,0.625000
183,3,0.529101,2223,64.848308,1620,72.710952,10,0.625000
91,4,0.705467,2251,65.665111,1634,73.339318,10,0.625000
321,5,0.881834,2261,65.956826,1638,73.518851,11,0.687500
467,6,1.058201,2266,66.102684,1648,73.967684,11,0.687500
13,7,1.234568,2339,68.232205,1680,75.403950,11,0.687500
283,8,1.410935,2340,68.261377,1680,75.403950,11,0.687500
175,9,1.587302,2385,69.574096,1710,76.750449,11,0.687500
479,10,1.763668,2530,73.803967,1780,79.892280,11,0.687500
450,11,1.940035,2532,73.862310,1780,79.892280,11,0.687500
88,12,2.116402,2619,76.400233,1812,81.328546,11,0.687500
39,13,2.292769,2623,76.516919,1814,81.418312,11,0.687500
487,14,2.469136,2623,76.516919,1814,81.418312,11,0.687500
86,15,2.645503,2623,76.516919,1814,81.418312,11,0.687500
167,16,2.821869,2680,78.179697,1846,82.854578,11,0.687500
549,17,2.998236,2744,80.046674,1904,85.457810,11,0.687500
53,18,3.174603,2744,80.046674,1904,85.457810,11,0.687500
463,19,3.350970,2744,80.046674,1904,85.457810,11,0.687500
462,20,3.527337,2744,80.046674,1904,85.457810,11,0.687500
472,21,3.703704,2744,80.046674,1904,85.457810,11,0.687500
22,22,3.880071,2796,81.563594,1934,86.804309,11,0.687500
96,23,4.056437,2796,81.563594,1934,86.804309,11,0.687500
336,24,4.232804,2796,81.563594,1934,86.804309,11,0.687500
268,25,4.409171,2796,81.563594,1934,86.804309,11,0.687500
