TestcaseNumber,TestcaseCount,TestcaseRatio,StatementCount,StatementRatio,BranchCount,BranchRatio,FaultCount,FaultRatio
140,1,0.176367,1692,49.358226,1397,62.701975,3,0.187500
531,2,0.352734,2072,60.443407,1586,71.184919,5,0.312500
264,3,0.529101,2270,66.219370,1704,76.481149,5,0.312500
538,4,0.705467,2284,66.627771,1716,77.019749,5,0.312500
157,5,0.881834,2369,69.107351,1752,78.635548,6,0.375000
315,6,1.058201,2456,71.645274,1774,79.622980,11,0.687500
381,7,1.234568,2459,71.732789,1778,79.802513,11,0.687500
177,8,1.410935,2616,76.312719,1858,83.393178,11,0.687500
36,9,1.587302,2677,78.092182,1890,84.829443,11,0.687500
364,10,1.763668,2680,78.179697,1890,84.829443,11,0.687500
214,11,1.940035,2680,78.179697,1890,84.829443,11,0.687500
377,12,2.116402,2680,78.179697,1890,84.829443,11,0.687500
490,13,2.292769,2680,78.179697,1890,84.829443,11,0.687500
371,14,2.469136,2680,78.179697,1890,84.829443,11,0.687500
515,15,2.645503,2680,78.179697,1890,84.829443,11,0.687500
412,16,2.821869,2734,79.754959,1922,86.265709,11,0.687500
395,17,2.998236,2734,79.754959,1922,86.265709,11,0.687500
12,18,3.174603,2741,79.959160,1924,86.355476,11,0.687500
293,19,3.350970,2794,81.505251,1950,87.522442,11,0.687500
342,20,3.527337,2794,81.505251,1950,87.522442,11,0.687500
26,21,3.703704,2794,81.505251,1950,87.522442,11,0.687500
461,22,3.880071,2794,81.505251,1950,87.522442,11,0.687500
326,23,4.056437,2794,81.505251,1950,87.522442,11,0.687500
497,24,4.232804,2794,81.505251,1950,87.522442,11,0.687500
137,25,4.409171,2794,81.505251,1950,87.522442,11,0.687500
439,26,4.585538,2812,82.030338,1952,87.612208,11,0.687500
23,27,4.761905,2853,83.226371,1972,88.509874,11,0.687500
149,28,4.938272,2853,83.226371,1972,88.509874,11,0.687500
143,29,5.114638,2853,83.226371,1972,88.509874,11,0.687500
164,30,5.291005,2853,83.226371,1972,88.509874,11,0.687500
