TestcaseNumber,TestcaseCount,TestcaseRatio,StatementCount,StatementRatio,BranchCount,BranchRatio,FaultCount,FaultRatio
530,1,0.176367,1719,50.145858,1394,62.567325,5,0.312500
497,2,0.352734,2016,58.809802,1517,68.087971,11,0.687500
205,3,0.529101,2100,61.260210,1553,69.703770,11,0.687500
182,4,0.705467,2258,65.869312,1633,73.294434,11,0.687500
315,5,0.881834,2371,69.165694,1693,75.987433,11,0.687500
558,6,1.058201,2500,72.928821,1785,80.116697,11,0.687500
287,7,1.234568,2504,73.045508,1785,80.116697,11,0.687500
126,8,1.410935,2559,74.649942,1825,81.912029,11,0.687500
553,9,1.587302,2562,74.737456,1827,82.001795,11,0.687500
326,10,1.763668,2567,74.883314,1831,82.181329,11,0.687500
452,11,1.940035,2567,74.883314,1831,82.181329,11,0.687500
251,12,2.116402,2567,74.883314,1831,82.181329,11,0.687500
237,13,2.292769,2567,74.883314,1831,82.181329,11,0.687500
521,14,2.469136,2567,74.883314,1831,82.181329,11,0.687500
62,15,2.645503,2570,74.970828,1831,82.181329,11,0.687500
198,16,2.821869,2721,79.375729,1898,85.188510,11,0.687500
20,17,2.998236,2789,81.359393,1950,87.522442,11,0.687500
76,18,3.174603,2789,81.359393,1950,87.522442,11,0.687500
192,19,3.350970,2789,81.359393,1950,87.522442,11,0.687500
260,20,3.527337,2789,81.359393,1950,87.522442,11,0.687500
350,21,3.703704,2789,81.359393,1950,87.522442,11,0.687500
404,22,3.880071,2842,82.905484,1978,88.779174,11,0.687500
176,23,4.056437,2843,82.934656,1978,88.779174,11,0.687500
480,24,4.232804,2843,82.934656,1978,88.779174,11,0.687500
483,25,4.409171,2853,83.226371,1984,89.048474,11,0.687500
542,26,4.585538,2854,83.255543,1984,89.048474,11,0.687500
265,27,4.761905,2854,83.255543,1984,89.048474,11,0.687500
