TestcaseNumber,TestcaseCount,TestcaseRatio,StatementCount,StatementRatio,BranchCount,BranchRatio,FaultCount,FaultRatio
494,1,0.176367,1929,56.271879,1533,68.806104,5,0.312500
478,2,0.352734,2257,65.840140,1668,74.865350,10,0.625000
102,3,0.529101,2375,69.282380,1718,77.109515,10,0.625000
72,4,0.705467,2375,69.282380,1718,77.109515,10,0.625000
22,5,0.881834,2431,70.915986,1750,78.545781,10,0.625000
473,6,1.058201,2441,71.207701,1756,78.815081,10,0.625000
414,7,1.234568,2517,73.424737,1802,80.879713,10,0.625000
86,8,1.410935,2530,73.803967,1806,81.059246,10,0.625000
28,9,1.587302,2531,73.833139,1806,81.059246,10,0.625000
461,10,1.763668,2532,73.862310,1806,81.059246,10,0.625000
368,11,1.940035,2538,74.037340,1806,81.059246,11,0.687500
398,12,2.116402,2538,74.037340,1806,81.059246,11,0.687500
263,13,2.292769,2538,74.037340,1806,81.059246,11,0.687500
187,14,2.469136,2677,78.092182,1872,84.021544,11,0.687500
153,15,2.645503,2677,78.092182,1872,84.021544,11,0.687500
384,16,2.821869,2677,78.092182,1872,84.021544,11,0.687500
246,17,2.998236,2677,78.092182,1872,84.021544,11,0.687500
178,18,3.174603,2680,78.179697,1872,84.021544,11,0.687500
452,19,3.350970,2680,78.179697,1872,84.021544,11,0.687500
463,20,3.527337,2680,78.179697,1872,84.021544,11,0.687500
320,21,3.703704,2682,78.238040,1872,84.021544,11,0.687500
256,22,3.880071,2682,78.238040,1872,84.021544,11,0.687500
487,23,4.056437,2682,78.238040,1872,84.021544,11,0.687500
557,24,4.232804,2766,80.688448,1954,87.701975,11,0.687500
262,25,4.409171,2766,80.688448,1954,87.701975,11,0.687500
129,26,4.585538,2768,80.746791,1958,87.881508,11,0.687500
313,27,4.761905,2768,80.746791,1958,87.881508,11,0.687500
