TestcaseNumber,TestcaseCount,TestcaseRatio,StatementCount,StatementRatio,BranchCount,BranchRatio,FaultCount,FaultRatio
426,1,0.176367,1338,39.031505,1111,49.865350,3,0.187500
482,2,0.352734,1886,55.017503,1493,67.010772,4,0.250000
366,3,0.529101,2095,61.114352,1567,70.332136,10,0.625000
250,4,0.705467,2212,64.527421,1635,73.384201,11,0.687500
352,5,0.881834,2212,64.527421,1635,73.384201,11,0.687500
118,6,1.058201,2371,69.165694,1704,76.481149,11,0.687500
536,7,1.234568,2464,71.878646,1752,78.635548,11,0.687500
406,8,1.410935,2468,71.995333,1752,78.635548,11,0.687500
182,9,1.587302,2473,72.141190,1752,78.635548,11,0.687500
93,10,1.763668,2508,73.162194,1770,79.443447,11,0.687500
248,11,1.940035,2508,73.162194,1770,79.443447,11,0.687500
201,12,2.116402,2508,73.162194,1770,79.443447,11,0.687500
565,13,2.292769,2542,74.154026,1780,79.892280,11,0.687500
548,14,2.469136,2645,77.158693,1850,83.034111,11,0.687500
271,15,2.645503,2645,77.158693,1850,83.034111,11,0.687500
87,16,2.821869,2645,77.158693,1850,83.034111,11,0.687500
132,17,2.998236,2645,77.158693,1850,83.034111,11,0.687500
119,18,3.174603,2716,79.229872,1884,84.560144,11,0.687500
59,19,3.350970,2720,79.346558,1892,84.919210,11,0.687500
502,20,3.527337,2720,79.346558,1892,84.919210,11,0.687500
7,21,3.703704,2723,79.434072,1892,84.919210,11,0.687500
55,22,3.880071,2723,79.434072,1892,84.919210,11,0.687500
348,23,4.056437,2723,79.434072,1892,84.919210,11,0.687500
140,24,4.232804,2723,79.434072,1892,84.919210,11,0.687500
267,25,4.409171,2723,79.434072,1892,84.919210,11,0.687500
323,26,4.585538,2723,79.434072,1892,84.919210,11,0.687500
100,27,4.761905,2723,79.434072,1892,84.919210,11,0.687500
88,28,4.938272,2723,79.434072,1892,84.919210,11,0.687500
324,29,5.114638,2723,79.434072,1892,84.919210,11,0.687500
422,30,5.291005,2723,79.434072,1892,84.919210,11,0.687500
