TestcaseNumber,TestcaseCount,TestcaseRatio,StatementCount,StatementRatio,BranchCount,BranchRatio,FaultCount,FaultRatio
393,1,0.176367,1682,49.066511,1392,62.477558,3,0.187500
535,2,0.352734,1778,51.866978,1444,64.811490,3,0.187500
331,3,0.529101,1845,53.821470,1486,66.696589,4,0.250000
564,4,0.705467,2247,65.548425,1694,76.032316,5,0.312500
541,5,0.881834,2250,65.635939,1694,76.032316,5,0.312500
303,6,1.058201,2405,70.157526,1770,79.443447,5,0.312500
327,7,1.234568,2560,74.679113,1816,81.508079,11,0.687500
470,8,1.410935,2591,75.583431,1832,82.226212,11,0.687500
263,9,1.587302,2637,76.925321,1848,82.944345,11,0.687500
452,10,1.763668,2637,76.925321,1848,82.944345,11,0.687500
348,11,1.940035,2716,79.229872,1878,84.290844,11,0.687500
475,12,2.116402,2716,79.229872,1878,84.290844,11,0.687500
532,13,2.292769,2734,79.754959,1892,84.919210,11,0.687500
364,14,2.469136,2734,79.754959,1892,84.919210,11,0.687500
480,15,2.645503,2734,79.754959,1892,84.919210,11,0.687500
314,16,2.821869,2752,80.280047,1894,85.008977,11,0.687500
441,17,2.998236,2755,80.367561,1894,85.008977,11,0.687500
422,18,3.174603,2756,80.396733,1894,85.008977,11,0.687500
366,19,3.350970,2756,80.396733,1894,85.008977,11,0.687500
103,20,3.527337,2756,80.396733,1894,85.008977,11,0.687500
427,21,3.703704,2756,80.396733,1894,85.008977,11,0.687500
74,22,3.880071,2756,80.396733,1894,85.008977,11,0.687500
421,23,4.056437,2756,80.396733,1894,85.008977,11,0.687500
216,24,4.232804,2756,80.396733,1894,85.008977,11,0.687500
446,25,4.409171,2756,80.396733,1894,85.008977,11,0.687500
428,26,4.585538,2756,80.396733,1894,85.008977,11,0.687500
