TestcaseNumber,TestcaseCount,TestcaseRatio,StatementCount,StatementRatio,BranchCount,BranchRatio,FaultCount,FaultRatio
36,1,0.176367,1503,43.844807,1245,55.879713,4,0.250000
391,2,0.352734,1670,48.716453,1357,60.906643,4,0.250000
105,3,0.529101,2064,60.210035,1557,69.883303,11,0.687500
261,4,0.705467,2069,60.355893,1561,70.062837,11,0.687500
79,5,0.881834,2237,65.256709,1649,74.012567,11,0.687500
384,6,1.058201,2244,65.460910,1659,74.461400,11,0.687500
458,7,1.234568,2397,69.924154,1728,77.558348,11,0.687500
102,8,1.410935,2464,71.878646,1758,78.904847,11,0.687500
492,9,1.587302,2464,71.878646,1758,78.904847,11,0.687500
197,10,1.763668,2464,71.878646,1758,78.904847,11,0.687500
399,11,1.940035,2464,71.878646,1758,78.904847,11,0.687500
157,12,2.116402,2464,71.878646,1758,78.904847,11,0.687500
320,13,2.292769,2464,71.878646,1758,78.904847,11,0.687500
29,14,2.469136,2464,71.878646,1758,78.904847,11,0.687500
367,15,2.645503,2464,71.878646,1758,78.904847,11,0.687500
126,16,2.821869,2464,71.878646,1758,78.904847,11,0.687500
186,17,2.998236,2619,76.400233,1838,82.495512,11,0.687500
556,18,3.174603,2887,84.218203,2040,91.561939,11,0.687500
66,19,3.350970,2888,84.247375,2040,91.561939,11,0.687500
187,20,3.527337,2890,84.305718,2040,91.561939,11,0.687500
215,21,3.703704,2890,84.305718,2040,91.561939,11,0.687500
15,22,3.880071,2915,85.035006,2050,92.010772,11,0.687500
132,23,4.056437,2915,85.035006,2050,92.010772,11,0.687500
359,24,4.232804,2915,85.035006,2050,92.010772,11,0.687500
550,25,4.409171,2939,85.735123,2074,93.087971,11,0.687500
310,26,4.585538,2939,85.735123,2074,93.087971,11,0.687500
216,27,4.761905,2939,85.735123,2074,93.087971,11,0.687500
524,28,4.938272,2939,85.735123,2074,93.087971,11,0.687500
