TestcaseNumber,TestcaseCount,TestcaseRatio,StatementCount,StatementRatio,BranchCount,BranchRatio,FaultCount,FaultRatio
323,1,0.176367,1735,50.612602,1398,62.746858,4,0.250000
403,2,0.352734,1787,52.129522,1446,64.901257,4,0.250000
435,3,0.529101,2032,59.276546,1594,71.543986,4,0.250000
140,4,0.705467,2078,60.618436,1610,72.262118,4,0.250000
438,5,0.881834,2082,60.735123,1610,72.262118,4,0.250000
404,6,1.058201,2259,65.898483,1698,76.211849,4,0.250000
550,7,1.234568,2327,67.882147,1756,78.815081,4,0.250000
325,8,1.410935,2496,72.812135,1802,80.879713,11,0.687500
373,9,1.587302,2496,72.812135,1802,80.879713,11,0.687500
266,10,1.763668,2500,72.928821,1806,81.059246,11,0.687500
250,11,1.940035,2500,72.928821,1806,81.059246,11,0.687500
562,12,2.116402,2506,73.103851,1808,81.149013,11,0.687500
482,13,2.292769,2573,75.058343,1838,82.495512,11,0.687500
167,14,2.469136,2630,76.721120,1870,83.931777,11,0.687500
226,15,2.645503,2630,76.721120,1870,83.931777,11,0.687500
330,16,2.821869,2630,76.721120,1870,83.931777,11,0.687500
389,17,2.998236,2632,76.779463,1874,84.111311,11,0.687500
489,18,3.174603,2632,76.779463,1874,84.111311,11,0.687500
1,19,3.350970,2700,78.763127,1930,86.624776,11,0.687500
557,20,3.527337,2768,80.746791,1994,89.497307,11,0.687500
309,21,3.703704,2769,80.775963,1994,89.497307,11,0.687500
500,22,3.880071,2769,80.775963,1994,89.497307,11,0.687500
408,23,4.056437,2769,80.775963,1994,89.497307,11,0.687500
11,24,4.232804,2772,80.863477,1994,89.497307,11,0.687500
135,25,4.409171,2772,80.863477,1994,89.497307,11,0.687500
117,26,4.585538,2772,80.863477,1994,89.497307,11,0.687500
254,27,4.761905,2772,80.863477,1994,89.497307,11,0.687500
