TestcaseNumber,TestcaseCount,TestcaseRatio,StatementCount,StatementRatio,BranchCount,BranchRatio,FaultCount,FaultRatio
186,1,0.176367,1383,40.344224,1118,50.179533,3,0.187500
372,2,0.352734,1901,55.455076,1479,66.382406,4,0.250000
369,3,0.529101,2337,68.173862,1695,76.077199,11,0.687500
227,4,0.705467,2367,69.049008,1709,76.705566,11,0.687500
473,5,0.881834,2470,72.053676,1770,79.443447,11,0.687500
60,6,1.058201,2472,72.112019,1770,79.443447,11,0.687500
304,7,1.234568,2496,72.812135,1782,79.982047,11,0.687500
66,8,1.410935,2498,72.870478,1782,79.982047,11,0.687500
59,9,1.587302,2499,72.899650,1782,79.982047,11,0.687500
171,10,1.763668,2499,72.899650,1782,79.982047,11,0.687500
255,11,1.940035,2499,72.899650,1782,79.982047,11,0.687500
378,12,2.116402,2586,75.437573,1814,81.418312,11,0.687500
460,13,2.292769,2586,75.437573,1814,81.418312,11,0.687500
61,14,2.469136,2586,75.437573,1814,81.418312,11,0.687500
500,15,2.645503,2586,75.437573,1814,81.418312,11,0.687500
246,16,2.821869,2586,75.437573,1814,81.418312,11,0.687500
278,17,2.998236,2590,75.554259,1814,81.418312,11,0.687500
462,18,3.174603,2590,75.554259,1814,81.418312,11,0.687500
560,19,3.350970,2669,77.858810,1890,84.829443,11,0.687500
364,20,3.527337,2669,77.858810,1890,84.829443,11,0.687500
558,21,3.703704,2682,78.238040,1892,84.919210,11,0.687500
479,22,3.880071,2683,78.267211,1892,84.919210,11,0.687500
482,23,4.056437,2683,78.267211,1892,84.919210,11,0.687500
90,24,4.232804,2683,78.267211,1892,84.919210,11,0.687500
40,25,4.409171,2683,78.267211,1892,84.919210,11,0.687500
55,26,4.585538,2683,78.267211,1892,84.919210,11,0.687500
400,27,4.761905,2683,78.267211,1892,84.919210,11,0.687500
83,28,4.938272,2683,78.267211,1892,84.919210,11,0.687500
