TestcaseNumber,TestcaseCount,TestcaseRatio,StatementCount,StatementRatio,BranchCount,BranchRatio,FaultCount,FaultRatio
483,1,0.176367,1695,49.445741,1392,62.477558,4,0.250000
200,2,0.352734,1915,55.863477,1520,68.222621,5,0.312500
78,3,0.529101,2159,62.981330,1604,71.992819,11,0.687500
213,4,0.705467,2159,62.981330,1604,71.992819,11,0.687500
546,5,0.881834,2297,67.007001,1686,75.673250,11,0.687500
448,6,1.058201,2297,67.007001,1686,75.673250,11,0.687500
457,7,1.234568,2378,69.369895,1716,77.019749,11,0.687500
281,8,1.410935,2387,69.632439,1720,77.199282,11,0.687500
172,9,1.587302,2543,74.183197,1800,80.789946,11,0.687500
397,10,1.763668,2543,74.183197,1800,80.789946,11,0.687500
369,11,1.940035,2689,78.442240,1878,84.290844,11,0.687500
335,12,2.116402,2689,78.442240,1878,84.290844,11,0.687500
424,13,2.292769,2693,78.558926,1888,84.739677,11,0.687500
195,14,2.469136,2693,78.558926,1888,84.739677,11,0.687500
355,15,2.645503,2693,78.558926,1888,84.739677,11,0.687500
232,16,2.821869,2693,78.558926,1888,84.739677,11,0.687500
35,17,2.998236,2693,78.558926,1888,84.739677,11,0.687500
65,18,3.174603,2693,78.558926,1888,84.739677,11,0.687500
139,19,3.350970,2709,79.025671,1890,84.829443,11,0.687500
394,20,3.527337,2709,79.025671,1890,84.829443,11,0.687500
122,21,3.703704,2709,79.025671,1890,84.829443,11,0.687500
