TestcaseNumber,TestcaseCount,TestcaseRatio,StatementCount,StatementRatio,BranchCount,BranchRatio,FaultCount,FaultRatio
549,1,0.176367,845,24.649942,771,34.605027,0,0.000000
511,2,0.352734,1754,51.166861,1455,65.305206,4,0.250000
555,3,0.529101,2458,71.703617,1855,83.258528,10,0.625000
144,4,0.705467,2490,72.637106,1869,83.886894,10,0.625000
417,5,0.881834,2622,76.487748,1929,86.579892,10,0.625000
391,6,1.058201,2622,76.487748,1929,86.579892,10,0.625000
234,7,1.234568,2625,76.575263,1929,86.579892,10,0.625000
530,8,1.410935,2666,77.771295,1941,87.118492,11,0.687500
292,9,1.587302,2670,77.887981,1941,87.118492,11,0.687500
498,10,1.763668,2818,82.205368,2010,90.215440,11,0.687500
205,11,1.940035,2820,82.263711,2010,90.215440,11,0.687500
351,12,2.116402,2820,82.263711,2010,90.215440,11,0.687500
284,13,2.292769,2820,82.263711,2010,90.215440,11,0.687500
462,14,2.469136,2820,82.263711,2010,90.215440,11,0.687500
412,15,2.645503,2820,82.263711,2010,90.215440,11,0.687500
445,16,2.821869,2820,82.263711,2010,90.215440,11,0.687500
361,17,2.998236,2821,82.292882,2010,90.215440,11,0.687500
112,18,3.174603,2821,82.292882,2010,90.215440,11,0.687500
17,19,3.350970,2821,82.292882,2010,90.215440,11,0.687500
70,20,3.527337,2821,82.292882,2010,90.215440,11,0.687500
