TestcaseNumber,TestcaseCount,TestcaseRatio,StatementCount,StatementRatio,BranchCount,BranchRatio,FaultCount,FaultRatio
165,1,0.176367,1515,44.194866,1237,55.520646,4,0.250000
234,2,0.352734,2013,58.722287,1569,70.421903,4,0.250000
443,3,0.529101,2229,65.023337,1684,75.583483,4,0.250000
524,4,0.705467,2315,67.532089,1730,77.648115,5,0.312500
233,5,0.881834,2316,67.561260,1730,77.648115,5,0.312500
418,6,1.058201,2316,67.561260,1730,77.648115,5,0.312500
8,7,1.234568,2385,69.574096,1762,79.084381,5,0.312500
247,8,1.410935,2607,76.050175,1838,82.495512,11,0.687500
298,9,1.587302,2618,76.371062,1838,82.495512,11,0.687500
71,10,1.763668,2626,76.604434,1842,82.675045,11,0.687500
182,11,1.940035,2627,76.633606,1842,82.675045,11,0.687500
490,12,2.116402,2627,76.633606,1842,82.675045,11,0.687500
357,13,2.292769,2627,76.633606,1842,82.675045,11,0.687500
308,14,2.469136,2627,76.633606,1842,82.675045,11,0.687500
285,15,2.645503,2631,76.750292,1842,82.675045,11,0.687500
294,16,2.821869,2631,76.750292,1842,82.675045,11,0.687500
186,17,2.998236,2631,76.750292,1842,82.675045,11,0.687500
211,18,3.174603,2631,76.750292,1842,82.675045,11,0.687500
518,19,3.350970,2718,79.288215,1874,84.111311,11,0.687500
23,20,3.527337,2762,80.571762,1902,85.368043,11,0.687500
171,21,3.703704,2762,80.571762,1902,85.368043,11,0.687500
55,22,3.880071,2762,80.571762,1902,85.368043,11,0.687500
456,23,4.056437,2762,80.571762,1902,85.368043,11,0.687500
305,24,4.232804,2762,80.571762,1902,85.368043,11,0.687500
51,25,4.409171,2762,80.571762,1902,85.368043,11,0.687500
360,26,4.585538,2762,80.571762,1902,85.368043,11,0.687500
