TestcaseNumber,TestcaseCount,TestcaseRatio,StatementCount,StatementRatio,BranchCount,BranchRatio,FaultCount,FaultRatio
547,1,0.176367,929,27.100350,778,34.919210,0,0.000000
232,2,0.352734,1885,54.988331,1489,66.831239,4,0.250000
85,3,0.529101,2089,60.939323,1571,70.511670,9,0.562500
138,4,0.705467,2259,65.898483,1648,73.967684,9,0.562500
414,5,0.881834,2490,72.637106,1776,79.712747,9,0.562500
521,6,1.058201,2531,73.833139,1802,80.879713,10,0.625000
2,7,1.234568,2577,75.175029,1806,81.059246,10,0.625000
195,8,1.410935,2601,75.875146,1812,81.328546,11,0.687500
332,9,1.587302,2601,75.875146,1812,81.328546,11,0.687500
354,10,1.763668,2610,76.137690,1812,81.328546,11,0.687500
334,11,1.940035,2610,76.137690,1812,81.328546,11,0.687500
329,12,2.116402,2612,76.196033,1816,81.508079,11,0.687500
289,13,2.292769,2612,76.196033,1816,81.508079,11,0.687500
496,14,2.469136,2612,76.196033,1816,81.508079,11,0.687500
413,15,2.645503,2622,76.487748,1822,81.777379,11,0.687500
124,16,2.821869,2622,76.487748,1822,81.777379,11,0.687500
505,17,2.998236,2622,76.487748,1822,81.777379,11,0.687500
285,18,3.174603,2622,76.487748,1822,81.777379,11,0.687500
538,19,3.350970,2633,76.808635,1826,81.956912,11,0.687500
463,20,3.527337,2633,76.808635,1826,81.956912,11,0.687500
312,21,3.703704,2772,80.863477,1892,84.919210,11,0.687500
341,22,3.880071,2772,80.863477,1892,84.919210,11,0.687500
