TestcaseNumber,TestcaseCount,TestcaseRatio,StatementCount,StatementRatio,BranchCount,BranchRatio,FaultCount,FaultRatio
502,1,0.176367,1682,49.066511,1365,61.265709,5,0.312500
108,2,0.352734,2118,61.785298,1542,69.210054,11,0.687500
32,3,0.529101,2180,63.593932,1584,71.095153,11,0.687500
171,4,0.705467,2336,68.144691,1668,74.865350,11,0.687500
339,5,0.881834,2555,74.533256,1800,80.789946,11,0.687500
485,6,1.058201,2559,74.649942,1800,80.789946,11,0.687500
94,7,1.234568,2563,74.766628,1810,81.238779,11,0.687500
10,8,1.410935,2662,77.654609,1874,84.111311,11,0.687500
249,9,1.587302,2662,77.654609,1874,84.111311,11,0.687500
187,10,1.763668,2669,77.858810,1874,84.111311,11,0.687500
368,11,1.940035,2669,77.858810,1874,84.111311,11,0.687500
434,12,2.116402,2669,77.858810,1874,84.111311,11,0.687500
501,13,2.292769,2670,77.887981,1874,84.111311,11,0.687500
486,14,2.469136,2670,77.887981,1874,84.111311,11,0.687500
184,15,2.645503,2670,77.887981,1874,84.111311,11,0.687500
133,16,2.821869,2673,77.975496,1876,84.201077,11,0.687500
476,17,2.998236,2673,77.975496,1876,84.201077,11,0.687500
545,18,3.174603,2713,79.142357,1900,85.278276,11,0.687500
477,19,3.350970,2713,79.142357,1900,85.278276,11,0.687500
265,20,3.527337,2713,79.142357,1900,85.278276,11,0.687500
483,21,3.703704,2713,79.142357,1900,85.278276,11,0.687500
