TestcaseNumber,TestcaseCount,TestcaseRatio,StatementCount,StatementRatio,BranchCount,BranchRatio,FaultCount,FaultRatio
559,1,0.176367,1952,56.942824,1573,70.601436,4,0.250000
423,2,0.352734,2232,65.110852,1726,77.468582,4,0.250000
277,3,0.529101,2321,67.707118,1764,79.174147,5,0.312500
447,4,0.705467,2493,72.724621,1818,81.597846,11,0.687500
9,5,0.881834,2579,75.233372,1860,83.482944,11,0.687500
512,6,1.058201,2579,75.233372,1860,83.482944,11,0.687500
462,7,1.234568,2579,75.233372,1860,83.482944,11,0.687500
498,8,1.410935,2667,77.800467,1892,84.919210,11,0.687500
349,9,1.587302,2669,77.858810,1896,85.098743,11,0.687500
103,10,1.763668,2715,79.200700,1912,85.816876,11,0.687500
159,11,1.940035,2717,79.259043,1912,85.816876,11,0.687500
122,12,2.116402,2717,79.259043,1912,85.816876,11,0.687500
48,13,2.292769,2717,79.259043,1912,85.816876,11,0.687500
37,14,2.469136,2731,79.667445,1924,86.355476,11,0.687500
308,15,2.645503,2732,79.696616,1924,86.355476,11,0.687500
222,16,2.821869,2732,79.696616,1924,86.355476,11,0.687500
505,17,2.998236,2734,79.754959,1924,86.355476,11,0.687500
100,18,3.174603,2734,79.754959,1924,86.355476,11,0.687500
29,19,3.350970,2734,79.754959,1924,86.355476,11,0.687500
388,20,3.527337,2734,79.754959,1924,86.355476,11,0.687500
553,21,3.703704,2743,80.017503,1928,86.535009,11,0.687500
488,22,3.880071,2743,80.017503,1928,86.535009,11,0.687500
370,23,4.056437,2743,80.017503,1928,86.535009,11,0.687500
287,24,4.232804,2743,80.017503,1928,86.535009,11,0.687500
264,25,4.409171,2743,80.017503,1928,86.535009,11,0.687500
290,26,4.585538,2743,80.017503,1928,86.535009,11,0.687500
17,27,4.761905,2813,82.059510,1974,88.599641,11,0.687500
404,28,4.938272,2813,82.059510,1974,88.599641,11,0.687500
117,29,5.114638,2813,82.059510,1974,88.599641,11,0.687500
75,30,5.291005,2813,82.059510,1974,88.599641,11,0.687500
