TestcaseNumber,TestcaseCount,TestcaseRatio,StatementCount,StatementRatio,BranchCount,BranchRatio,FaultCount,FaultRatio
432,1,0.176367,1576,45.974329,1243,55.789946,3,0.187500
307,2,0.352734,1579,46.061844,1243,55.789946,3,0.187500
214,3,0.529101,2187,63.798133,1649,74.012567,5,0.312500
252,4,0.705467,2187,63.798133,1649,74.012567,5,0.312500
193,5,0.881834,2272,66.277713,1696,76.122083,5,0.312500
12,6,1.058201,2303,67.182030,1710,76.750449,5,0.312500
283,7,1.234568,2335,68.115519,1728,77.558348,5,0.312500
139,8,1.410935,2499,72.899650,1780,79.892280,10,0.625000
152,9,1.587302,2499,72.899650,1780,79.892280,10,0.625000
540,10,1.763668,2501,72.957993,1780,79.892280,10,0.625000
520,11,1.940035,2503,73.016336,1780,79.892280,10,0.625000
251,12,2.116402,2506,73.103851,1784,80.071813,10,0.625000
206,13,2.292769,2512,73.278880,1784,80.071813,11,0.687500
422,14,2.469136,2513,73.308051,1784,80.071813,11,0.687500
448,15,2.645503,2603,75.933489,1816,81.508079,11,0.687500
487,16,2.821869,2603,75.933489,1816,81.508079,11,0.687500
127,17,2.998236,2603,75.933489,1816,81.508079,11,0.687500
205,18,3.174603,2603,75.933489,1816,81.508079,11,0.687500
190,19,3.350970,2603,75.933489,1816,81.508079,11,0.687500
344,20,3.527337,2603,75.933489,1816,81.508079,11,0.687500
211,21,3.703704,2603,75.933489,1816,81.508079,11,0.687500
