TestcaseNumber,TestcaseCount,TestcaseRatio,StatementCount,StatementRatio,BranchCount,BranchRatio,FaultCount,FaultRatio
403,1,0.176367,1686,49.183197,1392,62.477558,3,0.187500
114,2,0.352734,2084,60.793466,1616,72.531418,4,0.250000
48,3,0.529101,2240,65.344224,1696,76.122083,4,0.250000
494,4,0.705467,2255,65.781797,1696,76.122083,5,0.312500
514,5,0.881834,2255,65.781797,1696,76.122083,5,0.312500
348,6,1.058201,2478,72.287048,1774,79.622980,10,0.625000
356,7,1.234568,2499,72.899650,1778,79.802513,11,0.687500
248,8,1.410935,2499,72.899650,1778,79.802513,11,0.687500
72,9,1.587302,2566,74.854142,1808,81.149013,11,0.687500
413,10,1.763668,2622,76.487748,1840,82.585278,11,0.687500
194,11,1.940035,2644,77.129522,1842,82.675045,11,0.687500
116,12,2.116402,2644,77.129522,1842,82.675045,11,0.687500
268,13,2.292769,2644,77.129522,1842,82.675045,11,0.687500
21,14,2.469136,2648,77.246208,1842,82.675045,11,0.687500
400,15,2.645503,2650,77.304551,1842,82.675045,11,0.687500
550,16,2.821869,2714,79.171529,1900,85.278276,11,0.687500
414,17,2.998236,2714,79.171529,1900,85.278276,11,0.687500
225,18,3.174603,2714,79.171529,1900,85.278276,11,0.687500
264,19,3.350970,2714,79.171529,1900,85.278276,11,0.687500
59,20,3.527337,2714,79.171529,1900,85.278276,11,0.687500
428,21,3.703704,2714,79.171529,1900,85.278276,11,0.687500
253,22,3.880071,2714,79.171529,1900,85.278276,11,0.687500
473,23,4.056437,2714,79.171529,1900,85.278276,11,0.687500
152,24,4.232804,2714,79.171529,1900,85.278276,11,0.687500
