TestcaseNumber,TestcaseCount,TestcaseRatio,StatementCount,StatementRatio,BranchCount,BranchRatio,FaultCount,FaultRatio
318,1,0.176367,773,22.549592,683,30.655296,0,0.000000
373,2,0.352734,1831,53.413069,1460,65.529623,4,0.250000
539,3,0.529101,1998,58.284714,1552,69.658887,5,0.312500
480,4,0.705467,2075,60.530922,1604,71.992819,5,0.312500
226,5,0.881834,2268,66.161027,1678,75.314183,10,0.625000
28,6,1.058201,2272,66.277713,1678,75.314183,10,0.625000
173,7,1.234568,2428,70.828471,1758,78.904847,10,0.625000
339,8,1.410935,2553,74.474912,1832,82.226212,10,0.625000
112,9,1.587302,2620,76.429405,1862,83.572711,10,0.625000
427,10,1.763668,2624,76.546091,1862,83.572711,10,0.625000
435,11,1.940035,2625,76.575263,1862,83.572711,10,0.625000
261,12,2.116402,2625,76.575263,1862,83.572711,10,0.625000
431,13,2.292769,2625,76.575263,1862,83.572711,10,0.625000
451,14,2.469136,2626,76.604434,1862,83.572711,10,0.625000
122,15,2.645503,2626,76.604434,1862,83.572711,10,0.625000
547,16,2.821869,2666,77.771295,1868,83.842011,10,0.625000
410,17,2.998236,2720,79.346558,1900,85.278276,10,0.625000
560,18,3.174603,2805,81.826138,1986,89.138241,10,0.625000
460,19,3.350970,2805,81.826138,1986,89.138241,10,0.625000
283,20,3.527337,2805,81.826138,1986,89.138241,10,0.625000
561,21,3.703704,2805,81.826138,1986,89.138241,10,0.625000
347,22,3.880071,2805,81.826138,1986,89.138241,10,0.625000
104,23,4.056437,2814,82.088681,1986,89.138241,10,0.625000
221,24,4.232804,2814,82.088681,1986,89.138241,10,0.625000
139,25,4.409171,2814,82.088681,1986,89.138241,10,0.625000
400,26,4.585538,2814,82.088681,1986,89.138241,10,0.625000
246,27,4.761905,2820,82.263711,1986,89.138241,11,0.687500
