TestcaseNumber,TestcaseCount,TestcaseRatio,StatementCount,StatementRatio,BranchCount,BranchRatio,FaultCount,FaultRatio
270,1,0.176367,1699,49.562427,1386,62.208259,5,0.312500
109,2,0.352734,2129,62.106184,1591,71.409336,11,0.687500
23,3,0.529101,2183,63.681447,1627,73.025135,11,0.687500
309,4,0.705467,2341,68.290548,1709,76.705566,11,0.687500
26,5,0.881834,2359,68.815636,1715,76.974865,11,0.687500
90,6,1.058201,2387,69.632439,1733,77.782765,11,0.687500
519,7,1.234568,2387,69.632439,1733,77.782765,11,0.687500
236,8,1.410935,2387,69.632439,1733,77.782765,11,0.687500
442,9,1.587302,2460,71.761960,1763,79.129264,11,0.687500
10,10,1.763668,2559,74.649942,1827,82.001795,11,0.687500
455,11,1.940035,2559,74.649942,1827,82.001795,11,0.687500
454,12,2.116402,2559,74.649942,1827,82.001795,11,0.687500
155,13,2.292769,2559,74.649942,1827,82.001795,11,0.687500
290,14,2.469136,2559,74.649942,1827,82.001795,11,0.687500
512,15,2.645503,2560,74.679113,1829,82.091562,11,0.687500
30,16,2.821869,2560,74.679113,1829,82.091562,11,0.687500
467,17,2.998236,2560,74.679113,1829,82.091562,11,0.687500
501,18,3.174603,2560,74.679113,1829,82.091562,11,0.687500
92,19,3.350970,2560,74.679113,1829,82.091562,11,0.687500
