TestcaseNumber,TestcaseCount,TestcaseRatio,StatementCount,StatementRatio,BranchCount,BranchRatio,FaultCount,FaultRatio
494,1,0.176367,1929,56.271879,1533,68.806104,5,0.312500
339,2,0.352734,2114,61.668611,1599,71.768402,10,0.625000
515,3,0.529101,2124,61.960327,1601,71.858169,11,0.687500
480,4,0.705467,2128,62.077013,1607,72.127469,11,0.687500
485,5,0.881834,2128,62.077013,1607,72.127469,11,0.687500
496,6,1.058201,2133,62.222870,1611,72.307002,11,0.687500
557,7,1.234568,2219,64.731622,1699,76.256732,11,0.687500
170,8,1.410935,2419,70.565928,1791,80.385996,11,0.687500
58,9,1.587302,2497,72.841307,1834,82.315978,11,0.687500
531,10,1.763668,2657,77.508751,1908,85.637343,11,0.687500
483,11,1.940035,2658,77.537923,1908,85.637343,11,0.687500
564,12,2.116402,2798,81.621937,1962,88.061041,11,0.687500
466,13,2.292769,2798,81.621937,1962,88.061041,11,0.687500
307,14,2.469136,2798,81.621937,1962,88.061041,11,0.687500
176,15,2.645503,2801,81.709452,1962,88.061041,11,0.687500
409,16,2.821869,2805,81.826138,1962,88.061041,11,0.687500
34,17,2.998236,2809,81.942824,1964,88.150808,11,0.687500
501,18,3.174603,2809,81.942824,1964,88.150808,11,0.687500
270,19,3.350970,2809,81.942824,1964,88.150808,11,0.687500
541,20,3.527337,2811,82.001167,1964,88.150808,11,0.687500
136,21,3.703704,2811,82.001167,1964,88.150808,11,0.687500
