TestcaseNumber,TestcaseCount,TestcaseRatio,StatementCount,StatementRatio,BranchCount,BranchRatio,FaultCount,FaultRatio
207,1,0.176367,1827,53.296383,1383,62.073609,9,0.562500
185,2,0.352734,2090,60.968495,1543,69.254937,10,0.625000
403,3,0.529101,2280,66.511085,1670,74.955117,10,0.625000
362,4,0.705467,2303,67.182030,1678,75.314183,11,0.687500
229,5,0.881834,2474,72.170362,1760,78.994614,11,0.687500
245,6,1.058201,2476,72.228705,1760,78.994614,11,0.687500
536,7,1.234568,2486,72.520420,1762,79.084381,11,0.687500
433,8,1.410935,2491,72.666278,1762,79.084381,11,0.687500
547,9,1.587302,2568,74.912485,1798,80.700180,11,0.687500
277,10,1.763668,2568,74.912485,1798,80.700180,11,0.687500
437,11,1.940035,2568,74.912485,1798,80.700180,11,0.687500
180,12,2.116402,2568,74.912485,1798,80.700180,11,0.687500
429,13,2.292769,2574,75.087515,1808,81.149013,11,0.687500
303,14,2.469136,2574,75.087515,1808,81.149013,11,0.687500
296,15,2.645503,2577,75.175029,1812,81.328546,11,0.687500
240,16,2.821869,2577,75.175029,1812,81.328546,11,0.687500
491,17,2.998236,2592,75.612602,1820,81.687612,11,0.687500
271,18,3.174603,2592,75.612602,1820,81.687612,11,0.687500
170,19,3.350970,2592,75.612602,1820,81.687612,11,0.687500
357,20,3.527337,2592,75.612602,1820,81.687612,11,0.687500
550,21,3.703704,2618,76.371062,1844,82.764811,11,0.687500
112,22,3.880071,2618,76.371062,1844,82.764811,11,0.687500
496,23,4.056437,2618,76.371062,1844,82.764811,11,0.687500
355,24,4.232804,2618,76.371062,1844,82.764811,11,0.687500
428,25,4.409171,2618,76.371062,1844,82.764811,11,0.687500
246,26,4.585538,2618,76.371062,1844,82.764811,11,0.687500
419,27,4.761905,2672,77.946324,1876,84.201077,11,0.687500
