TestcaseNumber,TestcaseCount,TestcaseRatio,StatementCount,StatementRatio,BranchCount,BranchRatio,FaultCount,FaultRatio
86,1,0.176367,1704,49.708285,1323,59.380610,8,0.500000
415,2,0.352734,1987,57.963827,1519,68.177738,9,0.562500
341,3,0.529101,2004,58.459743,1531,68.716338,9,0.562500
160,4,0.705467,2008,58.576429,1531,68.716338,9,0.562500
241,5,0.881834,2059,60.064177,1563,70.152603,10,0.625000
317,6,1.058201,2066,60.268378,1565,70.242370,11,0.687500
380,7,1.234568,2066,60.268378,1565,70.242370,11,0.687500
140,8,1.410935,2070,60.385064,1569,70.421903,11,0.687500
370,9,1.587302,2085,60.822637,1573,70.601436,11,0.687500
542,10,1.763668,2089,60.939323,1575,70.691203,11,0.687500
346,11,1.940035,2089,60.939323,1575,70.691203,11,0.687500
71,12,2.116402,2089,60.939323,1575,70.691203,11,0.687500
516,13,2.292769,2089,60.939323,1575,70.691203,11,0.687500
251,14,2.469136,2089,60.939323,1575,70.691203,11,0.687500
110,15,2.645503,2089,60.939323,1575,70.691203,11,0.687500
514,16,2.821869,2262,65.985998,1671,75.000000,11,0.687500
507,17,2.998236,2329,67.940490,1701,76.346499,11,0.687500
228,18,3.174603,2481,72.374562,1770,79.443447,11,0.687500
338,19,3.350970,2481,72.374562,1770,79.443447,11,0.687500
398,20,3.527337,2491,72.666278,1776,79.712747,11,0.687500
151,21,3.703704,2491,72.666278,1776,79.712747,11,0.687500
109,22,3.880071,2493,72.724621,1780,79.892280,11,0.687500
309,23,4.056437,2633,76.808635,1846,82.854578,11,0.687500
340,24,4.232804,2633,76.808635,1846,82.854578,11,0.687500
477,25,4.409171,2633,76.808635,1846,82.854578,11,0.687500
