TestcaseNumber,TestcaseCount,TestcaseRatio,StatementCount,StatementRatio,BranchCount,BranchRatio,FaultCount,FaultRatio
548,1,0.176367,1770,51.633606,1393,62.522442,5,0.312500
208,2,0.352734,2070,60.385064,1532,68.761221,10,0.625000
416,3,0.529101,2208,64.410735,1624,72.890485,10,0.625000
563,4,0.705467,2233,65.140023,1638,73.518851,10,0.625000
85,5,0.881834,2325,67.823804,1692,75.942549,10,0.625000
6,6,1.058201,2429,70.857643,1778,79.802513,11,0.687500
410,7,1.234568,2435,71.032672,1778,79.802513,11,0.687500
245,8,1.410935,2438,71.120187,1778,79.802513,11,0.687500
279,9,1.587302,2598,75.787631,1882,84.470377,11,0.687500
152,10,1.763668,2666,77.771295,1914,85.906643,11,0.687500
58,11,1.940035,2816,82.147025,1984,89.048474,11,0.687500
300,12,2.116402,2819,82.234539,1984,89.048474,11,0.687500
523,13,2.292769,2819,82.234539,1984,89.048474,11,0.687500
561,14,2.469136,2823,82.351225,1986,89.138241,11,0.687500
286,15,2.645503,2823,82.351225,1986,89.138241,11,0.687500
322,16,2.821869,2823,82.351225,1986,89.138241,11,0.687500
142,17,2.998236,2823,82.351225,1986,89.138241,11,0.687500
122,18,3.174603,2823,82.351225,1986,89.138241,11,0.687500
125,19,3.350970,2823,82.351225,1986,89.138241,11,0.687500
424,20,3.527337,2823,82.351225,1986,89.138241,11,0.687500
356,21,3.703704,2823,82.351225,1986,89.138241,11,0.687500
202,22,3.880071,2823,82.351225,1986,89.138241,11,0.687500
324,23,4.056437,2823,82.351225,1986,89.138241,11,0.687500
