TestcaseNumber,TestcaseCount,TestcaseRatio,StatementCount,StatementRatio,BranchCount,BranchRatio,FaultCount,FaultRatio
468,1,0.176367,1881,54.871645,1432,64.272890,8,0.500000
80,2,0.352734,2135,62.281214,1590,71.364452,10,0.625000
25,3,0.529101,2139,62.397900,1590,71.364452,10,0.625000
369,4,0.705467,2328,67.911319,1678,75.314183,11,0.687500
509,5,0.881834,2328,67.911319,1678,75.314183,11,0.687500
401,6,1.058201,2331,67.998833,1686,75.673250,11,0.687500
556,7,1.234568,2599,75.816803,1888,84.739677,11,0.687500
557,8,1.410935,2616,76.312719,1894,85.008977,11,0.687500
104,9,1.587302,2636,76.896149,1906,85.547576,11,0.687500
86,10,1.763668,2636,76.896149,1906,85.547576,11,0.687500
75,11,1.940035,2636,76.896149,1906,85.547576,11,0.687500
349,12,2.116402,2636,76.896149,1906,85.547576,11,0.687500
343,13,2.292769,2646,77.187865,1912,85.816876,11,0.687500
201,14,2.469136,2648,77.246208,1912,85.816876,11,0.687500
456,15,2.645503,2648,77.246208,1912,85.816876,11,0.687500
501,16,2.821869,2648,77.246208,1912,85.816876,11,0.687500
422,17,2.998236,2869,83.693116,2018,90.574506,11,0.687500
430,18,3.174603,2870,83.722287,2018,90.574506,11,0.687500
334,19,3.350970,2870,83.722287,2018,90.574506,11,0.687500
73,20,3.527337,2870,83.722287,2018,90.574506,11,0.687500
483,21,3.703704,2870,83.722287,2018,90.574506,11,0.687500
135,22,3.880071,2870,83.722287,2018,90.574506,11,0.687500
22,23,4.056437,2926,85.355893,2048,91.921005,11,0.687500
4,24,4.232804,2951,86.085181,2056,92.280072,11,0.687500
226,25,4.409171,2951,86.085181,2056,92.280072,11,0.687500
445,26,4.585538,2951,86.085181,2056,92.280072,11,0.687500
282,27,4.761905,2951,86.085181,2056,92.280072,11,0.687500
178,28,4.938272,2955,86.201867,2056,92.280072,11,0.687500
476,29,5.114638,2955,86.201867,2056,92.280072,11,0.687500
