TestcaseNumber,TestcaseCount,TestcaseRatio,StatementCount,StatementRatio,BranchCount,BranchRatio,FaultCount,FaultRatio
89,1,0.176367,2035,59.364061,1527,68.536804,8,0.500000
101,2,0.352734,2103,61.347725,1583,71.050269,9,0.562500
560,3,0.529101,2247,65.548425,1701,76.346499,10,0.625000
115,4,0.705467,2258,65.869312,1703,76.436266,11,0.687500
65,5,0.881834,2258,65.869312,1703,76.436266,11,0.687500
564,6,1.058201,2484,72.462077,1809,81.193896,11,0.687500
96,7,1.234568,2484,72.462077,1809,81.193896,11,0.687500
136,8,1.410935,2484,72.462077,1809,81.193896,11,0.687500
271,9,1.587302,2486,72.520420,1809,81.193896,11,0.687500
303,10,1.763668,2718,79.288215,1932,86.714542,11,0.687500
284,11,1.940035,2738,79.871645,1934,86.804309,11,0.687500
262,12,2.116402,2738,79.871645,1934,86.804309,11,0.687500
119,13,2.292769,2738,79.871645,1934,86.804309,11,0.687500
281,14,2.469136,2738,79.871645,1934,86.804309,11,0.687500
174,15,2.645503,2740,79.929988,1934,86.804309,11,0.687500
505,16,2.821869,2740,79.929988,1934,86.804309,11,0.687500
525,17,2.998236,2755,80.367561,1940,87.073609,11,0.687500
295,18,3.174603,2755,80.367561,1940,87.073609,11,0.687500
72,19,3.350970,2755,80.367561,1940,87.073609,11,0.687500
7,20,3.527337,2758,80.455076,1940,87.073609,11,0.687500
522,21,3.703704,2758,80.455076,1940,87.073609,11,0.687500
