TestcaseNumber,TestcaseCount,TestcaseRatio,StatementCount,StatementRatio,BranchCount,BranchRatio,FaultCount,FaultRatio
275,1,0.176367,1647,48.045508,1375,61.714542,4,0.250000
498,2,0.352734,2046,59.684947,1532,68.761221,11,0.687500
533,3,0.529101,2645,77.158693,1838,82.495512,11,0.687500
548,4,0.705467,2662,77.654609,1854,83.213645,11,0.687500
15,5,0.881834,2822,82.322054,1936,86.894075,11,0.687500
369,6,1.058201,2843,82.934656,1946,87.342908,11,0.687500
5,7,1.234568,2848,83.080513,1946,87.342908,11,0.687500
231,8,1.410935,2916,85.064177,1976,88.689408,11,0.687500
49,9,1.587302,2923,85.268378,1978,88.779174,11,0.687500
419,10,1.763668,2980,86.931155,2010,90.215440,11,0.687500
288,11,1.940035,2980,86.931155,2010,90.215440,11,0.687500
50,12,2.116402,2980,86.931155,2010,90.215440,11,0.687500
473,13,2.292769,2983,87.018670,2010,90.215440,11,0.687500
512,14,2.469136,2983,87.018670,2010,90.215440,11,0.687500
18,15,2.645503,2983,87.018670,2010,90.215440,11,0.687500
449,16,2.821869,2983,87.018670,2010,90.215440,11,0.687500
111,17,2.998236,2983,87.018670,2010,90.215440,11,0.687500
255,18,3.174603,2983,87.018670,2010,90.215440,11,0.687500
475,19,3.350970,2983,87.018670,2010,90.215440,11,0.687500
402,20,3.527337,2983,87.018670,2010,90.215440,11,0.687500
256,21,3.703704,2983,87.018670,2010,90.215440,11,0.687500
484,22,3.880071,2984,87.047841,2010,90.215440,11,0.687500
243,23,4.056437,2984,87.047841,2010,90.215440,11,0.687500
41,24,4.232804,2984,87.047841,2010,90.215440,11,0.687500
