TestcaseNumber,TestcaseCount,TestcaseRatio,StatementCount,StatementRatio,BranchCount,BranchRatio,FaultCount,FaultRatio
403,1,0.176367,1686,49.183197,1392,62.477558,3,0.187500
468,2,0.352734,1957,57.088681,1490,66.876122,9,0.562500
324,3,0.529101,2276,66.394399,1678,75.314183,10,0.625000
147,4,0.705467,2389,69.690782,1724,77.378815,10,0.625000
125,5,0.881834,2401,70.040840,1724,77.378815,10,0.625000
43,6,1.058201,2411,70.332555,1728,77.558348,10,0.625000
285,7,1.234568,2411,70.332555,1728,77.558348,10,0.625000
293,8,1.410935,2411,70.332555,1728,77.558348,10,0.625000
309,9,1.587302,2567,74.883314,1808,81.149013,10,0.625000
90,10,1.763668,2567,74.883314,1808,81.149013,10,0.625000
237,11,1.940035,2573,75.058343,1808,81.149013,11,0.687500
367,12,2.116402,2573,75.058343,1808,81.149013,11,0.687500
238,13,2.292769,2574,75.087515,1808,81.149013,11,0.687500
478,14,2.469136,2574,75.087515,1808,81.149013,11,0.687500
278,15,2.645503,2574,75.087515,1808,81.149013,11,0.687500
339,16,2.821869,2576,75.145858,1812,81.328546,11,0.687500
498,17,2.998236,2576,75.145858,1812,81.328546,11,0.687500
201,18,3.174603,2580,75.262544,1816,81.508079,11,0.687500
258,19,3.350970,2580,75.262544,1816,81.508079,11,0.687500
398,20,3.527337,2580,75.262544,1816,81.508079,11,0.687500
257,21,3.703704,2580,75.262544,1816,81.508079,11,0.687500
553,22,3.880071,2589,75.525088,1820,81.687612,11,0.687500
140,23,4.056437,2589,75.525088,1820,81.687612,11,0.687500
425,24,4.232804,2593,75.641774,1820,81.687612,11,0.687500
222,25,4.409171,2593,75.641774,1820,81.687612,11,0.687500
56,26,4.585538,2593,75.641774,1820,81.687612,11,0.687500
96,27,4.761905,2593,75.641774,1820,81.687612,11,0.687500
82,28,4.938272,2593,75.641774,1820,81.687612,11,0.687500
224,29,5.114638,2593,75.641774,1820,81.687612,11,0.687500
