TestcaseNumber,TestcaseCount,TestcaseRatio,StatementCount,StatementRatio,BranchCount,BranchRatio,FaultCount,FaultRatio
532,1,0.176367,1907,55.630105,1523,68.357271,3,0.187500
404,2,0.352734,1991,58.080513,1565,70.242370,5,0.312500
494,3,0.529101,1997,58.255543,1565,70.242370,5,0.312500
459,4,0.705467,2151,62.747958,1615,72.486535,11,0.687500
377,5,0.881834,2223,64.848308,1645,73.833034,11,0.687500
210,6,1.058201,2271,66.248541,1663,74.640934,11,0.687500
328,7,1.234568,2424,70.711785,1732,77.737882,11,0.687500
491,8,1.410935,2428,70.828471,1736,77.917415,11,0.687500
337,9,1.587302,2428,70.828471,1736,77.917415,11,0.687500
220,10,1.763668,2428,70.828471,1736,77.917415,11,0.687500
8,11,1.940035,2497,72.841307,1768,79.353680,11,0.687500
140,12,2.116402,2497,72.841307,1768,79.353680,11,0.687500
409,13,2.292769,2497,72.841307,1768,79.353680,11,0.687500
347,14,2.469136,2497,72.841307,1768,79.353680,11,0.687500
412,15,2.645503,2569,74.941657,1814,81.418312,11,0.687500
354,16,2.821869,2569,74.941657,1814,81.418312,11,0.687500
433,17,2.998236,2719,79.317386,1886,84.649910,11,0.687500
257,18,3.174603,2719,79.317386,1886,84.649910,11,0.687500
191,19,3.350970,2724,79.463244,1886,84.649910,11,0.687500
259,20,3.527337,2724,79.463244,1886,84.649910,11,0.687500
3,21,3.703704,2742,79.988331,1912,85.816876,11,0.687500
114,22,3.880071,2742,79.988331,1912,85.816876,11,0.687500
129,23,4.056437,2742,79.988331,1912,85.816876,11,0.687500
180,24,4.232804,2742,79.988331,1912,85.816876,11,0.687500
