TestcaseNumber,TestcaseCount,TestcaseRatio,StatementCount,StatementRatio,BranchCount,BranchRatio,FaultCount,FaultRatio
245,1,0.176367,1792,52.275379,1393,62.522442,9,0.562500
303,2,0.352734,2117,61.756126,1560,70.017953,10,0.625000
336,3,0.529101,2212,64.527421,1618,72.621185,10,0.625000
381,4,0.705467,2228,64.994166,1638,73.518851,10,0.625000
254,5,0.881834,2409,70.274212,1746,78.366248,11,0.687500
295,6,1.058201,2411,70.332555,1746,78.366248,11,0.687500
565,7,1.234568,2452,71.528588,1756,78.815081,11,0.687500
445,8,1.410935,2452,71.528588,1756,78.815081,11,0.687500
352,9,1.587302,2519,73.483081,1786,80.161580,11,0.687500
331,10,1.763668,2521,73.541424,1786,80.161580,11,0.687500
421,11,1.940035,2521,73.541424,1786,80.161580,11,0.687500
67,12,2.116402,2521,73.541424,1786,80.161580,11,0.687500
300,13,2.292769,2521,73.541424,1786,80.161580,11,0.687500
5,14,2.469136,2530,73.803967,1788,80.251346,11,0.687500
284,15,2.645503,2550,74.387398,1790,80.341113,11,0.687500
501,16,2.821869,2550,74.387398,1790,80.341113,11,0.687500
443,17,2.998236,2554,74.504084,1790,80.341113,11,0.687500
21,18,3.174603,2558,74.620770,1790,80.341113,11,0.687500
415,19,3.350970,2615,76.283547,1822,81.777379,11,0.687500
