TestcaseNumber,TestcaseCount,TestcaseRatio,StatementCount,StatementRatio,BranchCount,BranchRatio,FaultCount,FaultRatio
38,1,0.176367,1736,50.641774,1379,61.894075,4,0.250000
551,2,0.352734,1751,51.079347,1381,61.983842,4,0.250000
466,3,0.529101,1952,56.942824,1469,65.933573,10,0.625000
4,4,0.705467,2076,60.560093,1549,69.524237,11,0.687500
199,5,0.881834,2243,65.431739,1637,73.473968,11,0.687500
174,6,1.058201,2406,70.186698,1727,77.513465,11,0.687500
188,7,1.234568,2485,72.491249,1772,79.533214,11,0.687500
260,8,1.410935,2487,72.549592,1776,79.712747,11,0.687500
503,9,1.587302,2488,72.578763,1776,79.712747,11,0.687500
501,10,1.763668,2488,72.578763,1776,79.712747,11,0.687500
5,11,1.940035,2497,72.841307,1778,79.802513,11,0.687500
543,12,2.116402,2497,72.841307,1778,79.802513,11,0.687500
419,13,2.292769,2554,74.504084,1810,81.238779,11,0.687500
331,14,2.469136,2554,74.504084,1810,81.238779,11,0.687500
27,15,2.645503,2621,76.458576,1840,82.585278,11,0.687500
480,16,2.821869,2621,76.458576,1840,82.585278,11,0.687500
160,17,2.998236,2621,76.458576,1840,82.585278,11,0.687500
456,18,3.174603,2621,76.458576,1840,82.585278,11,0.687500
559,19,3.350970,2702,78.821470,1910,85.727110,11,0.687500
