TestcaseNumber,TestcaseCount,TestcaseRatio,StatementCount,StatementRatio,BranchCount,BranchRatio,FaultCount,FaultRatio
54,1,0.176367,1773,51.721120,1353,60.727110,3,0.187500
293,2,0.352734,2163,63.098016,1650,74.057451,3,0.187500
503,3,0.529101,2246,65.519253,1686,75.673250,5,0.312500
176,4,0.705467,2249,65.606768,1690,75.852783,5,0.312500
556,5,0.881834,2696,78.646441,1954,87.701975,11,0.687500
10,6,1.058201,2710,79.054842,1966,88.240575,11,0.687500
432,7,1.234568,2779,81.067678,1996,89.587074,11,0.687500
309,8,1.410935,2779,81.067678,1996,89.587074,11,0.687500
457,9,1.587302,2779,81.067678,1996,89.587074,11,0.687500
27,10,1.763668,2779,81.067678,1996,89.587074,11,0.687500
274,11,1.940035,2779,81.067678,1996,89.587074,11,0.687500
330,12,2.116402,2781,81.126021,1996,89.587074,11,0.687500
202,13,2.292769,2784,81.213536,1996,89.587074,11,0.687500
283,14,2.469136,2784,81.213536,1996,89.587074,11,0.687500
455,15,2.645503,2784,81.213536,1996,89.587074,11,0.687500
149,16,2.821869,2784,81.213536,1996,89.587074,11,0.687500
238,17,2.998236,2871,83.751459,2028,91.023339,11,0.687500
535,18,3.174603,2878,83.955659,2030,91.113106,11,0.687500
379,19,3.350970,2878,83.955659,2030,91.113106,11,0.687500
488,20,3.527337,2878,83.955659,2030,91.113106,11,0.687500
241,21,3.703704,2879,83.984831,2030,91.113106,11,0.687500
561,22,3.880071,2883,84.101517,2032,91.202873,11,0.687500
500,23,4.056437,2883,84.101517,2032,91.202873,11,0.687500
244,24,4.232804,2883,84.101517,2032,91.202873,11,0.687500
191,25,4.409171,2886,84.189032,2032,91.202873,11,0.687500
376,26,4.585538,2886,84.189032,2032,91.202873,11,0.687500
339,27,4.761905,2886,84.189032,2032,91.202873,11,0.687500
