TestcaseNumber,TestcaseCount,TestcaseRatio,StatementCount,StatementRatio,BranchCount,BranchRatio,FaultCount,FaultRatio
259,1,0.176367,2029,59.189032,1527,68.536804,8,0.500000
263,2,0.352734,2164,63.127188,1620,72.710952,9,0.562500
102,3,0.529101,2245,65.490082,1654,74.236984,9,0.562500
332,4,0.705467,2296,66.977830,1682,75.493716,10,0.625000
481,5,0.881834,2299,67.065344,1686,75.673250,10,0.625000
52,6,1.058201,2456,71.645274,1766,79.263914,10,0.625000
364,7,1.234568,2470,72.053676,1780,79.892280,10,0.625000
131,8,1.410935,2470,72.053676,1780,79.892280,10,0.625000
485,9,1.587302,2478,72.287048,1780,79.892280,11,0.687500
18,10,1.763668,2490,72.637106,1790,80.341113,11,0.687500
498,11,1.940035,2578,75.204201,1822,81.777379,11,0.687500
9,12,2.116402,2650,77.304551,1856,83.303411,11,0.687500
172,13,2.292769,2652,77.362894,1856,83.303411,11,0.687500
209,14,2.469136,2652,77.362894,1856,83.303411,11,0.687500
309,15,2.645503,2652,77.362894,1856,83.303411,11,0.687500
206,16,2.821869,2652,77.362894,1856,83.303411,11,0.687500
109,17,2.998236,2652,77.362894,1856,83.303411,11,0.687500
323,18,3.174603,2652,77.362894,1856,83.303411,11,0.687500
489,19,3.350970,2652,77.362894,1856,83.303411,11,0.687500
85,20,3.527337,2652,77.362894,1856,83.303411,11,0.687500
290,21,3.703704,2656,77.479580,1856,83.303411,11,0.687500
379,22,3.880071,2656,77.479580,1856,83.303411,11,0.687500
505,23,4.056437,2656,77.479580,1856,83.303411,11,0.687500
