TestcaseNumber,TestcaseCount,TestcaseRatio,StatementCount,StatementRatio,BranchCount,BranchRatio,FaultCount,FaultRatio
84,1,0.176367,1947,56.796966,1539,69.075404,4,0.250000
535,2,0.352734,1960,57.176196,1545,69.344704,4,0.250000
536,3,0.529101,1965,57.322054,1547,69.434470,4,0.250000
435,4,0.705467,2124,61.960327,1625,72.935368,4,0.250000
350,5,0.881834,2150,62.718786,1641,73.653501,4,0.250000
39,6,1.058201,2160,63.010502,1643,73.743268,4,0.250000
419,7,1.234568,2229,65.023337,1675,75.179533,5,0.312500
501,8,1.410935,2232,65.110852,1679,75.359066,5,0.312500
48,9,1.587302,2312,67.444574,1722,77.289048,5,0.312500
471,10,1.763668,2335,68.115519,1736,77.917415,5,0.312500
367,11,1.940035,2554,74.504084,1812,81.328546,11,0.687500
16,12,2.116402,2560,74.679113,1814,81.418312,11,0.687500
5,13,2.292769,2565,74.824971,1814,81.418312,11,0.687500
41,14,2.469136,2587,75.466744,1824,81.867145,11,0.687500
46,15,2.645503,2587,75.466744,1824,81.867145,11,0.687500
205,16,2.821869,2587,75.466744,1824,81.867145,11,0.687500
59,17,2.998236,2587,75.466744,1824,81.867145,11,0.687500
446,18,3.174603,2587,75.466744,1824,81.867145,11,0.687500
249,19,3.350970,2589,75.525088,1828,82.046679,11,0.687500
184,20,3.527337,2589,75.525088,1828,82.046679,11,0.687500
112,21,3.703704,2589,75.525088,1828,82.046679,11,0.687500
174,22,3.880071,2589,75.525088,1828,82.046679,11,0.687500
243,23,4.056437,2590,75.554259,1828,82.046679,11,0.687500
23,24,4.232804,2637,76.925321,1854,83.213645,11,0.687500
51,25,4.409171,2637,76.925321,1854,83.213645,11,0.687500
154,26,4.585538,2653,77.392065,1856,83.303411,11,0.687500
122,27,4.761905,2653,77.392065,1856,83.303411,11,0.687500
316,28,4.938272,2653,77.392065,1856,83.303411,11,0.687500
225,29,5.114638,2653,77.392065,1856,83.303411,11,0.687500
