TestcaseNumber,TestcaseCount,TestcaseRatio,StatementCount,StatementRatio,BranchCount,BranchRatio,FaultCount,FaultRatio
450,1,0.176367,1672,48.774796,1383,62.073609,5,0.312500
558,2,0.352734,1838,53.617270,1499,67.280072,5,0.312500
493,3,0.529101,2004,58.459743,1582,71.005386,5,0.312500
473,4,0.705467,2048,59.743291,1628,73.070018,5,0.312500
397,5,0.881834,2126,62.018670,1658,74.416517,5,0.312500
300,6,1.058201,2279,66.481914,1734,77.827648,5,0.312500
491,7,1.234568,2283,66.598600,1738,78.007181,5,0.312500
471,8,1.410935,2283,66.598600,1738,78.007181,5,0.312500
560,9,1.587302,2371,69.165694,1790,80.341113,5,0.312500
232,10,1.763668,2420,70.595099,1808,81.149013,5,0.312500
392,11,1.940035,2420,70.595099,1808,81.149013,5,0.312500
30,12,2.116402,2420,70.595099,1808,81.149013,5,0.312500
226,13,2.292769,2566,74.854142,1854,83.213645,10,0.625000
524,14,2.469136,2566,74.854142,1854,83.213645,10,0.625000
414,15,2.645503,2620,76.429405,1886,84.649910,10,0.625000
308,16,2.821869,2626,76.604434,1886,84.649910,10,0.625000
512,17,2.998236,2626,76.604434,1886,84.649910,10,0.625000
462,18,3.174603,2626,76.604434,1886,84.649910,10,0.625000
47,19,3.350970,2626,76.604434,1886,84.649910,10,0.625000
161,20,3.527337,2626,76.604434,1886,84.649910,10,0.625000
