TestcaseNumber,TestcaseCount,TestcaseRatio,StatementCount,StatementRatio,BranchCount,BranchRatio,FaultCount,FaultRatio
172,1,0.176367,1625,47.403734,1259,56.508079,3,0.187500
345,2,0.352734,2133,62.222870,1567,70.332136,9,0.562500
229,3,0.529101,2336,68.144691,1681,75.448833,9,0.562500
326,4,0.705467,2362,68.903151,1693,75.987433,10,0.625000
434,5,0.881834,2372,69.194866,1703,76.436266,10,0.625000
59,6,1.058201,2372,69.194866,1703,76.436266,10,0.625000
127,7,1.234568,2397,69.924154,1715,76.974865,10,0.625000
296,8,1.410935,2397,69.924154,1715,76.974865,10,0.625000
275,9,1.587302,2425,70.740957,1735,77.872531,11,0.687500
244,10,1.763668,2425,70.740957,1735,77.872531,11,0.687500
23,11,1.940035,2472,72.112019,1763,79.129264,11,0.687500
388,12,2.116402,2621,76.458576,1832,82.226212,11,0.687500
32,13,2.292769,2628,76.662777,1840,82.585278,11,0.687500
282,14,2.469136,2628,76.662777,1840,82.585278,11,0.687500
156,15,2.645503,2628,76.662777,1840,82.585278,11,0.687500
280,16,2.821869,2628,76.662777,1840,82.585278,11,0.687500
436,17,2.998236,2631,76.750292,1840,82.585278,11,0.687500
482,18,3.174603,2631,76.750292,1840,82.585278,11,0.687500
519,19,3.350970,2631,76.750292,1840,82.585278,11,0.687500
210,20,3.527337,2631,76.750292,1840,82.585278,11,0.687500
447,21,3.703704,2631,76.750292,1840,82.585278,11,0.687500
26,22,3.880071,2631,76.750292,1840,82.585278,11,0.687500
221,23,4.056437,2631,76.750292,1840,82.585278,11,0.687500
