TestcaseNumber,TestcaseCount,TestcaseRatio,StatementCount,StatementRatio,BranchCount,BranchRatio,FaultCount,FaultRatio
106,1,0.176367,1723,50.262544,1327,59.560144,9,0.562500
315,2,0.352734,1902,55.484247,1439,64.587074,9,0.562500
212,3,0.529101,2065,60.239207,1529,68.626571,11,0.687500
27,4,0.705467,2071,60.414236,1529,68.626571,11,0.687500
531,5,0.881834,2263,66.015169,1638,73.518851,11,0.687500
211,6,1.058201,2266,66.102684,1640,73.608618,11,0.687500
126,7,1.234568,2302,67.152859,1668,74.865350,11,0.687500
465,8,1.410935,2342,68.319720,1700,76.301616,11,0.687500
3,9,1.587302,2375,69.282380,1738,78.007181,11,0.687500
232,10,1.763668,2380,69.428238,1752,78.635548,11,0.687500
290,11,1.940035,2380,69.428238,1752,78.635548,11,0.687500
431,12,2.116402,2533,73.891482,1832,82.226212,11,0.687500
400,13,2.292769,2533,73.891482,1832,82.226212,11,0.687500
19,14,2.469136,2603,75.933489,1884,84.560144,16,1.000000
341,15,2.645503,2603,75.933489,1884,84.560144,16,1.000000
413,16,2.821869,2668,77.829638,1916,85.996409,16,1.000000
167,17,2.998236,2671,77.917153,1916,85.996409,16,1.000000
189,18,3.174603,2767,80.717620,1956,87.791741,16,1.000000
497,19,3.350970,2767,80.717620,1956,87.791741,16,1.000000
172,20,3.527337,2768,80.746791,1956,87.791741,16,1.000000
