TestcaseNumber,TestcaseCount,TestcaseRatio,StatementCount,StatementRatio,BranchCount,BranchRatio,FaultCount,FaultRatio
208,1,0.176367,1933,56.388565,1436,64.452424,9,0.562500
227,2,0.352734,2093,61.056009,1528,68.581688,9,0.562500
475,3,0.529101,2148,62.660443,1572,70.556553,9,0.562500
45,4,0.705467,2349,68.523921,1680,75.403950,10,0.625000
228,5,0.881834,2349,68.523921,1680,75.403950,10,0.625000
268,6,1.058201,2371,69.165694,1692,75.942549,10,0.625000
326,7,1.234568,2376,69.311552,1696,76.122083,10,0.625000
532,8,1.410935,2557,74.591599,1806,81.059246,11,0.687500
248,9,1.587302,2557,74.591599,1806,81.059246,11,0.687500
395,10,1.763668,2561,74.708285,1806,81.059246,11,0.687500
239,11,1.940035,2566,74.854142,1810,81.238779,11,0.687500
555,12,2.116402,2836,82.730455,2012,90.305206,11,0.687500
311,13,2.292769,2839,82.817970,2012,90.305206,11,0.687500
179,14,2.469136,2857,83.343057,2014,90.394973,11,0.687500
148,15,2.645503,2867,83.634772,2020,90.664273,11,0.687500
322,16,2.821869,2867,83.634772,2020,90.664273,11,0.687500
269,17,2.998236,2867,83.634772,2020,90.664273,11,0.687500
533,18,3.174603,3090,90.140023,2116,94.973070,11,0.687500
344,19,3.350970,3090,90.140023,2120,95.152603,11,0.687500
378,20,3.527337,3090,90.140023,2120,95.152603,11,0.687500
