TestcaseNumber,TestcaseCount,TestcaseRatio,StatementCount,StatementRatio,BranchCount,BranchRatio,FaultCount,FaultRatio
526,1,0.176367,1038,30.280047,803,36.041293,0,0.000000
35,2,0.352734,1911,55.746791,1493,67.010772,4,0.250000
149,3,0.529101,1980,57.759627,1553,69.703770,4,0.250000
312,4,0.705467,2208,64.410735,1665,74.730700,4,0.250000
65,5,0.881834,2397,69.924154,1721,77.244165,11,0.687500
339,6,1.058201,2431,70.915986,1743,78.231598,11,0.687500
334,7,1.234568,2431,70.915986,1743,78.231598,11,0.687500
5,8,1.410935,2468,71.995333,1757,78.859964,11,0.687500
25,9,1.587302,2468,71.995333,1757,78.859964,11,0.687500
261,10,1.763668,2471,72.082847,1765,79.219031,11,0.687500
267,11,1.940035,2471,72.082847,1765,79.219031,11,0.687500
341,12,2.116402,2471,72.082847,1765,79.219031,11,0.687500
540,13,2.292769,2473,72.141190,1765,79.219031,11,0.687500
269,14,2.469136,2473,72.141190,1765,79.219031,11,0.687500
251,15,2.645503,2473,72.141190,1765,79.219031,11,0.687500
402,16,2.821869,2473,72.141190,1765,79.219031,11,0.687500
74,17,2.998236,2473,72.141190,1765,79.219031,11,0.687500
214,18,3.174603,2473,72.141190,1765,79.219031,11,0.687500
124,19,3.350970,2473,72.141190,1765,79.219031,11,0.687500
385,20,3.527337,2473,72.141190,1765,79.219031,11,0.687500
10,21,3.703704,2572,75.029172,1829,82.091562,11,0.687500
