TestcaseNumber,TestcaseCount,TestcaseRatio,StatementCount,StatementRatio,BranchCount,BranchRatio,FaultCount,FaultRatio
66,1,0.176367,1726,50.350058,1327,59.560144,9,0.562500
149,2,0.352734,2152,62.777130,1601,71.858169,11,0.687500
285,3,0.529101,2154,62.835473,1603,71.947935,11,0.687500
276,4,0.705467,2154,62.835473,1603,71.947935,11,0.687500
152,5,0.881834,2250,65.635939,1653,74.192101,11,0.687500
155,6,1.058201,2250,65.635939,1653,74.192101,11,0.687500
470,7,1.234568,2250,65.635939,1653,74.192101,11,0.687500
169,8,1.410935,2325,67.823804,1699,76.256732,11,0.687500
24,9,1.587302,2388,69.661610,1733,77.782765,11,0.687500
316,10,1.763668,2388,69.661610,1733,77.782765,11,0.687500
120,11,1.940035,2388,69.661610,1733,77.782765,11,0.687500
465,12,2.116402,2388,69.661610,1733,77.782765,11,0.687500
57,13,2.292769,2528,73.745624,1799,80.745063,11,0.687500
97,14,2.469136,2528,73.745624,1799,80.745063,11,0.687500
542,15,2.645503,2532,73.862310,1799,80.745063,11,0.687500
220,16,2.821869,2532,73.862310,1799,80.745063,11,0.687500
372,17,2.998236,2532,73.862310,1799,80.745063,11,0.687500
466,18,3.174603,2532,73.862310,1799,80.745063,11,0.687500
349,19,3.350970,2550,74.387398,1805,81.014363,11,0.687500
103,20,3.527337,2617,76.341890,1844,82.764811,11,0.687500
438,21,3.703704,2619,76.400233,1844,82.764811,11,0.687500
498,22,3.880071,2703,78.850642,1876,84.201077,11,0.687500
203,23,4.056437,2703,78.850642,1876,84.201077,11,0.687500
492,24,4.232804,2703,78.850642,1876,84.201077,11,0.687500
236,25,4.409171,2703,78.850642,1876,84.201077,11,0.687500
