TestcaseNumber,TestcaseCount,TestcaseRatio,StatementCount,StatementRatio,BranchCount,BranchRatio,FaultCount,FaultRatio
49,1,0.176367,1799,52.479580,1371,61.535009,3,0.187500
163,2,0.352734,1977,57.672112,1490,66.876122,3,0.187500
410,3,0.529101,1979,57.730455,1490,66.876122,3,0.187500
27,4,0.705467,2281,66.540257,1696,76.122083,4,0.250000
66,5,0.881834,2520,73.512252,1780,79.892280,11,0.687500
103,6,1.058201,2537,74.008168,1808,81.149013,11,0.687500
306,7,1.234568,2538,74.037340,1808,81.149013,11,0.687500
304,8,1.410935,2555,74.533256,1810,81.238779,11,0.687500
54,9,1.587302,2555,74.533256,1810,81.238779,11,0.687500
232,10,1.763668,2555,74.533256,1810,81.238779,11,0.687500
300,11,1.940035,2555,74.533256,1810,81.238779,11,0.687500
257,12,2.116402,2555,74.533256,1810,81.238779,11,0.687500
296,13,2.292769,2555,74.533256,1810,81.238779,11,0.687500
313,14,2.469136,2556,74.562427,1810,81.238779,11,0.687500
347,15,2.645503,2556,74.562427,1810,81.238779,11,0.687500
259,16,2.821869,2558,74.620770,1814,81.418312,11,0.687500
30,17,2.998236,2558,74.620770,1814,81.418312,11,0.687500
133,18,3.174603,2558,74.620770,1814,81.418312,11,0.687500
260,19,3.350970,2558,74.620770,1814,81.418312,11,0.687500
124,20,3.527337,2558,74.620770,1814,81.418312,11,0.687500
32,21,3.703704,2558,74.620770,1814,81.418312,11,0.687500
312,22,3.880071,2558,74.620770,1814,81.418312,11,0.687500
295,23,4.056437,2558,74.620770,1814,81.418312,11,0.687500
331,24,4.232804,2558,74.620770,1814,81.418312,11,0.687500
452,25,4.409171,2558,74.620770,1814,81.418312,11,0.687500
87,26,4.585538,2558,74.620770,1814,81.418312,11,0.687500
43,27,4.761905,2568,74.912485,1818,81.597846,11,0.687500
244,28,4.938272,2568,74.912485,1818,81.597846,11,0.687500
