TestcaseNumber,TestcaseCount,TestcaseRatio,StatementCount,StatementRatio,BranchCount,BranchRatio,FaultCount,FaultRatio
418,1,0.176367,1494,43.582264,1210,54.308797,4,0.250000
239,2,0.352734,2289,66.773629,1684,75.583483,10,0.625000
366,3,0.529101,2303,67.182030,1690,75.852783,10,0.625000
87,4,0.705467,2375,69.282380,1724,77.378815,10,0.625000
277,5,0.881834,2396,69.894982,1736,77.917415,11,0.687500
547,6,1.058201,2482,72.403734,1776,79.712747,11,0.687500
48,7,1.234568,2622,76.487748,1842,82.675045,11,0.687500
147,8,1.410935,2622,76.487748,1842,82.675045,11,0.687500
142,9,1.587302,2622,76.487748,1842,82.675045,11,0.687500
470,10,1.763668,2622,76.487748,1842,82.675045,11,0.687500
183,11,1.940035,2623,76.516919,1842,82.675045,11,0.687500
213,12,2.116402,2623,76.516919,1842,82.675045,11,0.687500
136,13,2.292769,2623,76.516919,1842,82.675045,11,0.687500
189,14,2.469136,2638,76.954492,1852,83.123878,11,0.687500
219,15,2.645503,2638,76.954492,1852,83.123878,11,0.687500
409,16,2.821869,2638,76.954492,1852,83.123878,11,0.687500
45,17,2.998236,2638,76.954492,1852,83.123878,11,0.687500
62,18,3.174603,2638,76.954492,1852,83.123878,11,0.687500
307,19,3.350970,2638,76.954492,1852,83.123878,11,0.687500
194,20,3.527337,2641,77.042007,1852,83.123878,11,0.687500
271,21,3.703704,2641,77.042007,1852,83.123878,11,0.687500
59,22,3.880071,2641,77.042007,1852,83.123878,11,0.687500
350,23,4.056437,2641,77.042007,1852,83.123878,11,0.687500
24,24,4.232804,2682,78.238040,1874,84.111311,11,0.687500
53,25,4.409171,2682,78.238040,1874,84.111311,11,0.687500
197,26,4.585538,2682,78.238040,1874,84.111311,11,0.687500
154,27,4.761905,2683,78.267211,1874,84.111311,11,0.687500
