TestcaseNumber,TestcaseCount,TestcaseRatio,StatementCount,StatementRatio,BranchCount,BranchRatio,FaultCount,FaultRatio
472,1,0.176367,1746,51.368049,1407,63.722826,5,0.250000
103,2,0.352734,1895,55.751692,1480,67.028986,7,0.350000
228,3,0.529101,2109,62.047661,1550,70.199275,7,0.350000
36,4,0.705467,2226,65.489850,1610,72.916667,8,0.400000
537,5,0.881834,2322,68.314210,1670,75.634058,8,0.400000
187,6,1.058201,2472,72.727273,1738,78.713768,8,0.400000
530,7,1.234568,2637,77.581642,1838,83.242754,8,0.400000
188,8,1.410935,2640,77.669903,1838,83.242754,9,0.450000
96,9,1.587302,2652,78.022948,1842,83.423913,10,0.500000
436,10,1.763668,2652,78.022948,1842,83.423913,10,0.500000
541,11,1.940035,2658,78.199470,1844,83.514493,10,0.500000
71,12,2.116402,2668,78.493675,1848,83.695652,10,0.500000
31,13,2.292769,2668,78.493675,1848,83.695652,10,0.500000
8,14,2.469136,2676,78.729038,1848,83.695652,10,0.500000
180,15,2.645503,2712,79.788173,1864,84.420290,10,0.500000
150,16,2.821869,2712,79.788173,1864,84.420290,10,0.500000
135,17,2.998236,2712,79.788173,1864,84.420290,10,0.500000
124,18,3.174603,2762,81.259194,1892,85.688406,10,0.500000
235,19,3.350970,2763,81.288614,1892,85.688406,10,0.500000
493,20,3.527337,2763,81.288614,1892,85.688406,10,0.500000
441,21,3.703704,2763,81.288614,1892,85.688406,10,0.500000
500,22,3.880071,2763,81.288614,1892,85.688406,10,0.500000
535,23,4.056437,2764,81.318035,1892,85.688406,10,0.500000
480,24,4.232804,2764,81.318035,1892,85.688406,10,0.500000
76,25,4.409171,2764,81.318035,1892,85.688406,10,0.500000
118,26,4.585538,2764,81.318035,1892,85.688406,10,0.500000
422,27,4.761905,2765,81.347455,1892,85.688406,10,0.500000
428,28,4.938272,2765,81.347455,1892,85.688406,10,0.500000
