TestcaseNumber,TestcaseCount,TestcaseRatio,StatementCount,StatementRatio,BranchCount,BranchRatio,FaultCount,FaultRatio
558,1,0.176367,586,17.240365,598,27.083333,0,0.000000
371,2,0.352734,1707,50.220653,1391,62.998188,4,0.200000
57,3,0.529101,2114,62.194763,1605,72.690217,6,0.300000
63,4,0.705467,2204,64.842601,1652,74.818841,7,0.350000
85,5,0.881834,2456,72.256546,1758,79.619565,9,0.450000
251,6,1.058201,2456,72.256546,1758,79.619565,9,0.450000
247,7,1.234568,2465,72.521330,1764,79.891304,9,0.450000
554,8,1.410935,2706,79.611650,1924,87.137681,9,0.450000
61,9,1.587302,2706,79.611650,1924,87.137681,9,0.450000
144,10,1.763668,2723,80.111798,1928,87.318841,9,0.450000
458,11,1.940035,2811,82.700794,1960,88.768116,9,0.450000
133,12,2.116402,2811,82.700794,1960,88.768116,9,0.450000
234,13,2.292769,2811,82.700794,1960,88.768116,9,0.450000
307,14,2.469136,2811,82.700794,1960,88.768116,9,0.450000
384,15,2.645503,2811,82.700794,1960,88.768116,9,0.450000
211,16,2.821869,2811,82.700794,1960,88.768116,9,0.450000
101,17,2.998236,2811,82.700794,1960,88.768116,9,0.450000
399,18,3.174603,2815,82.818476,1960,88.768116,9,0.450000
113,19,3.350970,2815,82.818476,1960,88.768116,9,0.450000
283,20,3.527337,2815,82.818476,1960,88.768116,9,0.450000
236,21,3.703704,2815,82.818476,1960,88.768116,9,0.450000
202,22,3.880071,2815,82.818476,1960,88.768116,9,0.450000
416,23,4.056437,2872,84.495440,1992,90.217391,9,0.450000
306,24,4.232804,2872,84.495440,1992,90.217391,9,0.450000
132,25,4.409171,2872,84.495440,1992,90.217391,9,0.450000
313,26,4.585538,2872,84.495440,1992,90.217391,9,0.450000
145,27,4.761905,2872,84.495440,1992,90.217391,9,0.450000
387,28,4.938272,2872,84.495440,1992,90.217391,9,0.450000
541,29,5.114638,2874,84.554281,1992,90.217391,9,0.450000
169,30,5.291005,2874,84.554281,1992,90.217391,9,0.450000
265,31,5.467372,2874,84.554281,1992,90.217391,9,0.450000
542,32,5.643739,2875,84.583701,1992,90.217391,9,0.450000
276,33,5.820106,2875,84.583701,1992,90.217391,9,0.450000
412,34,5.996473,2875,84.583701,1992,90.217391,9,0.450000
93,35,6.172840,2875,84.583701,1992,90.217391,9,0.450000
249,36,6.349206,2877,84.642542,1996,90.398551,9,0.450000
199,37,6.525573,2877,84.642542,1996,90.398551,9,0.450000
83,38,6.701940,2877,84.642542,1996,90.398551,9,0.450000
272,39,6.878307,2877,84.642542,1996,90.398551,9,0.450000
446,40,7.054674,2877,84.642542,1996,90.398551,9,0.450000
10,41,7.231041,2891,85.054428,2008,90.942029,10,0.500000
334,42,7.407407,2891,85.054428,2008,90.942029,10,0.500000
