TestcaseNumber,TestcaseCount,TestcaseRatio,StatementCount,StatementRatio,BranchCount,BranchRatio,FaultCount,FaultRatio
412,1,0.176367,1492,43.895263,1194,54.076087,4,0.200000
270,2,0.352734,1904,56.016475,1480,67.028986,7,0.350000
45,3,0.529101,2061,60.635481,1559,70.606884,7,0.350000
307,4,0.705467,2064,60.723742,1559,70.606884,7,0.350000
245,5,0.881834,2202,64.783760,1597,72.327899,8,0.400000
263,6,1.058201,2356,69.314504,1698,76.902174,8,0.400000
337,7,1.234568,2356,69.314504,1698,76.902174,8,0.400000
319,8,1.410935,2522,74.198294,1784,80.797101,8,0.400000
140,9,1.587302,2525,74.286555,1786,80.887681,8,0.400000
24,10,1.763668,2584,76.022360,1824,82.608696,8,0.400000
375,11,1.940035,2584,76.022360,1824,82.608696,8,0.400000
477,12,2.116402,2584,76.022360,1824,82.608696,8,0.400000
492,13,2.292769,2584,76.022360,1824,82.608696,8,0.400000
239,14,2.469136,2584,76.022360,1824,82.608696,8,0.400000
312,15,2.645503,2585,76.051780,1824,82.608696,8,0.400000
62,16,2.821869,2585,76.051780,1824,82.608696,8,0.400000
189,17,2.998236,2601,76.522507,1828,82.789855,8,0.400000
298,18,3.174603,2603,76.581347,1828,82.789855,9,0.450000
206,19,3.350970,2608,76.728450,1832,82.971014,9,0.450000
