TestcaseNumber,TestcaseCount,TestcaseRatio,StatementCount,StatementRatio,BranchCount,BranchRatio,FaultCount,FaultRatio
10,1,0.176367,1692,49.779347,1388,62.862319,7,0.350000
463,2,0.352734,1911,56.222418,1516,68.659420,7,0.350000
287,3,0.529101,2026,59.605766,1570,71.105072,7,0.350000
340,4,0.705467,2086,61.370991,1598,72.373188,7,0.350000
475,5,0.881834,2222,65.372168,1636,74.094203,7,0.350000
33,6,1.058201,2291,67.402177,1660,75.181159,9,0.450000
327,7,1.234568,2292,67.431598,1660,75.181159,9,0.450000
538,8,1.410935,2367,69.638129,1706,77.264493,9,0.450000
47,9,1.587302,2523,74.227714,1786,80.887681,9,0.450000
235,10,1.763668,2523,74.227714,1786,80.887681,9,0.450000
182,11,1.940035,2524,74.257134,1786,80.887681,9,0.450000
230,12,2.116402,2524,74.257134,1786,80.887681,9,0.450000
190,13,2.292769,2530,74.433657,1786,80.887681,9,0.450000
468,14,2.469136,2630,77.375699,1840,83.333333,9,0.450000
296,15,2.645503,2633,77.463960,1844,83.514493,9,0.450000
134,16,2.821869,2702,79.493969,1878,85.054348,9,0.450000
267,17,2.998236,2702,79.493969,1878,85.054348,9,0.450000
158,18,3.174603,2702,79.493969,1878,85.054348,9,0.450000
89,19,3.350970,2704,79.552810,1882,85.235507,9,0.450000
557,20,3.527337,2776,81.671080,1944,88.043478,9,0.450000
251,21,3.703704,2777,81.700500,1944,88.043478,9,0.450000
