TestcaseNumber,TestcaseCount,TestcaseRatio,StatementCount,StatementRatio,BranchCount,BranchRatio,FaultCount,FaultRatio
548,1,0.176367,1777,52.280082,1393,63.088768,5,0.250000
236,2,0.352734,1932,56.840247,1448,65.579710,8,0.400000
286,3,0.529101,1993,58.634893,1488,67.391304,8,0.400000
264,4,0.705467,2366,69.608708,1724,78.079710,8,0.400000
170,5,0.881834,2533,74.521918,1808,81.884058,8,0.400000
318,6,1.058201,2597,76.404825,1846,83.605072,8,0.400000
382,7,1.234568,2664,78.375993,1876,84.963768,8,0.400000
148,8,1.410935,2718,79.964695,1904,86.231884,8,0.400000
198,9,1.587302,2727,80.229479,1904,86.231884,8,0.400000
533,10,1.763668,2950,86.790232,1998,90.489130,10,0.500000
412,11,1.940035,3006,88.437776,2030,91.938406,10,0.500000
204,12,2.116402,3006,88.437776,2030,91.938406,10,0.500000
419,13,2.292769,3009,88.526037,2030,91.938406,10,0.500000
320,14,2.469136,3009,88.526037,2030,91.938406,10,0.500000
428,15,2.645503,3014,88.673139,2030,91.938406,11,0.550000
540,16,2.821869,3016,88.731980,2030,91.938406,11,0.550000
248,17,2.998236,3016,88.731980,2030,91.938406,11,0.550000
552,18,3.174603,3022,88.908503,2032,92.028986,11,0.550000
81,19,3.350970,3022,88.908503,2032,92.028986,11,0.550000
260,20,3.527337,3022,88.908503,2032,92.028986,11,0.550000
