TestcaseNumber,TestcaseCount,TestcaseRatio,StatementCount,StatementRatio,BranchCount,BranchRatio,FaultCount,FaultRatio
267,1,0.176367,1819,53.515740,1372,62.137681,8,0.400000
166,2,0.352734,1997,58.752574,1489,67.436594,8,0.400000
118,3,0.529101,2207,64.930862,1586,71.829710,8,0.400000
276,4,0.705467,2235,65.754634,1598,72.373188,8,0.400000
186,5,0.881834,2372,69.785231,1664,75.362319,8,0.400000
469,6,1.058201,2602,76.551927,1816,82.246377,8,0.400000
35,7,1.234568,2612,76.846131,1820,82.427536,8,0.400000
500,8,1.410935,2616,76.963813,1820,82.427536,8,0.400000
115,9,1.587302,2616,76.963813,1820,82.427536,8,0.400000
60,10,1.763668,2616,76.963813,1820,82.427536,8,0.400000
331,11,1.940035,2616,76.963813,1820,82.427536,8,0.400000
466,12,2.116402,2616,76.963813,1820,82.427536,8,0.400000
112,13,2.292769,2616,76.963813,1820,82.427536,8,0.400000
289,14,2.469136,2620,77.081495,1830,82.880435,8,0.400000
394,15,2.645503,2636,77.552221,1832,82.971014,8,0.400000
261,16,2.821869,2636,77.552221,1832,82.971014,8,0.400000
50,17,2.998236,2637,77.581642,1832,82.971014,8,0.400000
309,18,3.174603,2641,77.699323,1832,82.971014,8,0.400000
530,19,3.350970,2746,80.788467,1888,85.507246,8,0.400000
194,20,3.527337,2750,80.906149,1888,85.507246,8,0.400000
312,21,3.703704,2750,80.906149,1888,85.507246,8,0.400000
215,22,3.880071,2750,80.906149,1888,85.507246,8,0.400000
395,23,4.056437,2750,80.906149,1888,85.507246,8,0.400000
228,24,4.232804,2750,80.906149,1888,85.507246,8,0.400000
