TestcaseNumber,TestcaseCount,TestcaseRatio,StatementCount,StatementRatio,BranchCount,BranchRatio,FaultCount,FaultRatio
73,1,0.176367,1790,52.662548,1414,64.039855,6,0.300000
23,2,0.352734,2069,60.870844,1580,71.557971,6,0.300000
132,3,0.529101,2181,64.165931,1654,74.909420,6,0.300000
53,4,0.705467,2340,68.843778,1734,78.532609,7,0.350000
335,5,0.881834,2503,73.639306,1782,80.706522,9,0.450000
456,6,1.058201,2513,73.933510,1788,80.978261,9,0.450000
43,7,1.234568,2527,74.345396,1792,81.159420,9,0.450000
517,8,1.410935,2527,74.345396,1792,81.159420,9,0.450000
54,9,1.587302,2552,75.080906,1798,81.431159,9,0.450000
390,10,1.763668,2552,75.080906,1798,81.431159,9,0.450000
162,11,1.940035,2606,76.669609,1830,82.880435,9,0.450000
320,12,2.116402,2606,76.669609,1830,82.880435,9,0.450000
293,13,2.292769,2606,76.669609,1830,82.880435,9,0.450000
398,14,2.469136,2606,76.669609,1830,82.880435,9,0.450000
267,15,2.645503,2606,76.669609,1830,82.880435,9,0.450000
473,16,2.821869,2606,76.669609,1830,82.880435,9,0.450000
152,17,2.998236,2606,76.669609,1830,82.880435,9,0.450000
528,18,3.174603,2631,77.405119,1834,83.061594,9,0.450000
66,19,3.350970,2631,77.405119,1834,83.061594,9,0.450000
329,20,3.527337,2633,77.463960,1838,83.242754,9,0.450000
489,21,3.703704,2633,77.463960,1838,83.242754,9,0.450000
558,22,3.880071,2712,79.788173,1900,86.050725,9,0.450000
544,23,4.056437,2816,82.847896,1974,89.402174,10,0.500000
397,24,4.232804,2816,82.847896,1974,89.402174,10,0.500000
190,25,4.409171,2817,82.877317,1974,89.402174,10,0.500000
440,26,4.585538,2817,82.877317,1974,89.402174,10,0.500000
455,27,4.761905,2817,82.877317,1974,89.402174,10,0.500000
311,28,4.938272,2817,82.877317,1974,89.402174,10,0.500000
