TestcaseNumber,TestcaseCount,TestcaseRatio,StatementCount,StatementRatio,BranchCount,BranchRatio,FaultCount,FaultRatio
519,1,0.176367,1999,58.811415,1510,68.387681,6,0.300000
43,2,0.352734,2172,63.901147,1611,72.961957,8,0.400000
258,3,0.529101,2327,68.461312,1682,76.177536,8,0.400000
54,4,0.705467,2505,73.698147,1766,79.981884,8,0.400000
208,5,0.881834,2509,73.815828,1766,79.981884,8,0.400000
267,6,1.058201,2576,75.786996,1796,81.340580,8,0.400000
175,7,1.234568,2578,75.845837,1796,81.340580,8,0.400000
97,8,1.410935,2578,75.845837,1796,81.340580,8,0.400000
466,9,1.587302,2581,75.934098,1800,81.521739,8,0.400000
564,10,1.763668,2732,80.376581,1874,84.873188,9,0.450000
192,11,1.940035,2736,80.494263,1874,84.873188,9,0.450000
284,12,2.116402,2737,80.523683,1874,84.873188,9,0.450000
216,13,2.292769,2737,80.523683,1874,84.873188,9,0.450000
376,14,2.469136,2737,80.523683,1874,84.873188,9,0.450000
94,15,2.645503,2737,80.523683,1874,84.873188,9,0.450000
275,16,2.821869,2737,80.523683,1874,84.873188,9,0.450000
168,17,2.998236,2804,82.494851,1912,86.594203,9,0.450000
390,18,3.174603,2804,82.494851,1912,86.594203,9,0.450000
352,19,3.350970,2804,82.494851,1912,86.594203,9,0.450000
51,20,3.527337,2804,82.494851,1912,86.594203,9,0.450000
333,21,3.703704,2804,82.494851,1912,86.594203,9,0.450000
412,22,3.880071,2804,82.494851,1912,86.594203,9,0.450000
58,23,4.056437,2807,82.583113,1912,86.594203,10,0.500000
158,24,4.232804,2807,82.583113,1912,86.594203,10,0.500000
432,25,4.409171,2807,82.583113,1912,86.594203,10,0.500000
481,26,4.585538,2807,82.583113,1912,86.594203,10,0.500000
