TestcaseNumber,TestcaseCount,TestcaseRatio,StatementCount,StatementRatio,BranchCount,BranchRatio,FaultCount,FaultRatio
41,1,0.176367,1509,44.395410,1265,57.291667,7,0.350000
340,2,0.352734,1759,51.750515,1437,65.081522,7,0.350000
215,3,0.529101,1910,56.192998,1475,66.802536,9,0.450000
245,4,0.705467,1965,57.811121,1503,68.070652,9,0.450000
253,5,0.881834,2092,61.547514,1566,70.923913,9,0.450000
237,6,1.058201,2163,63.636364,1596,72.282609,9,0.450000
523,7,1.234568,2163,63.636364,1596,72.282609,9,0.450000
57,8,1.410935,2319,68.225949,1676,75.905797,9,0.450000
341,9,1.587302,2322,68.314210,1680,76.086957,9,0.450000
5,10,1.763668,2377,69.932333,1702,77.083333,9,0.450000
530,11,1.940035,2513,73.933510,1770,80.163043,9,0.450000
182,12,2.116402,2513,73.933510,1770,80.163043,9,0.450000
429,13,2.292769,2632,77.434540,1832,82.971014,9,0.450000
232,14,2.469136,2637,77.581642,1840,83.333333,9,0.450000
250,15,2.645503,2637,77.581642,1840,83.333333,9,0.450000
368,16,2.821869,2716,79.905855,1870,84.692029,9,0.450000
467,17,2.998236,2716,79.905855,1870,84.692029,9,0.450000
462,18,3.174603,2716,79.905855,1870,84.692029,9,0.450000
485,19,3.350970,2716,79.905855,1870,84.692029,9,0.450000
124,20,3.527337,2716,79.905855,1870,84.692029,9,0.450000
236,21,3.703704,2716,79.905855,1870,84.692029,9,0.450000
438,22,3.880071,2718,79.964695,1870,84.692029,10,0.500000
352,23,4.056437,2718,79.964695,1870,84.692029,10,0.500000
496,24,4.232804,2718,79.964695,1870,84.692029,10,0.500000
460,25,4.409171,2718,79.964695,1870,84.692029,10,0.500000
442,26,4.585538,2721,80.052957,1870,84.692029,10,0.500000
