TestcaseNumber,TestcaseCount,TestcaseRatio,StatementCount,StatementRatio,BranchCount,BranchRatio,FaultCount,FaultRatio
120,1,0.176367,1695,49.867608,1391,62.998188,6,0.300000
111,2,0.352734,1806,53.133274,1445,65.443841,6,0.300000
242,3,0.529101,1892,55.663430,1477,66.893116,7,0.350000
63,4,0.705467,2136,62.842012,1602,72.554348,8,0.400000
283,5,0.881834,2184,64.254192,1640,74.275362,8,0.400000
537,6,1.058201,2277,66.990291,1690,76.539855,8,0.400000
43,7,1.234568,2320,68.255369,1716,77.717391,8,0.400000
27,8,1.410935,2320,68.255369,1716,77.717391,8,0.400000
136,9,1.587302,2456,72.256546,1754,79.438406,9,0.450000
435,10,1.763668,2457,72.285966,1754,79.438406,9,0.450000
186,11,1.940035,2457,72.285966,1754,79.438406,9,0.450000
392,12,2.116402,2457,72.285966,1754,79.438406,9,0.450000
219,13,2.292769,2500,73.551044,1774,80.344203,9,0.450000
26,14,2.469136,2500,73.551044,1774,80.344203,9,0.450000
223,15,2.645503,2500,73.551044,1774,80.344203,9,0.450000
90,16,2.821869,2500,73.551044,1774,80.344203,9,0.450000
118,17,2.998236,2588,76.140041,1806,81.793478,9,0.450000
475,18,3.174603,2588,76.140041,1806,81.793478,9,0.450000
190,19,3.350970,2588,76.140041,1806,81.793478,9,0.450000
59,20,3.527337,2589,76.169462,1808,81.884058,9,0.450000
466,21,3.703704,2589,76.169462,1808,81.884058,9,0.450000
313,22,3.880071,2589,76.169462,1808,81.884058,9,0.450000
281,23,4.056437,2589,76.169462,1808,81.884058,9,0.450000
19,24,4.232804,2607,76.699029,1832,82.971014,20,1.000000
159,25,4.409171,2607,76.699029,1832,82.971014,20,1.000000
199,26,4.585538,2607,76.699029,1832,82.971014,20,1.000000
424,27,4.761905,2608,76.728450,1832,82.971014,20,1.000000
215,28,4.938272,2608,76.728450,1832,82.971014,20,1.000000
