TestcaseNumber,TestcaseCount,TestcaseRatio,StatementCount,StatementRatio,BranchCount,BranchRatio,FaultCount,FaultRatio
24,1,0.176367,1063,31.273904,819,37.092391,0,0.000000
52,2,0.352734,1867,54.927920,1395,63.179348,6,0.300000
150,3,0.529101,2179,64.107090,1633,73.958333,6,0.300000
96,4,0.705467,2343,68.932039,1691,76.585145,8,0.400000
215,5,0.881834,2376,69.902913,1709,77.400362,8,0.400000
407,6,1.058201,2419,71.167991,1727,78.215580,8,0.400000
450,7,1.234568,2419,71.167991,1727,78.215580,8,0.400000
1,8,1.410935,2529,74.404237,1811,82.019928,8,0.400000
436,9,1.587302,2530,74.433657,1811,82.019928,8,0.400000
366,10,1.763668,2533,74.521918,1811,82.019928,8,0.400000
417,11,1.940035,2590,76.198882,1843,83.469203,8,0.400000
231,12,2.116402,2590,76.198882,1843,83.469203,8,0.400000
454,13,2.292769,2590,76.198882,1843,83.469203,8,0.400000
373,14,2.469136,2657,78.170050,1882,85.235507,8,0.400000
543,15,2.645503,2657,78.170050,1882,85.235507,8,0.400000
432,16,2.821869,2659,78.228891,1882,85.235507,8,0.400000
152,17,2.998236,2659,78.228891,1882,85.235507,8,0.400000
15,18,3.174603,2672,78.611356,1892,85.688406,9,0.450000
53,19,3.350970,2674,78.670197,1892,85.688406,10,0.500000
186,20,3.527337,2674,78.670197,1892,85.688406,10,0.500000
