TestcaseNumber,TestcaseCount,TestcaseRatio,StatementCount,StatementRatio,BranchCount,BranchRatio,FaultCount,FaultRatio
548,1,0.176367,1777,52.280082,1393,63.088768,5,0.250000
348,2,0.352734,2053,60.400118,1538,69.655797,5,0.250000
1,3,0.529101,2422,71.256252,1774,80.344203,5,0.250000
180,4,0.705467,2626,77.258017,1870,84.692029,7,0.350000
200,5,0.881834,2629,77.346278,1870,84.692029,7,0.350000
316,6,1.058201,2691,79.170344,1896,85.869565,8,0.400000
380,7,1.234568,2691,79.170344,1896,85.869565,8,0.400000
30,8,1.410935,2698,79.376287,1900,86.050725,8,0.400000
499,9,1.587302,2700,79.435128,1904,86.231884,8,0.400000
233,10,1.763668,2710,79.729332,1908,86.413043,8,0.400000
441,11,1.940035,2716,79.905855,1908,86.413043,8,0.400000
48,12,2.116402,2721,80.052957,1908,86.413043,9,0.450000
365,13,2.292769,2721,80.052957,1908,86.413043,9,0.450000
476,14,2.469136,2721,80.052957,1908,86.413043,9,0.450000
212,15,2.645503,2735,80.464843,1912,86.594203,9,0.450000
286,16,2.821869,2735,80.464843,1912,86.594203,9,0.450000
245,17,2.998236,2735,80.464843,1912,86.594203,9,0.450000
541,18,3.174603,2737,80.523683,1912,86.594203,9,0.450000
94,19,3.350970,2737,80.523683,1912,86.594203,9,0.450000
64,20,3.527337,2753,80.994410,1914,86.684783,9,0.450000
394,21,3.703704,2754,81.023831,1914,86.684783,9,0.450000
309,22,3.880071,2754,81.023831,1914,86.684783,9,0.450000
531,23,4.056437,2754,81.023831,1914,86.684783,9,0.450000
495,24,4.232804,2754,81.023831,1914,86.684783,9,0.450000
