TestcaseNumber,TestcaseCount,TestcaseRatio,StatementCount,StatementRatio,BranchCount,BranchRatio,FaultCount,FaultRatio
96,1,0.176367,1646,48.426008,1281,58.016304,8,0.400000
398,2,0.352734,1966,57.840541,1482,67.119565,8,0.400000
283,3,0.529101,1971,57.987643,1490,67.481884,8,0.400000
385,4,0.705467,2061,60.635481,1556,70.471014,8,0.400000
94,5,0.881834,2247,66.107679,1654,74.909420,8,0.400000
124,6,1.058201,2250,66.195940,1654,74.909420,8,0.400000
73,7,1.234568,2250,66.195940,1654,74.909420,8,0.400000
134,8,1.410935,2250,66.195940,1654,74.909420,8,0.400000
415,9,1.587302,2325,68.402471,1700,76.992754,8,0.400000
558,10,1.763668,2404,70.726684,1764,79.891304,8,0.400000
483,11,1.940035,2404,70.726684,1764,79.891304,8,0.400000
540,12,2.116402,2406,70.785525,1764,79.891304,8,0.400000
269,13,2.292769,2409,70.873786,1768,80.072464,8,0.400000
490,14,2.469136,2409,70.873786,1768,80.072464,8,0.400000
173,15,2.645503,2550,75.022065,1834,83.061594,9,0.450000
425,16,2.821869,2552,75.080906,1834,83.061594,9,0.450000
555,17,2.998236,2755,81.053251,1972,89.311594,10,0.500000
152,18,3.174603,2822,83.024419,2002,90.670290,10,0.500000
532,19,3.350970,2830,83.259782,2010,91.032609,10,0.500000
180,20,3.527337,2831,83.289203,2010,91.032609,10,0.500000
87,21,3.703704,2831,83.289203,2010,91.032609,10,0.500000
368,22,3.880071,2918,85.848779,2042,92.481884,10,0.500000
67,23,4.056437,2918,85.848779,2042,92.481884,10,0.500000
13,24,4.232804,2950,86.790232,2050,92.844203,10,0.500000
277,25,4.409171,2950,86.790232,2050,92.844203,10,0.500000
17,26,4.585538,2951,86.819653,2052,92.934783,10,0.500000
337,27,4.761905,2951,86.819653,2052,92.934783,10,0.500000
231,28,4.938272,2951,86.819653,2052,92.934783,10,0.500000
166,29,5.114638,2951,86.819653,2052,92.934783,10,0.500000
111,30,5.291005,2952,86.849073,2052,92.934783,10,0.500000
459,31,5.467372,2952,86.849073,2052,92.934783,10,0.500000
220,32,5.643739,2952,86.849073,2052,92.934783,10,0.500000
563,33,5.820106,2958,87.025596,2054,93.025362,10,0.500000
64,34,5.996473,2974,87.496322,2056,93.115942,10,0.500000
156,35,6.172840,2974,87.496322,2056,93.115942,10,0.500000
47,36,6.349206,2974,87.496322,2056,93.115942,10,0.500000
72,37,6.525573,2974,87.496322,2056,93.115942,10,0.500000
78,38,6.701940,2974,87.496322,2056,93.115942,10,0.500000
211,39,6.878307,2974,87.496322,2056,93.115942,10,0.500000
158,40,7.054674,2974,87.496322,2056,93.115942,10,0.500000
552,41,7.231041,2975,87.525743,2056,93.115942,10,0.500000
