TestcaseNumber,TestcaseCount,TestcaseRatio,StatementCount,StatementRatio,BranchCount,BranchRatio,FaultCount,FaultRatio
137,1,0.176367,1840,54.133569,1403,63.541667,8,0.400000
48,2,0.352734,2184,64.254192,1590,72.010870,9,0.450000
389,3,0.529101,2411,70.932627,1718,77.807971,9,0.450000
236,4,0.705467,2457,72.285966,1740,78.804348,9,0.450000
132,5,0.881834,2473,72.756693,1756,79.528986,9,0.450000
152,6,1.058201,2477,72.874375,1756,79.528986,9,0.450000
452,7,1.234568,2485,73.109738,1760,79.710145,9,0.450000
146,8,1.410935,2485,73.109738,1760,79.710145,9,0.450000
340,9,1.587302,2487,73.168579,1760,79.710145,9,0.450000
339,10,1.763668,2487,73.168579,1760,79.710145,9,0.450000
363,11,1.940035,2488,73.197999,1760,79.710145,9,0.450000
256,12,2.116402,2488,73.197999,1760,79.710145,9,0.450000
31,13,2.292769,2488,73.197999,1760,79.710145,9,0.450000
519,14,2.469136,2490,73.256840,1760,79.710145,9,0.450000
439,15,2.645503,2500,73.551044,1770,80.163043,9,0.450000
400,16,2.821869,2500,73.551044,1770,80.163043,9,0.450000
509,17,2.998236,2500,73.551044,1770,80.163043,9,0.450000
347,18,3.174603,2500,73.551044,1770,80.163043,9,0.450000
56,19,3.350970,2500,73.551044,1770,80.163043,9,0.450000
401,20,3.527337,2500,73.551044,1770,80.163043,9,0.450000
51,21,3.703704,2500,73.551044,1770,80.163043,9,0.450000
88,22,3.880071,2587,76.110621,1802,81.612319,9,0.450000
168,23,4.056437,2644,77.787585,1834,83.061594,9,0.450000
343,24,4.232804,2644,77.787585,1834,83.061594,9,0.450000
21,25,4.409171,2648,77.905266,1834,83.061594,9,0.450000
427,26,4.585538,2648,77.905266,1834,83.061594,9,0.450000
393,27,4.761905,2648,77.905266,1834,83.061594,9,0.450000
135,28,4.938272,2648,77.905266,1834,83.061594,9,0.450000
368,29,5.114638,2648,77.905266,1834,83.061594,9,0.450000
546,30,5.291005,2759,81.170933,1910,86.503623,10,0.500000
76,31,5.467372,2759,81.170933,1910,86.503623,10,0.500000
361,32,5.643739,2759,81.170933,1910,86.503623,10,0.500000
473,33,5.820106,2759,81.170933,1910,86.503623,10,0.500000
221,34,5.996473,2759,81.170933,1910,86.503623,10,0.500000
172,35,6.172840,2759,81.170933,1910,86.503623,10,0.500000
337,36,6.349206,2759,81.170933,1910,86.503623,10,0.500000
278,37,6.525573,2759,81.170933,1910,86.503623,10,0.500000
173,38,6.701940,2759,81.170933,1910,86.503623,10,0.500000
416,39,6.878307,2759,81.170933,1910,86.503623,10,0.500000
104,40,7.054674,2759,81.170933,1910,86.503623,10,0.500000
239,41,7.231041,2759,81.170933,1910,86.503623,10,0.500000
