TestcaseNumber,TestcaseCount,TestcaseRatio,StatementCount,StatementRatio,BranchCount,BranchRatio,FaultCount,FaultRatio
1,1,0.176367,1992,58.605472,1576,71.376812,5,0.250000
407,2,0.352734,2082,61.253310,1619,73.324275,5,0.250000
233,3,0.529101,2237,65.813475,1698,76.902174,7,0.350000
442,4,0.705467,2393,70.403060,1778,80.525362,7,0.350000
434,5,0.881834,2399,70.579582,1778,80.525362,7,0.350000
123,6,1.058201,2403,70.697264,1778,80.525362,7,0.350000
564,7,1.234568,2555,75.169167,1840,83.333333,8,0.400000
65,8,1.410935,2695,79.288026,1878,85.054348,9,0.450000
484,9,1.587302,2711,79.758753,1880,85.144928,9,0.450000
43,10,1.763668,2721,80.052957,1884,85.326087,9,0.450000
113,11,1.940035,2721,80.052957,1884,85.326087,9,0.450000
507,12,2.116402,2721,80.052957,1884,85.326087,9,0.450000
133,13,2.292769,2721,80.052957,1884,85.326087,9,0.450000
119,14,2.469136,2723,80.111798,1888,85.507246,9,0.450000
393,15,2.645503,2723,80.111798,1888,85.507246,9,0.450000
112,16,2.821869,2723,80.111798,1888,85.507246,9,0.450000
418,17,2.998236,2780,81.788761,1920,86.956522,9,0.450000
349,18,3.174603,2780,81.788761,1920,86.956522,9,0.450000
514,19,3.350970,2780,81.788761,1920,86.956522,9,0.450000
515,20,3.527337,2780,81.788761,1920,86.956522,9,0.450000
162,21,3.703704,2780,81.788761,1920,86.956522,9,0.450000
485,22,3.880071,2780,81.788761,1920,86.956522,9,0.450000
