TestcaseNumber,TestcaseCount,TestcaseRatio,StatementCount,StatementRatio,BranchCount,BranchRatio,FaultCount,FaultRatio
81,1,0.176367,1578,46.425419,1289,58.378623,6,0.300000
37,2,0.352734,1689,49.691086,1369,62.001812,8,0.400000
18,3,0.529101,1877,55.222124,1463,66.259058,9,0.450000
182,4,0.705467,2068,60.841424,1567,70.969203,9,0.450000
270,5,0.881834,2119,62.341865,1595,72.237319,9,0.450000
145,6,1.058201,2119,62.341865,1595,72.237319,9,0.450000
319,7,1.234568,2401,70.638423,1725,78.125000,9,0.450000
168,8,1.410935,2556,75.198588,1810,81.974638,9,0.450000
444,9,1.587302,2576,75.786996,1820,82.427536,9,0.450000
58,10,1.763668,2578,75.845837,1820,82.427536,10,0.500000
294,11,1.940035,2581,75.934098,1824,82.608696,10,0.500000
477,12,2.116402,2581,75.934098,1824,82.608696,10,0.500000
231,13,2.292769,2581,75.934098,1824,82.608696,10,0.500000
213,14,2.469136,2581,75.934098,1824,82.608696,10,0.500000
154,15,2.645503,2581,75.934098,1824,82.608696,10,0.500000
493,16,2.821869,2581,75.934098,1824,82.608696,10,0.500000
367,17,2.998236,2581,75.934098,1824,82.608696,10,0.500000
297,18,3.174603,2582,75.963519,1824,82.608696,10,0.500000
265,19,3.350970,2582,75.963519,1824,82.608696,10,0.500000
529,20,3.527337,2621,77.110915,1868,84.601449,10,0.500000
279,21,3.703704,2621,77.110915,1868,84.601449,10,0.500000
149,22,3.880071,2621,77.110915,1868,84.601449,10,0.500000
162,23,4.056437,2621,77.110915,1868,84.601449,10,0.500000
534,24,4.232804,2622,77.140335,1868,84.601449,10,0.500000
