TestcaseNumber,TestcaseCount,TestcaseRatio,StatementCount,StatementRatio,BranchCount,BranchRatio,FaultCount,FaultRatio
138,1,0.176367,1895,55.751692,1426,64.583333,7,0.350000
133,2,0.352734,1997,58.752574,1494,67.663043,7,0.350000
153,3,0.529101,2004,58.958517,1494,67.663043,7,0.350000
52,4,0.705467,2272,66.843189,1634,74.003623,7,0.350000
58,5,0.881834,2311,67.990585,1650,74.728261,8,0.400000
353,6,1.058201,2311,67.990585,1650,74.728261,8,0.400000
15,7,1.234568,2324,68.373051,1660,75.181159,9,0.450000
156,8,1.410935,2349,69.108561,1674,75.815217,9,0.450000
439,9,1.587302,2575,75.757576,1804,81.702899,9,0.450000
86,10,1.763668,2584,76.022360,1804,81.702899,10,0.500000
480,11,1.940035,2586,76.081200,1804,81.702899,10,0.500000
469,12,2.116402,2588,76.140041,1808,81.884058,10,0.500000
184,13,2.292769,2590,76.198882,1808,81.884058,10,0.500000
249,14,2.469136,2599,76.463666,1812,82.065217,10,0.500000
417,15,2.645503,2656,78.140630,1844,83.514493,10,0.500000
92,16,2.821869,2656,78.140630,1844,83.514493,10,0.500000
40,17,2.998236,2656,78.140630,1844,83.514493,10,0.500000
491,18,3.174603,2656,78.140630,1844,83.514493,10,0.500000
8,19,3.350970,2725,80.170638,1876,84.963768,11,0.550000
111,20,3.527337,2725,80.170638,1876,84.963768,11,0.550000
337,21,3.703704,2725,80.170638,1876,84.963768,11,0.550000
362,22,3.880071,2725,80.170638,1876,84.963768,11,0.550000
176,23,4.056437,2725,80.170638,1876,84.963768,11,0.550000
358,24,4.232804,2725,80.170638,1876,84.963768,11,0.550000
80,25,4.409171,2725,80.170638,1876,84.963768,11,0.550000
174,26,4.585538,2725,80.170638,1876,84.963768,11,0.550000
396,27,4.761905,2725,80.170638,1876,84.963768,11,0.550000
372,28,4.938272,2725,80.170638,1876,84.963768,11,0.550000
