TestcaseNumber,TestcaseCount,TestcaseRatio,StatementCount,StatementRatio,BranchCount,BranchRatio,FaultCount,FaultRatio
277,1,0.176367,1691,49.749926,1365,61.820652,4,0.200000
435,2,0.352734,1912,56.251839,1497,67.798913,4,0.200000
25,3,0.529101,1957,57.575758,1513,68.523551,6,0.300000
446,4,0.705467,2195,64.577817,1597,72.327899,8,0.400000
164,5,0.881834,2436,71.668138,1725,78.125000,8,0.400000
150,6,1.058201,2440,71.785819,1729,78.306159,8,0.400000
274,7,1.234568,2452,72.138864,1751,79.302536,8,0.400000
458,8,1.410935,2604,76.610768,1820,82.427536,8,0.400000
236,9,1.587302,2604,76.610768,1820,82.427536,8,0.400000
313,10,1.763668,2619,77.052074,1826,82.699275,9,0.450000
309,11,1.940035,2620,77.081495,1826,82.699275,9,0.450000
361,12,2.116402,2620,77.081495,1826,82.699275,9,0.450000
374,13,2.292769,2620,77.081495,1826,82.699275,9,0.450000
77,14,2.469136,2620,77.081495,1826,82.699275,9,0.450000
363,15,2.645503,2620,77.081495,1826,82.699275,9,0.450000
129,16,2.821869,2623,77.169756,1832,82.971014,9,0.450000
140,17,2.998236,2623,77.169756,1832,82.971014,9,0.450000
67,18,3.174603,2623,77.169756,1832,82.971014,9,0.450000
99,19,3.350970,2639,77.640482,1834,83.061594,9,0.450000
70,20,3.527337,2639,77.640482,1834,83.061594,9,0.450000
294,21,3.703704,2639,77.640482,1834,83.061594,9,0.450000
461,22,3.880071,2639,77.640482,1834,83.061594,9,0.450000
