TestcaseNumber,TestcaseCount,TestcaseRatio,StatementCount,StatementRatio,BranchCount,BranchRatio,FaultCount,FaultRatio
407,1,0.176367,1685,49.573404,1365,61.820652,4,0.200000
400,2,0.352734,1815,53.398058,1449,65.625000,4,0.200000
478,3,0.529101,2143,63.047955,1588,71.920290,5,0.250000
555,4,0.705467,2654,78.081789,1900,86.050725,9,0.450000
167,5,0.881834,2728,80.258900,1946,88.134058,9,0.450000
430,6,1.058201,2866,84.318917,2012,91.123188,9,0.450000
450,7,1.234568,2869,84.407179,2012,91.123188,9,0.450000
255,8,1.410935,2869,84.407179,2012,91.123188,9,0.450000
301,9,1.587302,2877,84.642542,2016,91.304348,9,0.450000
453,10,1.763668,2888,84.966167,2022,91.576087,9,0.450000
526,11,1.940035,2906,85.495734,2040,92.391304,9,0.450000
397,12,2.116402,2906,85.495734,2040,92.391304,9,0.450000
372,13,2.292769,2906,85.495734,2040,92.391304,9,0.450000
344,14,2.469136,2906,85.495734,2042,92.481884,9,0.450000
520,15,2.645503,2906,85.495734,2042,92.481884,9,0.450000
25,16,2.821869,2906,85.495734,2042,92.481884,9,0.450000
166,17,2.998236,2906,85.495734,2042,92.481884,9,0.450000
52,18,3.174603,2908,85.554575,2042,92.481884,9,0.450000
404,19,3.350970,2924,86.025302,2044,92.572464,9,0.450000
534,20,3.527337,2928,86.142983,2044,92.572464,9,0.450000
140,21,3.703704,2928,86.142983,2044,92.572464,9,0.450000
222,22,3.880071,2928,86.142983,2044,92.572464,9,0.450000
429,23,4.056437,2929,86.172404,2044,92.572464,9,0.450000
213,24,4.232804,2929,86.172404,2044,92.572464,9,0.450000
