TestcaseNumber,TestcaseCount,TestcaseRatio,StatementCount,StatementRatio,BranchCount,BranchRatio,FaultCount,FaultRatio
301,1,0.176367,1351,39.746984,1111,50.317029,4,0.200000
339,2,0.352734,2194,64.548397,1621,73.414855,6,0.300000
353,3,0.529101,2292,67.431598,1684,76.268116,6,0.300000
455,4,0.705467,2348,69.079141,1708,77.355072,6,0.300000
395,5,0.881834,2352,69.196823,1708,77.355072,6,0.300000
27,6,1.058201,2462,72.433069,1754,79.438406,8,0.400000
254,7,1.234568,2474,72.786114,1768,80.072464,8,0.400000
387,8,1.410935,2474,72.786114,1768,80.072464,8,0.400000
219,9,1.587302,2474,72.786114,1768,80.072464,8,0.400000
324,10,1.763668,2474,72.786114,1768,80.072464,8,0.400000
552,11,1.940035,2483,73.050897,1772,80.253623,8,0.400000
266,12,2.116402,2485,73.109738,1772,80.253623,8,0.400000
312,13,2.292769,2488,73.197999,1772,80.253623,8,0.400000
297,14,2.469136,2490,73.256840,1772,80.253623,8,0.400000
272,15,2.645503,2490,73.256840,1772,80.253623,8,0.400000
253,16,2.821869,2490,73.256840,1772,80.253623,8,0.400000
398,17,2.998236,2490,73.256840,1772,80.253623,8,0.400000
149,18,3.174603,2490,73.256840,1772,80.253623,8,0.400000
358,19,3.350970,2577,75.816417,1804,81.702899,8,0.400000
449,20,3.527337,2577,75.816417,1804,81.702899,8,0.400000
368,21,3.703704,2577,75.816417,1804,81.702899,8,0.400000
156,22,3.880071,2577,75.816417,1804,81.702899,8,0.400000
564,23,4.056437,2725,80.170638,1878,85.054348,9,0.450000
107,24,4.232804,2725,80.170638,1878,85.054348,9,0.450000
91,25,4.409171,2725,80.170638,1878,85.054348,9,0.450000
220,26,4.585538,2725,80.170638,1878,85.054348,9,0.450000
342,27,4.761905,2725,80.170638,1878,85.054348,9,0.450000
399,28,4.938272,2725,80.170638,1878,85.054348,9,0.450000
343,29,5.114638,2725,80.170638,1878,85.054348,9,0.450000
372,30,5.291005,2725,80.170638,1878,85.054348,9,0.450000
148,31,5.467372,2725,80.170638,1878,85.054348,9,0.450000
12,32,5.643739,2732,80.376581,1880,85.144928,9,0.450000
250,33,5.820106,2732,80.376581,1880,85.144928,9,0.450000
411,34,5.996473,2786,81.965284,1912,86.594203,9,0.450000
129,35,6.172840,2786,81.965284,1912,86.594203,9,0.450000
57,36,6.349206,2786,81.965284,1912,86.594203,9,0.450000
344,37,6.525573,2786,81.965284,1912,86.594203,9,0.450000
271,38,6.701940,2786,81.965284,1912,86.594203,9,0.450000
383,39,6.878307,2786,81.965284,1912,86.594203,9,0.450000
161,40,7.054674,2786,81.965284,1912,86.594203,9,0.450000
228,41,7.231041,2786,81.965284,1912,86.594203,9,0.450000
