TestcaseNumber,TestcaseCount,TestcaseRatio,StatementCount,StatementRatio,BranchCount,BranchRatio,FaultCount,FaultRatio
248,1,0.176367,1923,56.575463,1430,64.764493,7,0.350000
302,2,0.352734,2241,65.931156,1592,72.101449,7,0.350000
245,3,0.529101,2308,67.902324,1636,74.094203,8,0.400000
323,4,0.705467,2359,69.402766,1670,75.634058,8,0.400000
131,5,0.881834,2396,70.491321,1700,76.992754,8,0.400000
474,6,1.058201,2558,75.257429,1796,81.340580,8,0.400000
196,7,1.234568,2559,75.286849,1796,81.340580,8,0.400000
270,8,1.410935,2559,75.286849,1796,81.340580,8,0.400000
77,9,1.587302,2559,75.286849,1796,81.340580,8,0.400000
304,10,1.763668,2576,75.786996,1798,81.431159,8,0.400000
551,11,1.940035,2591,76.228302,1800,81.521739,8,0.400000
218,12,2.116402,2591,76.228302,1800,81.521739,8,0.400000
461,13,2.292769,2591,76.228302,1800,81.521739,8,0.400000
510,14,2.469136,2591,76.228302,1800,81.521739,8,0.400000
538,15,2.645503,2602,76.551927,1810,81.974638,8,0.400000
281,16,2.821869,2606,76.669609,1810,81.974638,8,0.400000
299,17,2.998236,2607,76.699029,1810,81.974638,8,0.400000
388,18,3.174603,2607,76.699029,1810,81.974638,8,0.400000
88,19,3.350970,2607,76.699029,1810,81.974638,8,0.400000
