TestcaseNumber,TestcaseCount,TestcaseRatio,StatementCount,StatementRatio,BranchCount,BranchRatio,FaultCount,FaultRatio
421,1,0.176367,1395,41.041483,1133,51.313406,4,0.200000
501,2,0.352734,1700,50.014710,1353,61.277174,5,0.250000
138,3,0.529101,2176,64.018829,1590,72.010870,7,0.350000
468,4,0.705467,2201,64.754340,1604,72.644928,7,0.350000
262,5,0.881834,2307,67.872904,1656,75.000000,7,0.350000
266,6,1.058201,2317,68.167108,1656,75.000000,8,0.400000
64,7,1.234568,2550,75.022065,1786,80.887681,8,0.400000
274,8,1.410935,2566,75.492792,1792,81.159420,8,0.400000
46,9,1.587302,2566,75.492792,1792,81.159420,8,0.400000
484,10,1.763668,2567,75.522212,1792,81.159420,8,0.400000
246,11,1.940035,2567,75.522212,1792,81.159420,8,0.400000
104,12,2.116402,2567,75.522212,1792,81.159420,8,0.400000
566,13,2.292769,2628,77.316858,1824,82.608696,9,0.450000
134,14,2.469136,2628,77.316858,1824,82.608696,9,0.450000
432,15,2.645503,2628,77.316858,1824,82.608696,9,0.450000
93,16,2.821869,2638,77.611062,1830,82.880435,9,0.450000
311,17,2.998236,2638,77.611062,1830,82.880435,9,0.450000
472,18,3.174603,2638,77.611062,1830,82.880435,9,0.450000
4,19,3.350970,2667,78.464254,1840,83.333333,9,0.450000
234,20,3.527337,2667,78.464254,1840,83.333333,9,0.450000
135,21,3.703704,2669,78.523095,1840,83.333333,9,0.450000
