TestcaseNumber,TestcaseCount,TestcaseRatio,StatementCount,StatementRatio,BranchCount,BranchRatio,FaultCount,FaultRatio
71,1,0.176367,1626,47.837599,1325,60.009058,6,0.300000
423,2,0.352734,1946,57.252133,1500,67.934783,7,0.350000
22,3,0.529101,2211,65.048544,1660,75.181159,7,0.350000
136,4,0.705467,2402,70.667843,1730,78.351449,9,0.450000
120,5,0.881834,2422,71.256252,1744,78.985507,9,0.450000
62,6,1.058201,2494,73.374522,1774,80.344203,9,0.450000
556,7,1.234568,2806,82.553692,1998,90.489130,9,0.450000
60,8,1.410935,2806,82.553692,1998,90.489130,9,0.450000
516,9,1.587302,2806,82.553692,1998,90.489130,9,0.450000
453,10,1.763668,2807,82.583113,1998,90.489130,9,0.450000
418,11,1.940035,2864,84.260076,2030,91.938406,9,0.450000
372,12,2.116402,2864,84.260076,2030,91.938406,9,0.450000
560,13,2.292769,2873,84.524860,2040,92.391304,9,0.450000
503,14,2.469136,2873,84.524860,2040,92.391304,9,0.450000
358,15,2.645503,2957,86.996175,2072,93.840580,9,0.450000
98,16,2.821869,2957,86.996175,2072,93.840580,9,0.450000
331,17,2.998236,2957,86.996175,2072,93.840580,9,0.450000
67,18,3.174603,2957,86.996175,2072,93.840580,9,0.450000
32,19,3.350970,2961,87.113857,2072,93.840580,9,0.450000
431,20,3.527337,2961,87.113857,2072,93.840580,9,0.450000
193,21,3.703704,2964,87.202118,2072,93.840580,9,0.450000
558,22,3.880071,2974,87.496322,2072,93.840580,9,0.450000
338,23,4.056437,2974,87.496322,2072,93.840580,9,0.450000
197,24,4.232804,2974,87.496322,2072,93.840580,9,0.450000
