TestcaseNumber,TestcaseCount,TestcaseRatio,StatementCount,StatementRatio,BranchCount,BranchRatio,FaultCount,FaultRatio
384,1,0.176367,1897,55.810533,1515,68.614130,4,0.200000
535,2,0.352734,1907,56.104737,1521,68.885870,4,0.200000
375,3,0.529101,2062,60.664901,1561,70.697464,6,0.300000
548,4,0.705467,2316,68.137688,1708,77.355072,6,0.300000
500,5,0.881834,2333,68.637835,1714,77.626812,6,0.300000
351,6,1.058201,2342,68.902618,1720,77.898551,6,0.300000
183,7,1.234568,2592,76.257723,1838,83.242754,9,0.450000
426,8,1.410935,2596,76.375405,1838,83.242754,9,0.450000
38,9,1.587302,2616,76.963813,1850,83.786232,10,0.500000
341,10,1.763668,2616,76.963813,1850,83.786232,10,0.500000
348,11,1.940035,2626,77.258017,1850,83.786232,10,0.500000
485,12,2.116402,2626,77.258017,1850,83.786232,10,0.500000
68,13,2.292769,2626,77.258017,1850,83.786232,10,0.500000
300,14,2.469136,2626,77.258017,1850,83.786232,10,0.500000
553,15,2.645503,2629,77.346278,1852,83.876812,10,0.500000
157,16,2.821869,2696,79.317446,1882,85.235507,10,0.500000
359,17,2.998236,2698,79.376287,1886,85.416667,10,0.500000
261,18,3.174603,2698,79.376287,1886,85.416667,10,0.500000
