TestcaseNumber,TestcaseCount,TestcaseRatio,StatementCount,StatementRatio,BranchCount,BranchRatio,FaultCount,FaultRatio
420,1,0.176367,1560,45.895852,1257,56.929348,4,0.200000
370,2,0.352734,1809,53.221536,1455,65.896739,4,0.200000
216,3,0.529101,2136,62.842012,1583,71.693841,8,0.400000
476,4,0.705467,2140,62.959694,1589,71.965580,8,0.400000
360,5,0.881834,2140,62.959694,1589,71.965580,8,0.400000
224,6,1.058201,2316,68.137688,1687,76.403986,8,0.400000
299,7,1.234568,2318,68.196528,1687,76.403986,8,0.400000
66,8,1.410935,2329,68.520153,1691,76.585145,8,0.400000
415,9,1.587302,2388,70.255958,1723,78.034420,8,0.400000
189,10,1.763668,2406,70.785525,1725,78.125000,8,0.400000
70,11,1.940035,2406,70.785525,1725,78.125000,8,0.400000
474,12,2.116402,2406,70.785525,1725,78.125000,8,0.400000
26,13,2.292769,2410,70.903207,1725,78.125000,8,0.400000
513,14,2.469136,2485,73.109738,1768,80.072464,8,0.400000
315,15,2.645503,2491,73.286261,1772,80.253623,8,0.400000
520,16,2.821869,2491,73.286261,1772,80.253623,8,0.400000
117,17,2.998236,2558,75.257429,1802,81.612319,8,0.400000
437,18,3.174603,2558,75.257429,1802,81.612319,8,0.400000
57,19,3.350970,2558,75.257429,1802,81.612319,8,0.400000
275,20,3.527337,2558,75.257429,1802,81.612319,8,0.400000
65,21,3.703704,2558,75.257429,1802,81.612319,8,0.400000
254,22,3.880071,2558,75.257429,1802,81.612319,8,0.400000
39,23,4.056437,2562,75.375110,1804,81.702899,8,0.400000
