TestcaseNumber,TestcaseCount,TestcaseRatio,StatementCount,StatementRatio,BranchCount,BranchRatio,FaultCount,FaultRatio
318,1,0.176367,775,22.800824,689,31.204710,0,0.000000
103,2,0.352734,1864,54.839659,1476,66.847826,6,0.300000
328,3,0.529101,2145,63.106796,1578,71.467391,7,0.350000
86,4,0.705467,2180,64.136511,1598,72.373188,8,0.400000
163,5,0.881834,2256,66.372462,1644,74.456522,8,0.400000
525,6,1.058201,2354,69.255663,1704,77.173913,8,0.400000
104,7,1.234568,2492,73.315681,1774,80.344203,8,0.400000
256,8,1.410935,2492,73.315681,1774,80.344203,8,0.400000
116,9,1.587302,2494,73.374522,1774,80.344203,8,0.400000
488,10,1.763668,2494,73.374522,1774,80.344203,8,0.400000
351,11,1.940035,2494,73.374522,1774,80.344203,8,0.400000
463,12,2.116402,2494,73.374522,1774,80.344203,8,0.400000
554,13,2.292769,2715,79.876434,1934,87.590580,8,0.400000
549,14,2.469136,2742,80.670786,1958,88.677536,9,0.450000
90,15,2.645503,2744,80.729626,1958,88.677536,9,0.450000
221,16,2.821869,2744,80.729626,1958,88.677536,9,0.450000
251,17,2.998236,2744,80.729626,1958,88.677536,9,0.450000
317,18,3.174603,2744,80.729626,1958,88.677536,9,0.450000
510,19,3.350970,2744,80.729626,1958,88.677536,9,0.450000
475,20,3.527337,2744,80.729626,1958,88.677536,9,0.450000
217,21,3.703704,2811,82.700794,1988,90.036232,9,0.450000
456,22,3.880071,2811,82.700794,1988,90.036232,9,0.450000
548,23,4.056437,2828,83.200941,1998,90.489130,9,0.450000
