TestcaseNumber,TestcaseCount,TestcaseRatio,StatementCount,StatementRatio,BranchCount,BranchRatio,FaultCount,FaultRatio
413,1,0.176367,1481,43.571639,1193,54.030797,4,0.200000
180,2,0.352734,1817,53.456899,1400,63.405797,6,0.300000
5,3,0.529101,2187,64.342454,1628,73.731884,7,0.350000
194,4,0.705467,2321,68.284790,1696,76.811594,7,0.350000
302,5,0.881834,2395,70.461901,1726,78.170290,7,0.350000
397,6,1.058201,2397,70.520741,1730,78.351449,7,0.350000
490,7,1.234568,2400,70.609003,1730,78.351449,7,0.350000
151,8,1.410935,2418,71.138570,1752,79.347826,7,0.350000
318,9,1.587302,2495,73.403942,1796,81.340580,7,0.350000
85,10,1.763668,2621,77.110915,1828,82.789855,8,0.400000
4,11,1.940035,2655,78.111209,1840,83.333333,8,0.400000
443,12,2.116402,2657,78.170050,1840,83.333333,9,0.450000
362,13,2.292769,2657,78.170050,1840,83.333333,9,0.450000
373,14,2.469136,2658,78.199470,1842,83.423913,9,0.450000
166,15,2.645503,2661,78.287732,1842,83.423913,9,0.450000
107,16,2.821869,2662,78.317152,1842,83.423913,9,0.450000
526,17,2.998236,2665,78.405413,1842,83.423913,9,0.450000
287,18,3.174603,2665,78.405413,1842,83.423913,9,0.450000
77,19,3.350970,2665,78.405413,1842,83.423913,9,0.450000
261,20,3.527337,2665,78.405413,1842,83.423913,9,0.450000
565,21,3.703704,2684,78.964401,1846,83.605072,9,0.450000
528,22,3.880071,2704,79.552810,1848,83.695652,9,0.450000
550,23,4.056437,2778,81.729921,1900,86.050725,10,0.500000
352,24,4.232804,2783,81.877023,1908,86.413043,10,0.500000
216,25,4.409171,2783,81.877023,1908,86.413043,10,0.500000
390,26,4.585538,2783,81.877023,1908,86.413043,10,0.500000
382,27,4.761905,2783,81.877023,1908,86.413043,10,0.500000
384,28,4.938272,2783,81.877023,1908,86.413043,10,0.500000
341,29,5.114638,2783,81.877023,1908,86.413043,10,0.500000
486,30,5.291005,2783,81.877023,1908,86.413043,10,0.500000
156,31,5.467372,2783,81.877023,1908,86.413043,10,0.500000
198,32,5.643739,2862,84.201236,1938,87.771739,10,0.500000
383,33,5.820106,2862,84.201236,1938,87.771739,10,0.500000
348,34,5.996473,2862,84.201236,1938,87.771739,10,0.500000
12,35,6.172840,2865,84.289497,1938,87.771739,10,0.500000
310,36,6.349206,2865,84.289497,1938,87.771739,10,0.500000
312,37,6.525573,2865,84.289497,1938,87.771739,10,0.500000
126,38,6.701940,2865,84.289497,1938,87.771739,10,0.500000
217,39,6.878307,2865,84.289497,1938,87.771739,10,0.500000
134,40,7.054674,2865,84.289497,1938,87.771739,10,0.500000
88,41,7.231041,2865,84.289497,1938,87.771739,10,0.500000
