TestcaseNumber,TestcaseCount,TestcaseRatio,StatementCount,StatementRatio,BranchCount,BranchRatio,FaultCount,FaultRatio
290,1,0.176367,1660,48.837893,1377,62.364130,4,0.200000
414,2,0.352734,1934,56.899088,1523,68.976449,4,0.200000
355,3,0.529101,2170,63.842307,1605,72.690217,6,0.300000
330,4,0.705467,2174,63.959988,1605,72.690217,6,0.300000
492,5,0.881834,2242,65.960577,1635,74.048913,6,0.300000
47,6,1.058201,2425,71.344513,1717,77.762681,8,0.400000
382,7,1.234568,2443,71.874081,1745,79.030797,8,0.400000
4,8,1.410935,2480,72.962636,1757,79.574275,8,0.400000
200,9,1.587302,2480,72.962636,1757,79.574275,8,0.400000
217,10,1.763668,2480,72.962636,1757,79.574275,8,0.400000
247,11,1.940035,2480,72.962636,1757,79.574275,8,0.400000
190,12,2.116402,2485,73.109738,1757,79.574275,8,0.400000
291,13,2.292769,2488,73.197999,1761,79.755435,8,0.400000
325,14,2.469136,2488,73.197999,1761,79.755435,8,0.400000
503,15,2.645503,2572,75.669315,1808,81.884058,8,0.400000
25,16,2.821869,2572,75.669315,1808,81.884058,8,0.400000
65,17,2.998236,2572,75.669315,1808,81.884058,8,0.400000
390,18,3.174603,2572,75.669315,1808,81.884058,8,0.400000
21,19,3.350970,2576,75.786996,1808,81.884058,8,0.400000
66,20,3.527337,2577,75.816417,1808,81.884058,8,0.400000
203,21,3.703704,2577,75.816417,1808,81.884058,8,0.400000
502,22,3.880071,2577,75.816417,1808,81.884058,8,0.400000
499,23,4.056437,2579,75.875257,1812,82.065217,8,0.400000
