TestcaseNumber,TestcaseCount,TestcaseRatio,StatementCount,StatementRatio,BranchCount,BranchRatio,FaultCount,FaultRatio
346,1,0.176367,1603,47.160930,1265,57.291667,6,0.300000
109,2,0.352734,2104,61.900559,1561,70.697464,8,0.400000
356,3,0.529101,2106,61.959400,1561,70.697464,8,0.400000
265,4,0.705467,2108,62.018241,1563,70.788043,8,0.400000
510,5,0.881834,2165,63.695204,1605,72.690217,8,0.400000
199,6,1.058201,2165,63.695204,1605,72.690217,8,0.400000
327,7,1.234568,2232,65.666372,1635,74.048913,8,0.400000
550,8,1.410935,2450,72.080024,1767,80.027174,9,0.450000
233,9,1.587302,2528,74.374816,1810,81.974638,9,0.450000
562,10,1.763668,2539,74.698441,1822,82.518116,9,0.450000
213,11,1.940035,2539,74.698441,1822,82.518116,9,0.450000
549,12,2.116402,2593,76.287143,1856,84.057971,9,0.450000
243,13,2.292769,2593,76.287143,1856,84.057971,9,0.450000
64,14,2.469136,2628,77.316858,1858,84.148551,9,0.450000
142,15,2.645503,2628,77.316858,1858,84.148551,9,0.450000
55,16,2.821869,2629,77.346278,1858,84.148551,9,0.450000
242,17,2.998236,2629,77.346278,1858,84.148551,9,0.450000
183,18,3.174603,2631,77.405119,1858,84.148551,10,0.500000
230,19,3.350970,2631,77.405119,1858,84.148551,10,0.500000
274,20,3.527337,2631,77.405119,1858,84.148551,10,0.500000
51,21,3.703704,2632,77.434540,1858,84.148551,10,0.500000
478,22,3.880071,2719,79.994116,1890,85.597826,10,0.500000
337,23,4.056437,2719,79.994116,1890,85.597826,10,0.500000
561,24,4.232804,2794,82.200647,1958,88.677536,10,0.500000
