TestcaseNumber,TestcaseCount,TestcaseRatio,StatementCount,StatementRatio,BranchCount,BranchRatio,FaultCount,FaultRatio
174,1,0.176367,1803,53.045013,1371,62.092391,6,0.300000
130,2,0.352734,2129,62.636069,1609,72.871377,6,0.300000
522,3,0.529101,2229,65.578111,1649,74.682971,7,0.350000
524,4,0.705467,2249,66.166520,1675,75.860507,7,0.350000
563,5,0.881834,2384,70.138276,1757,79.574275,7,0.350000
147,6,1.058201,2389,70.285378,1757,79.574275,7,0.350000
358,7,1.234568,2668,78.493675,1864,84.420290,7,0.350000
506,8,1.410935,2681,78.876140,1870,84.692029,8,0.400000
94,9,1.587302,2681,78.876140,1870,84.692029,8,0.400000
438,10,1.763668,2697,79.346867,1876,84.963768,9,0.450000
89,11,1.940035,2699,79.405708,1880,85.144928,9,0.450000
78,12,2.116402,2702,79.493969,1882,85.235507,9,0.450000
139,13,2.292769,2718,79.964695,1884,85.326087,9,0.450000
516,14,2.469136,2719,79.994116,1884,85.326087,9,0.450000
236,15,2.645503,2719,79.994116,1884,85.326087,9,0.450000
120,16,2.821869,2719,79.994116,1884,85.326087,9,0.450000
65,17,2.998236,2719,79.994116,1884,85.326087,9,0.450000
303,18,3.174603,2719,79.994116,1884,85.326087,9,0.450000
188,19,3.350970,2719,79.994116,1884,85.326087,9,0.450000
156,20,3.527337,2719,79.994116,1884,85.326087,9,0.450000
84,21,3.703704,2719,79.994116,1884,85.326087,9,0.450000
137,22,3.880071,2719,79.994116,1884,85.326087,9,0.450000
386,23,4.056437,2719,79.994116,1884,85.326087,9,0.450000
129,24,4.232804,2719,79.994116,1884,85.326087,9,0.450000
391,25,4.409171,2719,79.994116,1884,85.326087,9,0.450000
353,26,4.585538,2719,79.994116,1884,85.326087,9,0.450000
