TestcaseNumber,TestcaseCount,TestcaseRatio,StatementCount,StatementRatio,BranchCount,BranchRatio,FaultCount,FaultRatio
507,1,0.176367,1822,53.604001,1403,63.541667,6,0.300000
434,2,0.352734,2292,67.431598,1667,75.498188,6,0.300000
108,3,0.529101,2518,74.080612,1768,80.072464,8,0.400000
146,4,0.705467,2550,75.022065,1790,81.068841,8,0.400000
562,5,0.881834,2556,75.198588,1792,81.159420,8,0.400000
382,6,1.058201,2556,75.198588,1792,81.159420,8,0.400000
226,7,1.234568,2556,75.198588,1792,81.159420,8,0.400000
181,8,1.410935,2556,75.198588,1792,81.159420,8,0.400000
191,9,1.587302,2562,75.375110,1792,81.159420,8,0.400000
336,10,1.763668,2562,75.375110,1792,81.159420,8,0.400000
427,11,1.940035,2563,75.404531,1792,81.159420,8,0.400000
528,12,2.116402,2608,76.728450,1806,81.793478,8,0.400000
161,13,2.292769,2662,78.317152,1838,83.242754,8,0.400000
339,14,2.469136,2664,78.375993,1842,83.423913,8,0.400000
258,15,2.645503,2664,78.375993,1842,83.423913,8,0.400000
548,16,2.821869,2767,81.406296,1914,86.684783,8,0.400000
210,17,2.998236,2767,81.406296,1914,86.684783,8,0.400000
179,18,3.174603,2776,81.671080,1914,86.684783,8,0.400000
473,19,3.350970,2786,81.965284,1918,86.865942,8,0.400000
534,20,3.527337,2790,82.082966,1918,86.865942,8,0.400000
513,21,3.703704,2790,82.082966,1918,86.865942,8,0.400000
165,22,3.880071,2793,82.171227,1918,86.865942,8,0.400000
539,23,4.056437,2799,82.347749,1922,87.047101,8,0.400000
393,24,4.232804,2799,82.347749,1922,87.047101,8,0.400000
347,25,4.409171,2799,82.347749,1922,87.047101,8,0.400000
