TestcaseNumber,TestcaseCount,TestcaseRatio,StatementCount,StatementRatio,BranchCount,BranchRatio,FaultCount,FaultRatio
301,1,0.176367,1351,39.746984,1111,50.317029,4,0.200000
273,2,0.352734,1962,57.722860,1502,68.025362,7,0.350000
75,3,0.529101,2195,64.577817,1606,72.735507,8,0.400000
557,4,0.705467,2366,69.608708,1734,78.532609,8,0.400000
536,5,0.881834,2370,69.726390,1734,78.532609,8,0.400000
114,6,1.058201,2461,72.403648,1800,81.521739,8,0.400000
272,7,1.234568,2528,74.374816,1830,82.880435,8,0.400000
517,8,1.410935,2528,74.374816,1830,82.880435,8,0.400000
248,9,1.587302,2618,77.022654,1864,84.420290,8,0.400000
292,10,1.763668,2649,77.934687,1878,85.054348,8,0.400000
291,11,1.940035,2649,77.934687,1878,85.054348,8,0.400000
349,12,2.116402,2667,78.464254,1884,85.326087,8,0.400000
228,13,2.292769,2667,78.464254,1884,85.326087,8,0.400000
375,14,2.469136,2667,78.464254,1884,85.326087,8,0.400000
136,15,2.645503,2667,78.464254,1884,85.326087,8,0.400000
27,16,2.821869,2667,78.464254,1884,85.326087,8,0.400000
135,17,2.998236,2667,78.464254,1884,85.326087,8,0.400000
67,18,3.174603,2667,78.464254,1884,85.326087,8,0.400000
317,19,3.350970,2668,78.493675,1884,85.326087,8,0.400000
5,20,3.527337,2677,78.758458,1886,85.416667,8,0.400000
158,21,3.703704,2677,78.758458,1886,85.416667,8,0.400000
473,22,3.880071,2677,78.758458,1886,85.416667,8,0.400000
183,23,4.056437,2684,78.964401,1886,85.416667,9,0.450000
140,24,4.232804,2684,78.964401,1886,85.416667,9,0.450000
