TestcaseNumber,TestcaseCount,TestcaseRatio,StatementCount,StatementRatio,BranchCount,BranchRatio,FaultCount,FaultRatio
507,1,0.176367,1822,53.604001,1403,63.541667,6,0.300000
521,2,0.352734,1946,57.252133,1487,67.346014,6,0.300000
378,3,0.529101,2108,62.018241,1558,70.561594,6,0.300000
566,4,0.705467,2183,64.224772,1598,72.373188,7,0.350000
251,5,0.881834,2233,65.695793,1616,73.188406,9,0.450000
537,6,1.058201,2329,68.520153,1676,75.905797,9,0.450000
343,7,1.234568,2344,68.961459,1682,76.177536,9,0.450000
79,8,1.410935,2476,72.844954,1758,79.619565,9,0.450000
253,9,1.587302,2476,72.844954,1758,79.619565,9,0.450000
199,10,1.763668,2476,72.844954,1758,79.619565,9,0.450000
468,11,1.940035,2476,72.844954,1758,79.619565,9,0.450000
563,12,2.116402,2608,76.728450,1840,83.333333,9,0.450000
440,13,2.292769,2752,80.964990,1906,86.322464,9,0.450000
447,14,2.469136,2752,80.964990,1906,86.322464,9,0.450000
545,15,2.645503,2799,82.347749,1940,87.862319,9,0.450000
218,16,2.821869,2799,82.347749,1940,87.862319,9,0.450000
465,17,2.998236,2799,82.347749,1940,87.862319,9,0.450000
64,18,3.174603,2815,82.818476,1940,87.862319,9,0.450000
88,19,3.350970,2815,82.818476,1940,87.862319,9,0.450000
485,20,3.527337,2815,82.818476,1940,87.862319,9,0.450000
113,21,3.703704,2815,82.818476,1940,87.862319,9,0.450000
202,22,3.880071,2815,82.818476,1940,87.862319,9,0.450000
381,23,4.056437,2815,82.818476,1940,87.862319,9,0.450000
236,24,4.232804,2815,82.818476,1940,87.862319,9,0.450000
98,25,4.409171,2815,82.818476,1940,87.862319,9,0.450000
510,26,4.585538,2815,82.818476,1940,87.862319,9,0.450000
82,27,4.761905,2815,82.818476,1940,87.862319,9,0.450000
459,28,4.938272,2815,82.818476,1940,87.862319,9,0.450000
