TestcaseNumber,TestcaseCount,TestcaseRatio,StatementCount,StatementRatio,BranchCount,BranchRatio,FaultCount,FaultRatio
203,1,0.176367,1800,52.956752,1414,64.039855,7,0.350000
401,2,0.352734,1853,54.516034,1454,65.851449,7,0.350000
42,3,0.529101,1915,56.340100,1500,67.934783,7,0.350000
405,4,0.705467,1979,58.223007,1536,69.565217,7,0.350000
197,5,0.881834,2187,64.342454,1604,72.644928,8,0.400000
553,6,1.058201,2196,64.607237,1608,72.826087,8,0.400000
358,7,1.234568,2283,67.166814,1640,74.275362,8,0.400000
448,8,1.410935,2283,67.166814,1640,74.275362,8,0.400000
386,9,1.587302,2283,67.166814,1640,74.275362,8,0.400000
274,10,1.763668,2419,71.167991,1722,77.989130,8,0.400000
352,11,1.940035,2419,71.167991,1722,77.989130,8,0.400000
27,12,2.116402,2419,71.167991,1722,77.989130,8,0.400000
490,13,2.292769,2419,71.167991,1722,77.989130,8,0.400000
562,14,2.469136,2425,71.344513,1724,78.079710,8,0.400000
104,15,2.645503,2441,71.815240,1726,78.170290,8,0.400000
138,16,2.821869,2441,71.815240,1726,78.170290,8,0.400000
2,17,2.998236,2483,73.050897,1726,78.170290,9,0.450000
475,18,3.174603,2483,73.050897,1726,78.170290,9,0.450000
506,19,3.350970,2483,73.050897,1726,78.170290,9,0.450000
136,20,3.527337,2483,73.050897,1726,78.170290,9,0.450000
153,21,3.703704,2483,73.050897,1726,78.170290,9,0.450000
508,22,3.880071,2483,73.050897,1726,78.170290,9,0.450000
239,23,4.056437,2485,73.109738,1730,78.351449,9,0.450000
208,24,4.232804,2485,73.109738,1730,78.351449,9,0.450000
202,25,4.409171,2485,73.109738,1730,78.351449,9,0.450000
342,26,4.585538,2485,73.109738,1730,78.351449,9,0.450000
444,27,4.761905,2643,77.758164,1810,81.974638,9,0.450000
364,28,4.938272,2643,77.758164,1810,81.974638,9,0.450000
