TestcaseNumber,TestcaseCount,TestcaseRatio,StatementCount,StatementRatio,BranchCount,BranchRatio,FaultCount,FaultRatio
566,1,0.176367,1492,43.895263,1201,54.393116,6,0.300000
208,2,0.352734,2081,61.223889,1528,69.202899,8,0.400000
521,3,0.529101,2089,61.459253,1532,69.384058,8,0.400000
391,4,0.705467,2130,62.665490,1562,70.742754,8,0.400000
238,5,0.881834,2134,62.783172,1562,70.742754,8,0.400000
53,6,1.058201,2303,67.755222,1648,74.637681,9,0.450000
45,7,1.234568,2396,70.491321,1712,77.536232,9,0.450000
381,8,1.410935,2396,70.491321,1712,77.536232,9,0.450000
277,9,1.587302,2471,72.697852,1742,78.894928,9,0.450000
418,10,1.763668,2528,74.374816,1774,80.344203,9,0.450000
2,11,1.940035,2570,75.610474,1774,80.344203,10,0.500000
375,12,2.116402,2579,75.875257,1774,80.344203,11,0.550000
18,13,2.292769,2595,76.345984,1786,80.887681,11,0.550000
557,14,2.469136,2756,81.082671,1912,86.594203,11,0.550000
339,15,2.645503,2819,82.936158,1946,88.134058,11,0.550000
354,16,2.821869,2839,83.524566,1958,88.677536,11,0.550000
392,17,2.998236,2839,83.524566,1958,88.677536,11,0.550000
356,18,3.174603,2839,83.524566,1958,88.677536,11,0.550000
72,19,3.350970,2839,83.524566,1958,88.677536,11,0.550000
457,20,3.527337,2839,83.524566,1958,88.677536,11,0.550000
548,21,3.703704,2924,86.025302,2000,90.579710,11,0.550000
191,22,3.880071,2924,86.025302,2000,90.579710,11,0.550000
498,23,4.056437,2924,86.025302,2000,90.579710,11,0.550000
