TestcaseNumber,TestcaseCount,TestcaseRatio,StatementCount,StatementRatio,BranchCount,BranchRatio,FaultCount,FaultRatio
129,1,0.176367,2027,59.635187,1521,68.885870,8,0.400000
195,2,0.352734,2091,61.518094,1553,70.335145,8,0.400000
47,3,0.529101,2358,69.373345,1689,76.494565,8,0.400000
297,4,0.705467,2358,69.373345,1689,76.494565,8,0.400000
264,5,0.881834,2381,70.050015,1715,77.672101,8,0.400000
42,6,1.058201,2394,70.432480,1719,77.853261,8,0.400000
70,7,1.234568,2394,70.432480,1719,77.853261,8,0.400000
178,8,1.410935,2473,72.756693,1762,79.800725,9,0.450000
539,9,1.587302,2556,75.198588,1816,82.246377,9,0.450000
200,10,1.763668,2556,75.198588,1816,82.246377,9,0.450000
500,11,1.940035,2556,75.198588,1816,82.246377,9,0.450000
533,12,2.116402,2808,82.612533,1922,87.047101,11,0.550000
380,13,2.292769,2808,82.612533,1922,87.047101,11,0.550000
214,14,2.469136,2808,82.612533,1922,87.047101,11,0.550000
479,15,2.645503,2809,82.641954,1922,87.047101,11,0.550000
199,16,2.821869,2809,82.641954,1922,87.047101,11,0.550000
25,17,2.998236,2809,82.641954,1922,87.047101,11,0.550000
273,18,3.174603,2809,82.641954,1922,87.047101,11,0.550000
497,19,3.350970,2809,82.641954,1922,87.047101,11,0.550000
246,20,3.527337,2810,82.671374,1922,87.047101,11,0.550000
50,21,3.703704,2810,82.671374,1922,87.047101,11,0.550000
