TestcaseNumber,TestcaseCount,TestcaseRatio,StatementCount,StatementRatio,BranchCount,BranchRatio,FaultCount,FaultRatio
398,1,0.176367,1727,50.809061,1392,63.043478,4,0.200000
4,2,0.352734,1839,54.104148,1462,66.213768,5,0.250000
305,3,0.529101,2051,60.341277,1566,70.923913,5,0.250000
346,4,0.705467,2225,65.460430,1634,74.003623,6,0.300000
62,5,0.881834,2344,68.961459,1680,76.086957,8,0.400000
135,6,1.058201,2344,68.961459,1680,76.086957,8,0.400000
78,7,1.234568,2424,71.315093,1710,77.445652,8,0.400000
414,8,1.410935,2634,77.493380,1826,82.699275,8,0.400000
546,9,1.587302,2751,80.935569,1906,86.322464,9,0.450000
402,10,1.763668,2756,81.082671,1914,86.684783,9,0.450000
460,11,1.940035,2756,81.082671,1914,86.684783,9,0.450000
564,12,2.116402,2826,83.142101,1936,87.681159,10,0.500000
459,13,2.292769,2828,83.200941,1940,87.862319,10,0.500000
411,14,2.469136,2828,83.200941,1940,87.862319,10,0.500000
263,15,2.645503,2831,83.289203,1940,87.862319,10,0.500000
189,16,2.821869,2847,83.759929,1942,87.952899,10,0.500000
81,17,2.998236,2847,83.759929,1942,87.952899,10,0.500000
22,18,3.174603,2903,85.407473,1974,89.402174,10,0.500000
160,19,3.350970,2903,85.407473,1974,89.402174,10,0.500000
415,20,3.527337,2906,85.495734,1974,89.402174,10,0.500000
250,21,3.703704,2906,85.495734,1974,89.402174,10,0.500000
231,22,3.880071,2906,85.495734,1974,89.402174,10,0.500000
170,23,4.056437,2907,85.525154,1974,89.402174,10,0.500000
251,24,4.232804,2907,85.525154,1974,89.402174,10,0.500000
390,25,4.409171,2907,85.525154,1974,89.402174,10,0.500000
51,26,4.585538,2907,85.525154,1974,89.402174,10,0.500000
545,27,4.761905,2915,85.760518,1980,89.673913,10,0.500000
