TestcaseNumber,TestcaseCount,TestcaseRatio,StatementCount,StatementRatio,BranchCount,BranchRatio,FaultCount,FaultRatio
262,1,0.176367,1786,52.544866,1423,64.447464,7,0.350000
239,2,0.352734,2215,65.166225,1627,73.686594,8,0.400000
160,3,0.529101,2295,67.519859,1675,75.860507,8,0.400000
8,4,0.705467,2365,69.579288,1707,77.309783,9,0.450000
563,5,0.881834,2449,72.050603,1759,79.664855,9,0.450000
338,6,1.058201,2610,76.787290,1828,82.789855,9,0.450000
320,7,1.234568,2610,76.787290,1828,82.789855,9,0.450000
77,8,1.410935,2611,76.816711,1828,82.789855,9,0.450000
10,9,1.587302,2631,77.405119,1844,83.514493,10,0.500000
535,10,1.763668,2635,77.522801,1846,83.605072,10,0.500000
499,11,1.940035,2638,77.611062,1848,83.695652,10,0.500000
351,12,2.116402,2641,77.699323,1852,83.876812,10,0.500000
147,13,2.292769,2641,77.699323,1852,83.876812,10,0.500000
282,14,2.469136,2641,77.699323,1852,83.876812,10,0.500000
57,15,2.645503,2781,81.818182,1918,86.865942,10,0.500000
473,16,2.821869,2791,82.112386,1924,87.137681,10,0.500000
146,17,2.998236,2793,82.171227,1924,87.137681,10,0.500000
82,18,3.174603,2793,82.171227,1924,87.137681,10,0.500000
180,19,3.350970,2793,82.171227,1924,87.137681,10,0.500000
555,20,3.527337,2980,87.672845,2074,93.931159,11,0.550000
364,21,3.703704,2984,87.790527,2082,94.293478,11,0.550000
254,22,3.880071,2984,87.790527,2082,94.293478,11,0.550000
310,23,4.056437,2985,87.819947,2082,94.293478,11,0.550000
