TestcaseNumber,TestcaseCount,TestcaseRatio,StatementCount,StatementRatio,BranchCount,BranchRatio,FaultCount,FaultRatio
470,1,0.176367,1698,49.955869,1391,62.998188,5,0.250000
222,2,0.352734,1847,54.339512,1471,66.621377,7,0.350000
554,3,0.529101,2305,67.814063,1757,79.574275,7,0.350000
250,4,0.705467,2309,67.931745,1757,79.574275,7,0.350000
367,5,0.881834,2449,72.050603,1795,81.295290,8,0.400000
215,6,1.058201,2449,72.050603,1795,81.295290,8,0.400000
141,7,1.234568,2457,72.285966,1801,81.567029,8,0.400000
416,8,1.410935,2532,74.492498,1847,83.650362,8,0.400000
282,9,1.587302,2536,74.610179,1847,83.650362,8,0.400000
68,10,1.763668,2689,79.111503,1916,86.775362,8,0.400000
551,11,1.940035,2701,79.464548,1918,86.865942,8,0.400000
383,12,2.116402,2711,79.758753,1924,87.137681,8,0.400000
523,13,2.292769,2711,79.758753,1924,87.137681,8,0.400000
557,14,2.469136,2720,80.023536,1924,87.137681,8,0.400000
140,15,2.645503,2720,80.023536,1924,87.137681,8,0.400000
155,16,2.821869,2720,80.023536,1924,87.137681,8,0.400000
158,17,2.998236,2720,80.023536,1924,87.137681,8,0.400000
172,18,3.174603,2860,84.142395,1990,90.126812,8,0.400000
108,19,3.350970,2860,84.142395,1990,90.126812,8,0.400000
390,20,3.527337,2860,84.142395,1990,90.126812,8,0.400000
444,21,3.703704,2881,84.760224,1992,90.217391,8,0.400000
57,22,3.880071,2881,84.760224,1992,90.217391,8,0.400000
150,23,4.056437,2881,84.760224,1992,90.217391,8,0.400000
33,24,4.232804,2906,85.495734,1998,90.489130,8,0.400000
398,25,4.409171,2906,85.495734,1998,90.489130,8,0.400000
24,26,4.585538,2958,87.025596,2026,91.757246,8,0.400000
91,27,4.761905,2958,87.025596,2026,91.757246,8,0.400000
