TestcaseNumber,TestcaseCount,TestcaseRatio,StatementCount,StatementRatio,BranchCount,BranchRatio,FaultCount,FaultRatio
146,1,0.176367,1579,46.454840,1289,58.378623,6,0.300000
437,2,0.352734,1949,57.340394,1495,67.708333,6,0.300000
178,3,0.529101,2034,59.841130,1540,69.746377,7,0.350000
336,4,0.705467,2245,66.048838,1618,73.278986,9,0.450000
389,5,0.881834,2474,72.786114,1754,79.438406,9,0.450000
353,6,1.058201,2475,72.815534,1754,79.438406,9,0.450000
141,7,1.234568,2475,72.815534,1754,79.438406,9,0.450000
61,8,1.410935,2475,72.815534,1754,79.438406,9,0.450000
67,9,1.587302,2490,73.256840,1760,79.710145,9,0.450000
323,10,1.763668,2490,73.256840,1760,79.710145,9,0.450000
349,11,1.940035,2490,73.256840,1760,79.710145,9,0.450000
300,12,2.116402,2492,73.315681,1760,79.710145,9,0.450000
254,13,2.292769,2498,73.492204,1770,80.163043,9,0.450000
411,14,2.469136,2552,75.080906,1802,81.612319,9,0.450000
101,15,2.645503,2552,75.080906,1802,81.612319,9,0.450000
92,16,2.821869,2552,75.080906,1802,81.612319,9,0.450000
350,17,2.998236,2552,75.080906,1802,81.612319,9,0.450000
195,18,3.174603,2552,75.080906,1802,81.612319,9,0.450000
