TestcaseNumber,TestcaseCount,TestcaseRatio,StatementCount,StatementRatio,BranchCount,BranchRatio,FaultCount,FaultRatio
51,1,0.176367,1406,41.365107,1131,51.222826,6,0.300000
155,2,0.352734,1898,55.839953,1491,67.527174,6,0.300000
360,3,0.529101,1918,56.428361,1499,67.889493,6,0.300000
94,4,0.705467,2167,63.754045,1647,74.592391,6,0.300000
487,5,0.881834,2386,70.197117,1715,77.672101,8,0.400000
49,6,1.058201,2390,70.314798,1715,77.672101,8,0.400000
548,7,1.234568,2602,76.551927,1838,83.242754,8,0.400000
375,8,1.410935,2602,76.551927,1838,83.242754,8,0.400000
63,9,1.587302,2657,78.170050,1864,84.420290,9,0.450000
285,10,1.763668,2657,78.170050,1864,84.420290,9,0.450000
343,11,1.940035,2658,78.199470,1864,84.420290,9,0.450000
534,12,2.116402,2662,78.317152,1866,84.510870,9,0.450000
503,13,2.292769,2666,78.434834,1868,84.601449,9,0.450000
549,14,2.469136,2736,80.494263,1914,86.684783,10,0.500000
56,15,2.645503,2736,80.494263,1914,86.684783,10,0.500000
50,16,2.821869,2736,80.494263,1914,86.684783,10,0.500000
563,17,2.998236,2741,80.641365,1914,86.684783,10,0.500000
454,18,3.174603,2741,80.641365,1914,86.684783,10,0.500000
131,19,3.350970,2741,80.641365,1914,86.684783,10,0.500000
352,20,3.527337,2741,80.641365,1914,86.684783,10,0.500000
447,21,3.703704,2741,80.641365,1914,86.684783,10,0.500000
190,22,3.880071,2744,80.729626,1914,86.684783,10,0.500000
291,23,4.056437,2744,80.729626,1914,86.684783,10,0.500000
257,24,4.232804,2744,80.729626,1914,86.684783,10,0.500000
20,25,4.409171,2799,82.347749,1946,88.134058,10,0.500000
272,26,4.585538,2799,82.347749,1946,88.134058,10,0.500000
3,27,4.761905,2817,82.877317,1972,89.311594,10,0.500000
