TestcaseNumber,TestcaseCount,TestcaseRatio,StatementCount,StatementRatio,BranchCount,BranchRatio,FaultCount,FaultRatio
323,1,0.176367,1747,51.397470,1398,63.315217,4,0.200000
81,2,0.352734,1803,53.045013,1424,64.492754,6,0.300000
7,3,0.529101,1845,54.280671,1440,65.217391,7,0.350000
354,4,0.705467,2131,62.694910,1620,73.369565,7,0.350000
428,5,0.881834,2290,67.372757,1700,76.992754,8,0.400000
64,6,1.058201,2293,67.461018,1700,76.992754,8,0.400000
66,7,1.234568,2430,71.491615,1738,78.713768,9,0.450000
406,8,1.410935,2434,71.609297,1738,78.713768,9,0.450000
25,9,1.587302,2438,71.726979,1738,78.713768,9,0.450000
349,10,1.763668,2440,71.785819,1742,78.894928,9,0.450000
63,11,1.940035,2440,71.785819,1742,78.894928,9,0.450000
493,12,2.116402,2440,71.785819,1742,78.894928,9,0.450000
107,13,2.292769,2507,73.756987,1772,80.253623,9,0.450000
467,14,2.469136,2507,73.756987,1772,80.253623,9,0.450000
48,15,2.645503,2508,73.786408,1772,80.253623,9,0.450000
548,16,2.821869,2686,79.023242,1872,84.782609,9,0.450000
8,17,2.998236,2755,81.053251,1904,86.231884,10,0.500000
460,18,3.174603,2755,81.053251,1904,86.231884,10,0.500000
176,19,3.350970,2755,81.053251,1904,86.231884,10,0.500000
230,20,3.527337,2755,81.053251,1904,86.231884,10,0.500000
301,21,3.703704,2755,81.053251,1904,86.231884,10,0.500000
513,22,3.880071,2755,81.053251,1904,86.231884,10,0.500000
