TestcaseNumber,TestcaseCount,TestcaseRatio,StatementCount,StatementRatio,BranchCount,BranchRatio,FaultCount,FaultRatio
536,1,0.176367,504,14.827891,530,24.003623,0,0.000000
314,2,0.352734,1731,50.926743,1335,60.461957,4,0.200000
171,3,0.529101,1837,54.045307,1379,62.454710,6,0.300000
396,4,0.705467,2131,62.694910,1599,72.418478,6,0.300000
439,5,0.881834,2131,62.694910,1599,72.418478,6,0.300000
543,6,1.058201,2178,64.077670,1627,73.686594,7,0.350000
447,7,1.234568,2416,71.079729,1709,77.400362,8,0.400000
390,8,1.410935,2418,71.138570,1711,77.490942,8,0.400000
465,9,1.587302,2423,71.285672,1715,77.672101,8,0.400000
198,10,1.763668,2575,75.757576,1784,80.797101,8,0.400000
137,11,1.940035,2580,75.904678,1794,81.250000,8,0.400000
395,12,2.116402,2582,75.963519,1794,81.250000,8,0.400000
331,13,2.292769,2582,75.963519,1794,81.250000,8,0.400000
329,14,2.469136,2584,76.022360,1798,81.431159,8,0.400000
443,15,2.645503,2599,76.463666,1804,81.702899,9,0.450000
502,16,2.821869,2599,76.463666,1804,81.702899,9,0.450000
508,17,2.998236,2599,76.463666,1804,81.702899,9,0.450000
188,18,3.174603,2599,76.463666,1804,81.702899,9,0.450000
268,19,3.350970,2599,76.463666,1804,81.702899,9,0.450000
553,20,3.527337,2605,76.640188,1806,81.793478,9,0.450000
