TestcaseNumber,TestcaseCount,TestcaseRatio,StatementCount,StatementRatio,BranchCount,BranchRatio,FaultCount,FaultRatio
40,1,0.176367,1617,47.572816,1337,60.552536,6,0.300000
259,2,0.352734,2096,61.665196,1565,70.878623,8,0.400000
366,3,0.529101,2150,63.253898,1597,72.327899,8,0.400000
397,4,0.705467,2235,65.754634,1633,73.958333,8,0.400000
217,5,0.881834,2235,65.754634,1633,73.958333,8,0.400000
74,6,1.058201,2244,66.019417,1643,74.411232,8,0.400000
495,7,1.234568,2246,66.078258,1645,74.501812,8,0.400000
446,8,1.410935,2246,66.078258,1645,74.501812,8,0.400000
379,9,1.587302,2246,66.078258,1645,74.501812,8,0.400000
355,10,1.763668,2246,66.078258,1645,74.501812,8,0.400000
544,11,1.940035,2350,69.137982,1719,77.853261,9,0.450000
558,12,2.116402,2431,71.521036,1787,80.932971,9,0.450000
337,13,2.292769,2431,71.521036,1787,80.932971,9,0.450000
9,14,2.469136,2502,73.609885,1821,82.472826,10,0.500000
280,15,2.645503,2502,73.609885,1821,82.472826,10,0.500000
239,16,2.821869,2502,73.609885,1821,82.472826,10,0.500000
229,17,2.998236,2518,74.080612,1823,82.563406,10,0.500000
386,18,3.174603,2518,74.080612,1823,82.563406,10,0.500000
517,19,3.350970,2518,74.080612,1823,82.563406,10,0.500000
