TestcaseNumber,TestcaseCount,TestcaseRatio,StatementCount,StatementRatio,BranchCount,BranchRatio,FaultCount,FaultRatio
313,1,0.176367,1524,44.836717,1220,55.253623,5,0.250000
225,2,0.352734,2115,62.224184,1558,70.561594,9,0.450000
78,3,0.529101,2272,66.843189,1626,73.641304,9,0.450000
407,4,0.705467,2364,69.549868,1672,75.724638,9,0.450000
174,5,0.881834,2526,74.315975,1758,79.619565,9,0.450000
206,6,1.058201,2530,74.433657,1762,79.800725,9,0.450000
434,7,1.234568,2530,74.433657,1762,79.800725,9,0.450000
38,8,1.410935,2545,74.874963,1774,80.344203,10,0.500000
277,9,1.587302,2545,74.874963,1774,80.344203,10,0.500000
303,10,1.763668,2545,74.874963,1774,80.344203,10,0.500000
141,11,1.940035,2553,75.110327,1788,80.978261,10,0.500000
201,12,2.116402,2578,75.845837,1800,81.521739,10,0.500000
375,13,2.292769,2578,75.845837,1800,81.521739,10,0.500000
351,14,2.469136,2578,75.845837,1800,81.521739,10,0.500000
43,15,2.645503,2593,76.287143,1810,81.974638,10,0.500000
146,16,2.821869,2593,76.287143,1810,81.974638,10,0.500000
356,17,2.998236,2593,76.287143,1810,81.974638,10,0.500000
469,18,3.174603,2595,76.345984,1816,82.246377,10,0.500000
23,19,3.350970,2639,77.640482,1844,83.514493,10,0.500000
236,20,3.527337,2639,77.640482,1844,83.514493,10,0.500000
210,21,3.703704,2639,77.640482,1844,83.514493,10,0.500000
229,22,3.880071,2655,78.111209,1846,83.605072,10,0.500000
93,23,4.056437,2655,78.111209,1846,83.605072,10,0.500000
306,24,4.232804,2655,78.111209,1846,83.605072,10,0.500000
384,25,4.409171,2655,78.111209,1846,83.605072,10,0.500000
