TestcaseNumber,TestcaseCount,TestcaseRatio,StatementCount,StatementRatio,BranchCount,BranchRatio,FaultCount,FaultRatio
170,1,0.176367,1603,47.160930,1273,57.653986,6,0.300000
298,2,0.352734,1725,50.750221,1330,60.235507,7,0.350000
521,3,0.529101,2051,60.341277,1564,70.833333,8,0.400000
403,4,0.705467,2101,61.812298,1606,72.735507,8,0.400000
515,5,0.881834,2246,66.078258,1648,74.637681,9,0.450000
434,6,1.058201,2408,70.844366,1734,78.532609,9,0.450000
255,7,1.234568,2411,70.932627,1734,78.532609,9,0.450000
537,8,1.410935,2422,71.256252,1738,78.713768,9,0.450000
397,9,1.587302,2489,73.227420,1768,80.072464,9,0.450000
404,10,1.763668,2505,73.698147,1770,80.163043,9,0.450000
74,11,1.940035,2505,73.698147,1770,80.163043,9,0.450000
456,12,2.116402,2505,73.698147,1770,80.163043,9,0.450000
160,13,2.292769,2560,75.316269,1800,81.521739,9,0.450000
359,14,2.469136,2562,75.375110,1804,81.702899,9,0.450000
18,15,2.645503,2571,75.639894,1814,82.155797,9,0.450000
361,16,2.821869,2571,75.639894,1814,82.155797,9,0.450000
155,17,2.998236,2571,75.639894,1814,82.155797,9,0.450000
49,18,3.174603,2571,75.639894,1814,82.155797,9,0.450000
8,19,3.350970,2640,77.669903,1846,83.605072,10,0.500000
92,20,3.527337,2640,77.669903,1846,83.605072,10,0.500000
238,21,3.703704,2727,80.229479,1878,85.054348,10,0.500000
401,22,3.880071,2727,80.229479,1878,85.054348,10,0.500000
