TestcaseNumber,TestcaseCount,TestcaseRatio,StatementCount,StatementRatio,BranchCount,BranchRatio,FaultCount,FaultRatio
155,1,0.176367,1696,49.897029,1391,62.998188,6,0.300000
455,2,0.352734,1851,54.457193,1429,64.719203,8,0.400000
481,3,0.529101,1963,57.752280,1497,67.798913,8,0.400000
567,4,0.705467,1963,57.752280,1497,67.798913,8,0.400000
349,5,0.881834,2153,63.342159,1591,72.056159,8,0.400000
231,6,1.058201,2153,63.342159,1591,72.056159,8,0.400000
122,7,1.234568,2220,65.313327,1621,73.414855,8,0.400000
367,8,1.410935,2220,65.313327,1621,73.414855,8,0.400000
514,9,1.587302,2252,66.254781,1643,74.411232,8,0.400000
64,10,1.763668,2411,70.932627,1723,78.034420,8,0.400000
40,11,1.940035,2411,70.932627,1723,78.034420,8,0.400000
92,12,2.116402,2411,70.932627,1723,78.034420,8,0.400000
284,13,2.292769,2411,70.932627,1723,78.034420,8,0.400000
548,14,2.469136,2623,77.169756,1846,83.605072,8,0.400000
24,15,2.645503,2674,78.670197,1876,84.963768,8,0.400000
258,16,2.821869,2726,80.200059,1898,85.960145,8,0.400000
274,17,2.998236,2727,80.229479,1898,85.960145,8,0.400000
