TestcaseNumber,TestcaseCount,TestcaseRatio,StatementCount,StatementRatio,BranchCount,BranchRatio,FaultCount,FaultRatio
35,1,0.176367,1519,44.689615,1259,57.019928,6,0.300000
369,2,0.352734,2116,62.253604,1575,71.331522,8,0.400000
306,3,0.529101,2272,66.843189,1659,75.135870,8,0.400000
88,4,0.705467,2486,73.139159,1758,79.619565,8,0.400000
382,5,0.881834,2553,75.110327,1788,80.978261,8,0.400000
70,6,1.058201,2555,75.169167,1788,80.978261,8,0.400000
442,7,1.234568,2564,75.433951,1788,80.978261,8,0.400000
268,8,1.410935,2565,75.463372,1788,80.978261,8,0.400000
98,9,1.587302,2565,75.463372,1788,80.978261,8,0.400000
251,10,1.763668,2566,75.492792,1788,80.978261,8,0.400000
494,11,1.940035,2570,75.610474,1798,81.431159,8,0.400000
407,12,2.116402,2570,75.610474,1798,81.431159,8,0.400000
189,13,2.292769,2586,76.081200,1800,81.521739,8,0.400000
243,14,2.469136,2596,76.375405,1806,81.793478,8,0.400000
533,15,2.645503,2886,84.907326,1950,88.315217,10,0.500000
498,16,2.821869,2886,84.907326,1950,88.315217,10,0.500000
130,17,2.998236,2886,84.907326,1950,88.315217,10,0.500000
514,18,3.174603,2886,84.907326,1950,88.315217,10,0.500000
116,19,3.350970,2886,84.907326,1950,88.315217,10,0.500000
429,20,3.527337,2887,84.936746,1950,88.315217,10,0.500000
