TestcaseNumber,TestcaseCount,TestcaseRatio,StatementCount,StatementRatio,BranchCount,BranchRatio,FaultCount,FaultRatio
213,1,0.176367,1779,52.338923,1408,63.768116,7,0.350000
132,2,0.352734,1959,57.634598,1514,68.568841,7,0.350000
426,3,0.529101,2117,62.283024,1598,72.373188,7,0.350000
182,4,0.705467,2122,62.430127,1598,72.373188,7,0.350000
88,5,0.881834,2336,68.726096,1668,75.543478,7,0.350000
405,6,1.058201,2398,70.550162,1710,77.445652,7,0.350000
356,7,1.234568,2409,70.873786,1710,77.445652,8,0.400000
537,8,1.410935,2502,73.609885,1760,79.710145,8,0.400000
248,9,1.587302,2502,73.609885,1760,79.710145,8,0.400000
104,10,1.763668,2592,76.257723,1802,81.612319,8,0.400000
216,11,1.940035,2592,76.257723,1802,81.612319,8,0.400000
407,12,2.116402,2592,76.257723,1802,81.612319,8,0.400000
437,13,2.292769,2592,76.257723,1802,81.612319,8,0.400000
167,14,2.469136,2646,77.846425,1832,82.971014,8,0.400000
409,15,2.645503,2646,77.846425,1832,82.971014,8,0.400000
351,16,2.821869,2646,77.846425,1832,82.971014,8,0.400000
282,17,2.998236,2646,77.846425,1832,82.971014,8,0.400000
333,18,3.174603,2646,77.846425,1832,82.971014,8,0.400000
231,19,3.350970,2646,77.846425,1832,82.971014,8,0.400000
196,20,3.527337,2646,77.846425,1832,82.971014,8,0.400000
163,21,3.703704,2646,77.846425,1832,82.971014,8,0.400000
410,22,3.880071,2646,77.846425,1832,82.971014,8,0.400000
287,23,4.056437,2646,77.846425,1832,82.971014,8,0.400000
381,24,4.232804,2646,77.846425,1832,82.971014,8,0.400000
