TestcaseNumber,TestcaseCount,TestcaseRatio,StatementCount,StatementRatio,BranchCount,BranchRatio,FaultCount,FaultRatio
41,1,0.176367,1509,44.395410,1265,57.291667,7,0.350000
465,2,0.352734,1910,56.192998,1475,66.802536,9,0.450000
135,3,0.529101,1910,56.192998,1475,66.802536,9,0.450000
564,4,0.705467,2315,68.108267,1673,75.769928,10,0.500000
417,5,0.881834,2390,70.314798,1719,77.853261,10,0.500000
279,6,1.058201,2482,73.021477,1769,80.117754,10,0.500000
301,7,1.234568,2622,77.140335,1839,83.288043,10,0.500000
124,8,1.410935,2622,77.140335,1839,83.288043,10,0.500000
286,9,1.587302,2624,77.199176,1839,83.288043,10,0.500000
95,10,1.763668,2624,77.199176,1839,83.288043,10,0.500000
374,11,1.940035,2624,77.199176,1839,83.288043,10,0.500000
528,12,2.116402,2666,78.434834,1853,83.922101,10,0.500000
396,13,2.292769,2666,78.434834,1853,83.922101,10,0.500000
158,14,2.469136,2741,80.641365,1896,85.869565,10,0.500000
193,15,2.645503,2750,80.906149,1896,85.869565,11,0.550000
39,16,2.821869,2754,81.023831,1898,85.960145,11,0.550000
122,17,2.998236,2754,81.023831,1898,85.960145,11,0.550000
43,18,3.174603,2764,81.318035,1902,86.141304,11,0.550000
430,19,3.350970,2765,81.347455,1902,86.141304,11,0.550000
42,20,3.527337,2770,81.494557,1904,86.231884,11,0.550000
