TestcaseNumber,TestcaseCount,TestcaseRatio,StatementCount,StatementRatio,BranchCount,BranchRatio,FaultCount,FaultRatio
552,1,0.176367,61,1.794645,61,2.762681,0,0.000000
83,2,0.352734,1782,52.427184,1412,63.949275,6,0.300000
383,3,0.529101,1850,54.427773,1464,66.304348,6,0.300000
61,4,0.705467,2009,59.105619,1550,70.199275,6,0.300000
32,5,0.881834,2013,59.223301,1552,70.289855,6,0.300000
231,6,1.058201,2028,59.664607,1552,70.289855,7,0.350000
566,7,1.234568,2104,61.900559,1592,72.101449,8,0.400000
363,8,1.410935,2105,61.929979,1592,72.101449,8,0.400000
379,9,1.587302,2469,72.639011,1764,79.891304,9,0.450000
539,10,1.763668,2547,74.933804,1816,82.246377,9,0.450000
58,11,1.940035,2553,75.110327,1816,82.246377,10,0.500000
217,12,2.116402,2620,77.081495,1846,83.605072,10,0.500000
468,13,2.292769,2707,79.641071,1878,85.054348,10,0.500000
219,14,2.469136,2707,79.641071,1878,85.054348,10,0.500000
418,15,2.645503,2764,81.318035,1910,86.503623,10,0.500000
173,16,2.821869,2765,81.347455,1910,86.503623,10,0.500000
472,17,2.998236,2765,81.347455,1910,86.503623,10,0.500000
184,18,3.174603,2771,81.523978,1920,86.956522,10,0.500000
286,19,3.350970,2772,81.553398,1920,86.956522,10,0.500000
