TestcaseNumber,TestcaseCount,TestcaseRatio,StatementCount,StatementRatio,BranchCount,BranchRatio,FaultCount,FaultRatio
500,1,0.176367,1662,48.896734,1375,62.273551,5,0.250000
398,2,0.352734,1836,54.015887,1460,66.123188,5,0.250000
168,3,0.529101,1981,58.281848,1534,69.474638,7,0.350000
132,4,0.705467,2096,61.665196,1602,72.554348,7,0.350000
5,5,0.881834,2151,63.283319,1624,73.550725,7,0.350000
466,6,1.058201,2290,67.372757,1666,75.452899,8,0.400000
33,7,1.234568,2315,68.108267,1672,75.724638,8,0.400000
566,8,1.410935,2388,70.255958,1710,77.445652,9,0.450000
400,9,1.587302,2388,70.255958,1710,77.445652,9,0.450000
123,10,1.763668,2388,70.255958,1710,77.445652,9,0.450000
514,11,1.940035,2488,73.197999,1770,80.163043,9,0.450000
463,12,2.116402,2488,73.197999,1770,80.163043,9,0.450000
386,13,2.292769,2488,73.197999,1770,80.163043,9,0.450000
55,14,2.469136,2626,77.258017,1836,83.152174,9,0.450000
182,15,2.645503,2628,77.316858,1836,83.152174,9,0.450000
92,16,2.821869,2628,77.316858,1836,83.152174,9,0.450000
211,17,2.998236,2628,77.316858,1836,83.152174,9,0.450000
200,18,3.174603,2628,77.316858,1836,83.152174,9,0.450000
477,19,3.350970,2628,77.316858,1836,83.152174,9,0.450000
15,20,3.527337,2642,77.728744,1846,83.605072,10,0.500000
247,21,3.703704,2643,77.758164,1846,83.605072,10,0.500000
336,22,3.880071,2643,77.758164,1846,83.605072,10,0.500000
314,23,4.056437,2659,78.228891,1848,83.695652,10,0.500000
71,24,4.232804,2659,78.228891,1848,83.695652,10,0.500000
252,25,4.409171,2659,78.228891,1848,83.695652,10,0.500000
36,26,4.585538,2659,78.228891,1848,83.695652,10,0.500000
93,27,4.761905,2659,78.228891,1848,83.695652,10,0.500000
