TestcaseNumber,TestcaseCount,TestcaseRatio,StatementCount,StatementRatio,BranchCount,BranchRatio,FaultCount,FaultRatio
58,1,0.176367,1628,47.896440,1262,57.155797,7,0.350000
473,2,0.352734,1976,58.134746,1522,68.931159,8,0.400000
77,3,0.529101,2242,65.960577,1626,73.641304,9,0.450000
479,4,0.705467,2469,72.639011,1752,79.347826,9,0.450000
162,5,0.881834,2529,74.404237,1784,80.797101,9,0.450000
80,6,1.058201,2533,74.521918,1784,80.797101,9,0.450000
169,7,1.234568,2540,74.727861,1794,81.250000,9,0.450000
334,8,1.410935,2548,74.963224,1798,81.431159,9,0.450000
480,9,1.587302,2548,74.963224,1798,81.431159,9,0.450000
118,10,1.763668,2636,77.552221,1830,82.880435,9,0.450000
567,11,1.940035,2636,77.552221,1830,82.880435,9,0.450000
555,12,2.116402,2906,85.495734,2030,91.938406,10,0.500000
368,13,2.292769,2906,85.495734,2030,91.938406,10,0.500000
97,14,2.469136,2906,85.495734,2030,91.938406,10,0.500000
520,15,2.645503,2906,85.495734,2030,91.938406,10,0.500000
91,16,2.821869,2909,85.583995,2034,92.119565,10,0.500000
126,17,2.998236,2909,85.583995,2034,92.119565,10,0.500000
11,18,3.174603,2912,85.672257,2034,92.119565,10,0.500000
314,19,3.350970,2915,85.760518,2034,92.119565,10,0.500000
181,20,3.527337,2915,85.760518,2034,92.119565,10,0.500000
133,21,3.703704,2915,85.760518,2034,92.119565,10,0.500000
72,22,3.880071,2915,85.760518,2034,92.119565,10,0.500000
345,23,4.056437,2915,85.760518,2034,92.119565,10,0.500000
499,24,4.232804,2915,85.760518,2034,92.119565,10,0.500000
497,25,4.409171,2915,85.760518,2034,92.119565,10,0.500000
