TestcaseNumber,TestcaseCount,TestcaseRatio,StatementCount,StatementRatio,BranchCount,BranchRatio,FaultCount,FaultRatio
493,1,0.176367,1754,51.603413,1398,63.315217,5,0.250000
503,2,0.352734,1759,51.750515,1404,63.586957,5,0.250000
70,3,0.529101,1903,55.987055,1488,67.391304,7,0.350000
25,4,0.705467,1907,56.104737,1488,67.391304,7,0.350000
41,5,0.881834,1955,57.516917,1528,69.202899,8,0.400000
359,6,1.058201,2256,66.372462,1654,74.909420,9,0.450000
407,7,1.234568,2323,68.343630,1684,76.268116,9,0.450000
172,8,1.410935,2479,72.933216,1764,79.891304,9,0.450000
27,9,1.587302,2479,72.933216,1764,79.891304,9,0.450000
148,10,1.763668,2479,72.933216,1764,79.891304,9,0.450000
306,11,1.940035,2483,73.050897,1768,80.072464,9,0.450000
120,12,2.116402,2483,73.050897,1768,80.072464,9,0.450000
168,13,2.292769,2542,74.786702,1800,81.521739,9,0.450000
256,14,2.469136,2542,74.786702,1800,81.521739,9,0.450000
537,15,2.645503,2549,74.992645,1802,81.612319,9,0.450000
49,16,2.821869,2553,75.110327,1812,82.065217,9,0.450000
515,17,2.998236,2553,75.110327,1812,82.065217,9,0.450000
118,18,3.174603,2640,77.669903,1844,83.514493,9,0.450000
129,19,3.350970,2640,77.669903,1844,83.514493,9,0.450000
394,20,3.527337,2656,78.140630,1846,83.605072,9,0.450000
121,21,3.703704,2657,78.170050,1846,83.605072,9,0.450000
