TestcaseNumber,TestcaseCount,TestcaseRatio,StatementCount,StatementRatio,BranchCount,BranchRatio,FaultCount,FaultRatio
549,1,0.176367,1477,43.453957,1217,55.117754,1,0.050000
191,2,0.352734,1742,51.250368,1361,61.639493,8,0.400000
86,3,0.529101,2163,63.636364,1603,72.599638,9,0.450000
74,4,0.705467,2446,71.962342,1773,80.298913,9,0.450000
376,5,0.881834,2446,71.962342,1773,80.298913,9,0.450000
76,6,1.058201,2453,72.168285,1775,80.389493,9,0.450000
381,7,1.234568,2453,72.168285,1775,80.389493,9,0.450000
543,8,1.410935,2453,72.168285,1775,80.389493,9,0.450000
335,9,1.587302,2455,72.227126,1777,80.480072,9,0.450000
96,10,1.763668,2455,72.227126,1777,80.480072,9,0.450000
402,11,1.940035,2526,74.315975,1807,81.838768,9,0.450000
138,12,2.116402,2678,78.787879,1876,84.963768,9,0.450000
506,13,2.292769,2678,78.787879,1876,84.963768,9,0.450000
198,14,2.469136,2678,78.787879,1876,84.963768,9,0.450000
103,15,2.645503,2688,79.082083,1882,85.235507,9,0.450000
294,16,2.821869,2704,79.552810,1884,85.326087,9,0.450000
175,17,2.998236,2709,79.699912,1884,85.326087,9,0.450000
309,18,3.174603,2713,79.817593,1884,85.326087,9,0.450000
271,19,3.350970,2713,79.817593,1884,85.326087,9,0.450000
228,20,3.527337,2713,79.817593,1884,85.326087,9,0.450000
171,21,3.703704,2713,79.817593,1884,85.326087,9,0.450000
284,22,3.880071,2713,79.817593,1884,85.326087,9,0.450000
564,23,4.056437,2814,82.789056,1928,87.318841,10,0.500000
180,24,4.232804,2814,82.789056,1928,87.318841,10,0.500000
524,25,4.409171,2814,82.789056,1928,87.318841,10,0.500000
426,26,4.585538,2814,82.789056,1928,87.318841,10,0.500000
