TestcaseNumber,TestcaseCount,TestcaseRatio,StatementCount,StatementRatio,BranchCount,BranchRatio,FaultCount,FaultRatio
388,1,0.176367,1852,54.486614,1410,63.858696,5,0.250000
337,2,0.352734,2006,59.017358,1486,67.300725,6,0.300000
172,3,0.529101,2286,67.255075,1630,73.822464,8,0.400000
53,4,0.705467,2301,67.696381,1636,74.094203,9,0.450000
373,5,0.881834,2343,68.932039,1664,75.362319,9,0.450000
499,6,1.058201,2555,75.169167,1786,80.887681,9,0.450000
266,7,1.234568,2559,75.286849,1790,81.068841,9,0.450000
496,8,1.410935,2559,75.286849,1790,81.068841,9,0.450000
297,9,1.587302,2559,75.286849,1790,81.068841,9,0.450000
491,10,1.763668,2559,75.286849,1790,81.068841,9,0.450000
66,11,1.940035,2559,75.286849,1790,81.068841,9,0.450000
232,12,2.116402,2559,75.286849,1790,81.068841,9,0.450000
94,13,2.292769,2563,75.404531,1800,81.521739,9,0.450000
383,14,2.469136,2563,75.404531,1800,81.521739,9,0.450000
70,15,2.645503,2565,75.463372,1800,81.521739,9,0.450000
486,16,2.821869,2565,75.463372,1800,81.521739,9,0.450000
213,17,2.998236,2565,75.463372,1800,81.521739,9,0.450000
202,18,3.174603,2565,75.463372,1800,81.521739,9,0.450000
402,19,3.350970,2569,75.581053,1800,81.521739,9,0.450000
81,20,3.527337,2569,75.581053,1800,81.521739,9,0.450000
30,21,3.703704,2569,75.581053,1800,81.521739,9,0.450000
19,22,3.880071,2587,76.110621,1824,82.608696,20,1.000000
452,23,4.056437,2587,76.110621,1824,82.608696,20,1.000000
363,24,4.232804,2587,76.110621,1824,82.608696,20,1.000000
35,25,4.409171,2597,76.404825,1828,82.789855,20,1.000000
507,26,4.585538,2597,76.404825,1828,82.789855,20,1.000000
104,27,4.761905,2613,76.875552,1830,82.880435,20,1.000000
