TestcaseNumber,TestcaseCount,TestcaseRatio,StatementCount,StatementRatio,BranchCount,BranchRatio,FaultCount,FaultRatio
253,1,0.176367,1776,52.250662,1408,63.768116,7,0.350000
95,2,0.352734,2039,59.988232,1530,69.293478,8,0.400000
406,3,0.529101,2050,60.311856,1534,69.474638,8,0.400000
299,4,0.705467,2369,69.696970,1700,76.992754,8,0.400000
561,5,0.881834,2466,72.550750,1780,80.615942,8,0.400000
353,6,1.058201,2479,72.933216,1802,81.612319,8,0.400000
217,7,1.234568,2549,74.992645,1832,82.971014,8,0.400000
488,8,1.410935,2637,77.581642,1864,84.420290,8,0.400000
100,9,1.587302,2637,77.581642,1864,84.420290,8,0.400000
373,10,1.763668,2637,77.581642,1864,84.420290,8,0.400000
523,11,1.940035,2637,77.581642,1864,84.420290,8,0.400000
50,12,2.116402,2640,77.669903,1864,84.420290,8,0.400000
240,13,2.292769,2640,77.669903,1864,84.420290,8,0.400000
473,14,2.469136,2640,77.669903,1864,84.420290,8,0.400000
369,15,2.645503,2642,77.728744,1868,84.601449,8,0.400000
37,16,2.821869,2656,78.140630,1880,85.144928,9,0.450000
80,17,2.998236,2656,78.140630,1880,85.144928,9,0.450000
47,18,3.174603,2656,78.140630,1880,85.144928,9,0.450000
213,19,3.350970,2656,78.140630,1880,85.144928,9,0.450000
519,20,3.527337,2656,78.140630,1880,85.144928,9,0.450000
354,21,3.703704,2672,78.611356,1882,85.235507,9,0.450000
518,22,3.880071,2672,78.611356,1882,85.235507,9,0.450000
199,23,4.056437,2672,78.611356,1882,85.235507,9,0.450000
176,24,4.232804,2672,78.611356,1882,85.235507,9,0.450000
535,25,4.409171,2679,78.817299,1884,85.326087,9,0.450000
