TestcaseNumber,TestcaseCount,TestcaseRatio,StatementCount,StatementRatio,BranchCount,BranchRatio,FaultCount,FaultRatio
126,1,0.176367,1696,49.897029,1317,59.646739,8,0.400000
177,2,0.352734,2086,61.370991,1529,69.248188,8,0.400000
551,3,0.529101,2101,61.812298,1531,69.338768,8,0.400000
515,4,0.705467,2206,64.901442,1599,72.418478,8,0.400000
462,5,0.881834,2229,65.578111,1619,73.324275,8,0.400000
559,6,1.058201,2484,73.080318,1787,80.932971,8,0.400000
444,7,1.234568,2490,73.256840,1787,80.932971,8,0.400000
303,8,1.410935,2566,75.492792,1830,82.880435,9,0.450000
199,9,1.587302,2576,75.786996,1838,83.242754,9,0.450000
121,10,1.763668,2578,75.845837,1838,83.242754,9,0.450000
259,11,1.940035,2578,75.845837,1838,83.242754,9,0.450000
298,12,2.116402,2579,75.875257,1838,83.242754,9,0.450000
482,13,2.292769,2579,75.875257,1838,83.242754,9,0.450000
119,14,2.469136,2579,75.875257,1838,83.242754,9,0.450000
149,15,2.645503,2583,75.992939,1838,83.242754,9,0.450000
101,16,2.821869,2583,75.992939,1838,83.242754,9,0.450000
526,17,2.998236,2600,76.493086,1846,83.605072,9,0.450000
20,18,3.174603,2660,78.258311,1888,85.507246,9,0.450000
217,19,3.350970,2660,78.258311,1888,85.507246,9,0.450000
46,20,3.527337,2660,78.258311,1888,85.507246,9,0.450000
207,21,3.703704,2660,78.258311,1888,85.507246,9,0.450000
306,22,3.880071,2660,78.258311,1888,85.507246,9,0.450000
276,23,4.056437,2660,78.258311,1888,85.507246,9,0.450000
460,24,4.232804,2660,78.258311,1888,85.507246,9,0.450000
