TestcaseNumber,TestcaseCount,TestcaseRatio,StatementCount,StatementRatio,BranchCount,BranchRatio,FaultCount,FaultRatio
374,1,0.176367,1910,56.192998,1523,68.976449,4,0.200000
385,2,0.352734,2095,61.635775,1577,71.422101,6,0.300000
43,3,0.529101,2153,63.342159,1599,72.418478,8,0.400000
175,4,0.705467,2311,67.990585,1679,76.041667,8,0.400000
67,5,0.881834,2399,70.579582,1717,77.762681,8,0.400000
191,6,1.058201,2406,70.785525,1721,77.943841,8,0.400000
185,7,1.234568,2406,70.785525,1721,77.943841,8,0.400000
79,8,1.410935,2408,70.844366,1725,78.125000,8,0.400000
356,9,1.587302,2415,71.050309,1729,78.306159,8,0.400000
459,10,1.763668,2415,71.050309,1729,78.306159,8,0.400000
60,11,1.940035,2415,71.050309,1729,78.306159,8,0.400000
81,12,2.116402,2415,71.050309,1729,78.306159,8,0.400000
489,13,2.292769,2415,71.050309,1729,78.306159,8,0.400000
138,14,2.469136,2567,75.522212,1798,81.431159,8,0.400000
531,15,2.645503,2659,78.228891,1860,84.239130,8,0.400000
71,16,2.821869,2659,78.228891,1860,84.239130,8,0.400000
454,17,2.998236,2659,78.228891,1860,84.239130,8,0.400000
32,18,3.174603,2666,78.434834,1864,84.420290,8,0.400000
318,19,3.350970,2720,80.023536,1898,85.960145,8,0.400000
300,20,3.527337,2720,80.023536,1898,85.960145,8,0.400000
104,21,3.703704,2736,80.494263,1900,86.050725,8,0.400000
213,22,3.880071,2739,80.582524,1900,86.050725,8,0.400000
396,23,4.056437,2739,80.582524,1900,86.050725,8,0.400000
377,24,4.232804,2739,80.582524,1900,86.050725,8,0.400000
273,25,4.409171,2739,80.582524,1900,86.050725,8,0.400000
