TestcaseNumber,TestcaseCount,TestcaseRatio,StatementCount,StatementRatio,BranchCount,BranchRatio,FaultCount,FaultRatio
286,1,0.270270,224,10.418605,220,15.815960,0,0.000000
138,2,0.540541,308,14.325581,264,18.979152,1,0.200000
370,3,0.810811,308,14.325581,264,18.979152,1,0.200000
299,4,1.081081,308,14.325581,264,18.979152,1,0.200000
11,5,1.351351,323,15.023256,270,19.410496,1,0.200000
298,6,1.621622,323,15.023256,270,19.410496,1,0.200000
156,7,1.891892,323,15.023256,270,19.410496,1,0.200000
20,8,2.162162,343,15.953488,274,19.698059,1,0.200000
31,9,2.432432,1107,51.488372,717,51.545651,5,1.000000
287,10,2.702703,1148,53.395349,731,52.552121,5,1.000000
73,11,2.972973,1148,53.395349,731,52.552121,5,1.000000
70,12,3.243243,1162,54.046512,743,53.414809,5,1.000000
151,13,3.513514,1162,54.046512,743,53.414809,5,1.000000
124,14,3.783784,1785,83.023256,1157,83.177570,5,1.000000
137,15,4.054054,1785,83.023256,1157,83.177570,5,1.000000
113,16,4.324324,1785,83.023256,1157,83.177570,5,1.000000
149,17,4.594595,1785,83.023256,1157,83.177570,5,1.000000
340,18,4.864865,1797,83.581395,1159,83.321352,5,1.000000
204,19,5.135135,1797,83.581395,1159,83.321352,5,1.000000
147,20,5.405405,1797,83.581395,1159,83.321352,5,1.000000
80,21,5.675676,1797,83.581395,1159,83.321352,5,1.000000
