TestcaseNumber,TestcaseCount,TestcaseRatio,StatementCount,StatementRatio,BranchCount,BranchRatio,FaultCount,FaultRatio
246,1,0.270270,228,10.604651,220,15.815960,0,0.000000
342,2,0.540541,249,11.581395,234,16.822430,1,0.200000
48,3,0.810811,249,11.581395,234,16.822430,3,0.600000
291,4,1.081081,1632,75.906977,1088,78.217110,3,0.600000
6,5,1.351351,1632,75.906977,1088,78.217110,5,1.000000
56,6,1.621622,1632,75.906977,1088,78.217110,5,1.000000
265,7,1.891892,1632,75.906977,1088,78.217110,5,1.000000
272,8,2.162162,1632,75.906977,1088,78.217110,5,1.000000
3,9,2.432432,1635,76.046512,1088,78.217110,5,1.000000
321,10,2.702703,1635,76.046512,1088,78.217110,5,1.000000
177,11,2.972973,1635,76.046512,1088,78.217110,5,1.000000
10,12,3.243243,1648,76.651163,1094,78.648454,5,1.000000
302,13,3.513514,1711,79.581395,1131,81.308411,5,1.000000
277,14,3.783784,1711,79.581395,1131,81.308411,5,1.000000
359,15,4.054054,1711,79.581395,1131,81.308411,5,1.000000
186,16,4.324324,1711,79.581395,1131,81.308411,5,1.000000
77,17,4.594595,1711,79.581395,1131,81.308411,5,1.000000
76,18,4.864865,1711,79.581395,1131,81.308411,5,1.000000
231,19,5.135135,1711,79.581395,1131,81.308411,5,1.000000
166,20,5.405405,1711,79.581395,1131,81.308411,5,1.000000
247,21,5.675676,1722,80.093023,1137,81.739756,5,1.000000
136,22,5.945946,1730,80.465116,1141,82.027318,5,1.000000
340,23,6.216216,1791,83.302326,1165,83.752696,5,1.000000
286,24,6.486486,1798,83.627907,1167,83.896477,5,1.000000
209,25,6.756757,1801,83.767442,1167,83.896477,5,1.000000
175,26,7.027027,1814,84.372093,1171,84.184040,5,1.000000
212,27,7.297297,1814,84.372093,1171,84.184040,5,1.000000
71,28,7.567568,1814,84.372093,1171,84.184040,5,1.000000
19,29,7.837838,1814,84.372093,1171,84.184040,5,1.000000
143,30,8.108108,1814,84.372093,1171,84.184040,5,1.000000
