TestcaseNumber,TestcaseCount,TestcaseRatio,StatementCount,StatementRatio,BranchCount,BranchRatio,FaultCount,FaultRatio
269,1,0.270270,231,10.744186,220,15.815960,0,0.000000
115,2,0.540541,231,10.744186,220,15.815960,0,0.000000
167,3,0.810811,231,10.744186,220,15.815960,0,0.000000
187,4,1.081081,231,10.744186,220,15.815960,2,0.400000
18,5,1.351351,290,13.488372,244,17.541337,2,0.400000
175,6,1.621622,1607,74.744186,1060,76.204170,2,0.400000
126,7,1.891892,1745,81.162791,1143,82.171100,3,0.600000
211,8,2.162162,1754,81.581395,1147,82.458663,3,0.600000
213,9,2.432432,1754,81.581395,1147,82.458663,3,0.600000
7,10,2.702703,1782,82.883721,1155,83.033789,5,1.000000
256,11,2.972973,1782,82.883721,1155,83.033789,5,1.000000
76,12,3.243243,1782,82.883721,1155,83.033789,5,1.000000
29,13,3.513514,1782,82.883721,1155,83.033789,5,1.000000
177,14,3.783784,1782,82.883721,1155,83.033789,5,1.000000
366,15,4.054054,1787,83.116279,1155,83.033789,5,1.000000
321,16,4.324324,1787,83.116279,1155,83.033789,5,1.000000
71,17,4.594595,1803,83.860465,1167,83.896477,5,1.000000
