TestcaseNumber,TestcaseCount,TestcaseRatio,StatementCount,StatementRatio,BranchCount,BranchRatio,FaultCount,FaultRatio
282,1,0.270270,0,0.000000,0,0.000000,1,0.200000
257,2,0.540541,0,0.000000,0,0.000000,2,0.400000
137,3,0.810811,182,8.465116,143,10.280374,2,0.400000
43,4,1.081081,182,8.465116,143,10.280374,5,1.000000
309,5,1.351351,182,8.465116,143,10.280374,5,1.000000
70,6,1.621622,198,9.209302,155,11.143063,5,1.000000
175,7,1.891892,1631,75.860465,1078,77.498203,5,1.000000
325,8,2.162162,1631,75.860465,1078,77.498203,5,1.000000
22,9,2.432432,1631,75.860465,1078,77.498203,5,1.000000
202,10,2.702703,1673,77.813953,1112,79.942487,5,1.000000
247,11,2.972973,1681,78.186047,1114,80.086269,5,1.000000
76,12,3.243243,1681,78.186047,1114,80.086269,5,1.000000
126,13,3.513514,1806,84.000000,1185,85.190510,5,1.000000
233,14,3.783784,1806,84.000000,1185,85.190510,5,1.000000
160,15,4.054054,1806,84.000000,1185,85.190510,5,1.000000
249,16,4.324324,1830,85.116279,1191,85.621855,5,1.000000
121,17,4.594595,1830,85.116279,1191,85.621855,5,1.000000
10,18,4.864865,1833,85.255814,1193,85.765636,5,1.000000
204,19,5.135135,1833,85.255814,1193,85.765636,5,1.000000
97,20,5.405405,1833,85.255814,1193,85.765636,5,1.000000
183,21,5.675676,1833,85.255814,1193,85.765636,5,1.000000
361,22,5.945946,1833,85.255814,1193,85.765636,5,1.000000
34,23,6.216216,1836,85.395349,1193,85.765636,5,1.000000
351,24,6.486486,1849,86.000000,1199,86.196981,5,1.000000
275,25,6.756757,1849,86.000000,1199,86.196981,5,1.000000
179,26,7.027027,1849,86.000000,1199,86.196981,5,1.000000
88,27,7.297297,1849,86.000000,1199,86.196981,5,1.000000
337,28,7.567568,1860,86.511628,1203,86.484543,5,1.000000
322,29,7.837838,1860,86.511628,1203,86.484543,5,1.000000
305,30,8.108108,1860,86.511628,1203,86.484543,5,1.000000
