TestcaseNumber,TestcaseCount,TestcaseRatio,StatementCount,StatementRatio,BranchCount,BranchRatio,FaultCount,FaultRatio
274,1,0.270270,0,0.000000,0,0.000000,3,0.600000
276,2,0.540541,116,5.395349,107,7.692308,4,0.800000
128,3,0.810811,116,5.395349,107,7.692308,5,1.000000
20,4,1.081081,251,11.674419,228,16.391086,5,1.000000
5,5,1.351351,1627,75.674419,1042,74.910137,5,1.000000
151,6,1.621622,1627,75.674419,1042,74.910137,5,1.000000
43,7,1.891892,1627,75.674419,1042,74.910137,5,1.000000
97,8,2.162162,1627,75.674419,1042,74.910137,5,1.000000
28,9,2.432432,1627,75.674419,1042,74.910137,5,1.000000
45,10,2.702703,1629,75.767442,1044,75.053918,5,1.000000
249,11,2.972973,1667,77.534884,1078,77.498203,5,1.000000
100,12,3.243243,1667,77.534884,1078,77.498203,5,1.000000
130,13,3.513514,1667,77.534884,1078,77.498203,5,1.000000
199,14,3.783784,1685,78.372093,1091,78.432782,5,1.000000
328,15,4.054054,1685,78.372093,1091,78.432782,5,1.000000
261,16,4.324324,1759,81.813953,1137,81.739756,5,1.000000
358,17,4.594595,1764,82.046512,1141,82.027318,5,1.000000
24,18,4.864865,1764,82.046512,1141,82.027318,5,1.000000
137,19,5.135135,1764,82.046512,1141,82.027318,5,1.000000
31,20,5.405405,1769,82.279070,1141,82.027318,5,1.000000
63,21,5.675676,1769,82.279070,1141,82.027318,5,1.000000
167,22,5.945946,1769,82.279070,1141,82.027318,5,1.000000
69,23,6.216216,1769,82.279070,1141,82.027318,5,1.000000
311,24,6.486486,1769,82.279070,1141,82.027318,5,1.000000
235,25,6.756757,1769,82.279070,1141,82.027318,5,1.000000
288,26,7.027027,1834,85.302326,1191,85.621855,5,1.000000
54,27,7.297297,1834,85.302326,1191,85.621855,5,1.000000
315,28,7.567568,1834,85.302326,1191,85.621855,5,1.000000
77,29,7.837838,1834,85.302326,1191,85.621855,5,1.000000
