TestcaseNumber,TestcaseCount,TestcaseRatio,StatementCount,StatementRatio,BranchCount,BranchRatio,FaultCount,FaultRatio
264,1,0.270270,0,0.000000,0,0.000000,1,0.200000
318,2,0.540541,1567,72.883721,1036,74.478792,1,0.200000
327,3,0.810811,1567,72.883721,1036,74.478792,1,0.200000
321,4,1.081081,1567,72.883721,1036,74.478792,1,0.200000
62,5,1.351351,1567,72.883721,1036,74.478792,1,0.200000
324,6,1.621622,1567,72.883721,1036,74.478792,2,0.400000
165,7,1.891892,1567,72.883721,1036,74.478792,3,0.600000
354,8,2.162162,1567,72.883721,1036,74.478792,3,0.600000
9,9,2.432432,1567,72.883721,1036,74.478792,3,0.600000
25,10,2.702703,1567,72.883721,1036,74.478792,3,0.600000
241,11,2.972973,1567,72.883721,1036,74.478792,3,0.600000
152,12,3.243243,1567,72.883721,1036,74.478792,3,0.600000
196,13,3.513514,1567,72.883721,1036,74.478792,3,0.600000
107,14,3.783784,1595,74.186047,1056,75.916607,4,0.800000
291,15,4.054054,1671,77.720930,1102,79.223580,4,0.800000
328,16,4.324324,1671,77.720930,1102,79.223580,4,0.800000
332,17,4.594595,1671,77.720930,1102,79.223580,5,1.000000
155,18,4.864865,1671,77.720930,1102,79.223580,5,1.000000
175,19,5.135135,1685,78.372093,1110,79.798706,5,1.000000
212,20,5.405405,1685,78.372093,1110,79.798706,5,1.000000
135,21,5.675676,1685,78.372093,1110,79.798706,5,1.000000
113,22,5.945946,1685,78.372093,1110,79.798706,5,1.000000
38,23,6.216216,1800,83.720930,1168,83.968368,5,1.000000
254,24,6.486486,1800,83.720930,1168,83.968368,5,1.000000
83,25,6.756757,1800,83.720930,1168,83.968368,5,1.000000
118,26,7.027027,1800,83.720930,1168,83.968368,5,1.000000
289,27,7.297297,1800,83.720930,1168,83.968368,5,1.000000
4,28,7.567568,1803,83.860465,1170,84.112150,5,1.000000
229,29,7.837838,1803,83.860465,1170,84.112150,5,1.000000
270,30,8.108108,1803,83.860465,1170,84.112150,5,1.000000
149,31,8.378378,1803,83.860465,1170,84.112150,5,1.000000
233,32,8.648649,1803,83.860465,1170,84.112150,5,1.000000
