TestcaseNumber,TestcaseCount,TestcaseRatio,StatementCount,StatementRatio,BranchCount,BranchRatio,FaultCount,FaultRatio
209,1,0.270270,199,9.255814,158,11.358735,1,0.200000
90,2,0.540541,199,9.255814,158,11.358735,1,0.200000
300,3,0.810811,199,9.255814,158,11.358735,1,0.200000
345,4,1.081081,223,10.372093,178,12.796549,1,0.200000
85,5,1.351351,223,10.372093,178,12.796549,1,0.200000
46,6,1.621622,223,10.372093,178,12.796549,2,0.400000
140,7,1.891892,223,10.372093,178,12.796549,5,1.000000
244,8,2.162162,331,15.395349,283,20.345075,5,1.000000
66,9,2.432432,331,15.395349,283,20.345075,5,1.000000
49,10,2.702703,331,15.395349,283,20.345075,5,1.000000
284,11,2.972973,331,15.395349,283,20.345075,5,1.000000
200,12,3.243243,373,17.348837,317,22.789360,5,1.000000
155,13,3.513514,373,17.348837,317,22.789360,5,1.000000
92,14,3.783784,373,17.348837,317,22.789360,5,1.000000
123,15,4.054054,373,17.348837,317,22.789360,5,1.000000
26,16,4.324324,373,17.348837,317,22.789360,5,1.000000
257,17,4.594595,373,17.348837,317,22.789360,5,1.000000
358,18,4.864865,385,17.906977,323,23.220705,5,1.000000
222,19,5.135135,385,17.906977,323,23.220705,5,1.000000
17,20,5.405405,387,18.000000,323,23.220705,5,1.000000
62,21,5.675676,387,18.000000,323,23.220705,5,1.000000
355,22,5.945946,387,18.000000,323,23.220705,5,1.000000
4,23,6.216216,400,18.604651,329,23.652049,5,1.000000
175,24,6.486486,1725,80.232558,1143,82.171100,5,1.000000
1,25,6.756757,1728,80.372093,1143,82.171100,5,1.000000
136,26,7.027027,1728,80.372093,1143,82.171100,5,1.000000
68,27,7.297297,1728,80.372093,1143,82.171100,5,1.000000
248,28,7.567568,1728,80.372093,1143,82.171100,5,1.000000
53,29,7.837838,1728,80.372093,1143,82.171100,5,1.000000
