TestcaseNumber,TestcaseCount,TestcaseRatio,StatementCount,StatementRatio,BranchCount,BranchRatio,FaultCount,FaultRatio
340,1,0.270270,1615,75.116279,1050,75.485262,1,0.200000
212,2,0.540541,1615,75.116279,1050,75.485262,1,0.200000
18,3,0.810811,1623,75.488372,1052,75.629044,1,0.200000
176,4,1.081081,1623,75.488372,1052,75.629044,1,0.200000
172,5,1.351351,1683,78.279070,1100,79.079799,1,0.200000
206,6,1.621622,1698,78.976744,1109,79.726815,1,0.200000
352,7,1.891892,1713,79.674419,1119,80.445723,2,0.400000
319,8,2.162162,1739,80.883721,1131,81.308411,2,0.400000
107,9,2.432432,1740,80.930233,1133,81.452193,2,0.400000
8,10,2.702703,1769,82.279070,1141,82.027318,3,0.600000
40,11,2.972973,1769,82.279070,1141,82.027318,5,1.000000
306,12,3.243243,1769,82.279070,1141,82.027318,5,1.000000
288,13,3.513514,1821,84.697674,1171,84.184040,5,1.000000
33,14,3.783784,1826,84.930233,1175,84.471603,5,1.000000
280,15,4.054054,1826,84.930233,1175,84.471603,5,1.000000
104,16,4.324324,1826,84.930233,1175,84.471603,5,1.000000
111,17,4.594595,1826,84.930233,1175,84.471603,5,1.000000
294,18,4.864865,1862,86.604651,1199,86.196981,5,1.000000
248,19,5.135135,1862,86.604651,1199,86.196981,5,1.000000
272,20,5.405405,1862,86.604651,1199,86.196981,5,1.000000
207,21,5.675676,1862,86.604651,1199,86.196981,5,1.000000
343,22,5.945946,1866,86.790698,1205,86.628325,5,1.000000
305,23,6.216216,1866,86.790698,1205,86.628325,5,1.000000
252,24,6.486486,1866,86.790698,1205,86.628325,5,1.000000
