TestcaseNumber,TestcaseCount,TestcaseRatio,StatementCount,StatementRatio,BranchCount,BranchRatio,FaultCount,FaultRatio
1,1,0.270270,85,3.953488,79,5.679367,0,0.000000
69,2,0.540541,140,6.511628,125,8.986341,1,0.200000
126,3,0.810811,1688,78.511628,1121,80.589504,3,0.600000
273,4,1.081081,1688,78.511628,1121,80.589504,3,0.600000
214,5,1.351351,1688,78.511628,1121,80.589504,3,0.600000
44,6,1.621622,1688,78.511628,1121,80.589504,3,0.600000
139,7,1.891892,1696,78.883721,1125,80.877067,3,0.600000
119,8,2.162162,1696,78.883721,1125,80.877067,3,0.600000
315,9,2.432432,1696,78.883721,1125,80.877067,3,0.600000
41,10,2.702703,1696,78.883721,1125,80.877067,3,0.600000
327,11,2.972973,1696,78.883721,1125,80.877067,3,0.600000
105,12,3.243243,1696,78.883721,1125,80.877067,3,0.600000
238,13,3.513514,1735,80.697674,1155,83.033789,3,0.600000
195,14,3.783784,1735,80.697674,1155,83.033789,3,0.600000
50,15,4.054054,1757,81.720930,1169,84.040259,3,0.600000
170,16,4.324324,1757,81.720930,1169,84.040259,3,0.600000
270,17,4.594595,1757,81.720930,1169,84.040259,3,0.600000
278,18,4.864865,1777,82.651163,1179,84.759166,3,0.600000
307,19,5.135135,1777,82.651163,1179,84.759166,5,1.000000
150,20,5.405405,1777,82.651163,1179,84.759166,5,1.000000
28,21,5.675676,1777,82.651163,1179,84.759166,5,1.000000
