TestcaseNumber,TestcaseCount,TestcaseRatio,StatementCount,StatementRatio,BranchCount,BranchRatio,FaultCount,FaultRatio
122,1,0.270270,0,0.000000,0,0.000000,1,0.200000
170,2,0.540541,0,0.000000,0,0.000000,1,0.200000
70,3,0.810811,118,5.488372,109,7.836089,2,0.400000
96,4,1.081081,118,5.488372,109,7.836089,2,0.400000
365,5,1.351351,123,5.720930,109,7.836089,2,0.400000
180,6,1.621622,123,5.720930,109,7.836089,2,0.400000
7,7,1.891892,1604,74.604651,1038,74.622574,4,0.800000
344,8,2.162162,1604,74.604651,1038,74.622574,4,0.800000
106,9,2.432432,1611,74.930233,1044,75.053918,4,0.800000
63,10,2.702703,1611,74.930233,1044,75.053918,4,0.800000
274,11,2.972973,1611,74.930233,1044,75.053918,5,1.000000
127,12,3.243243,1709,79.488372,1123,80.733285,5,1.000000
323,13,3.513514,1714,79.720930,1123,80.733285,5,1.000000
130,14,3.783784,1714,79.720930,1123,80.733285,5,1.000000
331,15,4.054054,1714,79.720930,1123,80.733285,5,1.000000
298,16,4.324324,1714,79.720930,1123,80.733285,5,1.000000
74,17,4.594595,1714,79.720930,1123,80.733285,5,1.000000
