TestcaseNumber,TestcaseCount,TestcaseRatio,StatementCount,StatementRatio,BranchCount,BranchRatio,FaultCount,FaultRatio
57,1,0.270270,0,0.000000,0,0.000000,0,0.000000
190,2,0.540541,0,0.000000,0,0.000000,0,0.000000
236,3,0.810811,272,12.651163,240,17.253774,0,0.000000
361,4,1.081081,272,12.651163,240,17.253774,0,0.000000
201,5,1.351351,339,15.767442,289,20.776420,1,0.200000
38,6,1.621622,1693,78.744186,1107,79.583034,1,0.200000
281,7,1.891892,1693,78.744186,1107,79.583034,1,0.200000
78,8,2.162162,1693,78.744186,1107,79.583034,3,0.600000
134,9,2.432432,1693,78.744186,1107,79.583034,3,0.600000
272,10,2.702703,1693,78.744186,1107,79.583034,4,0.800000
23,11,2.972973,1693,78.744186,1107,79.583034,5,1.000000
14,12,3.243243,1701,79.116279,1107,79.583034,5,1.000000
114,13,3.513514,1701,79.116279,1107,79.583034,5,1.000000
238,14,3.783784,1710,79.534884,1113,80.014378,5,1.000000
18,15,4.054054,1719,79.953488,1115,80.158160,5,1.000000
39,16,4.324324,1738,80.837209,1131,81.308411,5,1.000000
249,17,4.594595,1738,80.837209,1131,81.308411,5,1.000000
188,18,4.864865,1738,80.837209,1131,81.308411,5,1.000000
29,19,5.135135,1738,80.837209,1131,81.308411,5,1.000000
178,20,5.405405,1738,80.837209,1131,81.308411,5,1.000000
