TestcaseNumber,TestcaseCount,TestcaseRatio,StatementCount,StatementRatio,BranchCount,BranchRatio,FaultCount,FaultRatio
77,1,0.270270,0,0.000000,0,0.000000,3,0.600000
225,2,0.540541,0,0.000000,0,0.000000,3,0.600000
75,3,0.810811,0,0.000000,0,0.000000,3,0.600000
72,4,1.081081,0,0.000000,0,0.000000,3,0.600000
166,5,1.351351,0,0.000000,0,0.000000,3,0.600000
314,6,1.621622,0,0.000000,0,0.000000,4,0.800000
321,7,1.891892,0,0.000000,0,0.000000,4,0.800000
229,8,2.162162,0,0.000000,0,0.000000,4,0.800000
283,9,2.432432,0,0.000000,0,0.000000,4,0.800000
287,10,2.702703,249,11.581395,228,16.391086,4,0.800000
278,11,2.972973,350,16.279070,280,20.129403,4,0.800000
218,12,3.243243,1738,80.837209,1133,81.452193,4,0.800000
164,13,3.513514,1738,80.837209,1133,81.452193,4,0.800000
74,14,3.783784,1738,80.837209,1133,81.452193,4,0.800000
334,15,4.054054,1738,80.837209,1133,81.452193,4,0.800000
322,16,4.324324,1744,81.116279,1135,81.595974,4,0.800000
200,17,4.594595,1769,82.279070,1149,82.602444,4,0.800000
31,18,4.864865,1798,83.627907,1155,83.033789,5,1.000000
114,19,5.135135,1798,83.627907,1155,83.033789,5,1.000000
253,20,5.405405,1798,83.627907,1155,83.033789,5,1.000000
155,21,5.675676,1798,83.627907,1155,83.033789,5,1.000000
249,22,5.945946,1798,83.627907,1155,83.033789,5,1.000000
197,23,6.216216,1798,83.627907,1155,83.033789,5,1.000000
66,24,6.486486,1798,83.627907,1155,83.033789,5,1.000000
108,25,6.756757,1798,83.627907,1155,83.033789,5,1.000000
32,26,7.027027,1802,83.813953,1157,83.177570,5,1.000000
207,27,7.297297,1805,83.953488,1157,83.177570,5,1.000000
252,28,7.567568,1805,83.953488,1157,83.177570,5,1.000000
52,29,7.837838,1805,83.953488,1157,83.177570,5,1.000000
351,30,8.108108,1818,84.558140,1163,83.608914,5,1.000000
160,31,8.378378,1818,84.558140,1163,83.608914,5,1.000000
188,32,8.648649,1818,84.558140,1163,83.608914,5,1.000000
