TestcaseNumber,TestcaseCount,TestcaseRatio,StatementCount,StatementRatio,BranchCount,BranchRatio,FaultCount,FaultRatio
68,1,0.270270,118,5.488372,109,7.836089,1,0.200000
252,2,0.540541,118,5.488372,109,7.836089,2,0.400000
255,3,0.810811,118,5.488372,109,7.836089,5,1.000000
198,4,1.081081,118,5.488372,109,7.836089,5,1.000000
202,5,1.351351,252,11.720930,199,14.306254,5,1.000000
146,6,1.621622,252,11.720930,199,14.306254,5,1.000000
184,7,1.891892,252,11.720930,199,14.306254,5,1.000000
115,8,2.162162,252,11.720930,199,14.306254,5,1.000000
54,9,2.432432,252,11.720930,199,14.306254,5,1.000000
7,10,2.702703,1673,77.813953,1094,78.648454,5,1.000000
342,11,2.972973,1673,77.813953,1094,78.648454,5,1.000000
272,12,3.243243,1673,77.813953,1094,78.648454,5,1.000000
321,13,3.513514,1673,77.813953,1094,78.648454,5,1.000000
193,14,3.783784,1673,77.813953,1094,78.648454,5,1.000000
178,15,4.054054,1673,77.813953,1094,78.648454,5,1.000000
96,16,4.324324,1673,77.813953,1094,78.648454,5,1.000000
331,17,4.594595,1673,77.813953,1094,78.648454,5,1.000000
323,18,4.864865,1712,79.627907,1120,80.517613,5,1.000000
267,19,5.135135,1712,79.627907,1120,80.517613,5,1.000000
70,20,5.405405,1712,79.627907,1120,80.517613,5,1.000000
142,21,5.675676,1712,79.627907,1120,80.517613,5,1.000000
37,22,5.945946,1722,80.093023,1122,80.661395,5,1.000000
308,23,6.216216,1722,80.093023,1122,80.661395,5,1.000000
262,24,6.486486,1722,80.093023,1122,80.661395,5,1.000000
122,25,6.756757,1722,80.093023,1122,80.661395,5,1.000000
170,26,7.027027,1722,80.093023,1122,80.661395,5,1.000000
106,27,7.297297,1722,80.093023,1122,80.661395,5,1.000000
19,28,7.567568,1722,80.093023,1122,80.661395,5,1.000000
266,29,7.837838,1722,80.093023,1122,80.661395,5,1.000000
