TestcaseNumber,TestcaseCount,TestcaseRatio,StatementCount,StatementRatio,BranchCount,BranchRatio,FaultCount,FaultRatio
293,1,0.270270,0,0.000000,0,0.000000,1,0.200000
320,2,0.540541,0,0.000000,0,0.000000,3,0.600000
327,3,0.810811,0,0.000000,0,0.000000,3,0.600000
77,4,1.081081,0,0.000000,0,0.000000,4,0.800000
20,5,1.351351,193,8.976744,184,13.227894,4,0.800000
316,6,1.621622,193,8.976744,184,13.227894,4,0.800000
356,7,1.891892,252,11.720930,230,16.534867,4,0.800000
49,8,2.162162,252,11.720930,230,16.534867,4,0.800000
366,9,2.432432,257,11.953488,230,16.534867,4,0.800000
59,10,2.702703,257,11.953488,230,16.534867,4,0.800000
284,11,2.972973,257,11.953488,230,16.534867,4,0.800000
182,12,3.243243,1647,76.604651,1066,76.635514,4,0.800000
78,13,3.513514,1647,76.604651,1066,76.635514,4,0.800000
81,14,3.783784,1647,76.604651,1066,76.635514,4,0.800000
85,15,4.054054,1647,76.604651,1066,76.635514,4,0.800000
290,16,4.324324,1726,80.279070,1130,81.236520,4,0.800000
228,17,4.594595,1726,80.279070,1130,81.236520,4,0.800000
87,18,4.864865,1726,80.279070,1130,81.236520,4,0.800000
252,19,5.135135,1726,80.279070,1130,81.236520,4,0.800000
181,20,5.405405,1726,80.279070,1130,81.236520,5,1.000000
218,21,5.675676,1763,82.000000,1153,82.890007,5,1.000000
82,22,5.945946,1763,82.000000,1153,82.890007,5,1.000000
312,23,6.216216,1763,82.000000,1153,82.890007,5,1.000000
110,24,6.486486,1763,82.000000,1153,82.890007,5,1.000000
305,25,6.756757,1765,82.093023,1153,82.890007,5,1.000000
268,26,7.027027,1765,82.093023,1155,83.033789,5,1.000000
94,27,7.297297,1765,82.093023,1155,83.033789,5,1.000000
237,28,7.567568,1819,84.604651,1187,85.334292,5,1.000000
