TestcaseNumber,TestcaseCount,TestcaseRatio,StatementCount,StatementRatio,BranchCount,BranchRatio,FaultCount,FaultRatio
120,1,0.270270,0,0.000000,0,0.000000,2,0.400000
298,2,0.540541,0,0.000000,0,0.000000,2,0.400000
68,3,0.810811,118,5.488372,109,7.836089,3,0.600000
3,4,1.081081,121,5.627907,109,7.836089,3,0.600000
127,5,1.351351,1675,77.906977,1115,80.158160,3,0.600000
235,6,1.621622,1675,77.906977,1115,80.158160,3,0.600000
200,7,1.891892,1715,79.767442,1145,82.314881,3,0.600000
259,8,2.162162,1715,79.767442,1145,82.314881,3,0.600000
5,9,2.432432,1745,81.162791,1151,82.746226,4,0.800000
11,10,2.702703,1748,81.302326,1153,82.890007,4,0.800000
51,11,2.972973,1748,81.302326,1153,82.890007,5,1.000000
164,12,3.243243,1748,81.302326,1153,82.890007,5,1.000000
270,13,3.513514,1748,81.302326,1153,82.890007,5,1.000000
165,14,3.783784,1748,81.302326,1153,82.890007,5,1.000000
134,15,4.054054,1748,81.302326,1153,82.890007,5,1.000000
361,16,4.324324,1748,81.302326,1153,82.890007,5,1.000000
131,17,4.594595,1748,81.302326,1153,82.890007,5,1.000000
354,18,4.864865,1748,81.302326,1153,82.890007,5,1.000000
360,19,5.135135,1748,81.302326,1153,82.890007,5,1.000000
37,20,5.405405,1756,81.674419,1155,83.033789,5,1.000000
356,21,5.675676,1756,81.674419,1155,83.033789,5,1.000000
166,22,5.945946,1756,81.674419,1155,83.033789,5,1.000000
271,23,6.216216,1756,81.674419,1155,83.033789,5,1.000000
303,24,6.486486,1756,81.674419,1155,83.033789,5,1.000000
175,25,6.756757,1834,85.302326,1191,85.621855,5,1.000000
323,26,7.027027,1834,85.302326,1191,85.621855,5,1.000000
297,27,7.297297,1984,92.279070,1309,94.104960,5,1.000000
202,28,7.567568,1984,92.279070,1309,94.104960,5,1.000000
169,29,7.837838,1984,92.279070,1309,94.104960,5,1.000000
