TestcaseNumber,TestcaseCount,TestcaseRatio,StatementCount,StatementRatio,BranchCount,BranchRatio,FaultCount,FaultRatio
251,1,0.270270,0,0.000000,0,0.000000,1,0.200000
192,2,0.540541,0,0.000000,0,0.000000,1,0.200000
289,3,0.810811,1595,74.186047,1072,77.066858,1,0.200000
132,4,1.081081,1595,74.186047,1072,77.066858,1,0.200000
69,5,1.351351,1603,74.558140,1076,77.354421,1,0.200000
342,6,1.621622,1603,74.558140,1076,77.354421,1,0.200000
6,7,1.891892,1603,74.558140,1076,77.354421,3,0.600000
296,8,2.162162,1862,86.604651,1258,90.438533,3,0.600000
161,9,2.432432,1862,86.604651,1258,90.438533,5,1.000000
278,10,2.702703,1886,87.720930,1272,91.445004,5,1.000000
169,11,2.972973,1886,87.720930,1272,91.445004,5,1.000000
16,12,3.243243,1893,88.046512,1278,91.876348,5,1.000000
267,13,3.513514,1893,88.046512,1278,91.876348,5,1.000000
362,14,3.783784,1893,88.046512,1278,91.876348,5,1.000000
171,15,4.054054,1893,88.046512,1278,91.876348,5,1.000000
367,16,4.324324,1898,88.279070,1278,91.876348,5,1.000000
200,17,4.594595,1929,89.720930,1296,93.170381,5,1.000000
230,18,4.864865,1929,89.720930,1296,93.170381,5,1.000000
306,19,5.135135,1929,89.720930,1296,93.170381,5,1.000000
134,20,5.405405,1929,89.720930,1296,93.170381,5,1.000000
250,21,5.675676,1958,91.069767,1310,94.176851,5,1.000000
188,22,5.945946,1958,91.069767,1310,94.176851,5,1.000000
213,23,6.216216,1958,91.069767,1310,94.176851,5,1.000000
340,24,6.486486,1976,91.906977,1312,94.320633,5,1.000000
360,25,6.756757,1976,91.906977,1312,94.320633,5,1.000000
281,26,7.027027,1976,91.906977,1312,94.320633,5,1.000000
126,27,7.297297,1998,92.930233,1327,95.398994,5,1.000000
96,28,7.567568,1998,92.930233,1327,95.398994,5,1.000000
109,29,7.837838,1998,92.930233,1327,95.398994,5,1.000000
328,30,8.108108,1998,92.930233,1327,95.398994,5,1.000000
218,31,8.378378,1998,92.930233,1327,95.398994,5,1.000000
307,32,8.648649,1998,92.930233,1327,95.398994,5,1.000000
