TestcaseNumber,TestcaseCount,TestcaseRatio,StatementCount,StatementRatio,BranchCount,BranchRatio,FaultCount,FaultRatio
241,1,0.270270,0,0.000000,0,0.000000,0,0.000000
54,2,0.540541,0,0.000000,0,0.000000,1,0.200000
321,3,0.810811,0,0.000000,0,0.000000,2,0.400000
184,4,1.081081,0,0.000000,0,0.000000,2,0.400000
325,5,1.351351,0,0.000000,0,0.000000,2,0.400000
258,6,1.621622,116,5.395349,107,7.692308,3,0.600000
363,7,1.891892,121,5.627907,107,7.692308,3,0.600000
216,8,2.162162,1665,77.441860,1087,78.145219,3,0.600000
290,9,2.432432,1727,80.325581,1143,82.171100,3,0.600000
259,10,2.702703,1727,80.325581,1143,82.171100,3,0.600000
83,11,2.972973,1727,80.325581,1143,82.171100,4,0.800000
47,12,3.243243,1728,80.372093,1145,82.314881,4,0.800000
127,13,3.513514,1744,81.116279,1155,83.033789,5,1.000000
208,14,3.783784,1746,81.209302,1157,83.177570,5,1.000000
65,15,4.054054,1746,81.209302,1157,83.177570,5,1.000000
355,16,4.324324,1746,81.209302,1157,83.177570,5,1.000000
67,17,4.594595,1746,81.209302,1157,83.177570,5,1.000000
255,18,4.864865,1746,81.209302,1157,83.177570,5,1.000000
167,19,5.135135,1746,81.209302,1157,83.177570,5,1.000000
365,20,5.405405,1746,81.209302,1157,83.177570,5,1.000000
196,21,5.675676,1746,81.209302,1157,83.177570,5,1.000000
267,22,5.945946,1746,81.209302,1157,83.177570,5,1.000000
221,23,6.216216,1746,81.209302,1157,83.177570,5,1.000000
211,24,6.486486,1755,81.627907,1159,83.321352,5,1.000000
30,25,6.756757,1755,81.627907,1159,83.321352,5,1.000000
156,26,7.027027,1755,81.627907,1159,83.321352,5,1.000000
206,27,7.297297,1755,81.627907,1159,83.321352,5,1.000000
24,28,7.567568,1755,81.627907,1159,83.321352,5,1.000000
50,29,7.837838,1762,81.953488,1161,83.465133,5,1.000000
150,30,8.108108,1762,81.953488,1161,83.465133,5,1.000000
137,31,8.378378,1762,81.953488,1161,83.465133,5,1.000000
