TestcaseNumber,TestcaseCount,TestcaseRatio,StatementCount,StatementRatio,BranchCount,BranchRatio,FaultCount,FaultRatio
309,1,0.270270,0,0.000000,0,0.000000,0,0.000000
181,2,0.540541,1589,73.906977,1042,74.910137,5,1.000000
142,3,0.810811,1612,74.976744,1058,76.060388,5,1.000000
367,4,1.081081,1617,75.209302,1058,76.060388,5,1.000000
12,5,1.351351,1639,76.232558,1064,76.491733,5,1.000000
307,6,1.621622,1639,76.232558,1064,76.491733,5,1.000000
160,7,1.891892,1639,76.232558,1064,76.491733,5,1.000000
157,8,2.162162,1639,76.232558,1064,76.491733,5,1.000000
353,9,2.432432,1639,76.232558,1064,76.491733,5,1.000000
304,10,2.702703,1639,76.232558,1064,76.491733,5,1.000000
240,11,2.972973,1639,76.232558,1064,76.491733,5,1.000000
24,12,3.243243,1639,76.232558,1064,76.491733,5,1.000000
23,13,3.513514,1639,76.232558,1064,76.491733,5,1.000000
19,14,3.783784,1639,76.232558,1064,76.491733,5,1.000000
149,15,4.054054,1639,76.232558,1064,76.491733,5,1.000000
170,16,4.324324,1639,76.232558,1064,76.491733,5,1.000000
280,17,4.594595,1639,76.232558,1064,76.491733,5,1.000000
8,18,4.864865,1649,76.697674,1066,76.635514,5,1.000000
9,19,5.135135,1649,76.697674,1066,76.635514,5,1.000000
203,20,5.405405,1705,79.302326,1107,79.583034,5,1.000000
363,21,5.675676,1705,79.302326,1107,79.583034,5,1.000000
