TestcaseNumber,TestcaseCount,TestcaseRatio,StatementCount,StatementRatio,BranchCount,BranchRatio,FaultCount,FaultRatio
245,1,0.270270,240,11.162791,234,16.822430,0,0.000000
31,2,0.540541,1075,50.000000,707,50.826743,5,1.000000
366,3,0.810811,1080,50.232558,707,50.826743,5,1.000000
280,4,1.081081,1080,50.232558,707,50.826743,5,1.000000
14,5,1.351351,1088,50.604651,707,50.826743,5,1.000000
81,6,1.621622,1088,50.604651,707,50.826743,5,1.000000
164,7,1.891892,1088,50.604651,707,50.826743,5,1.000000
203,8,2.162162,1153,53.627907,754,54.205607,5,1.000000
279,9,2.432432,1204,56.000000,774,55.643422,5,1.000000
234,10,2.702703,1204,56.000000,774,55.643422,5,1.000000
206,11,2.972973,1204,56.000000,774,55.643422,5,1.000000
301,12,3.243243,1204,56.000000,774,55.643422,5,1.000000
121,13,3.513514,1204,56.000000,774,55.643422,5,1.000000
34,14,3.783784,1740,80.930233,1109,79.726815,5,1.000000
344,15,4.054054,1742,81.023256,1109,79.726815,5,1.000000
107,16,4.324324,1744,81.116279,1111,79.870597,5,1.000000
305,17,4.594595,1753,81.534884,1117,80.301941,5,1.000000
303,18,4.864865,1753,81.534884,1117,80.301941,5,1.000000
340,19,5.135135,1813,84.325581,1147,82.458663,5,1.000000
109,20,5.405405,1813,84.325581,1147,82.458663,5,1.000000
248,21,5.675676,1813,84.325581,1147,82.458663,5,1.000000
264,22,5.945946,1813,84.325581,1147,82.458663,5,1.000000
356,23,6.216216,1813,84.325581,1147,82.458663,5,1.000000
30,24,6.486486,1813,84.325581,1147,82.458663,5,1.000000
135,25,6.756757,1813,84.325581,1147,82.458663,5,1.000000
307,26,7.027027,1813,84.325581,1147,82.458663,5,1.000000
