TestcaseNumber,TestcaseCount,TestcaseRatio,StatementCount,StatementRatio,BranchCount,BranchRatio,FaultCount,FaultRatio
170,1,0.270270,0,0.000000,0,0.000000,0,0.000000
194,2,0.540541,0,0.000000,0,0.000000,0,0.000000
145,3,0.810811,0,0.000000,0,0.000000,0,0.000000
25,4,1.081081,0,0.000000,0,0.000000,1,0.200000
106,5,1.351351,129,6.000000,121,8.698778,2,0.400000
163,6,1.621622,129,6.000000,121,8.698778,3,0.600000
315,7,1.891892,129,6.000000,121,8.698778,4,0.800000
298,8,2.162162,129,6.000000,121,8.698778,4,0.800000
338,9,2.432432,129,6.000000,121,8.698778,4,0.800000
369,10,2.702703,134,6.232558,121,8.698778,4,0.800000
73,11,2.972973,134,6.232558,121,8.698778,4,0.800000
91,12,3.243243,134,6.232558,121,8.698778,4,0.800000
245,13,3.513514,253,11.767442,238,17.109993,4,0.800000
343,14,3.783784,314,14.604651,276,19.841840,4,0.800000
250,15,4.054054,1677,78.000000,1098,78.936017,4,0.800000
267,16,4.324324,1677,78.000000,1098,78.936017,4,0.800000
348,17,4.594595,1687,78.465116,1104,79.367362,4,0.800000
359,18,4.864865,1713,79.674419,1116,80.230050,4,0.800000
281,19,5.135135,1713,79.674419,1116,80.230050,4,0.800000
117,20,5.405405,1713,79.674419,1116,80.230050,4,0.800000
115,21,5.675676,1713,79.674419,1116,80.230050,4,0.800000
235,22,5.945946,1713,79.674419,1116,80.230050,4,0.800000
354,23,6.216216,1713,79.674419,1116,80.230050,4,0.800000
238,24,6.486486,1743,81.069767,1140,81.955428,4,0.800000
210,25,6.756757,1757,81.720930,1144,82.242991,4,0.800000
310,26,7.027027,1757,81.720930,1144,82.242991,4,0.800000
364,27,7.297297,1757,81.720930,1144,82.242991,4,0.800000
155,28,7.567568,1757,81.720930,1144,82.242991,4,0.800000
