TestcaseNumber,TestcaseCount,TestcaseRatio,StatementCount,StatementRatio,BranchCount,BranchRatio,FaultCount,FaultRatio
10,1,0.270270,81,3.767442,73,5.248023,0,0.000000
116,2,0.540541,81,3.767442,73,5.248023,0,0.000000
247,3,0.810811,268,12.465116,240,17.253774,0,0.000000
235,4,1.081081,268,12.465116,240,17.253774,1,0.200000
311,5,1.351351,268,12.465116,240,17.253774,1,0.200000
255,6,1.621622,268,12.465116,240,17.253774,5,1.000000
270,7,1.891892,268,12.465116,240,17.253774,5,1.000000
248,8,2.162162,268,12.465116,240,17.253774,5,1.000000
66,9,2.432432,268,12.465116,240,17.253774,5,1.000000
132,10,2.702703,268,12.465116,240,17.253774,5,1.000000
361,11,2.972973,268,12.465116,240,17.253774,5,1.000000
278,12,3.243243,374,17.395349,294,21.135873,5,1.000000
227,13,3.513514,374,17.395349,294,21.135873,5,1.000000
154,14,3.783784,374,17.395349,294,21.135873,5,1.000000
74,15,4.054054,374,17.395349,294,21.135873,5,1.000000
274,16,4.324324,374,17.395349,294,21.135873,5,1.000000
125,17,4.594595,1775,82.558140,1171,84.184040,5,1.000000
215,18,4.864865,1775,82.558140,1171,84.184040,5,1.000000
354,19,5.135135,1775,82.558140,1171,84.184040,5,1.000000
277,20,5.405405,1777,82.651163,1171,84.184040,5,1.000000
76,21,5.675676,1777,82.651163,1171,84.184040,5,1.000000
19,22,5.945946,1777,82.651163,1171,84.184040,5,1.000000
175,23,6.216216,1828,85.023256,1191,85.621855,5,1.000000
296,24,6.486486,1977,91.953488,1307,93.961179,5,1.000000
145,25,6.756757,1977,91.953488,1307,93.961179,5,1.000000
345,26,7.027027,1982,92.186047,1315,94.536305,5,1.000000
23,27,7.297297,1982,92.186047,1315,94.536305,5,1.000000
355,28,7.567568,1982,92.186047,1315,94.536305,5,1.000000
41,29,7.837838,1982,92.186047,1315,94.536305,5,1.000000
