TestcaseNumber,TestcaseCount,TestcaseRatio,StatementCount,StatementRatio,BranchCount,BranchRatio,FaultCount,FaultRatio
102,1,0.270270,0,0.000000,0,0.000000,1,0.200000
72,2,0.540541,0,0.000000,0,0.000000,1,0.200000
126,3,0.810811,1652,76.837209,1101,79.151689,2,0.400000
90,4,1.081081,1652,76.837209,1101,79.151689,2,0.400000
306,5,1.351351,1652,76.837209,1101,79.151689,4,0.800000
299,6,1.621622,1652,76.837209,1101,79.151689,4,0.800000
27,7,1.891892,1652,76.837209,1101,79.151689,4,0.800000
220,8,2.162162,1652,76.837209,1101,79.151689,5,1.000000
222,9,2.432432,1652,76.837209,1101,79.151689,5,1.000000
170,10,2.702703,1652,76.837209,1101,79.151689,5,1.000000
127,11,2.972973,1652,76.837209,1101,79.151689,5,1.000000
108,12,3.243243,1652,76.837209,1101,79.151689,5,1.000000
129,13,3.513514,1652,76.837209,1101,79.151689,5,1.000000
358,14,3.783784,1657,77.069767,1105,79.439252,5,1.000000
250,15,4.054054,1682,78.232558,1111,79.870597,5,1.000000
298,16,4.324324,1682,78.232558,1111,79.870597,5,1.000000
87,17,4.594595,1682,78.232558,1111,79.870597,5,1.000000
