TestcaseNumber,TestcaseCount,TestcaseRatio,StatementCount,StatementRatio,BranchCount,BranchRatio,FaultCount,FaultRatio
138,1,0.270270,182,8.465116,143,10.280374,1,0.200000
185,2,0.540541,182,8.465116,143,10.280374,2,0.400000
42,3,0.810811,182,8.465116,143,10.280374,3,0.600000
174,4,1.081081,1606,74.697674,1066,76.635514,3,0.600000
64,5,1.351351,1606,74.697674,1066,76.635514,3,0.600000
89,6,1.621622,1606,74.697674,1066,76.635514,3,0.600000
251,7,1.891892,1606,74.697674,1066,76.635514,3,0.600000
128,8,2.162162,1606,74.697674,1066,76.635514,5,1.000000
200,9,2.432432,1648,76.651163,1100,79.079799,5,1.000000
330,10,2.702703,1648,76.651163,1100,79.079799,5,1.000000
141,11,2.972973,1664,77.395349,1112,79.942487,5,1.000000
362,12,3.243243,1664,77.395349,1112,79.942487,5,1.000000
169,13,3.513514,1664,77.395349,1112,79.942487,5,1.000000
97,14,3.783784,1664,77.395349,1112,79.942487,5,1.000000
140,15,4.054054,1664,77.395349,1112,79.942487,5,1.000000
356,16,4.324324,1664,77.395349,1112,79.942487,5,1.000000
198,17,4.594595,1664,77.395349,1112,79.942487,5,1.000000
216,18,4.864865,1764,82.046512,1165,83.752696,5,1.000000
307,19,5.135135,1764,82.046512,1165,83.752696,5,1.000000
131,20,5.405405,1764,82.046512,1165,83.752696,5,1.000000
195,21,5.675676,1764,82.046512,1165,83.752696,5,1.000000
