TestcaseNumber,TestcaseCount,TestcaseRatio,StatementCount,StatementRatio,BranchCount,BranchRatio,FaultCount,FaultRatio
224,1,0.270270,0,0.000000,0,0.000000,2,0.400000
231,2,0.540541,0,0.000000,0,0.000000,2,0.400000
255,3,0.810811,0,0.000000,0,0.000000,5,1.000000
310,4,1.081081,0,0.000000,0,0.000000,5,1.000000
27,5,1.351351,0,0.000000,0,0.000000,5,1.000000
370,6,1.621622,0,0.000000,0,0.000000,5,1.000000
89,7,1.891892,0,0.000000,0,0.000000,5,1.000000
366,8,2.162162,18,0.837209,8,0.575126,5,1.000000
328,9,2.432432,18,0.837209,8,0.575126,5,1.000000
322,10,2.702703,1582,73.581395,1034,74.335011,5,1.000000
221,11,2.972973,1582,73.581395,1034,74.335011,5,1.000000
308,12,3.243243,1582,73.581395,1034,74.335011,5,1.000000
273,13,3.513514,1582,73.581395,1034,74.335011,5,1.000000
79,14,3.783784,1582,73.581395,1034,74.335011,5,1.000000
48,15,4.054054,1582,73.581395,1034,74.335011,5,1.000000
22,16,4.324324,1582,73.581395,1034,74.335011,5,1.000000
74,17,4.594595,1582,73.581395,1034,74.335011,5,1.000000
270,18,4.864865,1582,73.581395,1034,74.335011,5,1.000000
367,19,5.135135,1582,73.581395,1034,74.335011,5,1.000000
30,20,5.405405,1582,73.581395,1034,74.335011,5,1.000000
202,21,5.675676,1661,77.255814,1088,78.217110,5,1.000000
94,22,5.945946,1661,77.255814,1088,78.217110,5,1.000000
