TestcaseNumber,TestcaseCount,TestcaseRatio,StatementCount,StatementRatio,BranchCount,BranchRatio,FaultCount,FaultRatio
301,1,0.270270,0,0.000000,0,0.000000,5,1.000000
359,2,0.540541,226,10.511628,218,15.672178,5,1.000000
33,3,0.810811,1599,74.372093,1032,74.191229,5,1.000000
239,4,1.081081,1641,76.325581,1064,76.491733,5,1.000000
69,5,1.351351,1664,77.395349,1080,77.641984,5,1.000000
67,6,1.621622,1664,77.395349,1080,77.641984,5,1.000000
313,7,1.891892,1664,77.395349,1080,77.641984,5,1.000000
160,8,2.162162,1664,77.395349,1080,77.641984,5,1.000000
264,9,2.432432,1664,77.395349,1080,77.641984,5,1.000000
53,10,2.702703,1664,77.395349,1080,77.641984,5,1.000000
300,11,2.972973,1664,77.395349,1080,77.641984,5,1.000000
157,12,3.243243,1664,77.395349,1080,77.641984,5,1.000000
257,13,3.513514,1664,77.395349,1080,77.641984,5,1.000000
99,14,3.783784,1664,77.395349,1080,77.641984,5,1.000000
285,15,4.054054,1664,77.395349,1080,77.641984,5,1.000000
205,16,4.324324,1691,78.651163,1095,78.720345,5,1.000000
203,17,4.594595,1701,79.116279,1103,79.295471,5,1.000000
201,18,4.864865,1701,79.116279,1103,79.295471,5,1.000000
261,19,5.135135,1717,79.860465,1111,79.870597,5,1.000000
139,20,5.405405,1717,79.860465,1111,79.870597,5,1.000000
81,21,5.675676,1717,79.860465,1111,79.870597,5,1.000000
10,22,5.945946,1720,80.000000,1113,80.014378,5,1.000000
231,23,6.216216,1720,80.000000,1113,80.014378,5,1.000000
112,24,6.486486,1720,80.000000,1113,80.014378,5,1.000000
40,25,6.756757,1720,80.000000,1113,80.014378,5,1.000000
252,26,7.027027,1720,80.000000,1113,80.014378,5,1.000000
60,27,7.297297,1720,80.000000,1113,80.014378,5,1.000000
360,28,7.567568,1720,80.000000,1113,80.014378,5,1.000000
153,29,7.837838,1720,80.000000,1113,80.014378,5,1.000000
