TestcaseNumber,TestcaseCount,TestcaseRatio,StatementCount,StatementRatio,BranchCount,BranchRatio,FaultCount,FaultRatio
234,1,0.270270,0,0.000000,0,0.000000,1,0.200000
280,2,0.540541,0,0.000000,0,0.000000,1,0.200000
263,3,0.810811,0,0.000000,0,0.000000,1,0.200000
156,4,1.081081,0,0.000000,0,0.000000,1,0.200000
143,5,1.351351,129,6.000000,121,8.698778,3,0.600000
201,6,1.621622,244,11.348837,196,14.090582,3,0.600000
246,7,1.891892,356,16.558140,301,21.639109,3,0.600000
301,8,2.162162,356,16.558140,301,21.639109,5,1.000000
250,9,2.432432,1704,79.255814,1117,80.301941,5,1.000000
321,10,2.702703,1704,79.255814,1117,80.301941,5,1.000000
255,11,2.972973,1704,79.255814,1117,80.301941,5,1.000000
291,12,3.243243,1788,83.162791,1183,85.046729,5,1.000000
112,13,3.513514,1788,83.162791,1183,85.046729,5,1.000000
13,14,3.783784,1796,83.534884,1183,85.046729,5,1.000000
197,15,4.054054,1796,83.534884,1183,85.046729,5,1.000000
172,16,4.324324,1840,85.581395,1195,85.909418,5,1.000000
97,17,4.594595,1840,85.581395,1195,85.909418,5,1.000000
329,18,4.864865,1840,85.581395,1195,85.909418,5,1.000000
86,19,5.135135,1840,85.581395,1195,85.909418,5,1.000000
369,20,5.405405,1845,85.813953,1195,85.909418,5,1.000000
4,21,5.675676,1848,85.953488,1197,86.053199,5,1.000000
38,22,5.945946,1851,86.093023,1197,86.053199,5,1.000000
203,23,6.216216,1851,86.093023,1197,86.053199,5,1.000000
108,24,6.486486,1851,86.093023,1197,86.053199,5,1.000000
293,25,6.756757,1851,86.093023,1197,86.053199,5,1.000000
188,26,7.027027,1851,86.093023,1197,86.053199,5,1.000000
