TestcaseNumber,TestcaseCount,TestcaseRatio,StatementCount,StatementRatio,BranchCount,BranchRatio,FaultCount,FaultRatio
308,1,0.270270,0,0.000000,0,0.000000,0,0.000000
322,2,0.540541,1577,73.348837,1034,74.335011,0,0.000000
54,3,0.810811,1577,73.348837,1034,74.335011,1,0.200000
209,4,1.081081,1619,75.302326,1059,76.132279,2,0.400000
339,5,1.351351,1619,75.302326,1059,76.132279,2,0.400000
133,6,1.621622,1619,75.302326,1059,76.132279,2,0.400000
291,7,1.891892,1724,80.186047,1141,82.027318,2,0.400000
103,8,2.162162,1724,80.186047,1141,82.027318,2,0.400000
12,9,2.432432,1745,81.162791,1147,82.458663,2,0.400000
328,10,2.702703,1745,81.162791,1147,82.458663,2,0.400000
219,11,2.972973,1770,82.325581,1159,83.321352,4,0.800000
198,12,3.243243,1770,82.325581,1159,83.321352,5,1.000000
16,13,3.513514,1770,82.325581,1159,83.321352,5,1.000000
354,14,3.783784,1770,82.325581,1159,83.321352,5,1.000000
47,15,4.054054,1773,82.465116,1161,83.465133,5,1.000000
298,16,4.324324,1773,82.465116,1161,83.465133,5,1.000000
77,17,4.594595,1773,82.465116,1161,83.465133,5,1.000000
215,18,4.864865,1773,82.465116,1161,83.465133,5,1.000000
256,19,5.135135,1773,82.465116,1161,83.465133,5,1.000000
277,20,5.405405,1773,82.465116,1161,83.465133,5,1.000000
7,21,5.675676,1784,82.976744,1163,83.608914,5,1.000000
