TestcaseNumber,TestcaseCount,TestcaseRatio,StatementCount,StatementRatio,BranchCount,BranchRatio,FaultCount,FaultRatio
96,1,0.270270,0,0.000000,0,0.000000,0,0.000000
352,2,0.540541,116,5.395349,107,7.692308,1,0.200000
171,3,0.810811,116,5.395349,107,7.692308,1,0.200000
271,4,1.081081,116,5.395349,107,7.692308,2,0.400000
205,5,1.351351,214,9.953488,168,12.077642,2,0.400000
86,6,1.621622,214,9.953488,168,12.077642,2,0.400000
11,7,1.891892,229,10.651163,178,12.796549,2,0.400000
321,8,2.162162,229,10.651163,178,12.796549,2,0.400000
30,9,2.432432,229,10.651163,178,12.796549,2,0.400000
302,10,2.702703,998,46.418605,629,45.219267,2,0.400000
160,11,2.972973,998,46.418605,629,45.219267,4,0.800000
113,12,3.243243,998,46.418605,629,45.219267,4,0.800000
173,13,3.513514,1687,78.465116,1105,79.439252,4,0.800000
45,14,3.783784,1687,78.465116,1105,79.439252,4,0.800000
158,15,4.054054,1687,78.465116,1105,79.439252,4,0.800000
1,16,4.324324,1690,78.604651,1105,79.439252,4,0.800000
214,17,4.594595,1690,78.604651,1105,79.439252,4,0.800000
260,18,4.864865,1743,81.069767,1145,82.314881,4,0.800000
184,19,5.135135,1743,81.069767,1145,82.314881,4,0.800000
34,20,5.405405,1799,83.674419,1169,84.040259,4,0.800000
217,21,5.675676,1813,84.325581,1179,84.759166,5,1.000000
296,22,5.945946,1962,91.255814,1295,93.098490,5,1.000000
259,23,6.216216,1962,91.255814,1295,93.098490,5,1.000000
63,24,6.486486,1962,91.255814,1295,93.098490,5,1.000000
52,25,6.756757,1962,91.255814,1295,93.098490,5,1.000000
316,26,7.027027,1962,91.255814,1295,93.098490,5,1.000000
360,27,7.297297,1962,91.255814,1295,93.098490,5,1.000000
135,28,7.567568,1962,91.255814,1295,93.098490,5,1.000000
