TestcaseNumber,TestcaseCount,TestcaseRatio,StatementCount,StatementRatio,BranchCount,BranchRatio,FaultCount,FaultRatio
302,1,0.270270,964,44.837209,609,43.781452,0,0.000000
164,2,0.540541,964,44.837209,609,43.781452,1,0.200000
229,3,0.810811,964,44.837209,609,43.781452,2,0.400000
232,4,1.081081,964,44.837209,609,43.781452,3,0.600000
248,5,1.351351,964,44.837209,609,43.781452,3,0.600000
65,6,1.621622,964,44.837209,609,43.781452,3,0.600000
287,7,1.891892,1105,51.395349,728,52.336449,3,0.600000
69,8,2.162162,1106,51.441860,728,52.336449,3,0.600000
193,9,2.432432,1106,51.441860,728,52.336449,3,0.600000
13,10,2.702703,1114,51.813953,728,52.336449,3,0.600000
25,11,2.972973,1114,51.813953,728,52.336449,3,0.600000
304,12,3.243243,1114,51.813953,728,52.336449,3,0.600000
93,13,3.513514,1114,51.813953,728,52.336449,5,1.000000
4,14,3.783784,1127,52.418605,734,52.767793,5,1.000000
5,15,4.054054,1700,79.069767,1077,77.426312,5,1.000000
94,16,4.324324,1700,79.069767,1077,77.426312,5,1.000000
30,17,4.594595,1700,79.069767,1077,77.426312,5,1.000000
86,18,4.864865,1700,79.069767,1077,77.426312,5,1.000000
340,19,5.135135,1745,81.162791,1103,79.295471,5,1.000000
131,20,5.405405,1745,81.162791,1103,79.295471,5,1.000000
296,21,5.675676,1937,90.093023,1269,91.229331,5,1.000000
228,22,5.945946,1937,90.093023,1269,91.229331,5,1.000000
78,23,6.216216,1937,90.093023,1269,91.229331,5,1.000000
43,24,6.486486,1937,90.093023,1269,91.229331,5,1.000000
