TestcaseNumber,TestcaseCount,TestcaseRatio,StatementCount,StatementRatio,BranchCount,BranchRatio,FaultCount,FaultRatio
282,1,0.270270,0,0.000000,0,0.000000,1,0.200000
302,2,0.540541,964,44.837209,609,43.781452,1,0.200000
199,3,0.810811,983,45.720930,619,44.500359,1,0.200000
16,4,1.081081,1063,49.441860,671,48.238677,1,0.200000
149,5,1.351351,1063,49.441860,671,48.238677,4,0.800000
255,6,1.621622,1063,49.441860,671,48.238677,5,1.000000
121,7,1.891892,1063,49.441860,671,48.238677,5,1.000000
293,8,2.162162,1063,49.441860,671,48.238677,5,1.000000
245,9,2.432432,1104,51.348837,732,52.624012,5,1.000000
135,10,2.702703,1104,51.348837,732,52.624012,5,1.000000
331,11,2.972973,1104,51.348837,732,52.624012,5,1.000000
350,12,3.243243,1130,52.558140,752,54.061826,5,1.000000
122,13,3.513514,1130,52.558140,752,54.061826,5,1.000000
285,14,3.783784,1130,52.558140,752,54.061826,5,1.000000
362,15,4.054054,1130,52.558140,752,54.061826,5,1.000000
365,16,4.324324,1135,52.790698,752,54.061826,5,1.000000
222,17,4.594595,1135,52.790698,752,54.061826,5,1.000000
66,18,4.864865,1135,52.790698,752,54.061826,5,1.000000
278,19,5.135135,1164,54.139535,768,55.212078,5,1.000000
