TestcaseNumber,TestcaseCount,TestcaseRatio,StatementCount,StatementRatio,BranchCount,BranchRatio,FaultCount,FaultRatio
87,1,0.270270,0,0.000000,0,0.000000,0,0.000000
262,2,0.540541,0,0.000000,0,0.000000,0,0.000000
163,3,0.810811,0,0.000000,0,0.000000,3,0.600000
111,4,1.081081,0,0.000000,0,0.000000,3,0.600000
165,5,1.351351,0,0.000000,0,0.000000,4,0.800000
280,6,1.621622,0,0.000000,0,0.000000,4,0.800000
23,7,1.891892,0,0.000000,0,0.000000,5,1.000000
123,8,2.162162,0,0.000000,0,0.000000,5,1.000000
86,9,2.432432,0,0.000000,0,0.000000,5,1.000000
248,10,2.702703,0,0.000000,0,0.000000,5,1.000000
58,11,2.972973,0,0.000000,0,0.000000,5,1.000000
81,12,3.243243,0,0.000000,0,0.000000,5,1.000000
275,13,3.513514,0,0.000000,0,0.000000,5,1.000000
130,14,3.783784,0,0.000000,0,0.000000,5,1.000000
305,15,4.054054,964,44.837209,609,43.781452,5,1.000000
62,16,4.324324,964,44.837209,609,43.781452,5,1.000000
134,17,4.594595,964,44.837209,609,43.781452,5,1.000000
18,18,4.864865,1092,50.790698,728,52.336449,5,1.000000
290,19,5.135135,1661,77.255814,1107,79.583034,5,1.000000
142,20,5.405405,1669,77.627907,1113,80.014378,5,1.000000
207,21,5.675676,1680,78.139535,1117,80.301941,5,1.000000
345,22,5.945946,1684,78.325581,1123,80.733285,5,1.000000
99,23,6.216216,1684,78.325581,1123,80.733285,5,1.000000
321,24,6.486486,1684,78.325581,1123,80.733285,5,1.000000
369,25,6.756757,1689,78.558140,1123,80.733285,5,1.000000
102,26,7.027027,1689,78.558140,1123,80.733285,5,1.000000
238,27,7.297297,1723,80.139535,1149,82.602444,5,1.000000
