TestcaseNumber,TestcaseCount,TestcaseRatio,StatementCount,StatementRatio,BranchCount,BranchRatio,FaultCount,FaultRatio
151,1,0.270270,0,0.000000,0,0.000000,1,0.200000
164,2,0.540541,0,0.000000,0,0.000000,2,0.400000
136,3,0.810811,182,8.465116,143,10.280374,2,0.400000
5,4,1.081081,1618,75.255814,1038,74.622574,3,0.600000
227,5,1.351351,1618,75.255814,1038,74.622574,4,0.800000
330,6,1.621622,1618,75.255814,1038,74.622574,5,1.000000
252,7,1.891892,1618,75.255814,1038,74.622574,5,1.000000
93,8,2.162162,1618,75.255814,1038,74.622574,5,1.000000
97,9,2.432432,1618,75.255814,1038,74.622574,5,1.000000
308,10,2.702703,1618,75.255814,1038,74.622574,5,1.000000
193,11,2.972973,1618,75.255814,1038,74.622574,5,1.000000
230,12,3.243243,1618,75.255814,1038,74.622574,5,1.000000
153,13,3.513514,1618,75.255814,1038,74.622574,5,1.000000
19,14,3.783784,1618,75.255814,1038,74.622574,5,1.000000
272,15,4.054054,1618,75.255814,1038,74.622574,5,1.000000
212,16,4.324324,1618,75.255814,1038,74.622574,5,1.000000
367,17,4.594595,1623,75.488372,1038,74.622574,5,1.000000
182,18,4.864865,1670,77.674419,1066,76.635514,5,1.000000
240,19,5.135135,1670,77.674419,1066,76.635514,5,1.000000
4,20,5.405405,1675,77.906977,1068,76.779295,5,1.000000
