TestcaseNumber,TestcaseCount,TestcaseRatio,StatementCount,StatementRatio,BranchCount,BranchRatio,FaultCount,FaultRatio
84,1,0.270270,0,0.000000,0,0.000000,0,0.000000
277,2,0.540541,116,5.395349,107,7.692308,1,0.200000
120,3,0.810811,116,5.395349,107,7.692308,3,0.600000
72,4,1.081081,116,5.395349,107,7.692308,3,0.600000
166,5,1.351351,116,5.395349,107,7.692308,4,0.800000
274,6,1.621622,116,5.395349,107,7.692308,5,1.000000
3,7,1.891892,119,5.534884,107,7.692308,5,1.000000
99,8,2.162162,119,5.534884,107,7.692308,5,1.000000
191,9,2.432432,119,5.534884,107,7.692308,5,1.000000
36,10,2.702703,119,5.534884,107,7.692308,5,1.000000
324,11,2.972973,119,5.534884,107,7.692308,5,1.000000
370,12,3.243243,119,5.534884,107,7.692308,5,1.000000
43,13,3.513514,119,5.534884,107,7.692308,5,1.000000
359,14,3.783784,251,11.674419,232,16.678648,5,1.000000
133,15,4.054054,251,11.674419,232,16.678648,5,1.000000
5,16,4.324324,1651,76.790698,1052,75.629044,5,1.000000
319,17,4.594595,1725,80.232558,1112,79.942487,5,1.000000
28,18,4.864865,1725,80.232558,1112,79.942487,5,1.000000
245,19,5.135135,1755,81.627907,1132,81.380302,5,1.000000
162,20,5.405405,1755,81.627907,1132,81.380302,5,1.000000
57,21,5.675676,1755,81.627907,1132,81.380302,5,1.000000
303,22,5.945946,1766,82.139535,1139,81.883537,5,1.000000
329,23,6.216216,1766,82.139535,1139,81.883537,5,1.000000
335,24,6.486486,1766,82.139535,1139,81.883537,5,1.000000
336,25,6.756757,1781,82.837209,1145,82.314881,5,1.000000
353,26,7.027027,1781,82.837209,1145,82.314881,5,1.000000
15,27,7.297297,1784,82.976744,1145,82.314881,5,1.000000
343,28,7.567568,1788,83.162791,1151,82.746226,5,1.000000
