TestcaseNumber,TestcaseCount,TestcaseRatio,StatementCount,StatementRatio,BranchCount,BranchRatio,FaultCount,FaultRatio
165,1,0.270270,0,0.000000,0,0.000000,1,0.200000
341,2,0.540541,0,0.000000,0,0.000000,3,0.600000
289,3,0.810811,1595,74.186047,1072,77.066858,3,0.600000
6,4,1.081081,1595,74.186047,1072,77.066858,5,1.000000
250,5,1.351351,1715,79.767442,1134,81.524083,5,1.000000
294,6,1.621622,1753,81.534884,1163,83.608914,5,1.000000
156,7,1.891892,1753,81.534884,1163,83.608914,5,1.000000
293,8,2.162162,1753,81.534884,1163,83.608914,5,1.000000
173,9,2.432432,1811,84.232558,1183,85.046729,5,1.000000
260,10,2.702703,1842,85.674419,1209,86.915888,5,1.000000
206,11,2.972973,1851,86.093023,1213,87.203451,5,1.000000
297,12,3.243243,2008,93.395349,1337,96.117901,5,1.000000
303,13,3.513514,2011,93.534884,1339,96.261682,5,1.000000
177,14,3.783784,2011,93.534884,1339,96.261682,5,1.000000
283,15,4.054054,2011,93.534884,1339,96.261682,5,1.000000
174,16,4.324324,2022,94.046512,1345,96.693027,5,1.000000
198,17,4.594595,2022,94.046512,1345,96.693027,5,1.000000
365,18,4.864865,2027,94.279070,1345,96.693027,5,1.000000
81,19,5.135135,2027,94.279070,1345,96.693027,5,1.000000
318,20,5.405405,2027,94.279070,1345,96.693027,5,1.000000
142,21,5.675676,2027,94.279070,1345,96.693027,5,1.000000
211,22,5.945946,2027,94.279070,1345,96.693027,5,1.000000
25,23,6.216216,2027,94.279070,1345,96.693027,5,1.000000
