TestcaseNumber,TestcaseCount,TestcaseRatio,StatementCount,StatementRatio,BranchCount,BranchRatio,FaultCount,FaultRatio
254,1,0.270270,0,0.000000,0,0.000000,0,0.000000
349,2,0.540541,254,11.813953,246,17.685119,1,0.200000
242,3,0.810811,254,11.813953,246,17.685119,2,0.400000
84,4,1.081081,254,11.813953,246,17.685119,2,0.400000
218,5,1.351351,1687,78.465116,1115,80.158160,2,0.400000
37,6,1.621622,1717,79.860465,1123,80.733285,2,0.400000
20,7,1.891892,1722,80.093023,1125,80.877067,2,0.400000
321,8,2.162162,1722,80.093023,1125,80.877067,2,0.400000
180,9,2.432432,1722,80.093023,1125,80.877067,2,0.400000
274,10,2.702703,1722,80.093023,1125,80.877067,4,0.800000
337,11,2.972973,1820,84.651163,1183,85.046729,4,0.800000
245,12,3.243243,1825,84.883721,1187,85.334292,4,0.800000
47,13,3.513514,1833,85.255814,1191,85.621855,4,0.800000
148,14,3.783784,1833,85.255814,1191,85.621855,5,1.000000
315,15,4.054054,1833,85.255814,1191,85.621855,5,1.000000
211,16,4.324324,1838,85.488372,1193,85.765636,5,1.000000
138,17,4.594595,1838,85.488372,1193,85.765636,5,1.000000
280,18,4.864865,1838,85.488372,1193,85.765636,5,1.000000
308,19,5.135135,1838,85.488372,1193,85.765636,5,1.000000
22,20,5.405405,1838,85.488372,1193,85.765636,5,1.000000
294,21,5.675676,1846,85.860465,1197,86.053199,5,1.000000
345,22,5.945946,1850,86.046512,1203,86.484543,5,1.000000
339,23,6.216216,1850,86.046512,1203,86.484543,5,1.000000
128,24,6.486486,1850,86.046512,1203,86.484543,5,1.000000
369,25,6.756757,1855,86.279070,1203,86.484543,5,1.000000
68,26,7.027027,1855,86.279070,1203,86.484543,5,1.000000
