TestcaseNumber,TestcaseCount,TestcaseRatio,StatementCount,StatementRatio,BranchCount,BranchRatio,FaultCount,FaultRatio
11,1,0.270270,81,3.767442,73,5.248023,0,0.000000
150,2,0.540541,81,3.767442,73,5.248023,1,0.200000
193,3,0.810811,81,3.767442,73,5.248023,1,0.200000
218,4,1.081081,1654,76.930233,1081,77.713875,1,0.200000
93,5,1.351351,1654,76.930233,1081,77.713875,4,0.800000
41,6,1.621622,1654,76.930233,1081,77.713875,5,1.000000
129,7,1.891892,1654,76.930233,1081,77.713875,5,1.000000
13,8,2.162162,1662,77.302326,1081,77.713875,5,1.000000
53,9,2.432432,1662,77.302326,1081,77.713875,5,1.000000
151,10,2.702703,1662,77.302326,1081,77.713875,5,1.000000
198,11,2.972973,1662,77.302326,1081,77.713875,5,1.000000
115,12,3.243243,1662,77.302326,1081,77.713875,5,1.000000
81,13,3.513514,1662,77.302326,1081,77.713875,5,1.000000
88,14,3.783784,1662,77.302326,1081,77.713875,5,1.000000
122,15,4.054054,1662,77.302326,1081,77.713875,5,1.000000
363,16,4.324324,1667,77.534884,1081,77.713875,5,1.000000
51,17,4.594595,1667,77.534884,1081,77.713875,5,1.000000
89,18,4.864865,1667,77.534884,1081,77.713875,5,1.000000
370,19,5.135135,1667,77.534884,1081,77.713875,5,1.000000
206,20,5.405405,1679,78.093023,1085,78.001438,5,1.000000
17,21,5.675676,1681,78.186047,1085,78.001438,5,1.000000
48,22,5.945946,1681,78.186047,1085,78.001438,5,1.000000
37,23,6.216216,1701,79.116279,1089,78.289001,5,1.000000
130,24,6.486486,1701,79.116279,1089,78.289001,5,1.000000
