TestcaseNumber,TestcaseCount,TestcaseRatio,StatementCount,StatementRatio,BranchCount,BranchRatio,FaultCount,FaultRatio
76,1,0.270270,0,0.000000,0,0.000000,1,0.200000
81,2,0.540541,0,0.000000,0,0.000000,4,0.800000
111,3,0.810811,0,0.000000,0,0.000000,4,0.800000
84,4,1.081081,0,0.000000,0,0.000000,4,0.800000
28,5,1.351351,0,0.000000,0,0.000000,4,0.800000
218,6,1.621622,1636,76.093023,1073,77.138749,4,0.800000
222,7,1.891892,1636,76.093023,1073,77.138749,4,0.800000
327,8,2.162162,1636,76.093023,1073,77.138749,4,0.800000
200,9,2.432432,1680,78.139535,1105,79.439252,4,0.800000
135,10,2.702703,1680,78.139535,1105,79.439252,4,0.800000
153,11,2.972973,1680,78.139535,1105,79.439252,4,0.800000
312,12,3.243243,1680,78.139535,1105,79.439252,5,1.000000
97,13,3.513514,1680,78.139535,1105,79.439252,5,1.000000
289,14,3.783784,1773,82.465116,1179,84.759166,5,1.000000
309,15,4.054054,1773,82.465116,1179,84.759166,5,1.000000
10,16,4.324324,1788,83.162791,1185,85.190510,5,1.000000
176,17,4.594595,1788,83.162791,1185,85.190510,5,1.000000
141,18,4.864865,1789,83.209302,1187,85.334292,5,1.000000
351,19,5.135135,1802,83.813953,1193,85.765636,5,1.000000
368,20,5.405405,1807,84.046512,1193,85.765636,5,1.000000
75,21,5.675676,1807,84.046512,1193,85.765636,5,1.000000
160,22,5.945946,1807,84.046512,1193,85.765636,5,1.000000
