TestcaseNumber,TestcaseCount,TestcaseRatio,StatementCount,StatementRatio,BranchCount,BranchRatio,FaultCount,FaultRatio
48,1,0.270270,0,0.000000,0,0.000000,2,0.400000
262,2,0.540541,0,0.000000,0,0.000000,2,0.400000
241,3,0.810811,0,0.000000,0,0.000000,2,0.400000
255,4,1.081081,0,0.000000,0,0.000000,5,1.000000
68,5,1.351351,118,5.488372,109,7.836089,5,1.000000
44,6,1.621622,129,6.000000,121,8.698778,5,1.000000
229,7,1.891892,129,6.000000,121,8.698778,5,1.000000
62,8,2.162162,129,6.000000,121,8.698778,5,1.000000
128,9,2.432432,129,6.000000,121,8.698778,5,1.000000
104,10,2.702703,129,6.000000,121,8.698778,5,1.000000
82,11,2.972973,129,6.000000,121,8.698778,5,1.000000
357,12,3.243243,129,6.000000,121,8.698778,5,1.000000
333,13,3.513514,129,6.000000,121,8.698778,5,1.000000
191,14,3.783784,129,6.000000,121,8.698778,5,1.000000
270,15,4.054054,129,6.000000,121,8.698778,5,1.000000
72,16,4.324324,129,6.000000,121,8.698778,5,1.000000
280,17,4.594595,129,6.000000,121,8.698778,5,1.000000
116,18,4.864865,129,6.000000,121,8.698778,5,1.000000
307,19,5.135135,129,6.000000,121,8.698778,5,1.000000
130,20,5.405405,129,6.000000,121,8.698778,5,1.000000
162,21,5.675676,129,6.000000,121,8.698778,5,1.000000
296,22,5.945946,1794,83.441860,1218,87.562904,5,1.000000
