TestcaseNumber,TestcaseCount,TestcaseRatio,StatementCount,StatementRatio,BranchCount,BranchRatio,FaultCount,FaultRatio
179,1,0.270270,0,0.000000,0,0.000000,1,0.200000
339,2,0.540541,0,0.000000,0,0.000000,2,0.400000
58,3,0.810811,0,0.000000,0,0.000000,2,0.400000
266,4,1.081081,116,5.395349,107,7.692308,3,0.600000
132,5,1.351351,116,5.395349,107,7.692308,3,0.600000
290,6,1.621622,1589,73.906977,1068,76.779295,3,0.600000
7,7,1.891892,1714,79.720930,1132,81.380302,4,0.800000
65,8,2.162162,1714,79.720930,1132,81.380302,4,0.800000
281,9,2.432432,1714,79.720930,1132,81.380302,4,0.800000
30,10,2.702703,1714,79.720930,1132,81.380302,4,0.800000
88,11,2.972973,1714,79.720930,1132,81.380302,4,0.800000
27,12,3.243243,1714,79.720930,1132,81.380302,5,1.000000
177,13,3.513514,1714,79.720930,1132,81.380302,5,1.000000
230,14,3.783784,1714,79.720930,1132,81.380302,5,1.000000
131,15,4.054054,1714,79.720930,1132,81.380302,5,1.000000
48,16,4.324324,1714,79.720930,1132,81.380302,5,1.000000
337,17,4.594595,1799,83.674419,1162,83.537024,5,1.000000
320,18,4.864865,1799,83.674419,1162,83.537024,5,1.000000
29,19,5.135135,1799,83.674419,1162,83.537024,5,1.000000
350,20,5.405405,1824,84.837209,1182,84.974838,5,1.000000
234,21,5.675676,1824,84.837209,1182,84.974838,5,1.000000
112,22,5.945946,1824,84.837209,1182,84.974838,5,1.000000
300,23,6.216216,1824,84.837209,1182,84.974838,5,1.000000
254,24,6.486486,1824,84.837209,1182,84.974838,5,1.000000
193,25,6.756757,1824,84.837209,1182,84.974838,5,1.000000
17,26,7.027027,1833,85.255814,1188,85.406183,5,1.000000
311,27,7.297297,1833,85.255814,1188,85.406183,5,1.000000
180,28,7.567568,1833,85.255814,1188,85.406183,5,1.000000
