TestcaseNumber,TestcaseCount,TestcaseRatio,StatementCount,StatementRatio,BranchCount,BranchRatio,FaultCount,FaultRatio
360,1,0.270270,0,0.000000,0,0.000000,2,0.400000
326,2,0.540541,0,0.000000,0,0.000000,2,0.400000
173,3,0.810811,1591,74.000000,1050,75.485262,2,0.400000
203,4,1.081081,1640,76.279070,1091,78.432782,3,0.600000
165,5,1.351351,1640,76.279070,1091,78.432782,3,0.600000
313,6,1.621622,1640,76.279070,1091,78.432782,5,1.000000
286,7,1.891892,1664,77.395349,1105,79.439252,5,1.000000
232,8,2.162162,1664,77.395349,1105,79.439252,5,1.000000
303,9,2.432432,1727,80.325581,1139,81.883537,5,1.000000
21,10,2.702703,1727,80.325581,1139,81.883537,5,1.000000
361,11,2.972973,1727,80.325581,1139,81.883537,5,1.000000
252,12,3.243243,1727,80.325581,1139,81.883537,5,1.000000
352,13,3.513514,1727,80.325581,1139,81.883537,5,1.000000
327,14,3.783784,1727,80.325581,1139,81.883537,5,1.000000
358,15,4.054054,1727,80.325581,1139,81.883537,5,1.000000
268,16,4.324324,1727,80.325581,1139,81.883537,5,1.000000
189,17,4.594595,1727,80.325581,1139,81.883537,5,1.000000
296,18,4.864865,1923,89.441860,1279,91.948239,5,1.000000
57,19,5.135135,1923,89.441860,1279,91.948239,5,1.000000
