TestcaseNumber,TestcaseCount,TestcaseRatio,StatementCount,StatementRatio,BranchCount,BranchRatio,FaultCount,FaultRatio
155,1,0.270270,0,0.000000,0,0.000000,0,0.000000
83,2,0.540541,0,0.000000,0,0.000000,3,0.600000
366,3,0.810811,18,0.837209,8,0.575126,3,0.600000
289,4,1.081081,1600,74.418605,1072,77.066858,3,0.600000
177,5,1.351351,1600,74.418605,1072,77.066858,3,0.600000
306,6,1.621622,1600,74.418605,1072,77.066858,4,0.800000
216,7,1.891892,1739,80.883721,1149,82.602444,4,0.800000
188,8,2.162162,1739,80.883721,1149,82.602444,4,0.800000
6,9,2.432432,1739,80.883721,1149,82.602444,5,1.000000
189,10,2.702703,1739,80.883721,1149,82.602444,5,1.000000
48,11,2.972973,1739,80.883721,1149,82.602444,5,1.000000
50,12,3.243243,1751,81.441860,1155,83.033789,5,1.000000
25,13,3.513514,1751,81.441860,1155,83.033789,5,1.000000
299,14,3.783784,1751,81.441860,1155,83.033789,5,1.000000
54,15,4.054054,1751,81.441860,1155,83.033789,5,1.000000
212,16,4.324324,1751,81.441860,1155,83.033789,5,1.000000
324,17,4.594595,1751,81.441860,1155,83.033789,5,1.000000
269,18,4.864865,1755,81.627907,1157,83.177570,5,1.000000
9,19,5.135135,1755,81.627907,1157,83.177570,5,1.000000
47,20,5.405405,1762,81.953488,1161,83.465133,5,1.000000
247,21,5.675676,1779,82.744186,1167,83.896477,5,1.000000
211,22,5.945946,1790,83.255814,1171,84.184040,5,1.000000
225,23,6.216216,1790,83.255814,1171,84.184040,5,1.000000
39,24,6.486486,1818,84.558140,1177,84.615385,5,1.000000
67,25,6.756757,1818,84.558140,1177,84.615385,5,1.000000
20,26,7.027027,1823,84.790698,1179,84.759166,5,1.000000
19,27,7.297297,1823,84.790698,1179,84.759166,5,1.000000
