TestcaseNumber,TestcaseCount,TestcaseRatio,StatementCount,StatementRatio,BranchCount,BranchRatio,FaultCount,FaultRatio
351,1,0.270270,259,12.046512,230,16.534867,0,0.000000
241,2,0.540541,259,12.046512,230,16.534867,0,0.000000
71,3,0.810811,280,13.023256,244,17.541337,1,0.200000
328,4,1.081081,280,13.023256,244,17.541337,1,0.200000
113,5,1.351351,280,13.023256,244,17.541337,1,0.200000
213,6,1.621622,280,13.023256,244,17.541337,1,0.200000
24,7,1.891892,280,13.023256,244,17.541337,3,0.600000
128,8,2.162162,280,13.023256,244,17.541337,5,1.000000
1,9,2.432432,298,13.860465,250,17.972682,5,1.000000
114,10,2.702703,298,13.860465,250,17.972682,5,1.000000
12,11,2.972973,310,14.418605,252,18.116463,5,1.000000
169,12,3.243243,310,14.418605,252,18.116463,5,1.000000
99,13,3.513514,310,14.418605,252,18.116463,5,1.000000
341,14,3.783784,310,14.418605,252,18.116463,5,1.000000
72,15,4.054054,310,14.418605,252,18.116463,5,1.000000
296,16,4.324324,1823,84.790698,1224,87.994249,5,1.000000
7,17,4.594595,1845,85.813953,1238,89.000719,5,1.000000
317,18,4.864865,1845,85.813953,1238,89.000719,5,1.000000
261,19,5.135135,1906,88.651163,1272,91.445004,5,1.000000
318,20,5.405405,1953,90.837209,1286,92.451474,5,1.000000
116,21,5.675676,1953,90.837209,1286,92.451474,5,1.000000
242,22,5.945946,1953,90.837209,1286,92.451474,5,1.000000
336,23,6.216216,1964,91.348837,1292,92.882818,5,1.000000
32,24,6.486486,1967,91.488372,1294,93.026600,5,1.000000
