TestcaseNumber,TestcaseCount,TestcaseRatio,StatementCount,StatementRatio,BranchCount,BranchRatio,FaultCount,FaultRatio
107,1,0.270270,129,6.000000,121,8.698778,1,0.200000
12,2,0.540541,236,10.976744,185,13.299784,1,0.200000
233,3,0.810811,236,10.976744,185,13.299784,4,0.800000
342,4,1.081081,236,10.976744,185,13.299784,4,0.800000
170,5,1.351351,236,10.976744,185,13.299784,4,0.800000
184,6,1.621622,236,10.976744,185,13.299784,5,1.000000
100,7,1.891892,236,10.976744,185,13.299784,5,1.000000
222,8,2.162162,236,10.976744,185,13.299784,5,1.000000
4,9,2.432432,240,11.162791,187,13.443566,5,1.000000
165,10,2.702703,240,11.162791,187,13.443566,5,1.000000
174,11,2.972973,1637,76.139535,1078,77.498203,5,1.000000
256,12,3.243243,1637,76.139535,1078,77.498203,5,1.000000
369,13,3.513514,1642,76.372093,1078,77.498203,5,1.000000
303,14,3.783784,1696,78.883721,1105,79.439252,5,1.000000
14,15,4.054054,1704,79.255814,1105,79.439252,5,1.000000
305,16,4.324324,1704,79.255814,1105,79.439252,5,1.000000
285,17,4.594595,1704,79.255814,1105,79.439252,5,1.000000
364,18,4.864865,1704,79.255814,1105,79.439252,5,1.000000
281,19,5.135135,1704,79.255814,1105,79.439252,5,1.000000
266,20,5.405405,1704,79.255814,1105,79.439252,5,1.000000
134,21,5.675676,1704,79.255814,1105,79.439252,5,1.000000
89,22,5.945946,1704,79.255814,1105,79.439252,5,1.000000
359,23,6.216216,1730,80.465116,1117,80.301941,5,1.000000
58,24,6.486486,1730,80.465116,1117,80.301941,5,1.000000
368,25,6.756757,1730,80.465116,1117,80.301941,5,1.000000
125,26,7.027027,1810,84.186047,1167,83.896477,5,1.000000
92,27,7.297297,1810,84.186047,1167,83.896477,5,1.000000
304,28,7.567568,1810,84.186047,1167,83.896477,5,1.000000
