TestcaseNumber,TestcaseCount,TestcaseRatio,StatementCount,StatementRatio,BranchCount,BranchRatio,FaultCount,FaultRatio
159,1,0.270270,0,0.000000,0,0.000000,0,0.000000
328,2,0.540541,0,0.000000,0,0.000000,0,0.000000
281,3,0.810811,0,0.000000,0,0.000000,0,0.000000
30,4,1.081081,0,0.000000,0,0.000000,0,0.000000
124,5,1.351351,1657,77.069767,1103,79.295471,2,0.400000
290,6,1.621622,1731,80.511628,1151,82.746226,2,0.400000
68,7,1.891892,1738,80.837209,1155,83.033789,3,0.600000
346,8,2.162162,1738,80.837209,1155,83.033789,3,0.600000
51,9,2.432432,1738,80.837209,1155,83.033789,4,0.800000
156,10,2.702703,1738,80.837209,1155,83.033789,4,0.800000
63,11,2.972973,1738,80.837209,1155,83.033789,4,0.800000
145,12,3.243243,1738,80.837209,1155,83.033789,4,0.800000
306,13,3.513514,1738,80.837209,1155,83.033789,5,1.000000
275,14,3.783784,1738,80.837209,1155,83.033789,5,1.000000
6,15,4.054054,1738,80.837209,1155,83.033789,5,1.000000
248,16,4.324324,1738,80.837209,1155,83.033789,5,1.000000
273,17,4.594595,1738,80.837209,1155,83.033789,5,1.000000
216,18,4.864865,1739,80.883721,1155,83.033789,5,1.000000
239,19,5.135135,1799,83.674419,1193,85.765636,5,1.000000
76,20,5.405405,1799,83.674419,1193,85.765636,5,1.000000
363,21,5.675676,1804,83.906977,1193,85.765636,5,1.000000
