TestcaseNumber,TestcaseCount,TestcaseRatio,StatementCount,StatementRatio,BranchCount,BranchRatio,FaultCount,FaultRatio
231,1,0.270270,0,0.000000,0,0.000000,2,0.400000
367,2,0.540541,18,0.837209,8,0.575126,2,0.400000
322,3,0.810811,1582,73.581395,1034,74.335011,2,0.400000
249,4,1.081081,1613,75.023256,1050,75.485262,3,0.600000
119,5,1.351351,1613,75.023256,1050,75.485262,3,0.600000
149,6,1.621622,1613,75.023256,1050,75.485262,4,0.800000
39,7,1.891892,1646,76.558140,1070,76.923077,5,1.000000
17,8,2.162162,1681,78.186047,1088,78.217110,5,1.000000
120,9,2.432432,1681,78.186047,1088,78.217110,5,1.000000
127,10,2.702703,1732,80.558140,1131,81.308411,5,1.000000
187,11,2.972973,1732,80.558140,1131,81.308411,5,1.000000
250,12,3.243243,1732,80.558140,1131,81.308411,5,1.000000
77,13,3.513514,1732,80.558140,1131,81.308411,5,1.000000
339,14,3.783784,1732,80.558140,1131,81.308411,5,1.000000
93,15,4.054054,1732,80.558140,1131,81.308411,5,1.000000
347,16,4.324324,1739,80.883721,1139,81.883537,5,1.000000
263,17,4.594595,1739,80.883721,1139,81.883537,5,1.000000
71,18,4.864865,1740,80.930233,1139,81.883537,5,1.000000
255,19,5.135135,1740,80.930233,1139,81.883537,5,1.000000
279,20,5.405405,1812,84.279070,1181,84.902948,5,1.000000
151,21,5.675676,1812,84.279070,1181,84.902948,5,1.000000
301,22,5.945946,1812,84.279070,1181,84.902948,5,1.000000
202,23,6.216216,1827,84.976744,1191,85.621855,5,1.000000
328,24,6.486486,1827,84.976744,1191,85.621855,5,1.000000
224,25,6.756757,1827,84.976744,1191,85.621855,5,1.000000
216,26,7.027027,1827,84.976744,1191,85.621855,5,1.000000
145,27,7.297297,1827,84.976744,1191,85.621855,5,1.000000
359,28,7.567568,1827,84.976744,1191,85.621855,5,1.000000
195,29,7.837838,1827,84.976744,1191,85.621855,5,1.000000
290,30,8.108108,1876,87.255814,1223,87.922358,5,1.000000
42,31,8.378378,1876,87.255814,1223,87.922358,5,1.000000
