TestcaseNumber,TestcaseCount,TestcaseRatio,StatementCount,StatementRatio,BranchCount,BranchRatio,FaultCount,FaultRatio
148,1,0.270270,0,0.000000,0,0.000000,3,0.600000
331,2,0.540541,0,0.000000,0,0.000000,4,0.800000
176,3,0.810811,0,0.000000,0,0.000000,4,0.800000
33,4,1.081081,1529,71.116279,984,70.740474,4,0.800000
139,5,1.351351,1600,74.418605,1034,74.335011,4,0.800000
45,6,1.621622,1616,75.162791,1046,75.197699,4,0.800000
207,7,1.891892,1628,75.720930,1057,75.988497,4,0.800000
282,8,2.162162,1628,75.720930,1057,75.988497,4,0.800000
295,9,2.432432,1704,79.255814,1123,80.733285,4,0.800000
232,10,2.702703,1704,79.255814,1123,80.733285,4,0.800000
131,11,2.972973,1704,79.255814,1123,80.733285,5,1.000000
193,12,3.243243,1704,79.255814,1123,80.733285,5,1.000000
122,13,3.513514,1704,79.255814,1123,80.733285,5,1.000000
143,14,3.783784,1704,79.255814,1123,80.733285,5,1.000000
80,15,4.054054,1704,79.255814,1123,80.733285,5,1.000000
169,16,4.324324,1704,79.255814,1123,80.733285,5,1.000000
289,17,4.594595,1794,83.441860,1179,84.759166,5,1.000000
192,18,4.864865,1794,83.441860,1179,84.759166,5,1.000000
65,19,5.135135,1794,83.441860,1179,84.759166,5,1.000000
190,20,5.405405,1794,83.441860,1179,84.759166,5,1.000000
238,21,5.675676,1833,85.255814,1209,86.915888,5,1.000000
346,22,5.945946,1833,85.255814,1209,86.915888,5,1.000000
102,23,6.216216,1833,85.255814,1209,86.915888,5,1.000000
61,24,6.486486,1833,85.255814,1209,86.915888,5,1.000000
222,25,6.756757,1833,85.255814,1209,86.915888,5,1.000000
247,26,7.027027,1842,85.674419,1211,87.059669,5,1.000000
32,27,7.297297,1845,85.813953,1213,87.203451,5,1.000000
332,28,7.567568,1845,85.813953,1213,87.203451,5,1.000000
263,29,7.837838,1845,85.813953,1213,87.203451,5,1.000000
251,30,8.108108,1845,85.813953,1213,87.203451,5,1.000000
34,31,8.378378,1847,85.906977,1213,87.203451,5,1.000000
