TestcaseNumber,TestcaseCount,TestcaseRatio,StatementCount,StatementRatio,BranchCount,BranchRatio,FaultCount,FaultRatio
135,1,0.270270,0,0.000000,0,0.000000,0,0.000000
361,2,0.540541,0,0.000000,0,0.000000,0,0.000000
212,3,0.810811,0,0.000000,0,0.000000,0,0.000000
68,4,1.081081,118,5.488372,109,7.836089,1,0.200000
35,5,1.351351,1515,70.465116,971,69.805895,2,0.400000
2,6,1.621622,1518,70.604651,971,69.805895,2,0.400000
55,7,1.891892,1518,70.604651,971,69.805895,3,0.600000
226,8,2.162162,1518,70.604651,971,69.805895,4,0.800000
24,9,2.432432,1518,70.604651,971,69.805895,4,0.800000
162,10,2.702703,1518,70.604651,971,69.805895,5,1.000000
246,11,2.972973,1551,72.139535,991,71.243710,5,1.000000
234,12,3.243243,1551,72.139535,991,71.243710,5,1.000000
166,13,3.513514,1551,72.139535,991,71.243710,5,1.000000
89,14,3.783784,1551,72.139535,991,71.243710,5,1.000000
319,15,4.054054,1749,81.348837,1130,81.236520,5,1.000000
44,16,4.324324,1749,81.348837,1130,81.236520,5,1.000000
239,17,4.594595,1783,82.930233,1156,83.105679,5,1.000000
176,18,4.864865,1783,82.930233,1156,83.105679,5,1.000000
147,19,5.135135,1783,82.930233,1156,83.105679,5,1.000000
17,20,5.405405,1789,83.209302,1156,83.105679,5,1.000000
155,21,5.675676,1789,83.209302,1156,83.105679,5,1.000000
88,22,5.945946,1789,83.209302,1156,83.105679,5,1.000000
76,23,6.216216,1789,83.209302,1156,83.105679,5,1.000000
54,24,6.486486,1789,83.209302,1156,83.105679,5,1.000000
18,25,6.756757,1789,83.209302,1156,83.105679,5,1.000000
347,26,7.027027,1793,83.395349,1162,83.537024,5,1.000000
106,27,7.297297,1793,83.395349,1162,83.537024,5,1.000000
45,28,7.567568,1793,83.395349,1162,83.537024,5,1.000000
232,29,7.837838,1793,83.395349,1162,83.537024,5,1.000000
