TestcaseNumber,TestcaseCount,TestcaseRatio,StatementCount,StatementRatio,BranchCount,BranchRatio,FaultCount,FaultRatio
146,1,0.270270,0,0.000000,0,0.000000,0,0.000000
102,2,0.540541,0,0.000000,0,0.000000,1,0.200000
298,3,0.810811,0,0.000000,0,0.000000,1,0.200000
172,4,1.081081,1587,73.813953,1050,75.485262,1,0.200000
148,5,1.351351,1587,73.813953,1050,75.485262,4,0.800000
277,6,1.621622,1606,74.697674,1062,76.347951,4,0.800000
328,7,1.891892,1606,74.697674,1062,76.347951,4,0.800000
61,8,2.162162,1606,74.697674,1062,76.347951,4,0.800000
193,9,2.432432,1606,74.697674,1062,76.347951,4,0.800000
257,10,2.702703,1606,74.697674,1062,76.347951,5,1.000000
310,11,2.972973,1606,74.697674,1062,76.347951,5,1.000000
101,12,3.243243,1606,74.697674,1062,76.347951,5,1.000000
73,13,3.513514,1606,74.697674,1062,76.347951,5,1.000000
67,14,3.783784,1606,74.697674,1062,76.347951,5,1.000000
325,15,4.054054,1606,74.697674,1062,76.347951,5,1.000000
96,16,4.324324,1606,74.697674,1062,76.347951,5,1.000000
155,17,4.594595,1606,74.697674,1062,76.347951,5,1.000000
158,18,4.864865,1606,74.697674,1062,76.347951,5,1.000000
99,19,5.135135,1606,74.697674,1062,76.347951,5,1.000000
235,20,5.405405,1606,74.697674,1062,76.347951,5,1.000000
82,21,5.675676,1606,74.697674,1062,76.347951,5,1.000000
88,22,5.945946,1606,74.697674,1062,76.347951,5,1.000000
190,23,6.216216,1606,74.697674,1062,76.347951,5,1.000000
360,24,6.486486,1606,74.697674,1062,76.347951,5,1.000000
55,25,6.756757,1606,74.697674,1062,76.347951,5,1.000000
71,26,7.027027,1607,74.744186,1064,76.491733,5,1.000000
322,27,7.297297,1701,79.116279,1114,80.086269,5,1.000000
54,28,7.567568,1701,79.116279,1114,80.086269,5,1.000000
245,29,7.837838,1715,79.767442,1122,80.661395,5,1.000000
264,30,8.108108,1715,79.767442,1122,80.661395,5,1.000000
