TestcaseNumber,TestcaseCount,TestcaseRatio,StatementCount,StatementRatio,BranchCount,BranchRatio,FaultCount,FaultRatio
152,1,0.270270,0,0.000000,0,0.000000,0,0.000000
35,2,0.540541,1455,67.674419,925,66.498922,1,0.200000
29,3,0.810811,1455,67.674419,925,66.498922,1,0.200000
45,4,1.081081,1515,70.465116,971,69.805895,2,0.400000
213,5,1.351351,1515,70.465116,971,69.805895,2,0.400000
200,6,1.621622,1591,74.000000,1027,73.831776,2,0.400000
110,7,1.891892,1591,74.000000,1027,73.831776,2,0.400000
130,8,2.162162,1591,74.000000,1027,73.831776,3,0.600000
228,9,2.432432,1591,74.000000,1027,73.831776,3,0.600000
50,10,2.702703,1623,75.488372,1047,75.269590,3,0.600000
135,11,2.972973,1623,75.488372,1047,75.269590,3,0.600000
265,12,3.243243,1623,75.488372,1047,75.269590,3,0.600000
94,13,3.513514,1623,75.488372,1047,75.269590,3,0.600000
286,14,3.783784,1635,76.046512,1055,75.844716,3,0.600000
113,15,4.054054,1635,76.046512,1055,75.844716,3,0.600000
92,16,4.324324,1635,76.046512,1055,75.844716,3,0.600000
259,17,4.594595,1635,76.046512,1055,75.844716,3,0.600000
77,18,4.864865,1635,76.046512,1055,75.844716,4,0.800000
163,19,5.135135,1635,76.046512,1055,75.844716,5,1.000000
108,20,5.405405,1635,76.046512,1055,75.844716,5,1.000000
100,21,5.675676,1635,76.046512,1055,75.844716,5,1.000000
355,22,5.945946,1635,76.046512,1055,75.844716,5,1.000000
234,23,6.216216,1635,76.046512,1055,75.844716,5,1.000000
168,24,6.486486,1635,76.046512,1055,75.844716,5,1.000000
254,25,6.756757,1635,76.046512,1055,75.844716,5,1.000000
64,26,7.027027,1635,76.046512,1055,75.844716,5,1.000000
247,27,7.297297,1674,77.860465,1069,76.851186,5,1.000000
275,28,7.567568,1674,77.860465,1069,76.851186,5,1.000000
253,29,7.837838,1674,77.860465,1069,76.851186,5,1.000000
282,30,8.108108,1674,77.860465,1069,76.851186,5,1.000000
