TestcaseNumber,TestcaseCount,TestcaseRatio,StatementCount,StatementRatio,BranchCount,BranchRatio,FaultCount,FaultRatio
153,1,0.270270,0,0.000000,0,0.000000,0,0.000000
321,2,0.540541,0,0.000000,0,0.000000,1,0.200000
346,3,0.810811,115,5.348837,107,7.692308,2,0.400000
182,4,1.081081,1610,74.883721,1056,75.916607,2,0.400000
295,5,1.351351,1657,77.069767,1105,79.439252,3,0.600000
142,6,1.621622,1659,77.162791,1107,79.583034,4,0.800000
146,7,1.891892,1659,77.162791,1107,79.583034,4,0.800000
190,8,2.162162,1659,77.162791,1107,79.583034,4,0.800000
360,9,2.432432,1659,77.162791,1107,79.583034,5,1.000000
309,10,2.702703,1659,77.162791,1107,79.583034,5,1.000000
47,11,2.972973,1659,77.162791,1107,79.583034,5,1.000000
168,12,3.243243,1659,77.162791,1107,79.583034,5,1.000000
191,13,3.513514,1659,77.162791,1107,79.583034,5,1.000000
95,14,3.783784,1659,77.162791,1107,79.583034,5,1.000000
176,15,4.054054,1659,77.162791,1107,79.583034,5,1.000000
348,16,4.324324,1666,77.488372,1111,79.870597,5,1.000000
170,17,4.594595,1666,77.488372,1111,79.870597,5,1.000000
314,18,4.864865,1666,77.488372,1111,79.870597,5,1.000000
253,19,5.135135,1666,77.488372,1111,79.870597,5,1.000000
266,20,5.405405,1666,77.488372,1111,79.870597,5,1.000000
201,21,5.675676,1720,80.000000,1147,82.458663,5,1.000000
274,22,5.945946,1720,80.000000,1147,82.458663,5,1.000000
229,23,6.216216,1720,80.000000,1147,82.458663,5,1.000000
366,24,6.486486,1725,80.232558,1147,82.458663,5,1.000000
169,25,6.756757,1725,80.232558,1147,82.458663,5,1.000000
56,26,7.027027,1725,80.232558,1147,82.458663,5,1.000000
298,27,7.297297,1725,80.232558,1147,82.458663,5,1.000000
154,28,7.567568,1725,80.232558,1147,82.458663,5,1.000000
