TestcaseNumber,TestcaseCount,TestcaseRatio,StatementCount,StatementRatio,BranchCount,BranchRatio,FaultCount,FaultRatio
191,1,0.270270,0,0.000000,0,0.000000,0,0.000000
164,2,0.540541,0,0.000000,0,0.000000,1,0.200000
97,3,0.810811,0,0.000000,0,0.000000,1,0.200000
353,4,1.081081,0,0.000000,0,0.000000,1,0.200000
349,5,1.351351,254,11.813953,246,17.685119,2,0.400000
237,6,1.621622,348,16.186047,292,20.992092,2,0.400000
312,7,1.891892,348,16.186047,292,20.992092,4,0.800000
247,8,2.162162,366,17.023256,300,21.567218,4,0.800000
270,9,2.432432,366,17.023256,300,21.567218,4,0.800000
285,10,2.702703,373,17.348837,302,21.710999,4,0.800000
325,11,2.972973,373,17.348837,302,21.710999,4,0.800000
104,12,3.243243,374,17.395349,304,21.854781,4,0.800000
17,13,3.513514,412,19.162791,330,23.723940,4,0.800000
204,14,3.783784,412,19.162791,330,23.723940,4,0.800000
207,15,4.054054,430,20.000000,343,24.658519,4,0.800000
359,16,4.324324,430,20.000000,343,24.658519,4,0.800000
24,17,4.594595,430,20.000000,343,24.658519,4,0.800000
19,18,4.864865,430,20.000000,343,24.658519,4,0.800000
163,19,5.135135,430,20.000000,343,24.658519,4,0.800000
342,20,5.405405,430,20.000000,343,24.658519,4,0.800000
148,21,5.675676,430,20.000000,343,24.658519,5,1.000000
243,22,5.945946,430,20.000000,343,24.658519,5,1.000000
87,23,6.216216,430,20.000000,343,24.658519,5,1.000000
47,24,6.486486,430,20.000000,343,24.658519,5,1.000000
321,25,6.756757,430,20.000000,343,24.658519,5,1.000000
235,26,7.027027,430,20.000000,343,24.658519,5,1.000000
