TestcaseNumber,TestcaseCount,TestcaseRatio,StatementCount,StatementRatio,BranchCount,BranchRatio,FaultCount,FaultRatio
242,1,0.270270,0,0.000000,0,0.000000,1,0.200000
223,2,0.540541,0,0.000000,0,0.000000,1,0.200000
263,3,0.810811,0,0.000000,0,0.000000,1,0.200000
213,4,1.081081,0,0.000000,0,0.000000,1,0.200000
155,5,1.351351,0,0.000000,0,0.000000,1,0.200000
281,6,1.621622,0,0.000000,0,0.000000,1,0.200000
61,7,1.891892,0,0.000000,0,0.000000,1,0.200000
353,8,2.162162,0,0.000000,0,0.000000,1,0.200000
44,9,2.432432,129,6.000000,121,8.698778,2,0.400000
187,10,2.702703,129,6.000000,121,8.698778,2,0.400000
179,11,2.972973,129,6.000000,121,8.698778,2,0.400000
287,12,3.243243,280,13.023256,250,17.972682,2,0.400000
124,13,3.513514,1728,80.372093,1139,81.883537,3,0.600000
105,14,3.783784,1728,80.372093,1139,81.883537,3,0.600000
130,15,4.054054,1728,80.372093,1139,81.883537,4,0.800000
28,16,4.324324,1728,80.372093,1139,81.883537,4,0.800000
18,17,4.594595,1736,80.744186,1141,82.027318,4,0.800000
370,18,4.864865,1736,80.744186,1141,82.027318,4,0.800000
192,19,5.135135,1736,80.744186,1141,82.027318,4,0.800000
83,20,5.405405,1736,80.744186,1141,82.027318,4,0.800000
36,21,5.675676,1736,80.744186,1141,82.027318,4,0.800000
231,22,5.945946,1736,80.744186,1141,82.027318,4,0.800000
48,23,6.216216,1736,80.744186,1141,82.027318,4,0.800000
219,24,6.486486,1742,81.023256,1143,82.171100,4,0.800000
