TestcaseNumber,TestcaseCount,TestcaseRatio,StatementCount,StatementRatio,BranchCount,BranchRatio,FaultCount,FaultRatio
79,1,0.270270,0,0.000000,0,0.000000,3,0.600000
126,2,0.540541,1652,76.837209,1101,79.151689,3,0.600000
370,3,0.810811,1652,76.837209,1101,79.151689,3,0.600000
206,4,1.081081,1667,77.534884,1107,79.583034,3,0.600000
288,5,1.351351,1754,81.581395,1155,83.033789,4,0.800000
51,6,1.621622,1754,81.581395,1155,83.033789,5,1.000000
106,7,1.891892,1757,81.720930,1157,83.177570,5,1.000000
269,8,2.162162,1788,83.162791,1171,84.184040,5,1.000000
214,9,2.432432,1788,83.162791,1171,84.184040,5,1.000000
63,10,2.702703,1788,83.162791,1171,84.184040,5,1.000000
89,11,2.972973,1788,83.162791,1171,84.184040,5,1.000000
86,12,3.243243,1788,83.162791,1171,84.184040,5,1.000000
229,13,3.513514,1788,83.162791,1171,84.184040,5,1.000000
254,14,3.783784,1788,83.162791,1171,84.184040,5,1.000000
188,15,4.054054,1788,83.162791,1171,84.184040,5,1.000000
68,16,4.324324,1788,83.162791,1171,84.184040,5,1.000000
189,17,4.594595,1788,83.162791,1171,84.184040,5,1.000000
