TestcaseNumber,TestcaseCount,TestcaseRatio,StatementCount,StatementRatio,BranchCount,BranchRatio,FaultCount,FaultRatio
299,1,0.270270,0,0.000000,0,0.000000,0,0.000000
130,2,0.540541,0,0.000000,0,0.000000,2,0.400000
289,3,0.810811,1595,74.186047,1072,77.066858,2,0.400000
17,4,1.081081,1623,75.488372,1090,78.360891,2,0.400000
93,5,1.351351,1623,75.488372,1090,78.360891,5,1.000000
22,6,1.621622,1623,75.488372,1090,78.360891,5,1.000000
208,7,1.891892,1631,75.860465,1098,78.936017,5,1.000000
219,8,2.162162,1743,81.069767,1153,82.890007,5,1.000000
209,9,2.432432,1746,81.209302,1153,82.890007,5,1.000000
38,10,2.702703,1776,82.604651,1161,83.465133,5,1.000000
2,11,2.972973,1779,82.744186,1161,83.465133,5,1.000000
261,12,3.243243,1809,84.139535,1183,85.046729,5,1.000000
186,13,3.513514,1809,84.139535,1183,85.046729,5,1.000000
181,14,3.783784,1809,84.139535,1183,85.046729,5,1.000000
150,15,4.054054,1809,84.139535,1183,85.046729,5,1.000000
163,16,4.324324,1809,84.139535,1183,85.046729,5,1.000000
338,17,4.594595,1809,84.139535,1183,85.046729,5,1.000000
48,18,4.864865,1809,84.139535,1183,85.046729,5,1.000000
125,19,5.135135,1825,84.883721,1193,85.765636,5,1.000000
228,20,5.405405,1825,84.883721,1193,85.765636,5,1.000000
256,21,5.675676,1825,84.883721,1193,85.765636,5,1.000000
160,22,5.945946,1825,84.883721,1193,85.765636,5,1.000000
214,23,6.216216,1825,84.883721,1193,85.765636,5,1.000000
352,24,6.486486,1827,84.976744,1193,85.765636,5,1.000000
119,25,6.756757,1827,84.976744,1193,85.765636,5,1.000000
220,26,7.027027,1827,84.976744,1193,85.765636,5,1.000000
78,27,7.297297,1827,84.976744,1193,85.765636,5,1.000000
341,28,7.567568,1827,84.976744,1193,85.765636,5,1.000000
200,29,7.837838,1840,85.581395,1201,86.340762,5,1.000000
327,30,8.108108,1840,85.581395,1201,86.340762,5,1.000000
248,31,8.378378,1840,85.581395,1201,86.340762,5,1.000000
178,32,8.648649,1840,85.581395,1201,86.340762,5,1.000000
