TestcaseNumber,TestcaseCount,TestcaseRatio,StatementCount,StatementRatio,BranchCount,BranchRatio,FaultCount,FaultRatio
222,1,0.270270,0,0.000000,0,0.000000,1,0.200000
86,2,0.540541,0,0.000000,0,0.000000,1,0.200000
23,3,0.810811,0,0.000000,0,0.000000,4,0.800000
151,4,1.081081,0,0.000000,0,0.000000,4,0.800000
39,5,1.351351,1608,74.790698,1052,75.629044,5,1.000000
163,6,1.621622,1608,74.790698,1052,75.629044,5,1.000000
169,7,1.891892,1608,74.790698,1052,75.629044,5,1.000000
228,8,2.162162,1608,74.790698,1052,75.629044,5,1.000000
71,9,2.432432,1639,76.232558,1072,77.066858,5,1.000000
360,10,2.702703,1639,76.232558,1072,77.066858,5,1.000000
280,11,2.972973,1639,76.232558,1072,77.066858,5,1.000000
365,12,3.243243,1644,76.465116,1072,77.066858,5,1.000000
205,13,3.513514,1678,78.046512,1093,78.576564,5,1.000000
27,14,3.783784,1678,78.046512,1093,78.576564,5,1.000000
18,15,4.054054,1690,78.604651,1095,78.720345,5,1.000000
288,16,4.324324,1772,82.418605,1157,83.177570,5,1.000000
121,17,4.594595,1772,82.418605,1157,83.177570,5,1.000000
320,18,4.864865,1772,82.418605,1157,83.177570,5,1.000000
