TestcaseNumber,TestcaseCount,TestcaseRatio,StatementCount,StatementRatio,BranchCount,BranchRatio,FaultCount,FaultRatio
106,1,0.270270,129,6.000000,121,8.698778,1,0.200000
185,2,0.540541,129,6.000000,121,8.698778,3,0.600000
157,3,0.810811,129,6.000000,121,8.698778,3,0.600000
319,4,1.081081,1609,74.837209,1062,76.347951,3,0.600000
239,5,1.351351,1643,76.418605,1088,78.217110,3,0.600000
61,6,1.621622,1643,76.418605,1088,78.217110,3,0.600000
56,7,1.891892,1643,76.418605,1088,78.217110,3,0.600000
50,8,2.162162,1675,77.906977,1108,79.654925,3,0.600000
65,9,2.432432,1675,77.906977,1108,79.654925,3,0.600000
248,10,2.702703,1675,77.906977,1108,79.654925,3,0.600000
95,11,2.972973,1675,77.906977,1108,79.654925,5,1.000000
199,12,3.243243,1691,78.651163,1121,80.589504,5,1.000000
317,13,3.513514,1691,78.651163,1121,80.589504,5,1.000000
73,14,3.783784,1691,78.651163,1121,80.589504,5,1.000000
223,15,4.054054,1691,78.651163,1121,80.589504,5,1.000000
283,16,4.324324,1691,78.651163,1121,80.589504,5,1.000000
11,17,4.594595,1704,79.255814,1127,81.020848,5,1.000000
161,18,4.864865,1704,79.255814,1127,81.020848,5,1.000000
345,19,5.135135,1708,79.441860,1133,81.452193,5,1.000000
315,20,5.405405,1708,79.441860,1133,81.452193,5,1.000000
193,21,5.675676,1708,79.441860,1133,81.452193,5,1.000000
262,22,5.945946,1708,79.441860,1133,81.452193,5,1.000000
186,23,6.216216,1708,79.441860,1133,81.452193,5,1.000000
233,24,6.486486,1708,79.441860,1133,81.452193,5,1.000000
22,25,6.756757,1708,79.441860,1133,81.452193,5,1.000000
124,26,7.027027,1838,85.488372,1207,86.772106,5,1.000000
3,27,7.297297,1841,85.627907,1207,86.772106,5,1.000000
38,28,7.567568,1857,86.372093,1209,86.915888,5,1.000000
313,29,7.837838,1857,86.372093,1209,86.915888,5,1.000000
269,30,8.108108,1857,86.372093,1211,87.059669,5,1.000000
358,31,8.378378,1857,86.372093,1211,87.059669,5,1.000000
191,32,8.648649,1857,86.372093,1211,87.059669,5,1.000000
