TestcaseNumber,TestcaseCount,TestcaseRatio,StatementCount,StatementRatio,BranchCount,BranchRatio,FaultCount,FaultRatio
230,1,0.270270,0,0.000000,0,0.000000,2,0.400000
328,2,0.540541,0,0.000000,0,0.000000,2,0.400000
184,3,0.810811,0,0.000000,0,0.000000,2,0.400000
333,4,1.081081,0,0.000000,0,0.000000,2,0.400000
244,5,1.351351,234,10.883721,228,16.391086,2,0.400000
55,6,1.621622,234,10.883721,228,16.391086,3,0.600000
332,7,1.891892,234,10.883721,228,16.391086,5,1.000000
323,8,2.162162,1617,75.209302,1060,76.204170,5,1.000000
207,9,2.432432,1648,76.651163,1077,77.426312,5,1.000000
250,10,2.702703,1679,78.093023,1093,78.576564,5,1.000000
199,11,2.972973,1679,78.093023,1093,78.576564,5,1.000000
256,12,3.243243,1679,78.093023,1093,78.576564,5,1.000000
148,13,3.513514,1679,78.093023,1093,78.576564,5,1.000000
10,14,3.783784,1684,78.325581,1095,78.720345,5,1.000000
354,15,4.054054,1684,78.325581,1095,78.720345,5,1.000000
246,16,4.324324,1690,78.604651,1099,79.007908,5,1.000000
145,17,4.594595,1690,78.604651,1099,79.007908,5,1.000000
306,18,4.864865,1690,78.604651,1099,79.007908,5,1.000000
181,19,5.135135,1695,78.837209,1101,79.151689,5,1.000000
319,20,5.405405,1777,82.651163,1151,82.746226,5,1.000000
1,21,5.675676,1780,82.790698,1151,82.746226,5,1.000000
95,22,5.945946,1780,82.790698,1151,82.746226,5,1.000000
302,23,6.216216,1786,83.069767,1153,82.890007,5,1.000000
116,24,6.486486,1786,83.069767,1153,82.890007,5,1.000000
