TestcaseNumber,TestcaseCount,TestcaseRatio,StatementCount,StatementRatio,BranchCount,BranchRatio,FaultCount,FaultRatio
84,1,0.270270,0,0.000000,0,0.000000,0,0.000000
283,2,0.540541,0,0.000000,0,0.000000,1,0.200000
361,3,0.810811,0,0.000000,0,0.000000,1,0.200000
118,4,1.081081,0,0.000000,0,0.000000,1,0.200000
366,5,1.351351,18,0.837209,8,0.575126,1,0.200000
35,6,1.621622,1460,67.906977,925,66.498922,1,0.200000
67,7,1.891892,1460,67.906977,925,66.498922,1,0.200000
129,8,2.162162,1460,67.906977,925,66.498922,2,0.400000
302,9,2.432432,1549,72.046512,994,71.459382,2,0.400000
225,10,2.702703,1549,72.046512,994,71.459382,2,0.400000
308,11,2.972973,1549,72.046512,994,71.459382,2,0.400000
135,12,3.243243,1549,72.046512,994,71.459382,2,0.400000
73,13,3.513514,1549,72.046512,994,71.459382,2,0.400000
256,14,3.783784,1549,72.046512,994,71.459382,2,0.400000
345,15,4.054054,1557,72.418605,1002,72.034508,2,0.400000
119,16,4.324324,1557,72.418605,1002,72.034508,2,0.400000
312,17,4.594595,1557,72.418605,1002,72.034508,3,0.600000
262,18,4.864865,1557,72.418605,1002,72.034508,3,0.600000
20,19,5.135135,1567,72.883721,1006,72.322070,3,0.600000
49,20,5.405405,1567,72.883721,1006,72.322070,3,0.600000
91,21,5.675676,1567,72.883721,1006,72.322070,3,0.600000
78,22,5.945946,1567,72.883721,1006,72.322070,4,0.800000
36,23,6.216216,1567,72.883721,1006,72.322070,4,0.800000
26,24,6.486486,1567,72.883721,1006,72.322070,4,0.800000
57,25,6.756757,1567,72.883721,1006,72.322070,4,0.800000
349,26,7.027027,1609,74.837209,1038,74.622574,4,0.800000
167,27,7.297297,1609,74.837209,1038,74.622574,4,0.800000
