TestcaseNumber,TestcaseCount,TestcaseRatio,StatementCount,StatementRatio,BranchCount,BranchRatio,FaultCount,FaultRatio
353,1,0.270270,0,0.000000,0,0.000000,0,0.000000
176,2,0.540541,0,0.000000,0,0.000000,1,0.200000
367,3,0.810811,18,0.837209,8,0.575126,1,0.200000
303,4,1.081081,969,45.069767,609,43.781452,1,0.200000
186,5,1.351351,969,45.069767,609,43.781452,1,0.200000
32,6,1.621622,1599,74.372093,1037,74.550683,1,0.200000
326,7,1.891892,1599,74.372093,1037,74.550683,1,0.200000
226,8,2.162162,1599,74.372093,1037,74.550683,2,0.400000
262,9,2.432432,1599,74.372093,1037,74.550683,2,0.400000
132,10,2.702703,1599,74.372093,1037,74.550683,2,0.400000
306,11,2.972973,1599,74.372093,1037,74.550683,4,0.800000
313,12,3.243243,1599,74.372093,1037,74.550683,5,1.000000
26,13,3.513514,1599,74.372093,1037,74.550683,5,1.000000
182,14,3.783784,1670,77.674419,1079,77.570093,5,1.000000
42,15,4.054054,1670,77.674419,1079,77.570093,5,1.000000
245,16,4.324324,1693,78.744186,1093,78.576564,5,1.000000
302,17,4.594595,1693,78.744186,1093,78.576564,5,1.000000
18,18,4.864865,1701,79.116279,1095,78.720345,5,1.000000
317,19,5.135135,1701,79.116279,1095,78.720345,5,1.000000
165,20,5.405405,1701,79.116279,1095,78.720345,5,1.000000
330,21,5.675676,1701,79.116279,1095,78.720345,5,1.000000
315,22,5.945946,1701,79.116279,1095,78.720345,5,1.000000
