TestcaseNumber,TestcaseCount,TestcaseRatio,StatementCount,StatementRatio,BranchCount,BranchRatio,FaultCount,FaultRatio
34,1,0.270270,1522,70.790698,978,70.309130,1,0.200000
65,2,0.540541,1522,70.790698,978,70.309130,2,0.400000
142,3,0.810811,1589,73.906977,1030,74.047448,3,0.600000
196,4,1.081081,1589,73.906977,1030,74.047448,4,0.800000
273,5,1.351351,1589,73.906977,1030,74.047448,4,0.800000
360,6,1.621622,1589,73.906977,1030,74.047448,4,0.800000
127,7,1.891892,1701,79.116279,1121,80.589504,5,1.000000
280,8,2.162162,1701,79.116279,1121,80.589504,5,1.000000
354,9,2.432432,1701,79.116279,1121,80.589504,5,1.000000
116,10,2.702703,1701,79.116279,1121,80.589504,5,1.000000
219,11,2.972973,1706,79.348837,1123,80.733285,5,1.000000
94,12,3.243243,1706,79.348837,1123,80.733285,5,1.000000
254,13,3.513514,1706,79.348837,1123,80.733285,5,1.000000
303,14,3.783784,1706,79.348837,1123,80.733285,5,1.000000
275,15,4.054054,1706,79.348837,1123,80.733285,5,1.000000
262,16,4.324324,1706,79.348837,1123,80.733285,5,1.000000
265,17,4.594595,1706,79.348837,1123,80.733285,5,1.000000
164,18,4.864865,1706,79.348837,1123,80.733285,5,1.000000
91,19,5.135135,1706,79.348837,1123,80.733285,5,1.000000
220,20,5.405405,1706,79.348837,1123,80.733285,5,1.000000
329,21,5.675676,1706,79.348837,1123,80.733285,5,1.000000
104,22,5.945946,1706,79.348837,1123,80.733285,5,1.000000
357,23,6.216216,1706,79.348837,1123,80.733285,5,1.000000
311,24,6.486486,1706,79.348837,1123,80.733285,5,1.000000
136,25,6.756757,1714,79.720930,1127,81.020848,5,1.000000
193,26,7.027027,1714,79.720930,1127,81.020848,5,1.000000
342,27,7.297297,1714,79.720930,1127,81.020848,5,1.000000
