TestcaseNumber,TestcaseCount,TestcaseRatio,StatementCount,StatementRatio,BranchCount,BranchRatio,FaultCount,FaultRatio
148,1,0.270270,0,0.000000,0,0.000000,3,0.600000
17,2,0.540541,183,8.511628,145,10.424155,3,0.600000
35,3,0.810811,1534,71.348837,981,70.524802,4,0.800000
211,4,1.081081,1544,71.813953,988,71.028037,4,0.800000
86,5,1.351351,1544,71.813953,988,71.028037,4,0.800000
296,6,1.621622,1846,85.860465,1239,89.072610,4,0.800000
18,7,1.891892,1854,86.232558,1241,89.216391,4,0.800000
202,8,2.162162,1877,87.302326,1257,90.366643,4,0.800000
23,9,2.432432,1877,87.302326,1257,90.366643,4,0.800000
273,10,2.702703,1877,87.302326,1257,90.366643,4,0.800000
38,11,2.972973,1890,87.906977,1267,91.085550,4,0.800000
294,12,3.243243,1926,89.581395,1291,92.810927,5,1.000000
330,13,3.513514,1926,89.581395,1291,92.810927,5,1.000000
285,14,3.783784,1941,90.279070,1301,93.529835,5,1.000000
190,15,4.054054,1941,90.279070,1301,93.529835,5,1.000000
197,16,4.324324,1941,90.279070,1301,93.529835,5,1.000000
67,17,4.594595,1941,90.279070,1301,93.529835,5,1.000000
4,18,4.864865,1944,90.418605,1303,93.673616,5,1.000000
328,19,5.135135,1944,90.418605,1303,93.673616,5,1.000000
80,20,5.405405,1944,90.418605,1303,93.673616,5,1.000000
45,21,5.675676,1945,90.465116,1305,93.817398,5,1.000000
47,22,5.945946,1945,90.465116,1305,93.817398,5,1.000000
367,23,6.216216,1950,90.697674,1305,93.817398,5,1.000000
261,24,6.486486,1992,92.651163,1325,95.255212,5,1.000000
126,25,6.756757,2012,93.581395,1333,95.830338,5,1.000000
9,26,7.027027,2012,93.581395,1333,95.830338,5,1.000000
113,27,7.297297,2012,93.581395,1333,95.830338,5,1.000000
267,28,7.567568,2012,93.581395,1333,95.830338,5,1.000000
339,29,7.837838,2012,93.581395,1333,95.830338,5,1.000000
275,30,8.108108,2012,93.581395,1333,95.830338,5,1.000000
228,31,8.378378,2012,93.581395,1333,95.830338,5,1.000000
