TestcaseNumber,TestcaseCount,TestcaseRatio,StatementCount,StatementRatio,BranchCount,BranchRatio,FaultCount,FaultRatio
294,1,0.270270,1534,71.348837,1022,73.472322,2,0.400000
107,2,0.540541,1565,72.790698,1044,75.053918,3,0.600000
263,3,0.810811,1565,72.790698,1044,75.053918,3,0.600000
26,4,1.081081,1565,72.790698,1044,75.053918,4,0.800000
253,5,1.351351,1565,72.790698,1044,75.053918,4,0.800000
342,6,1.621622,1565,72.790698,1044,75.053918,4,0.800000
166,7,1.891892,1565,72.790698,1044,75.053918,5,1.000000
177,8,2.162162,1565,72.790698,1044,75.053918,5,1.000000
85,9,2.432432,1565,72.790698,1044,75.053918,5,1.000000
270,10,2.702703,1565,72.790698,1044,75.053918,5,1.000000
209,11,2.972973,1592,74.046512,1054,75.772825,5,1.000000
122,12,3.243243,1592,74.046512,1054,75.772825,5,1.000000
157,13,3.513514,1592,74.046512,1054,75.772825,5,1.000000
311,14,3.783784,1592,74.046512,1054,75.772825,5,1.000000
212,15,4.054054,1592,74.046512,1054,75.772825,5,1.000000
38,16,4.324324,1707,79.395349,1129,81.164630,5,1.000000
76,17,4.594595,1707,79.395349,1129,81.164630,5,1.000000
179,18,4.864865,1707,79.395349,1129,81.164630,5,1.000000
219,19,5.135135,1734,80.651163,1141,82.027318,5,1.000000
190,20,5.405405,1734,80.651163,1141,82.027318,5,1.000000
309,21,5.675676,1734,80.651163,1141,82.027318,5,1.000000
369,22,5.945946,1739,80.883721,1141,82.027318,5,1.000000
256,23,6.216216,1739,80.883721,1141,82.027318,5,1.000000
358,24,6.486486,1744,81.116279,1145,82.314881,5,1.000000
