TestcaseNumber,TestcaseCount,TestcaseRatio,StatementCount,StatementRatio,BranchCount,BranchRatio,FaultCount,FaultRatio
357,1,0.270270,115,5.348837,107,7.692308,1,0.200000
337,2,0.540541,1619,75.302326,1068,76.779295,2,0.400000
184,3,0.810811,1619,75.302326,1068,76.779295,2,0.400000
216,4,1.081081,1758,81.767442,1145,82.314881,3,0.600000
236,5,1.351351,1791,83.302326,1169,84.040259,3,0.600000
108,6,1.621622,1791,83.302326,1169,84.040259,3,0.600000
142,7,1.891892,1793,83.395349,1171,84.184040,4,0.800000
139,8,2.162162,1795,83.488372,1173,84.327822,4,0.800000
369,9,2.432432,1800,83.720930,1173,84.327822,4,0.800000
299,10,2.702703,1800,83.720930,1173,84.327822,4,0.800000
355,11,2.972973,1800,83.720930,1173,84.327822,5,1.000000
145,12,3.243243,1800,83.720930,1173,84.327822,5,1.000000
188,13,3.513514,1800,83.720930,1173,84.327822,5,1.000000
82,14,3.783784,1800,83.720930,1173,84.327822,5,1.000000
231,15,4.054054,1800,83.720930,1173,84.327822,5,1.000000
45,16,4.324324,1800,83.720930,1173,84.327822,5,1.000000
350,17,4.594595,1800,83.720930,1173,84.327822,5,1.000000
22,18,4.864865,1800,83.720930,1173,84.327822,5,1.000000
137,19,5.135135,1800,83.720930,1173,84.327822,5,1.000000
190,20,5.405405,1800,83.720930,1173,84.327822,5,1.000000
