TestcaseNumber,TestcaseCount,TestcaseRatio,StatementCount,StatementRatio,BranchCount,BranchRatio,FaultCount,FaultRatio
152,1,0.270270,0,0.000000,0,0.000000,0,0.000000
314,2,0.540541,0,0.000000,0,0.000000,2,0.400000
203,3,0.810811,228,10.604651,184,13.227894,3,0.600000
197,4,1.081081,228,10.604651,184,13.227894,4,0.800000
63,5,1.351351,228,10.604651,184,13.227894,4,0.800000
367,6,1.621622,233,10.837209,184,13.227894,4,0.800000
36,7,1.891892,233,10.837209,184,13.227894,4,0.800000
32,8,2.162162,1622,75.441860,1055,75.844716,4,0.800000
310,9,2.432432,1622,75.441860,1055,75.844716,4,0.800000
110,10,2.702703,1622,75.441860,1055,75.844716,4,0.800000
352,11,2.972973,1637,76.139535,1065,76.563623,4,0.800000
106,12,3.243243,1638,76.186047,1067,76.707405,4,0.800000
45,13,3.513514,1638,76.186047,1067,76.707405,4,0.800000
84,14,3.783784,1638,76.186047,1067,76.707405,4,0.800000
353,15,4.054054,1638,76.186047,1067,76.707405,4,0.800000
361,16,4.324324,1638,76.186047,1067,76.707405,4,0.800000
125,17,4.594595,1742,81.023256,1147,82.458663,5,1.000000
28,18,4.864865,1742,81.023256,1147,82.458663,5,1.000000
348,19,5.135135,1757,81.720930,1157,83.177570,5,1.000000
298,20,5.405405,1757,81.720930,1157,83.177570,5,1.000000
5,21,5.675676,1760,81.860465,1157,83.177570,5,1.000000
