TestcaseNumber,TestcaseCount,TestcaseRatio,StatementCount,StatementRatio,BranchCount,BranchRatio,FaultCount,FaultRatio
202,1,0.270270,236,10.976744,187,13.443566,1,0.200000
257,2,0.540541,236,10.976744,187,13.443566,2,0.400000
144,3,0.810811,236,10.976744,187,13.443566,2,0.400000
302,4,1.081081,1022,47.534884,653,46.944644,2,0.400000
71,5,1.351351,1022,47.534884,653,46.944644,3,0.600000
331,6,1.621622,1022,47.534884,653,46.944644,4,0.800000
16,7,1.891892,1102,51.255814,705,50.682962,4,0.800000
118,8,2.162162,1102,51.255814,705,50.682962,4,0.800000
49,9,2.432432,1102,51.255814,705,50.682962,4,0.800000
98,10,2.702703,1102,51.255814,705,50.682962,4,0.800000
297,11,2.972973,1865,86.744186,1267,91.085550,4,0.800000
20,12,3.243243,1895,88.139535,1275,91.660676,4,0.800000
248,13,3.513514,1895,88.139535,1275,91.660676,4,0.800000
73,14,3.783784,1895,88.139535,1275,91.660676,4,0.800000
200,15,4.054054,1895,88.139535,1275,91.660676,4,0.800000
42,16,4.324324,1895,88.139535,1275,91.660676,4,0.800000
360,17,4.594595,1895,88.139535,1275,91.660676,4,0.800000
240,18,4.864865,1895,88.139535,1275,91.660676,4,0.800000
311,19,5.135135,1895,88.139535,1275,91.660676,4,0.800000
