TestcaseNumber,TestcaseCount,TestcaseRatio,StatementCount,StatementRatio,BranchCount,BranchRatio,FaultCount,FaultRatio
197,1,0.270270,0,0.000000,0,0.000000,2,0.400000
116,2,0.540541,0,0.000000,0,0.000000,2,0.400000
290,3,0.810811,1583,73.627907,1066,76.635514,2,0.400000
71,4,1.081081,1591,74.000000,1070,76.923077,3,0.600000
48,5,1.351351,1591,74.000000,1070,76.923077,4,0.800000
269,6,1.621622,1622,75.441860,1084,77.929547,4,0.800000
280,7,1.891892,1622,75.441860,1084,77.929547,4,0.800000
232,8,2.162162,1622,75.441860,1084,77.929547,4,0.800000
320,9,2.432432,1622,75.441860,1084,77.929547,4,0.800000
266,10,2.702703,1622,75.441860,1084,77.929547,4,0.800000
307,11,2.972973,1622,75.441860,1084,77.929547,5,1.000000
324,12,3.243243,1622,75.441860,1084,77.929547,5,1.000000
64,13,3.513514,1622,75.441860,1084,77.929547,5,1.000000
123,14,3.783784,1622,75.441860,1084,77.929547,5,1.000000
241,15,4.054054,1622,75.441860,1084,77.929547,5,1.000000
212,16,4.324324,1622,75.441860,1084,77.929547,5,1.000000
24,17,4.594595,1622,75.441860,1084,77.929547,5,1.000000
364,18,4.864865,1627,75.674419,1084,77.929547,5,1.000000
84,19,5.135135,1627,75.674419,1084,77.929547,5,1.000000
203,20,5.405405,1682,78.232558,1131,81.308411,5,1.000000
240,21,5.675676,1682,78.232558,1131,81.308411,5,1.000000
80,22,5.945946,1682,78.232558,1131,81.308411,5,1.000000
148,23,6.216216,1682,78.232558,1131,81.308411,5,1.000000
