TestcaseNumber,TestcaseCount,TestcaseRatio,StatementCount,StatementRatio,BranchCount,BranchRatio,FaultCount,FaultRatio
337,1,0.270270,1601,74.465116,1056,75.916607,1,0.200000
295,2,0.540541,1730,80.465116,1131,81.308411,2,0.400000
83,3,0.810811,1730,80.465116,1131,81.308411,4,0.800000
282,4,1.081081,1730,80.465116,1131,81.308411,4,0.800000
369,5,1.351351,1735,80.697674,1131,81.308411,4,0.800000
244,6,1.621622,1766,82.139535,1155,83.033789,4,0.800000
155,7,1.891892,1766,82.139535,1155,83.033789,4,0.800000
338,8,2.162162,1766,82.139535,1155,83.033789,4,0.800000
232,9,2.432432,1766,82.139535,1155,83.033789,4,0.800000
92,10,2.702703,1766,82.139535,1155,83.033789,4,0.800000
249,11,2.972973,1802,83.813953,1171,84.184040,4,0.800000
301,12,3.243243,1802,83.813953,1171,84.184040,5,1.000000
82,13,3.513514,1802,83.813953,1171,84.184040,5,1.000000
74,14,3.783784,1802,83.813953,1171,84.184040,5,1.000000
87,15,4.054054,1802,83.813953,1171,84.184040,5,1.000000
85,16,4.324324,1802,83.813953,1171,84.184040,5,1.000000
38,17,4.594595,1810,84.186047,1173,84.327822,5,1.000000
3,18,4.864865,1813,84.325581,1173,84.327822,5,1.000000
359,19,5.135135,1813,84.325581,1173,84.327822,5,1.000000
1,20,5.405405,1821,84.697674,1177,84.615385,5,1.000000
