TestcaseNumber,TestcaseCount,TestcaseRatio,StatementCount,StatementRatio,BranchCount,BranchRatio,FaultCount,FaultRatio
89,1,0.270270,0,0.000000,0,0.000000,0,0.000000
261,2,0.540541,316,14.697674,266,19.122933,0,0.000000
239,3,0.810811,339,15.767442,280,20.129403,0,0.000000
121,4,1.081081,339,15.767442,280,20.129403,1,0.200000
304,5,1.351351,339,15.767442,280,20.129403,1,0.200000
299,6,1.621622,339,15.767442,280,20.129403,1,0.200000
50,7,1.891892,371,17.255814,300,21.567218,1,0.200000
200,8,2.162162,429,19.953488,342,24.586628,1,0.200000
195,9,2.432432,429,19.953488,342,24.586628,1,0.200000
20,10,2.702703,459,21.348837,350,25.161754,1,0.200000
293,11,2.972973,459,21.348837,350,25.161754,2,0.400000
189,12,3.243243,459,21.348837,350,25.161754,2,0.400000
138,13,3.513514,459,21.348837,350,25.161754,2,0.400000
255,14,3.783784,459,21.348837,350,25.161754,5,1.000000
331,15,4.054054,459,21.348837,350,25.161754,5,1.000000
28,16,4.324324,459,21.348837,350,25.161754,5,1.000000
297,17,4.594595,1962,91.255814,1312,94.320633,5,1.000000
355,18,4.864865,1962,91.255814,1312,94.320633,5,1.000000
143,19,5.135135,1966,91.441860,1314,94.464414,5,1.000000
142,20,5.405405,1966,91.441860,1314,94.464414,5,1.000000
218,21,5.675676,1992,92.651163,1329,95.542775,5,1.000000
18,22,5.945946,2000,93.023256,1331,95.686556,5,1.000000
348,23,6.216216,2010,93.488372,1337,96.117901,5,1.000000
68,24,6.486486,2010,93.488372,1337,96.117901,5,1.000000
266,25,6.756757,2010,93.488372,1337,96.117901,5,1.000000
356,26,7.027027,2010,93.488372,1337,96.117901,5,1.000000
325,27,7.297297,2010,93.488372,1337,96.117901,5,1.000000
199,28,7.567568,2013,93.627907,1337,96.117901,5,1.000000
171,29,7.837838,2013,93.627907,1337,96.117901,5,1.000000
231,30,8.108108,2013,93.627907,1337,96.117901,5,1.000000
215,31,8.378378,2013,93.627907,1337,96.117901,5,1.000000
327,32,8.648649,2013,93.627907,1337,96.117901,5,1.000000
