TestcaseNumber,TestcaseCount,TestcaseRatio,StatementCount,StatementRatio,BranchCount,BranchRatio,FaultCount,FaultRatio
24,1,0.270270,0,0.000000,0,0.000000,2,0.400000
252,2,0.540541,0,0.000000,0,0.000000,2,0.400000
114,3,0.810811,0,0.000000,0,0.000000,2,0.400000
358,4,1.081081,208,9.674419,210,15.097052,2,0.400000
61,5,1.351351,208,9.674419,210,15.097052,2,0.400000
188,6,1.621622,208,9.674419,210,15.097052,2,0.400000
103,7,1.891892,208,9.674419,210,15.097052,2,0.400000
197,8,2.162162,208,9.674419,210,15.097052,3,0.600000
89,9,2.432432,208,9.674419,210,15.097052,3,0.600000
82,10,2.702703,208,9.674419,210,15.097052,5,1.000000
66,11,2.972973,208,9.674419,210,15.097052,5,1.000000
136,12,3.243243,291,13.534884,254,18.260244,5,1.000000
242,13,3.513514,291,13.534884,254,18.260244,5,1.000000
162,14,3.783784,291,13.534884,254,18.260244,5,1.000000
258,15,4.054054,306,14.232558,264,18.979152,5,1.000000
22,16,4.324324,306,14.232558,264,18.979152,5,1.000000
109,17,4.594595,306,14.232558,264,18.979152,5,1.000000
41,18,4.864865,306,14.232558,264,18.979152,5,1.000000
50,19,5.135135,331,15.395349,280,20.129403,5,1.000000
332,20,5.405405,331,15.395349,280,20.129403,5,1.000000
