TestcaseNumber,TestcaseCount,TestcaseRatio,StatementCount,StatementRatio,BranchCount,BranchRatio,FaultCount,FaultRatio
160,1,0.270270,0,0.000000,0,0.000000,3,0.600000
112,2,0.540541,0,0.000000,0,0.000000,3,0.600000
83,3,0.810811,0,0.000000,0,0.000000,5,1.000000
21,4,1.081081,0,0.000000,0,0.000000,5,1.000000
68,5,1.351351,118,5.488372,109,7.836089,5,1.000000
172,6,1.621622,1607,74.744186,1064,76.491733,5,1.000000
330,7,1.891892,1607,74.744186,1064,76.491733,5,1.000000
215,8,2.162162,1607,74.744186,1064,76.491733,5,1.000000
193,9,2.432432,1607,74.744186,1064,76.491733,5,1.000000
181,10,2.702703,1700,79.069767,1114,80.086269,5,1.000000
30,11,2.972973,1700,79.069767,1114,80.086269,5,1.000000
356,12,3.243243,1700,79.069767,1114,80.086269,5,1.000000
76,13,3.513514,1700,79.069767,1114,80.086269,5,1.000000
222,14,3.783784,1700,79.069767,1114,80.086269,5,1.000000
26,15,4.054054,1700,79.069767,1114,80.086269,5,1.000000
239,16,4.324324,1751,81.441860,1146,82.386772,5,1.000000
124,17,4.594595,1797,83.581395,1179,84.759166,5,1.000000
353,18,4.864865,1797,83.581395,1179,84.759166,5,1.000000
95,19,5.135135,1797,83.581395,1179,84.759166,5,1.000000
84,20,5.405405,1797,83.581395,1179,84.759166,5,1.000000
282,21,5.675676,1797,83.581395,1179,84.759166,5,1.000000
362,22,5.945946,1797,83.581395,1179,84.759166,5,1.000000
348,23,6.216216,1813,84.325581,1189,85.478073,5,1.000000
130,24,6.486486,1813,84.325581,1189,85.478073,5,1.000000
77,25,6.756757,1813,84.325581,1189,85.478073,5,1.000000
327,26,7.027027,1813,84.325581,1189,85.478073,5,1.000000
137,27,7.297297,1815,84.418605,1191,85.621855,5,1.000000
136,28,7.567568,1815,84.418605,1191,85.621855,5,1.000000
311,29,7.837838,1815,84.418605,1191,85.621855,5,1.000000
