TestcaseNumber,TestcaseCount,TestcaseRatio,StatementCount,StatementRatio,BranchCount,BranchRatio,FaultCount,FaultRatio
367,1,0.270270,18,0.837209,8,0.575126,0,0.000000
144,2,0.540541,18,0.837209,8,0.575126,0,0.000000
193,3,0.810811,18,0.837209,8,0.575126,0,0.000000
284,4,1.081081,121,5.627907,107,7.692308,1,0.200000
250,5,1.351351,1620,75.348837,1056,75.916607,2,0.400000
339,6,1.621622,1620,75.348837,1056,75.916607,2,0.400000
160,7,1.891892,1620,75.348837,1056,75.916607,4,0.800000
44,8,2.162162,1629,75.767442,1064,76.491733,4,0.800000
63,9,2.432432,1629,75.767442,1064,76.491733,4,0.800000
363,10,2.702703,1629,75.767442,1064,76.491733,4,0.800000
268,11,2.972973,1648,76.651163,1076,77.354421,4,0.800000
88,12,3.243243,1648,76.651163,1076,77.354421,4,0.800000
168,13,3.513514,1648,76.651163,1076,77.354421,4,0.800000
4,14,3.783784,1651,76.790698,1078,77.498203,4,0.800000
314,15,4.054054,1651,76.790698,1078,77.498203,4,0.800000
74,16,4.324324,1651,76.790698,1078,77.498203,4,0.800000
