TestcaseNumber,TestcaseCount,TestcaseRatio,StatementCount,StatementRatio,BranchCount,BranchRatio,FaultCount,FaultRatio
183,1,0.270270,1589,73.906977,1042,74.910137,0,0.000000
311,2,0.540541,1589,73.906977,1042,74.910137,0,0.000000
242,3,0.810811,1589,73.906977,1042,74.910137,1,0.200000
41,4,1.081081,1589,73.906977,1042,74.910137,2,0.400000
184,5,1.351351,1589,73.906977,1042,74.910137,2,0.400000
6,6,1.621622,1589,73.906977,1042,74.910137,5,1.000000
160,7,1.891892,1589,73.906977,1042,74.910137,5,1.000000
203,8,2.162162,1652,76.837209,1087,78.145219,5,1.000000
313,9,2.432432,1652,76.837209,1087,78.145219,5,1.000000
315,10,2.702703,1652,76.837209,1087,78.145219,5,1.000000
301,11,2.972973,1652,76.837209,1087,78.145219,5,1.000000
190,12,3.243243,1652,76.837209,1087,78.145219,5,1.000000
81,13,3.513514,1652,76.837209,1087,78.145219,5,1.000000
192,14,3.783784,1652,76.837209,1087,78.145219,5,1.000000
323,15,4.054054,1653,76.883721,1087,78.145219,5,1.000000
11,16,4.324324,1668,77.581395,1093,78.576564,5,1.000000
249,17,4.594595,1689,78.558140,1105,79.439252,5,1.000000
175,18,4.864865,1780,82.790698,1161,83.465133,5,1.000000
354,19,5.135135,1780,82.790698,1161,83.465133,5,1.000000
15,20,5.405405,1787,83.116279,1163,83.608914,5,1.000000
78,21,5.675676,1787,83.116279,1163,83.608914,5,1.000000
336,22,5.945946,1802,83.813953,1169,84.040259,5,1.000000
146,23,6.216216,1802,83.813953,1169,84.040259,5,1.000000
168,24,6.486486,1802,83.813953,1169,84.040259,5,1.000000
172,25,6.756757,1802,83.813953,1169,84.040259,5,1.000000
36,26,7.027027,1802,83.813953,1169,84.040259,5,1.000000
147,27,7.297297,1802,83.813953,1169,84.040259,5,1.000000
283,28,7.567568,1802,83.813953,1169,84.040259,5,1.000000
116,29,7.837838,1802,83.813953,1169,84.040259,5,1.000000
77,30,8.108108,1802,83.813953,1169,84.040259,5,1.000000
208,31,8.378378,1802,83.813953,1169,84.040259,5,1.000000
201,32,8.648649,1802,83.813953,1169,84.040259,5,1.000000
