TestcaseNumber,TestcaseCount,TestcaseRatio,StatementCount,StatementRatio,BranchCount,BranchRatio,FaultCount,FaultRatio
198,1,0.270270,0,0.000000,0,0.000000,4,0.800000
294,2,0.540541,1534,71.348837,1022,73.472322,5,1.000000
23,3,0.810811,1534,71.348837,1022,73.472322,5,1.000000
259,4,1.081081,1556,72.372093,1036,74.478792,5,1.000000
250,5,1.351351,1665,77.441860,1109,79.726815,5,1.000000
155,6,1.621622,1665,77.441860,1109,79.726815,5,1.000000
117,7,1.891892,1665,77.441860,1109,79.726815,5,1.000000
235,8,2.162162,1665,77.441860,1109,79.726815,5,1.000000
299,9,2.432432,1665,77.441860,1109,79.726815,5,1.000000
243,10,2.702703,1665,77.441860,1109,79.726815,5,1.000000
27,11,2.972973,1665,77.441860,1109,79.726815,5,1.000000
355,12,3.243243,1665,77.441860,1109,79.726815,5,1.000000
215,13,3.513514,1665,77.441860,1109,79.726815,5,1.000000
102,14,3.783784,1665,77.441860,1109,79.726815,5,1.000000
72,15,4.054054,1665,77.441860,1109,79.726815,5,1.000000
75,16,4.324324,1665,77.441860,1109,79.726815,5,1.000000
137,17,4.594595,1693,78.744186,1125,80.877067,5,1.000000
230,18,4.864865,1693,78.744186,1125,80.877067,5,1.000000
