TestcaseNumber,TestcaseCount,TestcaseRatio,StatementCount,StatementRatio,BranchCount,BranchRatio,FaultCount,FaultRatio
205,1,0.270270,199,9.255814,158,11.358735,1,0.200000
279,2,0.540541,391,18.186047,321,23.076923,2,0.400000
11,3,0.810811,406,18.883721,327,23.508267,2,0.400000
248,4,1.081081,406,18.883721,327,23.508267,2,0.400000
18,5,1.351351,442,20.558140,349,25.089863,2,0.400000
117,6,1.621622,442,20.558140,349,25.089863,2,0.400000
157,7,1.891892,442,20.558140,349,25.089863,2,0.400000
211,8,2.162162,442,20.558140,349,25.089863,2,0.400000
252,9,2.432432,442,20.558140,349,25.089863,2,0.400000
297,10,2.702703,1923,89.441860,1293,92.954709,3,0.600000
8,11,2.972973,1942,90.325581,1297,93.242272,3,0.600000
243,12,3.243243,1942,90.325581,1297,93.242272,3,0.600000
134,13,3.513514,1942,90.325581,1297,93.242272,3,0.600000
7,14,3.783784,1952,90.790698,1309,94.104960,4,0.800000
174,15,4.054054,1991,92.604651,1317,94.680086,4,0.800000
88,16,4.324324,1991,92.604651,1317,94.680086,4,0.800000
231,17,4.594595,1991,92.604651,1317,94.680086,5,1.000000
27,18,4.864865,1991,92.604651,1317,94.680086,5,1.000000
149,19,5.135135,1991,92.604651,1317,94.680086,5,1.000000
