TestcaseNumber,TestcaseCount,TestcaseRatio,StatementCount,StatementRatio,BranchCount,BranchRatio,FaultCount,FaultRatio
141,1,0.270270,129,6.000000,121,8.698778,1,0.200000
364,2,0.540541,134,6.232558,121,8.698778,1,0.200000
165,3,0.810811,134,6.232558,121,8.698778,2,0.400000
76,4,1.081081,134,6.232558,121,8.698778,3,0.600000
92,5,1.351351,134,6.232558,121,8.698778,4,0.800000
311,6,1.621622,134,6.232558,121,8.698778,4,0.800000
206,7,1.891892,220,10.232558,170,12.221423,4,0.800000
65,8,2.162162,220,10.232558,170,12.221423,4,0.800000
255,9,2.432432,220,10.232558,170,12.221423,5,1.000000
171,10,2.702703,220,10.232558,170,12.221423,5,1.000000
267,11,2.972973,220,10.232558,170,12.221423,5,1.000000
324,12,3.243243,220,10.232558,170,12.221423,5,1.000000
293,13,3.513514,220,10.232558,170,12.221423,5,1.000000
29,14,3.783784,220,10.232558,170,12.221423,5,1.000000
359,15,4.054054,338,15.720930,279,20.057513,5,1.000000
240,16,4.324324,338,15.720930,279,20.057513,5,1.000000
253,17,4.594595,338,15.720930,279,20.057513,5,1.000000
