TestcaseNumber,TestcaseCount,TestcaseRatio,StatementCount,StatementRatio,BranchCount,BranchRatio,FaultCount,FaultRatio
251,1,0.270270,0,0.000000,0,0.000000,1,0.200000
79,2,0.540541,0,0.000000,0,0.000000,4,0.800000
91,3,0.810811,0,0.000000,0,0.000000,4,0.800000
123,4,1.081081,0,0.000000,0,0.000000,4,0.800000
298,5,1.351351,0,0.000000,0,0.000000,4,0.800000
365,6,1.621622,18,0.837209,8,0.575126,4,0.800000
278,7,1.891892,314,14.604651,266,19.122933,4,0.800000
151,8,2.162162,314,14.604651,266,19.122933,4,0.800000
359,9,2.432432,340,15.813953,278,19.985622,4,0.800000
364,10,2.702703,340,15.813953,278,19.985622,4,0.800000
178,11,2.972973,340,15.813953,278,19.985622,4,0.800000
105,12,3.243243,356,16.558140,288,20.704529,4,0.800000
226,13,3.513514,356,16.558140,288,20.704529,4,0.800000
98,14,3.783784,356,16.558140,288,20.704529,4,0.800000
6,15,4.054054,356,16.558140,288,20.704529,5,1.000000
143,16,4.324324,356,16.558140,288,20.704529,5,1.000000
10,17,4.594595,369,17.162791,294,21.135873,5,1.000000
255,18,4.864865,369,17.162791,294,21.135873,5,1.000000
46,19,5.135135,369,17.162791,294,21.135873,5,1.000000
45,20,5.405405,369,17.162791,294,21.135873,5,1.000000
247,21,5.675676,382,17.767442,296,21.279655,5,1.000000
212,22,5.945946,382,17.767442,296,21.279655,5,1.000000
44,23,6.216216,382,17.767442,296,21.279655,5,1.000000
