TestcaseNumber,TestcaseCount,TestcaseRatio,StatementCount,StatementRatio,BranchCount,BranchRatio,FaultCount,FaultRatio
224,1,0.270270,0,0.000000,0,0.000000,2,0.400000
141,2,0.540541,129,6.000000,121,8.698778,3,0.600000
310,3,0.810811,129,6.000000,121,8.698778,3,0.600000
199,4,1.081081,215,10.000000,170,12.221423,3,0.600000
351,5,1.351351,344,16.000000,293,21.063983,3,0.600000
234,6,1.621622,344,16.000000,293,21.063983,3,0.600000
61,7,1.891892,344,16.000000,293,21.063983,3,0.600000
360,8,2.162162,344,16.000000,293,21.063983,4,0.800000
117,9,2.432432,344,16.000000,293,21.063983,4,0.800000
200,10,2.702703,367,17.069767,309,22.214234,4,0.800000
85,11,2.972973,367,17.069767,309,22.214234,4,0.800000
251,12,3.243243,367,17.069767,309,22.214234,4,0.800000
13,13,3.513514,375,17.441860,309,22.214234,4,0.800000
245,14,3.783784,400,18.604651,323,23.220705,4,0.800000
323,15,4.054054,1721,80.046512,1125,80.877067,4,0.800000
27,16,4.324324,1721,80.046512,1125,80.877067,4,0.800000
174,17,4.594595,1789,83.209302,1169,84.040259,4,0.800000
260,18,4.864865,1796,83.534884,1171,84.184040,4,0.800000
359,19,5.135135,1822,84.744186,1183,85.046729,4,0.800000
100,20,5.405405,1822,84.744186,1183,85.046729,4,0.800000
188,21,5.675676,1822,84.744186,1183,85.046729,4,0.800000
37,22,5.945946,1856,86.325581,1199,86.196981,4,0.800000
45,23,6.216216,1856,86.325581,1199,86.196981,4,0.800000
181,24,6.486486,1856,86.325581,1199,86.196981,5,1.000000
311,25,6.756757,1856,86.325581,1199,86.196981,5,1.000000
11,26,7.027027,1859,86.465116,1201,86.340762,5,1.000000
40,27,7.297297,1859,86.465116,1201,86.340762,5,1.000000
342,28,7.567568,1859,86.465116,1201,86.340762,5,1.000000
158,29,7.837838,1859,86.465116,1201,86.340762,5,1.000000
151,30,8.108108,1859,86.465116,1201,86.340762,5,1.000000
50,31,8.378378,1880,87.441860,1215,87.347232,5,1.000000
242,32,8.648649,1880,87.441860,1215,87.347232,5,1.000000
