TestcaseNumber,TestcaseCount,TestcaseRatio,StatementCount,StatementRatio,BranchCount,BranchRatio,FaultCount,FaultRatio
218,1,0.270270,1636,76.093023,1073,77.138749,1,0.200000
290,2,0.540541,1711,79.581395,1139,81.883537,1,0.200000
261,3,0.810811,1767,82.186047,1173,84.327822,1,0.200000
297,4,1.081081,1931,89.813953,1301,93.529835,2,0.400000
345,5,1.351351,1942,90.325581,1311,94.248742,2,0.400000
206,6,1.621622,1953,90.837209,1315,94.536305,2,0.400000
250,7,1.891892,1975,91.860465,1321,94.967649,3,0.600000
38,8,2.162162,1983,92.232558,1323,95.111431,3,0.600000
351,9,2.432432,1990,92.558140,1327,95.398994,3,0.600000
288,10,2.702703,2003,93.162791,1329,95.542775,3,0.600000
239,11,2.972973,2012,93.581395,1335,95.974119,3,0.600000
10,12,3.243243,2015,93.720930,1337,96.117901,3,0.600000
337,13,3.513514,2044,95.069767,1343,96.549245,3,0.600000
295,14,3.783784,2071,96.325581,1363,97.987060,4,0.800000
14,15,4.054054,2079,96.697674,1363,97.987060,4,0.800000
202,16,4.324324,2092,97.302326,1371,98.562185,4,0.800000
33,17,4.594595,2099,97.627907,1375,98.849748,4,0.800000
7,18,4.864865,2104,97.860465,1377,98.993530,4,0.800000
50,19,5.135135,2110,98.139535,1379,99.137311,4,0.800000
349,20,5.405405,2118,98.511628,1387,99.712437,4,0.800000
31,21,5.675676,2123,98.744186,1387,99.712437,5,1.000000
5,22,5.945946,2125,98.837209,1387,99.712437,5,1.000000
369,23,6.216216,2130,99.069767,1387,99.712437,5,1.000000
3,24,6.486486,2133,99.209302,1387,99.712437,5,1.000000
286,25,6.756757,2136,99.348837,1387,99.712437,5,1.000000
32,26,7.027027,2139,99.488372,1389,99.856219,5,1.000000
17,27,7.297297,2141,99.581395,1389,99.856219,5,1.000000
237,28,7.567568,2144,99.720930,1389,99.856219,5,1.000000
15,29,7.837838,2149,99.953488,1391,100.000000,5,1.000000
246,30,8.108108,2150,100.000000,1391,100.000000,5,1.000000
