TestcaseNumber,TestcaseCount,TestcaseRatio,StatementCount,StatementRatio,BranchCount,BranchRatio,FaultCount,FaultRatio
337,1,0.270270,1601,74.465116,1056,75.916607,1,0.200000
297,2,0.540541,1880,87.441860,1250,89.863408,2,0.400000
245,3,0.810811,1913,88.976744,1276,91.732566,2,0.400000
15,4,1.081081,1943,90.372093,1282,92.163911,2,0.400000
351,5,1.351351,1950,90.697674,1286,92.451474,2,0.400000
349,6,1.621622,1983,92.232558,1314,94.464414,3,0.600000
206,7,1.891892,1998,92.930233,1323,95.111431,3,0.600000
50,8,2.162162,2024,94.139535,1341,96.405464,3,0.600000
31,9,2.432432,2029,94.372093,1341,96.405464,5,1.000000
366,10,2.702703,2034,94.604651,1341,96.405464,5,1.000000
172,11,2.972973,2045,95.116279,1343,96.549245,5,1.000000
290,12,3.243243,2059,95.767442,1353,97.268152,5,1.000000
17,13,3.513514,2061,95.860465,1353,97.268152,5,1.000000
7,14,3.783784,2070,96.279070,1363,97.987060,5,1.000000
14,15,4.054054,2078,96.651163,1363,97.987060,5,1.000000
278,16,4.324324,2087,97.069767,1365,98.130841,5,1.000000
202,17,4.594595,2100,97.674419,1373,98.705967,5,1.000000
33,18,4.864865,2105,97.906977,1377,98.993530,5,1.000000
3,19,5.135135,2108,98.046512,1377,98.993530,5,1.000000
218,20,5.405405,2112,98.232558,1377,98.993530,5,1.000000
288,21,5.675676,2125,98.837209,1379,99.137311,5,1.000000
343,22,5.945946,2132,99.162791,1387,99.712437,5,1.000000
32,23,6.216216,2135,99.302326,1389,99.856219,5,1.000000
1,24,6.486486,2141,99.581395,1391,100.000000,5,1.000000
237,25,6.756757,2144,99.720930,1391,100.000000,5,1.000000
5,26,7.027027,2146,99.813953,1391,100.000000,5,1.000000
126,27,7.297297,2149,99.953488,1391,100.000000,5,1.000000
246,28,7.567568,2150,100.000000,1391,100.000000,5,1.000000
