TestcaseNumber,TestcaseCount,TestcaseRatio,StatementCount,StatementRatio,BranchCount,BranchRatio,FaultCount,FaultRatio
173,1,0.270270,1591,74.000000,1050,75.485262,0,0.000000
286,2,0.540541,1615,75.116279,1064,76.491733,0,0.000000
297,3,0.810811,1891,87.953488,1262,90.726096,1,0.200000
303,4,1.081081,1921,89.348837,1281,92.092020,1,0.200000
35,5,1.351351,1951,90.744186,1291,92.810927,2,0.400000
337,6,1.621622,1966,91.441860,1293,92.954709,2,0.400000
203,7,1.891892,1981,92.139535,1303,93.673616,2,0.400000
349,8,2.162162,2020,93.953488,1335,95.974119,3,0.600000
202,9,2.432432,2033,94.558140,1343,96.549245,3,0.600000
10,10,2.702703,2036,94.697674,1345,96.693027,3,0.600000
127,11,2.972973,2043,95.023256,1353,97.268152,4,0.800000
351,12,3.243243,2050,95.348837,1357,97.555715,4,0.800000
17,13,3.513514,2052,95.441860,1357,97.555715,4,0.800000
343,14,3.783784,2056,95.627907,1363,97.987060,4,0.800000
288,15,4.054054,2094,97.395349,1381,99.281093,4,0.800000
50,16,4.324324,2100,97.674419,1383,99.424874,4,0.800000
31,17,4.594595,2105,97.906977,1383,99.424874,5,1.000000
14,18,4.864865,2113,98.279070,1383,99.424874,5,1.000000
175,19,5.135135,2118,98.511628,1385,99.568656,5,1.000000
39,20,5.405405,2125,98.837209,1385,99.568656,5,1.000000
15,21,5.675676,2131,99.116279,1387,99.712437,5,1.000000
366,22,5.945946,2136,99.348837,1387,99.712437,5,1.000000
3,23,6.216216,2139,99.488372,1387,99.712437,5,1.000000
7,24,6.486486,2144,99.720930,1389,99.856219,5,1.000000
32,25,6.756757,2147,99.860465,1391,100.000000,5,1.000000
246,26,7.027027,2148,99.906977,1391,100.000000,5,1.000000
5,27,7.297297,2150,100.000000,1391,100.000000,5,1.000000
