TestcaseNumber,TestcaseCount,TestcaseRatio,StatementCount,StatementRatio,BranchCount,BranchRatio,FaultCount,FaultRatio
206,1,0.270270,199,9.255814,158,11.358735,1,0.200000
322,2,0.540541,1619,75.302326,1059,76.132279,1,0.200000
319,3,0.810811,1701,79.116279,1109,79.726815,1,0.200000
297,4,1.081081,1887,87.767442,1257,90.366643,2,0.400000
247,5,1.351351,1904,88.558140,1265,90.941769,2,0.400000
288,6,1.621622,1972,91.720930,1305,93.817398,3,0.600000
31,7,1.891892,1999,92.976744,1311,94.248742,5,1.000000
349,8,2.162162,2031,94.465116,1339,96.261682,5,1.000000
351,9,2.432432,2038,94.790698,1343,96.549245,5,1.000000
50,10,2.702703,2049,95.302326,1349,96.980590,5,1.000000
287,11,2.972973,2060,95.813953,1353,97.268152,5,1.000000
3,12,3.243243,2063,95.953488,1353,97.268152,5,1.000000
127,13,3.513514,2075,96.511628,1361,97.843278,5,1.000000
20,14,3.783784,2083,96.883721,1363,97.987060,5,1.000000
7,15,4.054054,2089,97.162791,1365,98.130841,5,1.000000
202,16,4.324324,2102,97.767442,1373,98.705967,5,1.000000
267,17,4.594595,2104,97.860465,1373,98.705967,5,1.000000
13,18,4.864865,2112,98.232558,1373,98.705967,5,1.000000
216,19,5.135135,2117,98.465116,1375,98.849748,5,1.000000
32,20,5.405405,2120,98.604651,1377,98.993530,5,1.000000
347,21,5.675676,2125,98.837209,1385,99.568656,5,1.000000
17,22,5.945946,2127,98.930233,1385,99.568656,5,1.000000
246,23,6.216216,2131,99.116279,1385,99.568656,5,1.000000
33,24,6.486486,2136,99.348837,1389,99.856219,5,1.000000
5,25,6.756757,2138,99.441860,1389,99.856219,5,1.000000
365,26,7.027027,2143,99.674419,1389,99.856219,5,1.000000
11,27,7.297297,2146,99.813953,1391,100.000000,5,1.000000
286,28,7.567568,2150,100.000000,1391,100.000000,5,1.000000
